MONTH,DATE,ROW_ROLE,TYPE,SOURCE_ID,SOURCE_NAME,DESCRIPTION,CATEGORY,NET_SOURCE,VAT,GROSS_SOURCE,ROUTING_TYPE,DESTINATION,PROJECT_SHARE_PCT,AMOUNT_ATTRIBUTED_NET,EMPLOYEE_COST_SOURCE,PAYMENT_STATUS,PAID_GROSS,OUTSTANDING_GROSS,DUE_DATE,ONE_TIME_RECURRING_INSTALLMENT,RECURRING_SOURCE_NAME,INSTALLMENT_NUMBER,RECOGNIZED_NOW,FUTURE_ONLY,COUNTS_IN_RECOGNIZED_TOTAL,PAYMENT_IS_SOURCE_LEVEL,NOTES
2026-01,2026-01-01,SOURCE,vendor_other,0ccf325e-b66a-4a35-97a7-3961a21c3f1f,רואה חשבון,רואה חשבון,Accounting and legal,700,126,826,auto_pool,GCM pool,,700,,paid,826,0,,recurring,רואה חשבון,,YES,NO,NO,YES,מקור auto_pool — נספר דרך שורת GCM POOL SUMMARY
2026-01,2026-01-01,GCM DERIVED,vendor_other,0ccf325e-b66a-4a35-97a7-3961a21c3f1f,רואה חשבון,רואה חשבון,Accounting and legal,700,,,auto_pool,פינס 16 פתח תקוה,37.379900,261.66,,,,,,,,,YES,NO,NO,,חלוקה נגזרת לפי משקל GCM — לא קישור מקור שמור
2026-01,2026-01-01,GCM DERIVED,vendor_other,0ccf325e-b66a-4a35-97a7-3961a21c3f1f,רואה חשבון,רואה חשבון,Accounting and legal,700,,,auto_pool,ויתקין 28 תל אביב,0.064000,0.45,,,,,,,,,YES,NO,NO,,חלוקה נגזרת לפי משקל GCM — לא קישור מקור שמור
2026-01,2026-01-01,GCM DERIVED,vendor_other,0ccf325e-b66a-4a35-97a7-3961a21c3f1f,רואה חשבון,רואה חשבון,Accounting and legal,700,,,auto_pool,חורגין 36 רמת גן,25.451200,178.16,,,,,,,,,YES,NO,NO,,חלוקה נגזרת לפי משקל GCM — לא קישור מקור שמור
2026-01,2026-01-01,GCM DERIVED,vendor_other,0ccf325e-b66a-4a35-97a7-3961a21c3f1f,רואה חשבון,רואה חשבון,Accounting and legal,700,,,auto_pool,ברנדייס 6 תל אביב,37.105000,259.73,,,,,,,,,YES,NO,NO,,חלוקה נגזרת לפי משקל GCM — לא קישור מקור שמור
2026-01,2026-01-01,SOURCE,vendor_other,53e1e3bd-c56b-4874-9d46-67837af83dc9,ביטוח ישיר,ביטוח רכב,Insurance,380,0,380,auto_pool,GCM pool,,380,,paid,380,0,,recurring,ביטוח רכב,,YES,NO,NO,YES,מקור auto_pool — נספר דרך שורת GCM POOL SUMMARY
2026-01,2026-01-01,GCM DERIVED,vendor_other,53e1e3bd-c56b-4874-9d46-67837af83dc9,ביטוח ישיר,ביטוח רכב,Insurance,380,,,auto_pool,פינס 16 פתח תקוה,37.379900,142.04,,,,,,,,,YES,NO,NO,,חלוקה נגזרת לפי משקל GCM — לא קישור מקור שמור
2026-01,2026-01-01,GCM DERIVED,vendor_other,53e1e3bd-c56b-4874-9d46-67837af83dc9,ביטוח ישיר,ביטוח רכב,Insurance,380,,,auto_pool,ויתקין 28 תל אביב,0.064000,0.24,,,,,,,,,YES,NO,NO,,חלוקה נגזרת לפי משקל GCM — לא קישור מקור שמור
2026-01,2026-01-01,GCM DERIVED,vendor_other,53e1e3bd-c56b-4874-9d46-67837af83dc9,ביטוח ישיר,ביטוח רכב,Insurance,380,,,auto_pool,חורגין 36 רמת גן,25.451200,96.71,,,,,,,,,YES,NO,NO,,חלוקה נגזרת לפי משקל GCM — לא קישור מקור שמור
2026-01,2026-01-01,GCM DERIVED,vendor_other,53e1e3bd-c56b-4874-9d46-67837af83dc9,ביטוח ישיר,ביטוח רכב,Insurance,380,,,auto_pool,ברנדייס 6 תל אביב,37.105000,141,,,,,,,,,YES,NO,NO,,חלוקה נגזרת לפי משקל GCM — לא קישור מקור שמור
2026-01,2026-01-01,SOURCE,vendor_other,6be26c6c-3fa3-47ea-b406-e37d5495815b,פרטנר,סלולר,Software and subscriptions,80,14.4,94.4,auto_pool,GCM pool,,80,,paid,94.4,0,,recurring,סלולר,,YES,NO,NO,YES,מקור auto_pool — נספר דרך שורת GCM POOL SUMMARY
2026-01,2026-01-01,GCM DERIVED,vendor_other,6be26c6c-3fa3-47ea-b406-e37d5495815b,פרטנר,סלולר,Software and subscriptions,80,,,auto_pool,פינס 16 פתח תקוה,37.379900,29.9,,,,,,,,,YES,NO,NO,,חלוקה נגזרת לפי משקל GCM — לא קישור מקור שמור
2026-01,2026-01-01,GCM DERIVED,vendor_other,6be26c6c-3fa3-47ea-b406-e37d5495815b,פרטנר,סלולר,Software and subscriptions,80,,,auto_pool,ויתקין 28 תל אביב,0.064000,0.05,,,,,,,,,YES,NO,NO,,חלוקה נגזרת לפי משקל GCM — לא קישור מקור שמור
2026-01,2026-01-01,GCM DERIVED,vendor_other,6be26c6c-3fa3-47ea-b406-e37d5495815b,פרטנר,סלולר,Software and subscriptions,80,,,auto_pool,חורגין 36 רמת גן,25.451200,20.36,,,,,,,,,YES,NO,NO,,חלוקה נגזרת לפי משקל GCM — לא קישור מקור שמור
2026-01,2026-01-01,GCM DERIVED,vendor_other,6be26c6c-3fa3-47ea-b406-e37d5495815b,פרטנר,סלולר,Software and subscriptions,80,,,auto_pool,ברנדייס 6 תל אביב,37.105000,29.68,,,,,,,,,YES,NO,NO,,חלוקה נגזרת לפי משקל GCM — לא קישור מקור שמור
2026-01,2026-01-01,SOURCE,vendor_other,ae5a450c-ede9-4724-a197-b9ab62c5fb33,אשלט ניהול,השכרת מחסן,Rent,889.83,160.17,1050,auto_pool,GCM pool,,889.83,,paid,1050,0,,recurring,השכרת מחסן,,YES,NO,NO,YES,מקור auto_pool — נספר דרך שורת GCM POOL SUMMARY
2026-01,2026-01-01,GCM DERIVED,vendor_other,ae5a450c-ede9-4724-a197-b9ab62c5fb33,אשלט ניהול,השכרת מחסן,Rent,889.83,,,auto_pool,פינס 16 פתח תקוה,37.379900,332.62,,,,,,,,,YES,NO,NO,,חלוקה נגזרת לפי משקל GCM — לא קישור מקור שמור
2026-01,2026-01-01,GCM DERIVED,vendor_other,ae5a450c-ede9-4724-a197-b9ab62c5fb33,אשלט ניהול,השכרת מחסן,Rent,889.83,,,auto_pool,ויתקין 28 תל אביב,0.064000,0.57,,,,,,,,,YES,NO,NO,,חלוקה נגזרת לפי משקל GCM — לא קישור מקור שמור
2026-01,2026-01-01,GCM DERIVED,vendor_other,ae5a450c-ede9-4724-a197-b9ab62c5fb33,אשלט ניהול,השכרת מחסן,Rent,889.83,,,auto_pool,חורגין 36 רמת גן,25.451200,226.47,,,,,,,,,YES,NO,NO,,חלוקה נגזרת לפי משקל GCM — לא קישור מקור שמור
2026-01,2026-01-01,GCM DERIVED,vendor_other,ae5a450c-ede9-4724-a197-b9ab62c5fb33,אשלט ניהול,השכרת מחסן,Rent,889.83,,,auto_pool,ברנדייס 6 תל אביב,37.105000,330.17,,,,,,,,,YES,NO,NO,,חלוקה נגזרת לפי משקל GCM — לא קישור מקור שמור
2026-01,2026-01-01,SOURCE,vendor_other,bbd3cdce-22e5-477f-bae1-1161e87cacb6,טיפולי רכב,טיפולי רכב,Vehicle and fuel,613.63,1325.44,8689,auto_pool,GCM pool,,613.63,,upcoming,8689,0,,installment,,,YES,NO,NO,YES,מקור auto_pool — נספר דרך שורת GCM POOL SUMMARY
2026-01,2026-01-01,GCM DERIVED,vendor_other,bbd3cdce-22e5-477f-bae1-1161e87cacb6,טיפולי רכב,טיפולי רכב,Vehicle and fuel,613.63,,,auto_pool,פינס 16 פתח תקוה,37.379900,229.37,,,,,,,,,YES,NO,NO,,חלוקה נגזרת לפי משקל GCM — לא קישור מקור שמור
2026-01,2026-01-01,GCM DERIVED,vendor_other,bbd3cdce-22e5-477f-bae1-1161e87cacb6,טיפולי רכב,טיפולי רכב,Vehicle and fuel,613.63,,,auto_pool,ויתקין 28 תל אביב,0.064000,0.39,,,,,,,,,YES,NO,NO,,חלוקה נגזרת לפי משקל GCM — לא קישור מקור שמור
2026-01,2026-01-01,GCM DERIVED,vendor_other,bbd3cdce-22e5-477f-bae1-1161e87cacb6,טיפולי רכב,טיפולי רכב,Vehicle and fuel,613.63,,,auto_pool,חורגין 36 רמת גן,25.451200,156.18,,,,,,,,,YES,NO,NO,,חלוקה נגזרת לפי משקל GCM — לא קישור מקור שמור
2026-01,2026-01-01,GCM DERIVED,vendor_other,bbd3cdce-22e5-477f-bae1-1161e87cacb6,טיפולי רכב,טיפולי רכב,Vehicle and fuel,613.63,,,auto_pool,ברנדייס 6 תל אביב,37.105000,227.69,,,,,,,,,YES,NO,NO,,חלוקה נגזרת לפי משקל GCM — לא קישור מקור שמור
2026-02,2026-01-01,SOURCE,vendor_other,bbd3cdce-22e5-477f-bae1-1161e87cacb6,טיפולי רכב,טיפולי רכב,Vehicle and fuel,613.63,1325.44,8689,auto_pool,GCM pool,,613.63,,upcoming,8689,0,,installment,,,YES,NO,NO,YES,מקור auto_pool — נספר דרך שורת GCM POOL SUMMARY
2026-02,2026-01-01,GCM DERIVED,vendor_other,bbd3cdce-22e5-477f-bae1-1161e87cacb6,טיפולי רכב,טיפולי רכב,Vehicle and fuel,613.63,,,auto_pool,ברנדייס 6 תל אביב,37.099900,227.66,,,,,,,,,YES,NO,NO,,חלוקה נגזרת לפי משקל GCM — לא קישור מקור שמור
2026-02,2026-01-01,GCM DERIVED,vendor_other,bbd3cdce-22e5-477f-bae1-1161e87cacb6,טיפולי רכב,טיפולי רכב,Vehicle and fuel,613.63,,,auto_pool,ויתקין 28 תל אביב,0.064000,0.39,,,,,,,,,YES,NO,NO,,חלוקה נגזרת לפי משקל GCM — לא קישור מקור שמור
2026-02,2026-01-01,GCM DERIVED,vendor_other,bbd3cdce-22e5-477f-bae1-1161e87cacb6,טיפולי רכב,טיפולי רכב,Vehicle and fuel,613.63,,,auto_pool,חורגין 36 רמת גן,25.451100,156.18,,,,,,,,,YES,NO,NO,,חלוקה נגזרת לפי משקל GCM — לא קישור מקור שמור
2026-02,2026-01-01,GCM DERIVED,vendor_other,bbd3cdce-22e5-477f-bae1-1161e87cacb6,טיפולי רכב,טיפולי רכב,Vehicle and fuel,613.63,,,auto_pool,פינס 16 פתח תקוה,37.385000,229.41,,,,,,,,,YES,NO,NO,,חלוקה נגזרת לפי משקל GCM — לא קישור מקור שמור
2026-03,2026-01-01,SOURCE,vendor_other,bbd3cdce-22e5-477f-bae1-1161e87cacb6,טיפולי רכב,טיפולי רכב,Vehicle and fuel,613.63,1325.44,8689,auto_pool,GCM pool,,613.63,,upcoming,8689,0,,installment,,,YES,NO,NO,YES,מקור auto_pool — נספר דרך שורת GCM POOL SUMMARY
2026-03,2026-01-01,GCM DERIVED,vendor_other,bbd3cdce-22e5-477f-bae1-1161e87cacb6,טיפולי רכב,טיפולי רכב,Vehicle and fuel,613.63,,,auto_pool,ברנדייס 6 תל אביב,37.093100,227.61,,,,,,,,,YES,NO,NO,,חלוקה נגזרת לפי משקל GCM — לא קישור מקור שמור
2026-03,2026-01-01,GCM DERIVED,vendor_other,bbd3cdce-22e5-477f-bae1-1161e87cacb6,טיפולי רכב,טיפולי רכב,Vehicle and fuel,613.63,,,auto_pool,ויתקין 28 תל אביב,0.064000,0.39,,,,,,,,,YES,NO,NO,,חלוקה נגזרת לפי משקל GCM — לא קישור מקור שמור
2026-03,2026-01-01,GCM DERIVED,vendor_other,bbd3cdce-22e5-477f-bae1-1161e87cacb6,טיפולי רכב,טיפולי רכב,Vehicle and fuel,613.63,,,auto_pool,חורגין 36 רמת גן,25.451000,156.17,,,,,,,,,YES,NO,NO,,חלוקה נגזרת לפי משקל GCM — לא קישור מקור שמור
2026-03,2026-01-01,GCM DERIVED,vendor_other,bbd3cdce-22e5-477f-bae1-1161e87cacb6,טיפולי רכב,טיפולי רכב,Vehicle and fuel,613.63,,,auto_pool,פינס 16 פתח תקוה,37.391800,229.45,,,,,,,,,YES,NO,NO,,חלוקה נגזרת לפי משקל GCM — לא קישור מקור שמור
2026-04,2026-01-01,SOURCE,vendor_other,bbd3cdce-22e5-477f-bae1-1161e87cacb6,טיפולי רכב,טיפולי רכב,Vehicle and fuel,613.63,1325.44,8689,auto_pool,GCM pool,,613.63,,upcoming,8689,0,,installment,,,YES,NO,NO,YES,מקור auto_pool — נספר דרך שורת GCM POOL SUMMARY
2026-04,2026-01-01,GCM DERIVED,vendor_other,bbd3cdce-22e5-477f-bae1-1161e87cacb6,טיפולי רכב,טיפולי רכב,Vehicle and fuel,613.63,,,auto_pool,חורגין 36 רמת גן,25.450000,156.17,,,,,,,,,YES,NO,NO,,חלוקה נגזרת לפי משקל GCM — לא קישור מקור שמור
2026-04,2026-01-01,GCM DERIVED,vendor_other,bbd3cdce-22e5-477f-bae1-1161e87cacb6,טיפולי רכב,טיפולי רכב,Vehicle and fuel,613.63,,,auto_pool,ברנדייס 6 תל אביב,37.089300,227.59,,,,,,,,,YES,NO,NO,,חלוקה נגזרת לפי משקל GCM — לא קישור מקור שמור
2026-04,2026-01-01,GCM DERIVED,vendor_other,bbd3cdce-22e5-477f-bae1-1161e87cacb6,טיפולי רכב,טיפולי רכב,Vehicle and fuel,613.63,,,auto_pool,פינס 16 פתח תקוה,37.396700,229.48,,,,,,,,,YES,NO,NO,,חלוקה נגזרת לפי משקל GCM — לא קישור מקור שמור
2026-04,2026-01-01,GCM DERIVED,vendor_other,bbd3cdce-22e5-477f-bae1-1161e87cacb6,טיפולי רכב,טיפולי רכב,Vehicle and fuel,613.63,,,auto_pool,ויתקין 28 תל אביב,0.064000,0.39,,,,,,,,,YES,NO,NO,,חלוקה נגזרת לפי משקל GCM — לא קישור מקור שמור
2026-05,2026-01-01,SOURCE,vendor_other,bbd3cdce-22e5-477f-bae1-1161e87cacb6,טיפולי רכב,טיפולי רכב,Vehicle and fuel,613.63,1325.44,8689,auto_pool,GCM pool,,613.63,,upcoming,8689,0,,installment,,,YES,NO,NO,YES,מקור auto_pool — נספר דרך שורת GCM POOL SUMMARY
2026-05,2026-01-01,GCM DERIVED,vendor_other,bbd3cdce-22e5-477f-bae1-1161e87cacb6,טיפולי רכב,טיפולי רכב,Vehicle and fuel,613.63,,,auto_pool,ויתקין 28 תל אביב,0.064000,0.39,,,,,,,,,YES,NO,NO,,חלוקה נגזרת לפי משקל GCM — לא קישור מקור שמור
2026-05,2026-01-01,GCM DERIVED,vendor_other,bbd3cdce-22e5-477f-bae1-1161e87cacb6,טיפולי רכב,טיפולי רכב,Vehicle and fuel,613.63,,,auto_pool,ברנדייס 6 תל אביב,37.087200,227.58,,,,,,,,,YES,NO,NO,,חלוקה נגזרת לפי משקל GCM — לא קישור מקור שמור
2026-05,2026-01-01,GCM DERIVED,vendor_other,bbd3cdce-22e5-477f-bae1-1161e87cacb6,טיפולי רכב,טיפולי רכב,Vehicle and fuel,613.63,,,auto_pool,פינס 16 פתח תקוה,37.400800,229.5,,,,,,,,,YES,NO,NO,,חלוקה נגזרת לפי משקל GCM — לא קישור מקור שמור
2026-05,2026-01-01,GCM DERIVED,vendor_other,bbd3cdce-22e5-477f-bae1-1161e87cacb6,טיפולי רכב,טיפולי רכב,Vehicle and fuel,613.63,,,auto_pool,חורגין 36 רמת גן,25.448000,156.16,,,,,,,,,YES,NO,NO,,חלוקה נגזרת לפי משקל GCM — לא קישור מקור שמור
2026-06,2026-01-01,SOURCE,vendor_other,bbd3cdce-22e5-477f-bae1-1161e87cacb6,טיפולי רכב,טיפולי רכב,Vehicle and fuel,613.63,1325.44,8689,auto_pool,GCM pool,,613.63,,upcoming,8689,0,,installment,,,YES,NO,NO,YES,מקור auto_pool — נספר דרך שורת GCM POOL SUMMARY
2026-06,2026-01-01,GCM DERIVED,vendor_other,bbd3cdce-22e5-477f-bae1-1161e87cacb6,טיפולי רכב,טיפולי רכב,Vehicle and fuel,613.63,,,auto_pool,ברנדייס 6 תל אביב,37.085500,227.57,,,,,,,,,YES,NO,NO,,חלוקה נגזרת לפי משקל GCM — לא קישור מקור שמור
2026-06,2026-01-01,GCM DERIVED,vendor_other,bbd3cdce-22e5-477f-bae1-1161e87cacb6,טיפולי רכב,טיפולי רכב,Vehicle and fuel,613.63,,,auto_pool,פינס 16 פתח תקוה,37.404000,229.52,,,,,,,,,YES,NO,NO,,חלוקה נגזרת לפי משקל GCM — לא קישור מקור שמור
2026-06,2026-01-01,GCM DERIVED,vendor_other,bbd3cdce-22e5-477f-bae1-1161e87cacb6,טיפולי רכב,טיפולי רכב,Vehicle and fuel,613.63,,,auto_pool,חורגין 36 רמת גן,25.446600,156.15,,,,,,,,,YES,NO,NO,,חלוקה נגזרת לפי משקל GCM — לא קישור מקור שמור
2026-06,2026-01-01,GCM DERIVED,vendor_other,bbd3cdce-22e5-477f-bae1-1161e87cacb6,טיפולי רכב,טיפולי רכב,Vehicle and fuel,613.63,,,auto_pool,ויתקין 28 תל אביב,0.064000,0.39,,,,,,,,,YES,NO,NO,,חלוקה נגזרת לפי משקל GCM — לא קישור מקור שמור
2026-07,2026-01-01,SOURCE,vendor_other,bbd3cdce-22e5-477f-bae1-1161e87cacb6,טיפולי רכב,טיפולי רכב,Vehicle and fuel,613.63,1325.44,8689,auto_pool,GCM pool,,613.63,,upcoming,8689,0,,installment,,,YES,NO,NO,YES,מקור auto_pool — נספר דרך שורת GCM POOL SUMMARY
2026-07,2026-01-01,GCM DERIVED,vendor_other,bbd3cdce-22e5-477f-bae1-1161e87cacb6,טיפולי רכב,טיפולי רכב,Vehicle and fuel,613.63,,,auto_pool,ויתקין 28 תל אביב,0.064000,0.39,,,,,,,,,YES,NO,NO,,חלוקה נגזרת לפי משקל GCM — לא קישור מקור שמור
2026-07,2026-01-01,GCM DERIVED,vendor_other,bbd3cdce-22e5-477f-bae1-1161e87cacb6,טיפולי רכב,טיפולי רכב,Vehicle and fuel,613.63,,,auto_pool,חורגין 36 רמת גן,25.446600,156.15,,,,,,,,,YES,NO,NO,,חלוקה נגזרת לפי משקל GCM — לא קישור מקור שמור
2026-07,2026-01-01,GCM DERIVED,vendor_other,bbd3cdce-22e5-477f-bae1-1161e87cacb6,טיפולי רכב,טיפולי רכב,Vehicle and fuel,613.63,,,auto_pool,פינס 16 פתח תקוה,37.404000,229.52,,,,,,,,,YES,NO,NO,,חלוקה נגזרת לפי משקל GCM — לא קישור מקור שמור
2026-07,2026-01-01,GCM DERIVED,vendor_other,bbd3cdce-22e5-477f-bae1-1161e87cacb6,טיפולי רכב,טיפולי רכב,Vehicle and fuel,613.63,,,auto_pool,ברנדייס 6 תל אביב,37.085500,227.57,,,,,,,,,YES,NO,NO,,חלוקה נגזרת לפי משקל GCM — לא קישור מקור שמור
2026-08,2026-01-01,SOURCE,vendor_other,bbd3cdce-22e5-477f-bae1-1161e87cacb6,טיפולי רכב,טיפולי רכב,Vehicle and fuel,613.63,1325.44,8689,auto_pool,GCM pool,,613.63,,upcoming,8689,0,,installment,,,YES,NO,NO,YES,מקור auto_pool — נספר דרך שורת GCM POOL SUMMARY
2026-08,2026-01-01,GCM DERIVED,vendor_other,bbd3cdce-22e5-477f-bae1-1161e87cacb6,טיפולי רכב,טיפולי רכב,Vehicle and fuel,613.63,,,auto_pool,ברנדייס 6 תל אביב,28.552300,175.2,,,,,,,,,YES,NO,NO,,חלוקה נגזרת לפי משקל GCM — לא קישור מקור שמור
2026-08,2026-01-01,GCM DERIVED,vendor_other,bbd3cdce-22e5-477f-bae1-1161e87cacb6,טיפולי רכב,טיפולי רכב,Vehicle and fuel,613.63,,,auto_pool,פינס 16 פתח תקוה,42.805200,262.67,,,,,,,,,YES,NO,NO,,חלוקה נגזרת לפי משקל GCM — לא קישור מקור שמור
2026-08,2026-01-01,GCM DERIVED,vendor_other,bbd3cdce-22e5-477f-bae1-1161e87cacb6,טיפולי רכב,טיפולי רכב,Vehicle and fuel,613.63,,,auto_pool,חורגין 36 רמת גן,28.544600,175.16,,,,,,,,,YES,NO,NO,,חלוקה נגזרת לפי משקל GCM — לא קישור מקור שמור
2026-08,2026-01-01,GCM DERIVED,vendor_other,bbd3cdce-22e5-477f-bae1-1161e87cacb6,טיפולי רכב,טיפולי רכב,Vehicle and fuel,613.63,,,auto_pool,ויתקין 28 תל אביב,0.098000,0.6,,,,,,,,,YES,NO,NO,,חלוקה נגזרת לפי משקל GCM — לא קישור מקור שמור
2026-09,2026-01-01,SOURCE,vendor_other,bbd3cdce-22e5-477f-bae1-1161e87cacb6,טיפולי רכב,טיפולי רכב,Vehicle and fuel,613.63,1325.44,8689,auto_pool,GCM pool,,613.63,,upcoming,8689,0,,installment,,,YES,NO,NO,YES,מקור auto_pool — נספר דרך שורת GCM POOL SUMMARY
2026-09,2026-01-01,GCM DERIVED,vendor_other,bbd3cdce-22e5-477f-bae1-1161e87cacb6,טיפולי רכב,טיפולי רכב,Vehicle and fuel,613.63,,,auto_pool,חורגין 36 רמת גן,28.522100,175.02,,,,,,,,,YES,NO,NO,,חלוקה נגזרת לפי משקל GCM — לא קישור מקור שמור
2026-09,2026-01-01,GCM DERIVED,vendor_other,bbd3cdce-22e5-477f-bae1-1161e87cacb6,טיפולי רכב,טיפולי רכב,Vehicle and fuel,613.63,,,auto_pool,ויתקין 28 תל אביב,0.097200,0.6,,,,,,,,,YES,NO,NO,,חלוקה נגזרת לפי משקל GCM — לא קישור מקור שמור
2026-09,2026-01-01,GCM DERIVED,vendor_other,bbd3cdce-22e5-477f-bae1-1161e87cacb6,טיפולי רכב,טיפולי רכב,Vehicle and fuel,613.63,,,auto_pool,ברנדייס 6 תל אביב,28.739300,176.35,,,,,,,,,YES,NO,NO,,חלוקה נגזרת לפי משקל GCM — לא קישור מקור שמור
2026-09,2026-01-01,GCM DERIVED,vendor_other,bbd3cdce-22e5-477f-bae1-1161e87cacb6,טיפולי רכב,טיפולי רכב,Vehicle and fuel,613.63,,,auto_pool,פינס 16 פתח תקוה,42.641400,261.66,,,,,,,,,YES,NO,NO,,חלוקה נגזרת לפי משקל GCM — לא קישור מקור שמור
2026-01,2026-01-01,SOURCE,vendor_other,caf50207-9872-46c6-acc6-42608635e324,,,Insurance,800,0,800,auto_pool,GCM pool,,800,,paid,800,0,,recurring,ביטוח עסק,,YES,NO,NO,YES,מקור auto_pool — נספר דרך שורת GCM POOL SUMMARY
2026-01,2026-01-01,GCM DERIVED,vendor_other,caf50207-9872-46c6-acc6-42608635e324,,,Insurance,800,,,auto_pool,פינס 16 פתח תקוה,37.379900,299.04,,,,,,,,,YES,NO,NO,,חלוקה נגזרת לפי משקל GCM — לא קישור מקור שמור
2026-01,2026-01-01,GCM DERIVED,vendor_other,caf50207-9872-46c6-acc6-42608635e324,,,Insurance,800,,,auto_pool,ויתקין 28 תל אביב,0.064000,0.51,,,,,,,,,YES,NO,NO,,חלוקה נגזרת לפי משקל GCM — לא קישור מקור שמור
2026-01,2026-01-01,GCM DERIVED,vendor_other,caf50207-9872-46c6-acc6-42608635e324,,,Insurance,800,,,auto_pool,חורגין 36 רמת גן,25.451200,203.61,,,,,,,,,YES,NO,NO,,חלוקה נגזרת לפי משקל GCM — לא קישור מקור שמור
2026-01,2026-01-01,GCM DERIVED,vendor_other,caf50207-9872-46c6-acc6-42608635e324,,,Insurance,800,,,auto_pool,ברנדייס 6 תל אביב,37.105000,296.84,,,,,,,,,YES,NO,NO,,חלוקה נגזרת לפי משקל GCM — לא קישור מקור שמור
2026-01,2026-01-12,SOURCE,vendor_other,332bedd7-cf98-4de8-a34c-27026e82e455,טיפולי רכב,החלפת צמיגים,Vehicle and fuel,240.11,259.32,1700,auto_pool,GCM pool,,240.11,,paid,1700,0,,installment,,,YES,NO,NO,YES,מקור auto_pool — נספר דרך שורת GCM POOL SUMMARY
2026-01,2026-01-12,GCM DERIVED,vendor_other,332bedd7-cf98-4de8-a34c-27026e82e455,טיפולי רכב,החלפת צמיגים,Vehicle and fuel,240.11,,,auto_pool,פינס 16 פתח תקוה,37.379900,89.75,,,,,,,,,YES,NO,NO,,חלוקה נגזרת לפי משקל GCM — לא קישור מקור שמור
2026-01,2026-01-12,GCM DERIVED,vendor_other,332bedd7-cf98-4de8-a34c-27026e82e455,טיפולי רכב,החלפת צמיגים,Vehicle and fuel,240.11,,,auto_pool,ויתקין 28 תל אביב,0.064000,0.15,,,,,,,,,YES,NO,NO,,חלוקה נגזרת לפי משקל GCM — לא קישור מקור שמור
2026-01,2026-01-12,GCM DERIVED,vendor_other,332bedd7-cf98-4de8-a34c-27026e82e455,טיפולי רכב,החלפת צמיגים,Vehicle and fuel,240.11,,,auto_pool,חורגין 36 רמת גן,25.451200,61.11,,,,,,,,,YES,NO,NO,,חלוקה נגזרת לפי משקל GCM — לא קישור מקור שמור
2026-01,2026-01-12,GCM DERIVED,vendor_other,332bedd7-cf98-4de8-a34c-27026e82e455,טיפולי רכב,החלפת צמיגים,Vehicle and fuel,240.11,,,auto_pool,ברנדייס 6 תל אביב,37.105000,89.09,,,,,,,,,YES,NO,NO,,חלוקה נגזרת לפי משקל GCM — לא קישור מקור שמור
2026-02,2026-01-12,SOURCE,vendor_other,332bedd7-cf98-4de8-a34c-27026e82e455,טיפולי רכב,החלפת צמיגים,Vehicle and fuel,240.11,259.32,1700,auto_pool,GCM pool,,240.11,,paid,1700,0,,installment,,,YES,NO,NO,YES,מקור auto_pool — נספר דרך שורת GCM POOL SUMMARY
2026-02,2026-01-12,GCM DERIVED,vendor_other,332bedd7-cf98-4de8-a34c-27026e82e455,טיפולי רכב,החלפת צמיגים,Vehicle and fuel,240.11,,,auto_pool,ברנדייס 6 תל אביב,37.099900,89.08,,,,,,,,,YES,NO,NO,,חלוקה נגזרת לפי משקל GCM — לא קישור מקור שמור
2026-02,2026-01-12,GCM DERIVED,vendor_other,332bedd7-cf98-4de8-a34c-27026e82e455,טיפולי רכב,החלפת צמיגים,Vehicle and fuel,240.11,,,auto_pool,ויתקין 28 תל אביב,0.064000,0.15,,,,,,,,,YES,NO,NO,,חלוקה נגזרת לפי משקל GCM — לא קישור מקור שמור
2026-02,2026-01-12,GCM DERIVED,vendor_other,332bedd7-cf98-4de8-a34c-27026e82e455,טיפולי רכב,החלפת צמיגים,Vehicle and fuel,240.11,,,auto_pool,חורגין 36 רמת גן,25.451100,61.11,,,,,,,,,YES,NO,NO,,חלוקה נגזרת לפי משקל GCM — לא קישור מקור שמור
2026-02,2026-01-12,GCM DERIVED,vendor_other,332bedd7-cf98-4de8-a34c-27026e82e455,טיפולי רכב,החלפת צמיגים,Vehicle and fuel,240.11,,,auto_pool,פינס 16 פתח תקוה,37.385000,89.77,,,,,,,,,YES,NO,NO,,חלוקה נגזרת לפי משקל GCM — לא קישור מקור שמור
2026-03,2026-01-12,SOURCE,vendor_other,332bedd7-cf98-4de8-a34c-27026e82e455,טיפולי רכב,החלפת צמיגים,Vehicle and fuel,240.11,259.32,1700,auto_pool,GCM pool,,240.11,,paid,1700,0,,installment,,,YES,NO,NO,YES,מקור auto_pool — נספר דרך שורת GCM POOL SUMMARY
2026-03,2026-01-12,GCM DERIVED,vendor_other,332bedd7-cf98-4de8-a34c-27026e82e455,טיפולי רכב,החלפת צמיגים,Vehicle and fuel,240.11,,,auto_pool,ברנדייס 6 תל אביב,37.093100,89.06,,,,,,,,,YES,NO,NO,,חלוקה נגזרת לפי משקל GCM — לא קישור מקור שמור
2026-03,2026-01-12,GCM DERIVED,vendor_other,332bedd7-cf98-4de8-a34c-27026e82e455,טיפולי רכב,החלפת צמיגים,Vehicle and fuel,240.11,,,auto_pool,ויתקין 28 תל אביב,0.064000,0.15,,,,,,,,,YES,NO,NO,,חלוקה נגזרת לפי משקל GCM — לא קישור מקור שמור
2026-03,2026-01-12,GCM DERIVED,vendor_other,332bedd7-cf98-4de8-a34c-27026e82e455,טיפולי רכב,החלפת צמיגים,Vehicle and fuel,240.11,,,auto_pool,חורגין 36 רמת גן,25.451000,61.11,,,,,,,,,YES,NO,NO,,חלוקה נגזרת לפי משקל GCM — לא קישור מקור שמור
2026-03,2026-01-12,GCM DERIVED,vendor_other,332bedd7-cf98-4de8-a34c-27026e82e455,טיפולי רכב,החלפת צמיגים,Vehicle and fuel,240.11,,,auto_pool,פינס 16 פתח תקוה,37.391800,89.78,,,,,,,,,YES,NO,NO,,חלוקה נגזרת לפי משקל GCM — לא קישור מקור שמור
2026-04,2026-01-12,SOURCE,vendor_other,332bedd7-cf98-4de8-a34c-27026e82e455,טיפולי רכב,החלפת צמיגים,Vehicle and fuel,240.11,259.32,1700,auto_pool,GCM pool,,240.11,,paid,1700,0,,installment,,,YES,NO,NO,YES,מקור auto_pool — נספר דרך שורת GCM POOL SUMMARY
2026-04,2026-01-12,GCM DERIVED,vendor_other,332bedd7-cf98-4de8-a34c-27026e82e455,טיפולי רכב,החלפת צמיגים,Vehicle and fuel,240.11,,,auto_pool,חורגין 36 רמת גן,25.450000,61.11,,,,,,,,,YES,NO,NO,,חלוקה נגזרת לפי משקל GCM — לא קישור מקור שמור
2026-04,2026-01-12,GCM DERIVED,vendor_other,332bedd7-cf98-4de8-a34c-27026e82e455,טיפולי רכב,החלפת צמיגים,Vehicle and fuel,240.11,,,auto_pool,ברנדייס 6 תל אביב,37.089300,89.06,,,,,,,,,YES,NO,NO,,חלוקה נגזרת לפי משקל GCM — לא קישור מקור שמור
2026-04,2026-01-12,GCM DERIVED,vendor_other,332bedd7-cf98-4de8-a34c-27026e82e455,טיפולי רכב,החלפת צמיגים,Vehicle and fuel,240.11,,,auto_pool,פינס 16 פתח תקוה,37.396700,89.79,,,,,,,,,YES,NO,NO,,חלוקה נגזרת לפי משקל GCM — לא קישור מקור שמור
2026-04,2026-01-12,GCM DERIVED,vendor_other,332bedd7-cf98-4de8-a34c-27026e82e455,טיפולי רכב,החלפת צמיגים,Vehicle and fuel,240.11,,,auto_pool,ויתקין 28 תל אביב,0.064000,0.15,,,,,,,,,YES,NO,NO,,חלוקה נגזרת לפי משקל GCM — לא קישור מקור שמור
2026-05,2026-01-12,SOURCE,vendor_other,332bedd7-cf98-4de8-a34c-27026e82e455,טיפולי רכב,החלפת צמיגים,Vehicle and fuel,240.11,259.32,1700,auto_pool,GCM pool,,240.11,,paid,1700,0,,installment,,,YES,NO,NO,YES,מקור auto_pool — נספר דרך שורת GCM POOL SUMMARY
2026-05,2026-01-12,GCM DERIVED,vendor_other,332bedd7-cf98-4de8-a34c-27026e82e455,טיפולי רכב,החלפת צמיגים,Vehicle and fuel,240.11,,,auto_pool,ויתקין 28 תל אביב,0.064000,0.15,,,,,,,,,YES,NO,NO,,חלוקה נגזרת לפי משקל GCM — לא קישור מקור שמור
2026-05,2026-01-12,GCM DERIVED,vendor_other,332bedd7-cf98-4de8-a34c-27026e82e455,טיפולי רכב,החלפת צמיגים,Vehicle and fuel,240.11,,,auto_pool,ברנדייס 6 תל אביב,37.087200,89.05,,,,,,,,,YES,NO,NO,,חלוקה נגזרת לפי משקל GCM — לא קישור מקור שמור
2026-05,2026-01-12,GCM DERIVED,vendor_other,332bedd7-cf98-4de8-a34c-27026e82e455,טיפולי רכב,החלפת צמיגים,Vehicle and fuel,240.11,,,auto_pool,פינס 16 פתח תקוה,37.400800,89.8,,,,,,,,,YES,NO,NO,,חלוקה נגזרת לפי משקל GCM — לא קישור מקור שמור
2026-05,2026-01-12,GCM DERIVED,vendor_other,332bedd7-cf98-4de8-a34c-27026e82e455,טיפולי רכב,החלפת צמיגים,Vehicle and fuel,240.11,,,auto_pool,חורגין 36 רמת גן,25.448000,61.1,,,,,,,,,YES,NO,NO,,חלוקה נגזרת לפי משקל GCM — לא קישור מקור שמור
2026-06,2026-01-12,SOURCE,vendor_other,332bedd7-cf98-4de8-a34c-27026e82e455,טיפולי רכב,החלפת צמיגים,Vehicle and fuel,240.13,259.32,1700,auto_pool,GCM pool,,240.13,,paid,1700,0,,installment,,,YES,NO,NO,YES,מקור auto_pool — נספר דרך שורת GCM POOL SUMMARY
2026-06,2026-01-12,GCM DERIVED,vendor_other,332bedd7-cf98-4de8-a34c-27026e82e455,טיפולי רכב,החלפת צמיגים,Vehicle and fuel,240.13,,,auto_pool,ברנדייס 6 תל אביב,37.085500,89.05,,,,,,,,,YES,NO,NO,,חלוקה נגזרת לפי משקל GCM — לא קישור מקור שמור
2026-06,2026-01-12,GCM DERIVED,vendor_other,332bedd7-cf98-4de8-a34c-27026e82e455,טיפולי רכב,החלפת צמיגים,Vehicle and fuel,240.13,,,auto_pool,פינס 16 פתח תקוה,37.404000,89.82,,,,,,,,,YES,NO,NO,,חלוקה נגזרת לפי משקל GCM — לא קישור מקור שמור
2026-06,2026-01-12,GCM DERIVED,vendor_other,332bedd7-cf98-4de8-a34c-27026e82e455,טיפולי רכב,החלפת צמיגים,Vehicle and fuel,240.13,,,auto_pool,חורגין 36 רמת גן,25.446600,61.1,,,,,,,,,YES,NO,NO,,חלוקה נגזרת לפי משקל GCM — לא קישור מקור שמור
2026-06,2026-01-12,GCM DERIVED,vendor_other,332bedd7-cf98-4de8-a34c-27026e82e455,טיפולי רכב,החלפת צמיגים,Vehicle and fuel,240.13,,,auto_pool,ויתקין 28 תל אביב,0.064000,0.15,,,,,,,,,YES,NO,NO,,חלוקה נגזרת לפי משקל GCM — לא קישור מקור שמור
2026-01,2026-01-29,SOURCE,subcontractor,5057f5e5-c5ec-4419-b08e-8ea78de889be,התותחים,עובדים,Subcontractor,34980,6296.4,41276.4,single project,ברנדייס 6 תל אביב,100,34980,,paid,41276.4,0,,one-time,,,YES,NO,YES,YES,
2026-01,2026-01-31,SOURCE,vendor_other,08987418-910c-4491-ac72-09c8b7eee926,ארכה,כללי,Shared equipment,366.1,65.9,432,auto_pool,GCM pool,,366.1,,paid,432,0,,one-time,,,YES,NO,NO,YES,מקור auto_pool — נספר דרך שורת GCM POOL SUMMARY
2026-01,2026-01-31,GCM DERIVED,vendor_other,08987418-910c-4491-ac72-09c8b7eee926,ארכה,כללי,Shared equipment,366.1,,,auto_pool,פינס 16 פתח תקוה,37.379900,136.85,,,,,,,,,YES,NO,NO,,חלוקה נגזרת לפי משקל GCM — לא קישור מקור שמור
2026-01,2026-01-31,GCM DERIVED,vendor_other,08987418-910c-4491-ac72-09c8b7eee926,ארכה,כללי,Shared equipment,366.1,,,auto_pool,ויתקין 28 תל אביב,0.064000,0.23,,,,,,,,,YES,NO,NO,,חלוקה נגזרת לפי משקל GCM — לא קישור מקור שמור
2026-01,2026-01-31,GCM DERIVED,vendor_other,08987418-910c-4491-ac72-09c8b7eee926,ארכה,כללי,Shared equipment,366.1,,,auto_pool,חורגין 36 רמת גן,25.451200,93.18,,,,,,,,,YES,NO,NO,,חלוקה נגזרת לפי משקל GCM — לא קישור מקור שמור
2026-01,2026-01-31,GCM DERIVED,vendor_other,08987418-910c-4491-ac72-09c8b7eee926,ארכה,כללי,Shared equipment,366.1,,,auto_pool,ברנדייס 6 תל אביב,37.105000,135.84,,,,,,,,,YES,NO,NO,,חלוקה נגזרת לפי משקל GCM — לא קישור מקור שמור
2026-01,2026-01-31,SOURCE,materials,62a6bbbf-4d31-4b55-b23a-d6d07c8ef3de,"ארכה בע""מ",חומרים,Materials,6128.81,1103.19,7232,single project,ברנדייס 6 תל אביב,100,6128.81,,paid,7232,0,,one-time,,,YES,NO,YES,YES,
2026-01,2026-01-31,SOURCE,materials,dc850c23-a312-42c9-8c9a-1d28cd5fa5e0,"ארכה בע""מ",חומרים,Materials,895.76,161.24,1057,single project,פינס 16 פתח תקוה,100,895.76,,paid,1057,0,,one-time,,,YES,NO,YES,YES,
2026-02,2026-02-01,SOURCE,vendor_other,47ff6030-5193-4b75-a202-9d73ac6061d9,ביטוח ישיר,ביטוח רכב,Insurance,380,0,380,auto_pool,GCM pool,,380,,paid,380,0,,recurring,ביטוח רכב,,YES,NO,NO,YES,מקור auto_pool — נספר דרך שורת GCM POOL SUMMARY
2026-02,2026-02-01,GCM DERIVED,vendor_other,47ff6030-5193-4b75-a202-9d73ac6061d9,ביטוח ישיר,ביטוח רכב,Insurance,380,,,auto_pool,ברנדייס 6 תל אביב,37.099900,140.98,,,,,,,,,YES,NO,NO,,חלוקה נגזרת לפי משקל GCM — לא קישור מקור שמור
2026-02,2026-02-01,GCM DERIVED,vendor_other,47ff6030-5193-4b75-a202-9d73ac6061d9,ביטוח ישיר,ביטוח רכב,Insurance,380,,,auto_pool,ויתקין 28 תל אביב,0.064000,0.24,,,,,,,,,YES,NO,NO,,חלוקה נגזרת לפי משקל GCM — לא קישור מקור שמור
2026-02,2026-02-01,GCM DERIVED,vendor_other,47ff6030-5193-4b75-a202-9d73ac6061d9,ביטוח ישיר,ביטוח רכב,Insurance,380,,,auto_pool,חורגין 36 רמת גן,25.451100,96.71,,,,,,,,,YES,NO,NO,,חלוקה נגזרת לפי משקל GCM — לא קישור מקור שמור
2026-02,2026-02-01,GCM DERIVED,vendor_other,47ff6030-5193-4b75-a202-9d73ac6061d9,ביטוח ישיר,ביטוח רכב,Insurance,380,,,auto_pool,פינס 16 פתח תקוה,37.385000,142.06,,,,,,,,,YES,NO,NO,,חלוקה נגזרת לפי משקל GCM — לא קישור מקור שמור
2026-02,2026-02-01,SOURCE,vendor_other,50bae0b7-1017-402e-b841-343ed2d9103b,רואה חשבון,רואה חשבון,Accounting and legal,700,126,826,auto_pool,GCM pool,,700,,paid,826,0,,recurring,רואה חשבון,,YES,NO,NO,YES,מקור auto_pool — נספר דרך שורת GCM POOL SUMMARY
2026-02,2026-02-01,GCM DERIVED,vendor_other,50bae0b7-1017-402e-b841-343ed2d9103b,רואה חשבון,רואה חשבון,Accounting and legal,700,,,auto_pool,ברנדייס 6 תל אביב,37.099900,259.7,,,,,,,,,YES,NO,NO,,חלוקה נגזרת לפי משקל GCM — לא קישור מקור שמור
2026-02,2026-02-01,GCM DERIVED,vendor_other,50bae0b7-1017-402e-b841-343ed2d9103b,רואה חשבון,רואה חשבון,Accounting and legal,700,,,auto_pool,ויתקין 28 תל אביב,0.064000,0.45,,,,,,,,,YES,NO,NO,,חלוקה נגזרת לפי משקל GCM — לא קישור מקור שמור
2026-02,2026-02-01,GCM DERIVED,vendor_other,50bae0b7-1017-402e-b841-343ed2d9103b,רואה חשבון,רואה חשבון,Accounting and legal,700,,,auto_pool,חורגין 36 רמת גן,25.451100,178.16,,,,,,,,,YES,NO,NO,,חלוקה נגזרת לפי משקל GCM — לא קישור מקור שמור
2026-02,2026-02-01,GCM DERIVED,vendor_other,50bae0b7-1017-402e-b841-343ed2d9103b,רואה חשבון,רואה חשבון,Accounting and legal,700,,,auto_pool,פינס 16 פתח תקוה,37.385000,261.69,,,,,,,,,YES,NO,NO,,חלוקה נגזרת לפי משקל GCM — לא קישור מקור שמור
2026-02,2026-02-01,SOURCE,vendor_other,6c64b2ef-04f8-4f93-a593-3b4e29528de3,,,Insurance,800,0,800,auto_pool,GCM pool,,800,,paid,800,0,,recurring,ביטוח עסק,,YES,NO,NO,YES,מקור auto_pool — נספר דרך שורת GCM POOL SUMMARY
2026-02,2026-02-01,GCM DERIVED,vendor_other,6c64b2ef-04f8-4f93-a593-3b4e29528de3,,,Insurance,800,,,auto_pool,ברנדייס 6 תל אביב,37.099900,296.8,,,,,,,,,YES,NO,NO,,חלוקה נגזרת לפי משקל GCM — לא קישור מקור שמור
2026-02,2026-02-01,GCM DERIVED,vendor_other,6c64b2ef-04f8-4f93-a593-3b4e29528de3,,,Insurance,800,,,auto_pool,ויתקין 28 תל אביב,0.064000,0.51,,,,,,,,,YES,NO,NO,,חלוקה נגזרת לפי משקל GCM — לא קישור מקור שמור
2026-02,2026-02-01,GCM DERIVED,vendor_other,6c64b2ef-04f8-4f93-a593-3b4e29528de3,,,Insurance,800,,,auto_pool,חורגין 36 רמת גן,25.451100,203.61,,,,,,,,,YES,NO,NO,,חלוקה נגזרת לפי משקל GCM — לא קישור מקור שמור
2026-02,2026-02-01,GCM DERIVED,vendor_other,6c64b2ef-04f8-4f93-a593-3b4e29528de3,,,Insurance,800,,,auto_pool,פינס 16 פתח תקוה,37.385000,299.08,,,,,,,,,YES,NO,NO,,חלוקה נגזרת לפי משקל GCM — לא קישור מקור שמור
2026-02,2026-02-01,SOURCE,vendor_other,ece2b815-7899-41e3-94a5-770da528f594,אשלט ניהול,השכרת מחסן,Rent,889.83,160.17,1050,auto_pool,GCM pool,,889.83,,paid,1050,0,,recurring,השכרת מחסן,,YES,NO,NO,YES,מקור auto_pool — נספר דרך שורת GCM POOL SUMMARY
2026-02,2026-02-01,GCM DERIVED,vendor_other,ece2b815-7899-41e3-94a5-770da528f594,אשלט ניהול,השכרת מחסן,Rent,889.83,,,auto_pool,ברנדייס 6 תל אביב,37.099900,330.13,,,,,,,,,YES,NO,NO,,חלוקה נגזרת לפי משקל GCM — לא קישור מקור שמור
2026-02,2026-02-01,GCM DERIVED,vendor_other,ece2b815-7899-41e3-94a5-770da528f594,אשלט ניהול,השכרת מחסן,Rent,889.83,,,auto_pool,ויתקין 28 תל אביב,0.064000,0.57,,,,,,,,,YES,NO,NO,,חלוקה נגזרת לפי משקל GCM — לא קישור מקור שמור
2026-02,2026-02-01,GCM DERIVED,vendor_other,ece2b815-7899-41e3-94a5-770da528f594,אשלט ניהול,השכרת מחסן,Rent,889.83,,,auto_pool,חורגין 36 רמת גן,25.451100,226.47,,,,,,,,,YES,NO,NO,,חלוקה נגזרת לפי משקל GCM — לא קישור מקור שמור
2026-02,2026-02-01,GCM DERIVED,vendor_other,ece2b815-7899-41e3-94a5-770da528f594,אשלט ניהול,השכרת מחסן,Rent,889.83,,,auto_pool,פינס 16 פתח תקוה,37.385000,332.66,,,,,,,,,YES,NO,NO,,חלוקה נגזרת לפי משקל GCM — לא קישור מקור שמור
2026-02,2026-02-01,SOURCE,vendor_other,ee1d1b52-43bc-409c-83b0-15f6eb290240,פרטנר,סלולר,Software and subscriptions,80,14.4,94.4,auto_pool,GCM pool,,80,,paid,94.4,0,,recurring,סלולר,,YES,NO,NO,YES,מקור auto_pool — נספר דרך שורת GCM POOL SUMMARY
2026-02,2026-02-01,GCM DERIVED,vendor_other,ee1d1b52-43bc-409c-83b0-15f6eb290240,פרטנר,סלולר,Software and subscriptions,80,,,auto_pool,ברנדייס 6 תל אביב,37.099900,29.68,,,,,,,,,YES,NO,NO,,חלוקה נגזרת לפי משקל GCM — לא קישור מקור שמור
2026-02,2026-02-01,GCM DERIVED,vendor_other,ee1d1b52-43bc-409c-83b0-15f6eb290240,פרטנר,סלולר,Software and subscriptions,80,,,auto_pool,ויתקין 28 תל אביב,0.064000,0.05,,,,,,,,,YES,NO,NO,,חלוקה נגזרת לפי משקל GCM — לא קישור מקור שמור
2026-02,2026-02-01,GCM DERIVED,vendor_other,ee1d1b52-43bc-409c-83b0-15f6eb290240,פרטנר,סלולר,Software and subscriptions,80,,,auto_pool,חורגין 36 רמת גן,25.451100,20.36,,,,,,,,,YES,NO,NO,,חלוקה נגזרת לפי משקל GCM — לא קישור מקור שמור
2026-02,2026-02-01,GCM DERIVED,vendor_other,ee1d1b52-43bc-409c-83b0-15f6eb290240,פרטנר,סלולר,Software and subscriptions,80,,,auto_pool,פינס 16 פתח תקוה,37.385000,29.91,,,,,,,,,YES,NO,NO,,חלוקה נגזרת לפי משקל GCM — לא קישור מקור שמור
2026-02,2026-02-05,SOURCE,vendor_other,39fdd158-d758-40f4-8051-10ee679bdaa3,ארנולד בריל,בודק חשמל,היתרי חשמל,1450,261,1711,single project,ברנדייס 6 תל אביב,100,1450,,paid,1711,0,,one-time,,,YES,NO,YES,YES,
2026-02,2026-02-27,SOURCE,subcontractor,2807943d-8fcb-41e5-989d-3ee46982f8b0,התותחים,עובדים,Subcontractor,28050,5049,33099,single project,ברנדייס 6 תל אביב,100,28050,,paid,33099,0,,one-time,,,YES,NO,YES,YES,
2026-02,2026-02-28,SOURCE,subcontractor,52858ea4-9109-4331-8a3d-c7b67c83cfd5,התותחים,,Subcontractor,28050,5049,33099,single project,פינס 16 פתח תקוה,100,28050,,paid,33099,0,,one-time,,,YES,NO,YES,YES,
2026-02,2026-02-28,SOURCE,materials,9e512ba4-75bb-4a73-8580-735f0b1d5b0c,"ארכה בע""מ",חומרים,Materials,4174.58,751.42,4926,single project,ברנדייס 6 תל אביב,100,4174.58,,paid,4926,0,,one-time,,,YES,NO,YES,YES,
2026-02,2026-02-28,SOURCE,vendor_other,a048e91a-e3f7-4d33-ae99-ee0d06c162b1,ארכה,כללי,Shared equipment,2097.46,377.54,2475,auto_pool,GCM pool,,2097.46,,paid,2475,0,,one-time,,,YES,NO,NO,YES,מקור auto_pool — נספר דרך שורת GCM POOL SUMMARY
2026-02,2026-02-28,GCM DERIVED,vendor_other,a048e91a-e3f7-4d33-ae99-ee0d06c162b1,ארכה,כללי,Shared equipment,2097.46,,,auto_pool,ברנדייס 6 תל אביב,37.099900,778.16,,,,,,,,,YES,NO,NO,,חלוקה נגזרת לפי משקל GCM — לא קישור מקור שמור
2026-02,2026-02-28,GCM DERIVED,vendor_other,a048e91a-e3f7-4d33-ae99-ee0d06c162b1,ארכה,כללי,Shared equipment,2097.46,,,auto_pool,ויתקין 28 תל אביב,0.064000,1.34,,,,,,,,,YES,NO,NO,,חלוקה נגזרת לפי משקל GCM — לא קישור מקור שמור
2026-02,2026-02-28,GCM DERIVED,vendor_other,a048e91a-e3f7-4d33-ae99-ee0d06c162b1,ארכה,כללי,Shared equipment,2097.46,,,auto_pool,חורגין 36 רמת גן,25.451100,533.83,,,,,,,,,YES,NO,NO,,חלוקה נגזרת לפי משקל GCM — לא קישור מקור שמור
2026-02,2026-02-28,GCM DERIVED,vendor_other,a048e91a-e3f7-4d33-ae99-ee0d06c162b1,ארכה,כללי,Shared equipment,2097.46,,,auto_pool,פינס 16 פתח תקוה,37.385000,784.14,,,,,,,,,YES,NO,NO,,חלוקה נגזרת לפי משקל GCM — לא קישור מקור שמור
2026-03,2026-03-01,SOURCE,vendor_other,3d6c0582-8bbe-43c6-a021-5734bd1ff93e,קרני,גילוי אש,שירות חיצוני,20650.85,3717.15,24368,single project,ברנדייס 6 תל אביב,100,20650.85,,paid,24368,0,,one-time,,,YES,NO,YES,YES,
2026-03,2026-03-01,SOURCE,vendor_other,5dca5e29-6510-478e-a430-e27b443c5013,ביטוח ישיר,ביטוח רכב,Insurance,380,0,380,auto_pool,GCM pool,,380,,paid,380,0,,recurring,ביטוח רכב,,YES,NO,NO,YES,מקור auto_pool — נספר דרך שורת GCM POOL SUMMARY
2026-03,2026-03-01,GCM DERIVED,vendor_other,5dca5e29-6510-478e-a430-e27b443c5013,ביטוח ישיר,ביטוח רכב,Insurance,380,,,auto_pool,ברנדייס 6 תל אביב,37.093100,140.95,,,,,,,,,YES,NO,NO,,חלוקה נגזרת לפי משקל GCM — לא קישור מקור שמור
2026-03,2026-03-01,GCM DERIVED,vendor_other,5dca5e29-6510-478e-a430-e27b443c5013,ביטוח ישיר,ביטוח רכב,Insurance,380,,,auto_pool,ויתקין 28 תל אביב,0.064000,0.24,,,,,,,,,YES,NO,NO,,חלוקה נגזרת לפי משקל GCM — לא קישור מקור שמור
2026-03,2026-03-01,GCM DERIVED,vendor_other,5dca5e29-6510-478e-a430-e27b443c5013,ביטוח ישיר,ביטוח רכב,Insurance,380,,,auto_pool,חורגין 36 רמת גן,25.451000,96.71,,,,,,,,,YES,NO,NO,,חלוקה נגזרת לפי משקל GCM — לא קישור מקור שמור
2026-03,2026-03-01,GCM DERIVED,vendor_other,5dca5e29-6510-478e-a430-e27b443c5013,ביטוח ישיר,ביטוח רכב,Insurance,380,,,auto_pool,פינס 16 פתח תקוה,37.391800,142.09,,,,,,,,,YES,NO,NO,,חלוקה נגזרת לפי משקל GCM — לא קישור מקור שמור
2026-03,2026-03-01,SOURCE,vendor_other,6dc11a3b-904c-4f2f-88c1-9c2f81e1f2a1,רואה חשבון,רואה חשבון,Accounting and legal,700,126,826,auto_pool,GCM pool,,700,,paid,826,0,,recurring,רואה חשבון,,YES,NO,NO,YES,מקור auto_pool — נספר דרך שורת GCM POOL SUMMARY
2026-03,2026-03-01,GCM DERIVED,vendor_other,6dc11a3b-904c-4f2f-88c1-9c2f81e1f2a1,רואה חשבון,רואה חשבון,Accounting and legal,700,,,auto_pool,ברנדייס 6 תל אביב,37.093100,259.65,,,,,,,,,YES,NO,NO,,חלוקה נגזרת לפי משקל GCM — לא קישור מקור שמור
2026-03,2026-03-01,GCM DERIVED,vendor_other,6dc11a3b-904c-4f2f-88c1-9c2f81e1f2a1,רואה חשבון,רואה חשבון,Accounting and legal,700,,,auto_pool,ויתקין 28 תל אביב,0.064000,0.45,,,,,,,,,YES,NO,NO,,חלוקה נגזרת לפי משקל GCM — לא קישור מקור שמור
2026-03,2026-03-01,GCM DERIVED,vendor_other,6dc11a3b-904c-4f2f-88c1-9c2f81e1f2a1,רואה חשבון,רואה חשבון,Accounting and legal,700,,,auto_pool,חורגין 36 רמת גן,25.451000,178.16,,,,,,,,,YES,NO,NO,,חלוקה נגזרת לפי משקל GCM — לא קישור מקור שמור
2026-03,2026-03-01,GCM DERIVED,vendor_other,6dc11a3b-904c-4f2f-88c1-9c2f81e1f2a1,רואה חשבון,רואה חשבון,Accounting and legal,700,,,auto_pool,פינס 16 פתח תקוה,37.391800,261.74,,,,,,,,,YES,NO,NO,,חלוקה נגזרת לפי משקל GCM — לא קישור מקור שמור
2026-03,2026-03-01,SOURCE,vendor_other,8740520a-b6c3-4149-93a6-fe7c372561c0,,,Insurance,800,0,800,auto_pool,GCM pool,,800,,paid,800,0,,recurring,ביטוח עסק,,YES,NO,NO,YES,מקור auto_pool — נספר דרך שורת GCM POOL SUMMARY
2026-03,2026-03-01,GCM DERIVED,vendor_other,8740520a-b6c3-4149-93a6-fe7c372561c0,,,Insurance,800,,,auto_pool,ברנדייס 6 תל אביב,37.093100,296.75,,,,,,,,,YES,NO,NO,,חלוקה נגזרת לפי משקל GCM — לא קישור מקור שמור
2026-03,2026-03-01,GCM DERIVED,vendor_other,8740520a-b6c3-4149-93a6-fe7c372561c0,,,Insurance,800,,,auto_pool,ויתקין 28 תל אביב,0.064000,0.51,,,,,,,,,YES,NO,NO,,חלוקה נגזרת לפי משקל GCM — לא קישור מקור שמור
2026-03,2026-03-01,GCM DERIVED,vendor_other,8740520a-b6c3-4149-93a6-fe7c372561c0,,,Insurance,800,,,auto_pool,חורגין 36 רמת גן,25.451000,203.61,,,,,,,,,YES,NO,NO,,חלוקה נגזרת לפי משקל GCM — לא קישור מקור שמור
2026-03,2026-03-01,GCM DERIVED,vendor_other,8740520a-b6c3-4149-93a6-fe7c372561c0,,,Insurance,800,,,auto_pool,פינס 16 פתח תקוה,37.391800,299.13,,,,,,,,,YES,NO,NO,,חלוקה נגזרת לפי משקל GCM — לא קישור מקור שמור
2026-03,2026-03-01,SOURCE,vendor_other,9838e609-7107-4738-be42-63dc84a6f8a8,פרטנר,סלולר,Software and subscriptions,80,14.4,94.4,auto_pool,GCM pool,,80,,paid,94.4,0,,recurring,סלולר,,YES,NO,NO,YES,מקור auto_pool — נספר דרך שורת GCM POOL SUMMARY
2026-03,2026-03-01,GCM DERIVED,vendor_other,9838e609-7107-4738-be42-63dc84a6f8a8,פרטנר,סלולר,Software and subscriptions,80,,,auto_pool,ברנדייס 6 תל אביב,37.093100,29.67,,,,,,,,,YES,NO,NO,,חלוקה נגזרת לפי משקל GCM — לא קישור מקור שמור
2026-03,2026-03-01,GCM DERIVED,vendor_other,9838e609-7107-4738-be42-63dc84a6f8a8,פרטנר,סלולר,Software and subscriptions,80,,,auto_pool,ויתקין 28 תל אביב,0.064000,0.05,,,,,,,,,YES,NO,NO,,חלוקה נגזרת לפי משקל GCM — לא קישור מקור שמור
2026-03,2026-03-01,GCM DERIVED,vendor_other,9838e609-7107-4738-be42-63dc84a6f8a8,פרטנר,סלולר,Software and subscriptions,80,,,auto_pool,חורגין 36 רמת גן,25.451000,20.36,,,,,,,,,YES,NO,NO,,חלוקה נגזרת לפי משקל GCM — לא קישור מקור שמור
2026-03,2026-03-01,GCM DERIVED,vendor_other,9838e609-7107-4738-be42-63dc84a6f8a8,פרטנר,סלולר,Software and subscriptions,80,,,auto_pool,פינס 16 פתח תקוה,37.391800,29.91,,,,,,,,,YES,NO,NO,,חלוקה נגזרת לפי משקל GCM — לא קישור מקור שמור
2026-03,2026-03-01,SOURCE,vendor_other,cda7094f-9dc6-45fb-a0a8-74debce622f0,אשלט ניהול,השכרת מחסן,Rent,889.83,160.17,1050,auto_pool,GCM pool,,889.83,,paid,1050,0,,recurring,השכרת מחסן,,YES,NO,NO,YES,מקור auto_pool — נספר דרך שורת GCM POOL SUMMARY
2026-03,2026-03-01,GCM DERIVED,vendor_other,cda7094f-9dc6-45fb-a0a8-74debce622f0,אשלט ניהול,השכרת מחסן,Rent,889.83,,,auto_pool,ברנדייס 6 תל אביב,37.093100,330.07,,,,,,,,,YES,NO,NO,,חלוקה נגזרת לפי משקל GCM — לא קישור מקור שמור
2026-03,2026-03-01,GCM DERIVED,vendor_other,cda7094f-9dc6-45fb-a0a8-74debce622f0,אשלט ניהול,השכרת מחסן,Rent,889.83,,,auto_pool,ויתקין 28 תל אביב,0.064000,0.57,,,,,,,,,YES,NO,NO,,חלוקה נגזרת לפי משקל GCM — לא קישור מקור שמור
2026-03,2026-03-01,GCM DERIVED,vendor_other,cda7094f-9dc6-45fb-a0a8-74debce622f0,אשלט ניהול,השכרת מחסן,Rent,889.83,,,auto_pool,חורגין 36 רמת גן,25.451000,226.47,,,,,,,,,YES,NO,NO,,חלוקה נגזרת לפי משקל GCM — לא קישור מקור שמור
2026-03,2026-03-01,GCM DERIVED,vendor_other,cda7094f-9dc6-45fb-a0a8-74debce622f0,אשלט ניהול,השכרת מחסן,Rent,889.83,,,auto_pool,פינס 16 פתח תקוה,37.391800,332.72,,,,,,,,,YES,NO,NO,,חלוקה נגזרת לפי משקל GCM — לא קישור מקור שמור
2026-03,2026-03-01,SOURCE,vendor_other,e800507f-2ff4-468b-aa32-63a849ba398d,סלולר/מחשוב,סלולר,Software and subscriptions,298.38,1288.98,8450,auto_pool,GCM pool,,298.38,,upcoming,2464.56,5985.44,,installment,,,YES,NO,NO,YES,מקור auto_pool — נספר דרך שורת GCM POOL SUMMARY
2026-03,2026-03-01,GCM DERIVED,vendor_other,e800507f-2ff4-468b-aa32-63a849ba398d,סלולר/מחשוב,סלולר,Software and subscriptions,298.38,,,auto_pool,ברנדייס 6 תל אביב,37.093100,110.68,,,,,,,,,YES,NO,NO,,חלוקה נגזרת לפי משקל GCM — לא קישור מקור שמור
2026-03,2026-03-01,GCM DERIVED,vendor_other,e800507f-2ff4-468b-aa32-63a849ba398d,סלולר/מחשוב,סלולר,Software and subscriptions,298.38,,,auto_pool,ויתקין 28 תל אביב,0.064000,0.19,,,,,,,,,YES,NO,NO,,חלוקה נגזרת לפי משקל GCM — לא קישור מקור שמור
2026-03,2026-03-01,GCM DERIVED,vendor_other,e800507f-2ff4-468b-aa32-63a849ba398d,סלולר/מחשוב,סלולר,Software and subscriptions,298.38,,,auto_pool,חורגין 36 רמת גן,25.451000,75.94,,,,,,,,,YES,NO,NO,,חלוקה נגזרת לפי משקל GCM — לא קישור מקור שמור
2026-03,2026-03-01,GCM DERIVED,vendor_other,e800507f-2ff4-468b-aa32-63a849ba398d,סלולר/מחשוב,סלולר,Software and subscriptions,298.38,,,auto_pool,פינס 16 פתח תקוה,37.391800,111.57,,,,,,,,,YES,NO,NO,,חלוקה נגזרת לפי משקל GCM — לא קישור מקור שמור
2026-04,2026-03-01,SOURCE,vendor_other,e800507f-2ff4-468b-aa32-63a849ba398d,סלולר/מחשוב,סלולר,Software and subscriptions,298.38,1288.98,8450,auto_pool,GCM pool,,298.38,,upcoming,2464.56,5985.44,,installment,,,YES,NO,NO,YES,מקור auto_pool — נספר דרך שורת GCM POOL SUMMARY
2026-04,2026-03-01,GCM DERIVED,vendor_other,e800507f-2ff4-468b-aa32-63a849ba398d,סלולר/מחשוב,סלולר,Software and subscriptions,298.38,,,auto_pool,חורגין 36 רמת גן,25.450000,75.94,,,,,,,,,YES,NO,NO,,חלוקה נגזרת לפי משקל GCM — לא קישור מקור שמור
2026-04,2026-03-01,GCM DERIVED,vendor_other,e800507f-2ff4-468b-aa32-63a849ba398d,סלולר/מחשוב,סלולר,Software and subscriptions,298.38,,,auto_pool,ברנדייס 6 תל אביב,37.089300,110.67,,,,,,,,,YES,NO,NO,,חלוקה נגזרת לפי משקל GCM — לא קישור מקור שמור
2026-04,2026-03-01,GCM DERIVED,vendor_other,e800507f-2ff4-468b-aa32-63a849ba398d,סלולר/מחשוב,סלולר,Software and subscriptions,298.38,,,auto_pool,פינס 16 פתח תקוה,37.396700,111.58,,,,,,,,,YES,NO,NO,,חלוקה נגזרת לפי משקל GCM — לא קישור מקור שמור
2026-04,2026-03-01,GCM DERIVED,vendor_other,e800507f-2ff4-468b-aa32-63a849ba398d,סלולר/מחשוב,סלולר,Software and subscriptions,298.38,,,auto_pool,ויתקין 28 תל אביב,0.064000,0.19,,,,,,,,,YES,NO,NO,,חלוקה נגזרת לפי משקל GCM — לא קישור מקור שמור
2026-05,2026-03-01,SOURCE,vendor_other,e800507f-2ff4-468b-aa32-63a849ba398d,סלולר/מחשוב,סלולר,Software and subscriptions,298.38,1288.98,8450,auto_pool,GCM pool,,298.38,,upcoming,2464.56,5985.44,,installment,,,YES,NO,NO,YES,מקור auto_pool — נספר דרך שורת GCM POOL SUMMARY
2026-05,2026-03-01,GCM DERIVED,vendor_other,e800507f-2ff4-468b-aa32-63a849ba398d,סלולר/מחשוב,סלולר,Software and subscriptions,298.38,,,auto_pool,ויתקין 28 תל אביב,0.064000,0.19,,,,,,,,,YES,NO,NO,,חלוקה נגזרת לפי משקל GCM — לא קישור מקור שמור
2026-05,2026-03-01,GCM DERIVED,vendor_other,e800507f-2ff4-468b-aa32-63a849ba398d,סלולר/מחשוב,סלולר,Software and subscriptions,298.38,,,auto_pool,ברנדייס 6 תל אביב,37.087200,110.66,,,,,,,,,YES,NO,NO,,חלוקה נגזרת לפי משקל GCM — לא קישור מקור שמור
2026-05,2026-03-01,GCM DERIVED,vendor_other,e800507f-2ff4-468b-aa32-63a849ba398d,סלולר/מחשוב,סלולר,Software and subscriptions,298.38,,,auto_pool,פינס 16 פתח תקוה,37.400800,111.6,,,,,,,,,YES,NO,NO,,חלוקה נגזרת לפי משקל GCM — לא קישור מקור שמור
2026-05,2026-03-01,GCM DERIVED,vendor_other,e800507f-2ff4-468b-aa32-63a849ba398d,סלולר/מחשוב,סלולר,Software and subscriptions,298.38,,,auto_pool,חורגין 36 רמת גן,25.448000,75.93,,,,,,,,,YES,NO,NO,,חלוקה נגזרת לפי משקל GCM — לא קישור מקור שמור
2026-06,2026-03-01,SOURCE,vendor_other,e800507f-2ff4-468b-aa32-63a849ba398d,סלולר/מחשוב,סלולר,Software and subscriptions,298.38,1288.98,8450,auto_pool,GCM pool,,298.38,,upcoming,2464.56,5985.44,,installment,,,YES,NO,NO,YES,מקור auto_pool — נספר דרך שורת GCM POOL SUMMARY
2026-06,2026-03-01,GCM DERIVED,vendor_other,e800507f-2ff4-468b-aa32-63a849ba398d,סלולר/מחשוב,סלולר,Software and subscriptions,298.38,,,auto_pool,ברנדייס 6 תל אביב,37.085500,110.66,,,,,,,,,YES,NO,NO,,חלוקה נגזרת לפי משקל GCM — לא קישור מקור שמור
2026-06,2026-03-01,GCM DERIVED,vendor_other,e800507f-2ff4-468b-aa32-63a849ba398d,סלולר/מחשוב,סלולר,Software and subscriptions,298.38,,,auto_pool,פינס 16 פתח תקוה,37.404000,111.61,,,,,,,,,YES,NO,NO,,חלוקה נגזרת לפי משקל GCM — לא קישור מקור שמור
2026-06,2026-03-01,GCM DERIVED,vendor_other,e800507f-2ff4-468b-aa32-63a849ba398d,סלולר/מחשוב,סלולר,Software and subscriptions,298.38,,,auto_pool,חורגין 36 רמת גן,25.446600,75.93,,,,,,,,,YES,NO,NO,,חלוקה נגזרת לפי משקל GCM — לא קישור מקור שמור
2026-06,2026-03-01,GCM DERIVED,vendor_other,e800507f-2ff4-468b-aa32-63a849ba398d,סלולר/מחשוב,סלולר,Software and subscriptions,298.38,,,auto_pool,ויתקין 28 תל אביב,0.064000,0.19,,,,,,,,,YES,NO,NO,,חלוקה נגזרת לפי משקל GCM — לא קישור מקור שמור
2026-07,2026-03-01,SOURCE,vendor_other,e800507f-2ff4-468b-aa32-63a849ba398d,סלולר/מחשוב,סלולר,Software and subscriptions,298.38,1288.98,8450,auto_pool,GCM pool,,298.38,,upcoming,2464.56,5985.44,,installment,,,YES,NO,NO,YES,מקור auto_pool — נספר דרך שורת GCM POOL SUMMARY
2026-07,2026-03-01,GCM DERIVED,vendor_other,e800507f-2ff4-468b-aa32-63a849ba398d,סלולר/מחשוב,סלולר,Software and subscriptions,298.38,,,auto_pool,ויתקין 28 תל אביב,0.064000,0.19,,,,,,,,,YES,NO,NO,,חלוקה נגזרת לפי משקל GCM — לא קישור מקור שמור
2026-07,2026-03-01,GCM DERIVED,vendor_other,e800507f-2ff4-468b-aa32-63a849ba398d,סלולר/מחשוב,סלולר,Software and subscriptions,298.38,,,auto_pool,חורגין 36 רמת גן,25.446600,75.93,,,,,,,,,YES,NO,NO,,חלוקה נגזרת לפי משקל GCM — לא קישור מקור שמור
2026-07,2026-03-01,GCM DERIVED,vendor_other,e800507f-2ff4-468b-aa32-63a849ba398d,סלולר/מחשוב,סלולר,Software and subscriptions,298.38,,,auto_pool,פינס 16 פתח תקוה,37.404000,111.61,,,,,,,,,YES,NO,NO,,חלוקה נגזרת לפי משקל GCM — לא קישור מקור שמור
2026-07,2026-03-01,GCM DERIVED,vendor_other,e800507f-2ff4-468b-aa32-63a849ba398d,סלולר/מחשוב,סלולר,Software and subscriptions,298.38,,,auto_pool,ברנדייס 6 תל אביב,37.085500,110.66,,,,,,,,,YES,NO,NO,,חלוקה נגזרת לפי משקל GCM — לא קישור מקור שמור
2026-08,2026-03-01,SOURCE,vendor_other,e800507f-2ff4-468b-aa32-63a849ba398d,סלולר/מחשוב,סלולר,Software and subscriptions,298.38,1288.98,8450,auto_pool,GCM pool,,298.38,,upcoming,2464.56,5985.44,,installment,,,YES,NO,NO,YES,מקור auto_pool — נספר דרך שורת GCM POOL SUMMARY
2026-08,2026-03-01,GCM DERIVED,vendor_other,e800507f-2ff4-468b-aa32-63a849ba398d,סלולר/מחשוב,סלולר,Software and subscriptions,298.38,,,auto_pool,ברנדייס 6 תל אביב,28.552300,85.19,,,,,,,,,YES,NO,NO,,חלוקה נגזרת לפי משקל GCM — לא קישור מקור שמור
2026-08,2026-03-01,GCM DERIVED,vendor_other,e800507f-2ff4-468b-aa32-63a849ba398d,סלולר/מחשוב,סלולר,Software and subscriptions,298.38,,,auto_pool,פינס 16 פתח תקוה,42.805200,127.72,,,,,,,,,YES,NO,NO,,חלוקה נגזרת לפי משקל GCM — לא קישור מקור שמור
2026-08,2026-03-01,GCM DERIVED,vendor_other,e800507f-2ff4-468b-aa32-63a849ba398d,סלולר/מחשוב,סלולר,Software and subscriptions,298.38,,,auto_pool,חורגין 36 רמת גן,28.544600,85.17,,,,,,,,,YES,NO,NO,,חלוקה נגזרת לפי משקל GCM — לא קישור מקור שמור
2026-08,2026-03-01,GCM DERIVED,vendor_other,e800507f-2ff4-468b-aa32-63a849ba398d,סלולר/מחשוב,סלולר,Software and subscriptions,298.38,,,auto_pool,ויתקין 28 תל אביב,0.098000,0.29,,,,,,,,,YES,NO,NO,,חלוקה נגזרת לפי משקל GCM — לא קישור מקור שמור
2026-09,2026-03-01,SOURCE,vendor_other,e800507f-2ff4-468b-aa32-63a849ba398d,סלולר/מחשוב,סלולר,Software and subscriptions,298.38,1288.98,8450,auto_pool,GCM pool,,298.38,,upcoming,2464.56,5985.44,,installment,,,YES,NO,NO,YES,מקור auto_pool — נספר דרך שורת GCM POOL SUMMARY
2026-09,2026-03-01,GCM DERIVED,vendor_other,e800507f-2ff4-468b-aa32-63a849ba398d,סלולר/מחשוב,סלולר,Software and subscriptions,298.38,,,auto_pool,חורגין 36 רמת גן,28.522100,85.1,,,,,,,,,YES,NO,NO,,חלוקה נגזרת לפי משקל GCM — לא קישור מקור שמור
2026-09,2026-03-01,GCM DERIVED,vendor_other,e800507f-2ff4-468b-aa32-63a849ba398d,סלולר/מחשוב,סלולר,Software and subscriptions,298.38,,,auto_pool,ויתקין 28 תל אביב,0.097200,0.29,,,,,,,,,YES,NO,NO,,חלוקה נגזרת לפי משקל GCM — לא קישור מקור שמור
2026-09,2026-03-01,GCM DERIVED,vendor_other,e800507f-2ff4-468b-aa32-63a849ba398d,סלולר/מחשוב,סלולר,Software and subscriptions,298.38,,,auto_pool,ברנדייס 6 תל אביב,28.739300,85.75,,,,,,,,,YES,NO,NO,,חלוקה נגזרת לפי משקל GCM — לא קישור מקור שמור
2026-09,2026-03-01,GCM DERIVED,vendor_other,e800507f-2ff4-468b-aa32-63a849ba398d,סלולר/מחשוב,סלולר,Software and subscriptions,298.38,,,auto_pool,פינס 16 פתח תקוה,42.641400,127.23,,,,,,,,,YES,NO,NO,,חלוקה נגזרת לפי משקל GCM — לא קישור מקור שמור
2026-03,2026-03-25,SOURCE,vendor_other,253c6631-635b-402a-9697-0044041c6ffc,"ש. ברדוגו בע""מ",כלים חשמליים,Shared equipment,675,243,1593,auto_pool,GCM pool,,675,,paid,1593,0,,installment,,,YES,NO,NO,YES,מקור auto_pool — נספר דרך שורת GCM POOL SUMMARY
2026-03,2026-03-25,GCM DERIVED,vendor_other,253c6631-635b-402a-9697-0044041c6ffc,"ש. ברדוגו בע""מ",כלים חשמליים,Shared equipment,675,,,auto_pool,ברנדייס 6 תל אביב,37.093100,250.38,,,,,,,,,YES,NO,NO,,חלוקה נגזרת לפי משקל GCM — לא קישור מקור שמור
2026-03,2026-03-25,GCM DERIVED,vendor_other,253c6631-635b-402a-9697-0044041c6ffc,"ש. ברדוגו בע""מ",כלים חשמליים,Shared equipment,675,,,auto_pool,ויתקין 28 תל אביב,0.064000,0.43,,,,,,,,,YES,NO,NO,,חלוקה נגזרת לפי משקל GCM — לא קישור מקור שמור
2026-03,2026-03-25,GCM DERIVED,vendor_other,253c6631-635b-402a-9697-0044041c6ffc,"ש. ברדוגו בע""מ",כלים חשמליים,Shared equipment,675,,,auto_pool,חורגין 36 רמת גן,25.451000,171.79,,,,,,,,,YES,NO,NO,,חלוקה נגזרת לפי משקל GCM — לא קישור מקור שמור
2026-03,2026-03-25,GCM DERIVED,vendor_other,253c6631-635b-402a-9697-0044041c6ffc,"ש. ברדוגו בע""מ",כלים חשמליים,Shared equipment,675,,,auto_pool,פינס 16 פתח תקוה,37.391800,252.39,,,,,,,,,YES,NO,NO,,חלוקה נגזרת לפי משקל GCM — לא קישור מקור שמור
2026-04,2026-03-25,SOURCE,vendor_other,253c6631-635b-402a-9697-0044041c6ffc,"ש. ברדוגו בע""מ",כלים חשמליים,Shared equipment,675,243,1593,auto_pool,GCM pool,,675,,paid,1593,0,,installment,,,YES,NO,NO,YES,מקור auto_pool — נספר דרך שורת GCM POOL SUMMARY
2026-04,2026-03-25,GCM DERIVED,vendor_other,253c6631-635b-402a-9697-0044041c6ffc,"ש. ברדוגו בע""מ",כלים חשמליים,Shared equipment,675,,,auto_pool,חורגין 36 רמת גן,25.450000,171.79,,,,,,,,,YES,NO,NO,,חלוקה נגזרת לפי משקל GCM — לא קישור מקור שמור
2026-04,2026-03-25,GCM DERIVED,vendor_other,253c6631-635b-402a-9697-0044041c6ffc,"ש. ברדוגו בע""מ",כלים חשמליים,Shared equipment,675,,,auto_pool,ברנדייס 6 תל אביב,37.089300,250.35,,,,,,,,,YES,NO,NO,,חלוקה נגזרת לפי משקל GCM — לא קישור מקור שמור
2026-04,2026-03-25,GCM DERIVED,vendor_other,253c6631-635b-402a-9697-0044041c6ffc,"ש. ברדוגו בע""מ",כלים חשמליים,Shared equipment,675,,,auto_pool,פינס 16 פתח תקוה,37.396700,252.43,,,,,,,,,YES,NO,NO,,חלוקה נגזרת לפי משקל GCM — לא קישור מקור שמור
2026-04,2026-03-25,GCM DERIVED,vendor_other,253c6631-635b-402a-9697-0044041c6ffc,"ש. ברדוגו בע""מ",כלים חשמליים,Shared equipment,675,,,auto_pool,ויתקין 28 תל אביב,0.064000,0.43,,,,,,,,,YES,NO,NO,,חלוקה נגזרת לפי משקל GCM — לא קישור מקור שמור
2026-03,2026-03-31,SOURCE,subcontractor,23559bd8-dc92-4f81-81e1-7b9ac85ae508,התותחים,,Subcontractor,21450,3861,25311,single project,פינס 16 פתח תקוה,100,21450,,paid,25311,0,2026-05-15,one-time,,,YES,NO,YES,YES,
2026-03,2026-03-31,SOURCE,materials,255e6d44-c3cc-4c57-999e-12e9353c4e93,"ארכה בע""מ",חומרים,Materials,4548.31,818.69,5367,single project,פינס 16 פתח תקוה,100,4548.31,,paid,5367,0,,one-time,,,YES,NO,YES,YES,
2026-08,2026-03-31,SOURCE,vendor_other,48c5d620-d4b3-4d02-beb7-a6d73bddb581,"ארכה בע""מ",כללי,Shared equipment,677.12,121.88,799,auto_pool,GCM pool,,677.12,,paid,799,0,,one-time,,,YES,NO,NO,YES,מקור auto_pool — נספר דרך שורת GCM POOL SUMMARY
2026-08,2026-03-31,GCM DERIVED,vendor_other,48c5d620-d4b3-4d02-beb7-a6d73bddb581,"ארכה בע""מ",כללי,Shared equipment,677.12,,,auto_pool,ברנדייס 6 תל אביב,28.552300,193.33,,,,,,,,,YES,NO,NO,,חלוקה נגזרת לפי משקל GCM — לא קישור מקור שמור
2026-08,2026-03-31,GCM DERIVED,vendor_other,48c5d620-d4b3-4d02-beb7-a6d73bddb581,"ארכה בע""מ",כללי,Shared equipment,677.12,,,auto_pool,פינס 16 פתח תקוה,42.805200,289.84,,,,,,,,,YES,NO,NO,,חלוקה נגזרת לפי משקל GCM — לא קישור מקור שמור
2026-08,2026-03-31,GCM DERIVED,vendor_other,48c5d620-d4b3-4d02-beb7-a6d73bddb581,"ארכה בע""מ",כללי,Shared equipment,677.12,,,auto_pool,חורגין 36 רמת גן,28.544600,193.28,,,,,,,,,YES,NO,NO,,חלוקה נגזרת לפי משקל GCM — לא קישור מקור שמור
2026-08,2026-03-31,GCM DERIVED,vendor_other,48c5d620-d4b3-4d02-beb7-a6d73bddb581,"ארכה בע""מ",כללי,Shared equipment,677.12,,,auto_pool,ויתקין 28 תל אביב,0.098000,0.66,,,,,,,,,YES,NO,NO,,חלוקה נגזרת לפי משקל GCM — לא קישור מקור שמור
2026-04,2026-04-01,SOURCE,vendor_other,095a2290-fb6d-4ec7-a06e-bd103df1db2b,אשלט ניהול,השכרת מחסן,Rent,889.83,160.17,1050,auto_pool,GCM pool,,889.83,,paid,1050,0,,recurring,השכרת מחסן,,YES,NO,NO,YES,מקור auto_pool — נספר דרך שורת GCM POOL SUMMARY
2026-04,2026-04-01,GCM DERIVED,vendor_other,095a2290-fb6d-4ec7-a06e-bd103df1db2b,אשלט ניהול,השכרת מחסן,Rent,889.83,,,auto_pool,חורגין 36 רמת גן,25.450000,226.46,,,,,,,,,YES,NO,NO,,חלוקה נגזרת לפי משקל GCM — לא קישור מקור שמור
2026-04,2026-04-01,GCM DERIVED,vendor_other,095a2290-fb6d-4ec7-a06e-bd103df1db2b,אשלט ניהול,השכרת מחסן,Rent,889.83,,,auto_pool,ברנדייס 6 תל אביב,37.089300,330.03,,,,,,,,,YES,NO,NO,,חלוקה נגזרת לפי משקל GCM — לא קישור מקור שמור
2026-04,2026-04-01,GCM DERIVED,vendor_other,095a2290-fb6d-4ec7-a06e-bd103df1db2b,אשלט ניהול,השכרת מחסן,Rent,889.83,,,auto_pool,פינס 16 פתח תקוה,37.396700,332.77,,,,,,,,,YES,NO,NO,,חלוקה נגזרת לפי משקל GCM — לא קישור מקור שמור
2026-04,2026-04-01,GCM DERIVED,vendor_other,095a2290-fb6d-4ec7-a06e-bd103df1db2b,אשלט ניהול,השכרת מחסן,Rent,889.83,,,auto_pool,ויתקין 28 תל אביב,0.064000,0.57,,,,,,,,,YES,NO,NO,,חלוקה נגזרת לפי משקל GCM — לא קישור מקור שמור
2026-04,2026-04-01,SOURCE,vendor_other,15f2c630-f92e-4a63-8972-21e7d67ae33f,ביטוח ישיר,ביטוח רכב,Insurance,380,0,380,auto_pool,GCM pool,,380,,paid,380,0,,recurring,ביטוח רכב,,YES,NO,NO,YES,מקור auto_pool — נספר דרך שורת GCM POOL SUMMARY
2026-04,2026-04-01,GCM DERIVED,vendor_other,15f2c630-f92e-4a63-8972-21e7d67ae33f,ביטוח ישיר,ביטוח רכב,Insurance,380,,,auto_pool,חורגין 36 רמת גן,25.450000,96.71,,,,,,,,,YES,NO,NO,,חלוקה נגזרת לפי משקל GCM — לא קישור מקור שמור
2026-04,2026-04-01,GCM DERIVED,vendor_other,15f2c630-f92e-4a63-8972-21e7d67ae33f,ביטוח ישיר,ביטוח רכב,Insurance,380,,,auto_pool,ברנדייס 6 תל אביב,37.089300,140.94,,,,,,,,,YES,NO,NO,,חלוקה נגזרת לפי משקל GCM — לא קישור מקור שמור
2026-04,2026-04-01,GCM DERIVED,vendor_other,15f2c630-f92e-4a63-8972-21e7d67ae33f,ביטוח ישיר,ביטוח רכב,Insurance,380,,,auto_pool,פינס 16 פתח תקוה,37.396700,142.11,,,,,,,,,YES,NO,NO,,חלוקה נגזרת לפי משקל GCM — לא קישור מקור שמור
2026-04,2026-04-01,GCM DERIVED,vendor_other,15f2c630-f92e-4a63-8972-21e7d67ae33f,ביטוח ישיר,ביטוח רכב,Insurance,380,,,auto_pool,ויתקין 28 תל אביב,0.064000,0.24,,,,,,,,,YES,NO,NO,,חלוקה נגזרת לפי משקל GCM — לא קישור מקור שמור
2026-04,2026-04-01,SOURCE,vendor_other,684b7bcd-9451-4db1-b5b4-75dc14e7bd2f,פרטנר,סלולר,Software and subscriptions,80,14.4,94.4,auto_pool,GCM pool,,80,,paid,94.4,0,,recurring,סלולר,,YES,NO,NO,YES,מקור auto_pool — נספר דרך שורת GCM POOL SUMMARY
2026-04,2026-04-01,GCM DERIVED,vendor_other,684b7bcd-9451-4db1-b5b4-75dc14e7bd2f,פרטנר,סלולר,Software and subscriptions,80,,,auto_pool,חורגין 36 רמת גן,25.450000,20.36,,,,,,,,,YES,NO,NO,,חלוקה נגזרת לפי משקל GCM — לא קישור מקור שמור
2026-04,2026-04-01,GCM DERIVED,vendor_other,684b7bcd-9451-4db1-b5b4-75dc14e7bd2f,פרטנר,סלולר,Software and subscriptions,80,,,auto_pool,ברנדייס 6 תל אביב,37.089300,29.67,,,,,,,,,YES,NO,NO,,חלוקה נגזרת לפי משקל GCM — לא קישור מקור שמור
2026-04,2026-04-01,GCM DERIVED,vendor_other,684b7bcd-9451-4db1-b5b4-75dc14e7bd2f,פרטנר,סלולר,Software and subscriptions,80,,,auto_pool,פינס 16 פתח תקוה,37.396700,29.92,,,,,,,,,YES,NO,NO,,חלוקה נגזרת לפי משקל GCM — לא קישור מקור שמור
2026-04,2026-04-01,GCM DERIVED,vendor_other,684b7bcd-9451-4db1-b5b4-75dc14e7bd2f,פרטנר,סלולר,Software and subscriptions,80,,,auto_pool,ויתקין 28 תל אביב,0.064000,0.05,,,,,,,,,YES,NO,NO,,חלוקה נגזרת לפי משקל GCM — לא קישור מקור שמור
2026-04,2026-04-01,SOURCE,vendor_other,74869eee-1877-45ea-b94f-6c044739a92c,,,Insurance,800,0,800,auto_pool,GCM pool,,800,,paid,800,0,,recurring,ביטוח עסק,,YES,NO,NO,YES,מקור auto_pool — נספר דרך שורת GCM POOL SUMMARY
2026-04,2026-04-01,GCM DERIVED,vendor_other,74869eee-1877-45ea-b94f-6c044739a92c,,,Insurance,800,,,auto_pool,חורגין 36 רמת גן,25.450000,203.6,,,,,,,,,YES,NO,NO,,חלוקה נגזרת לפי משקל GCM — לא קישור מקור שמור
2026-04,2026-04-01,GCM DERIVED,vendor_other,74869eee-1877-45ea-b94f-6c044739a92c,,,Insurance,800,,,auto_pool,ברנדייס 6 תל אביב,37.089300,296.71,,,,,,,,,YES,NO,NO,,חלוקה נגזרת לפי משקל GCM — לא קישור מקור שמור
2026-04,2026-04-01,GCM DERIVED,vendor_other,74869eee-1877-45ea-b94f-6c044739a92c,,,Insurance,800,,,auto_pool,פינס 16 פתח תקוה,37.396700,299.17,,,,,,,,,YES,NO,NO,,חלוקה נגזרת לפי משקל GCM — לא קישור מקור שמור
2026-04,2026-04-01,GCM DERIVED,vendor_other,74869eee-1877-45ea-b94f-6c044739a92c,,,Insurance,800,,,auto_pool,ויתקין 28 תל אביב,0.064000,0.51,,,,,,,,,YES,NO,NO,,חלוקה נגזרת לפי משקל GCM — לא קישור מקור שמור
2026-04,2026-04-01,SOURCE,vendor_other,c5ca9bcb-8405-44c7-8dfa-db97407bc8ed,רואה חשבון,רואה חשבון,Accounting and legal,700,126,826,auto_pool,GCM pool,,700,,paid,826,0,,recurring,רואה חשבון,,YES,NO,NO,YES,מקור auto_pool — נספר דרך שורת GCM POOL SUMMARY
2026-04,2026-04-01,GCM DERIVED,vendor_other,c5ca9bcb-8405-44c7-8dfa-db97407bc8ed,רואה חשבון,רואה חשבון,Accounting and legal,700,,,auto_pool,חורגין 36 רמת גן,25.450000,178.15,,,,,,,,,YES,NO,NO,,חלוקה נגזרת לפי משקל GCM — לא קישור מקור שמור
2026-04,2026-04-01,GCM DERIVED,vendor_other,c5ca9bcb-8405-44c7-8dfa-db97407bc8ed,רואה חשבון,רואה חשבון,Accounting and legal,700,,,auto_pool,ברנדייס 6 תל אביב,37.089300,259.63,,,,,,,,,YES,NO,NO,,חלוקה נגזרת לפי משקל GCM — לא קישור מקור שמור
2026-04,2026-04-01,GCM DERIVED,vendor_other,c5ca9bcb-8405-44c7-8dfa-db97407bc8ed,רואה חשבון,רואה חשבון,Accounting and legal,700,,,auto_pool,פינס 16 פתח תקוה,37.396700,261.78,,,,,,,,,YES,NO,NO,,חלוקה נגזרת לפי משקל GCM — לא קישור מקור שמור
2026-04,2026-04-01,GCM DERIVED,vendor_other,c5ca9bcb-8405-44c7-8dfa-db97407bc8ed,רואה חשבון,רואה חשבון,Accounting and legal,700,,,auto_pool,ויתקין 28 תל אביב,0.064000,0.45,,,,,,,,,YES,NO,NO,,חלוקה נגזרת לפי משקל GCM — לא קישור מקור שמור
2026-04,2026-04-30,SOURCE,subcontractor,49426715-55d0-4175-816c-306e1a2f25bd,התותחים,עובדים,Subcontractor,29700,5346,35046,single project,פינס 16 פתח תקוה,100,29700,,paid,35046,0,,one-time,,,YES,NO,YES,YES,
2026-04,2026-04-30,SOURCE,materials,4ec7c975-853c-4fc9-8069-e1ffcc7a6679,"ארכה בע""מ",חומרים,Materials,9622.88,1732.12,11355,single project,פינס 16 פתח תקוה,100,9622.88,,paid,11355,0,,one-time,,,YES,NO,YES,YES,
2026-04,2026-04-30,SOURCE,materials,6c8010d7-2bb3-4b01-b199-120855d2fbd3,"ארכה בע""מ",חומרים,Materials,747.46,134.54,882,single project,חורגין 36 רמת גן,100,747.46,,paid,882,0,,one-time,,,YES,NO,YES,YES,
2026-04,2026-04-30,SOURCE,vendor_other,76269c26-e29a-4d5b-90d3-6ad20c455c0d,"ארכה בע""מ",כללי,Shared equipment,1274.58,229.42,1504,auto_pool,GCM pool,,1274.58,,paid,1504,0,,one-time,,,YES,NO,NO,YES,מקור auto_pool — נספר דרך שורת GCM POOL SUMMARY
2026-04,2026-04-30,GCM DERIVED,vendor_other,76269c26-e29a-4d5b-90d3-6ad20c455c0d,"ארכה בע""מ",כללי,Shared equipment,1274.58,,,auto_pool,חורגין 36 רמת גן,25.450000,324.38,,,,,,,,,YES,NO,NO,,חלוקה נגזרת לפי משקל GCM — לא קישור מקור שמור
2026-04,2026-04-30,GCM DERIVED,vendor_other,76269c26-e29a-4d5b-90d3-6ad20c455c0d,"ארכה בע""מ",כללי,Shared equipment,1274.58,,,auto_pool,ברנדייס 6 תל אביב,37.089300,472.73,,,,,,,,,YES,NO,NO,,חלוקה נגזרת לפי משקל GCM — לא קישור מקור שמור
2026-04,2026-04-30,GCM DERIVED,vendor_other,76269c26-e29a-4d5b-90d3-6ad20c455c0d,"ארכה בע""מ",כללי,Shared equipment,1274.58,,,auto_pool,פינס 16 פתח תקוה,37.396700,476.65,,,,,,,,,YES,NO,NO,,חלוקה נגזרת לפי משקל GCM — לא קישור מקור שמור
2026-04,2026-04-30,GCM DERIVED,vendor_other,76269c26-e29a-4d5b-90d3-6ad20c455c0d,"ארכה בע""מ",כללי,Shared equipment,1274.58,,,auto_pool,ויתקין 28 תל אביב,0.064000,0.82,,,,,,,,,YES,NO,NO,,חלוקה נגזרת לפי משקל GCM — לא קישור מקור שמור
2026-04,2026-04-30,SOURCE,materials,bc1ec8cd-10b7-4773-9b99-5e13e595e231,"ארכה בע""מ",חומרים,Materials,1547.46,278.54,1826,single project,ברנדייס 6 תל אביב,100,1547.46,,paid,1826,0,,one-time,,,YES,NO,YES,YES,
2026-05,2026-05-01,SOURCE,vendor_other,6b1eb957-9076-4624-9343-a31d1384e5f9,,,Insurance,800,0,800,auto_pool,GCM pool,,800,,paid,800,0,,recurring,ביטוח עסק,,YES,NO,NO,YES,מקור auto_pool — נספר דרך שורת GCM POOL SUMMARY
2026-05,2026-05-01,GCM DERIVED,vendor_other,6b1eb957-9076-4624-9343-a31d1384e5f9,,,Insurance,800,,,auto_pool,ויתקין 28 תל אביב,0.064000,0.51,,,,,,,,,YES,NO,NO,,חלוקה נגזרת לפי משקל GCM — לא קישור מקור שמור
2026-05,2026-05-01,GCM DERIVED,vendor_other,6b1eb957-9076-4624-9343-a31d1384e5f9,,,Insurance,800,,,auto_pool,ברנדייס 6 תל אביב,37.087200,296.7,,,,,,,,,YES,NO,NO,,חלוקה נגזרת לפי משקל GCM — לא קישור מקור שמור
2026-05,2026-05-01,GCM DERIVED,vendor_other,6b1eb957-9076-4624-9343-a31d1384e5f9,,,Insurance,800,,,auto_pool,פינס 16 פתח תקוה,37.400800,299.21,,,,,,,,,YES,NO,NO,,חלוקה נגזרת לפי משקל GCM — לא קישור מקור שמור
2026-05,2026-05-01,GCM DERIVED,vendor_other,6b1eb957-9076-4624-9343-a31d1384e5f9,,,Insurance,800,,,auto_pool,חורגין 36 רמת גן,25.448000,203.58,,,,,,,,,YES,NO,NO,,חלוקה נגזרת לפי משקל GCM — לא קישור מקור שמור
2026-05,2026-05-01,SOURCE,vendor_other,752c4a8b-a1e5-4dcb-89ac-a3546994cf65,רואה חשבון,רואה חשבון,Accounting and legal,700,126,826,auto_pool,GCM pool,,700,,paid,826,0,,recurring,רואה חשבון,,YES,NO,NO,YES,מקור auto_pool — נספר דרך שורת GCM POOL SUMMARY
2026-05,2026-05-01,GCM DERIVED,vendor_other,752c4a8b-a1e5-4dcb-89ac-a3546994cf65,רואה חשבון,רואה חשבון,Accounting and legal,700,,,auto_pool,ויתקין 28 תל אביב,0.064000,0.45,,,,,,,,,YES,NO,NO,,חלוקה נגזרת לפי משקל GCM — לא קישור מקור שמור
2026-05,2026-05-01,GCM DERIVED,vendor_other,752c4a8b-a1e5-4dcb-89ac-a3546994cf65,רואה חשבון,רואה חשבון,Accounting and legal,700,,,auto_pool,ברנדייס 6 תל אביב,37.087200,259.61,,,,,,,,,YES,NO,NO,,חלוקה נגזרת לפי משקל GCM — לא קישור מקור שמור
2026-05,2026-05-01,GCM DERIVED,vendor_other,752c4a8b-a1e5-4dcb-89ac-a3546994cf65,רואה חשבון,רואה חשבון,Accounting and legal,700,,,auto_pool,פינס 16 פתח תקוה,37.400800,261.81,,,,,,,,,YES,NO,NO,,חלוקה נגזרת לפי משקל GCM — לא קישור מקור שמור
2026-05,2026-05-01,GCM DERIVED,vendor_other,752c4a8b-a1e5-4dcb-89ac-a3546994cf65,רואה חשבון,רואה חשבון,Accounting and legal,700,,,auto_pool,חורגין 36 רמת גן,25.448000,178.14,,,,,,,,,YES,NO,NO,,חלוקה נגזרת לפי משקל GCM — לא קישור מקור שמור
2026-05,2026-05-01,SOURCE,vendor_other,c3ca1364-75b0-4557-92ea-bcea3b1aef0e,פרטנר,סלולר,Software and subscriptions,80,14.4,94.4,auto_pool,GCM pool,,80,,paid,94.4,0,,recurring,סלולר,,YES,NO,NO,YES,מקור auto_pool — נספר דרך שורת GCM POOL SUMMARY
2026-05,2026-05-01,GCM DERIVED,vendor_other,c3ca1364-75b0-4557-92ea-bcea3b1aef0e,פרטנר,סלולר,Software and subscriptions,80,,,auto_pool,ויתקין 28 תל אביב,0.064000,0.05,,,,,,,,,YES,NO,NO,,חלוקה נגזרת לפי משקל GCM — לא קישור מקור שמור
2026-05,2026-05-01,GCM DERIVED,vendor_other,c3ca1364-75b0-4557-92ea-bcea3b1aef0e,פרטנר,סלולר,Software and subscriptions,80,,,auto_pool,ברנדייס 6 תל אביב,37.087200,29.67,,,,,,,,,YES,NO,NO,,חלוקה נגזרת לפי משקל GCM — לא קישור מקור שמור
2026-05,2026-05-01,GCM DERIVED,vendor_other,c3ca1364-75b0-4557-92ea-bcea3b1aef0e,פרטנר,סלולר,Software and subscriptions,80,,,auto_pool,פינס 16 פתח תקוה,37.400800,29.92,,,,,,,,,YES,NO,NO,,חלוקה נגזרת לפי משקל GCM — לא קישור מקור שמור
2026-05,2026-05-01,GCM DERIVED,vendor_other,c3ca1364-75b0-4557-92ea-bcea3b1aef0e,פרטנר,סלולר,Software and subscriptions,80,,,auto_pool,חורגין 36 רמת גן,25.448000,20.36,,,,,,,,,YES,NO,NO,,חלוקה נגזרת לפי משקל GCM — לא קישור מקור שמור
2026-05,2026-05-01,SOURCE,vendor_other,d906e6c4-00c5-454d-aea5-ae6f89261bb9,אשלט ניהול,השכרת מחסן,Rent,889.83,160.17,1050,auto_pool,GCM pool,,889.83,,paid,1050,0,,recurring,השכרת מחסן,,YES,NO,NO,YES,מקור auto_pool — נספר דרך שורת GCM POOL SUMMARY
2026-05,2026-05-01,GCM DERIVED,vendor_other,d906e6c4-00c5-454d-aea5-ae6f89261bb9,אשלט ניהול,השכרת מחסן,Rent,889.83,,,auto_pool,ויתקין 28 תל אביב,0.064000,0.57,,,,,,,,,YES,NO,NO,,חלוקה נגזרת לפי משקל GCM — לא קישור מקור שמור
2026-05,2026-05-01,GCM DERIVED,vendor_other,d906e6c4-00c5-454d-aea5-ae6f89261bb9,אשלט ניהול,השכרת מחסן,Rent,889.83,,,auto_pool,ברנדייס 6 תל אביב,37.087200,330.01,,,,,,,,,YES,NO,NO,,חלוקה נגזרת לפי משקל GCM — לא קישור מקור שמור
2026-05,2026-05-01,GCM DERIVED,vendor_other,d906e6c4-00c5-454d-aea5-ae6f89261bb9,אשלט ניהול,השכרת מחסן,Rent,889.83,,,auto_pool,פינס 16 פתח תקוה,37.400800,332.8,,,,,,,,,YES,NO,NO,,חלוקה נגזרת לפי משקל GCM — לא קישור מקור שמור
2026-05,2026-05-01,GCM DERIVED,vendor_other,d906e6c4-00c5-454d-aea5-ae6f89261bb9,אשלט ניהול,השכרת מחסן,Rent,889.83,,,auto_pool,חורגין 36 רמת גן,25.448000,226.44,,,,,,,,,YES,NO,NO,,חלוקה נגזרת לפי משקל GCM — לא קישור מקור שמור
2026-05,2026-05-01,SOURCE,vendor_other,fdb4a1e6-6541-4108-8483-256e5bff8e27,ביטוח ישיר,ביטוח רכב,Insurance,380,0,380,auto_pool,GCM pool,,380,,paid,380,0,,recurring,ביטוח רכב,,YES,NO,NO,YES,מקור auto_pool — נספר דרך שורת GCM POOL SUMMARY
2026-05,2026-05-01,GCM DERIVED,vendor_other,fdb4a1e6-6541-4108-8483-256e5bff8e27,ביטוח ישיר,ביטוח רכב,Insurance,380,,,auto_pool,ויתקין 28 תל אביב,0.064000,0.24,,,,,,,,,YES,NO,NO,,חלוקה נגזרת לפי משקל GCM — לא קישור מקור שמור
2026-05,2026-05-01,GCM DERIVED,vendor_other,fdb4a1e6-6541-4108-8483-256e5bff8e27,ביטוח ישיר,ביטוח רכב,Insurance,380,,,auto_pool,ברנדייס 6 תל אביב,37.087200,140.93,,,,,,,,,YES,NO,NO,,חלוקה נגזרת לפי משקל GCM — לא קישור מקור שמור
2026-05,2026-05-01,GCM DERIVED,vendor_other,fdb4a1e6-6541-4108-8483-256e5bff8e27,ביטוח ישיר,ביטוח רכב,Insurance,380,,,auto_pool,פינס 16 פתח תקוה,37.400800,142.12,,,,,,,,,YES,NO,NO,,חלוקה נגזרת לפי משקל GCM — לא קישור מקור שמור
2026-05,2026-05-01,GCM DERIVED,vendor_other,fdb4a1e6-6541-4108-8483-256e5bff8e27,ביטוח ישיר,ביטוח רכב,Insurance,380,,,auto_pool,חורגין 36 רמת גן,25.448000,96.7,,,,,,,,,YES,NO,NO,,חלוקה נגזרת לפי משקל GCM — לא קישור מקור שמור
2026-05,2026-05-19,SOURCE,vendor_other,bed3c8c0-9242-40ed-bb23-c1a68e4f2ee4,ארנולד בריל,בודק חשמל,היתרי חשמל,1200,216,1416,single project,ברנדייס 6 תל אביב,100,1200,,paid,1416,0,,one-time,,,YES,NO,YES,YES,
2026-05,2026-05-31,SOURCE,materials,057ec4f6-f7f2-4303-9e69-ec7112a5415c,"ארכה בע""מ",חומרים,Materials,7738.14,1392.86,9131,single project,פינס 16 פתח תקוה,100,7738.14,,,0,9131,,one-time,,,YES,NO,YES,YES,
2026-05,2026-05-31,SOURCE,vendor_other,30f6986b-5089-46a1-940c-9b860b6b5df7,"ארכה בע""מ",כללי,Shared equipment,1238.98,223.02,1462,auto_pool,GCM pool,,1238.98,,,0,1462,,one-time,,,YES,NO,NO,YES,מקור auto_pool — נספר דרך שורת GCM POOL SUMMARY
2026-05,2026-05-31,GCM DERIVED,vendor_other,30f6986b-5089-46a1-940c-9b860b6b5df7,"ארכה בע""מ",כללי,Shared equipment,1238.98,,,auto_pool,ויתקין 28 תל אביב,0.064000,0.79,,,,,,,,,YES,NO,NO,,חלוקה נגזרת לפי משקל GCM — לא קישור מקור שמור
2026-05,2026-05-31,GCM DERIVED,vendor_other,30f6986b-5089-46a1-940c-9b860b6b5df7,"ארכה בע""מ",כללי,Shared equipment,1238.98,,,auto_pool,ברנדייס 6 תל אביב,37.087200,459.5,,,,,,,,,YES,NO,NO,,חלוקה נגזרת לפי משקל GCM — לא קישור מקור שמור
2026-05,2026-05-31,GCM DERIVED,vendor_other,30f6986b-5089-46a1-940c-9b860b6b5df7,"ארכה בע""מ",כללי,Shared equipment,1238.98,,,auto_pool,פינס 16 פתח תקוה,37.400800,463.39,,,,,,,,,YES,NO,NO,,חלוקה נגזרת לפי משקל GCM — לא קישור מקור שמור
2026-05,2026-05-31,GCM DERIVED,vendor_other,30f6986b-5089-46a1-940c-9b860b6b5df7,"ארכה בע""מ",כללי,Shared equipment,1238.98,,,auto_pool,חורגין 36 רמת גן,25.448000,315.3,,,,,,,,,YES,NO,NO,,חלוקה נגזרת לפי משקל GCM — לא קישור מקור שמור
2026-05,2026-05-31,SOURCE,materials,a64f787d-3d2b-406a-aa13-8bef46fceb06,"ארכה בע""מ",חומרים,Materials,579.66,104.34,684,single project,חורגין 36 רמת גן,100,579.66,,,0,684,,one-time,,,YES,NO,YES,YES,
2026-05,2026-05-31,SOURCE,subcontractor,ae11fb0d-168e-41d3-a100-e4445a4b9e75,התותחים,עובדים,Subcontractor,30800,5544,36344,single project,פינס 16 פתח תקוה,100,30800,,paid,36344,0,,one-time,,,YES,NO,YES,YES,
2026-05,2026-05-31,SOURCE,materials,c763ca9e-0cbd-49eb-9c23-979ab2f2ea2d,"ארכה בע""מ",חומרים,Materials,1868.64,336.36,2205,single project,ברנדייס 6 תל אביב,100,1868.64,,,0,2205,,one-time,,,YES,NO,YES,YES,
2026-06,2026-06-01,SOURCE,vendor_other,67d2d65a-5087-4597-a944-76a36c8d5883,רואה חשבון,רואה חשבון,Accounting and legal,700,126,826,auto_pool,GCM pool,,700,,paid,826,0,,recurring,רואה חשבון,,YES,NO,NO,YES,מקור auto_pool — נספר דרך שורת GCM POOL SUMMARY
2026-06,2026-06-01,GCM DERIVED,vendor_other,67d2d65a-5087-4597-a944-76a36c8d5883,רואה חשבון,רואה חשבון,Accounting and legal,700,,,auto_pool,ברנדייס 6 תל אביב,37.085500,259.6,,,,,,,,,YES,NO,NO,,חלוקה נגזרת לפי משקל GCM — לא קישור מקור שמור
2026-06,2026-06-01,GCM DERIVED,vendor_other,67d2d65a-5087-4597-a944-76a36c8d5883,רואה חשבון,רואה חשבון,Accounting and legal,700,,,auto_pool,פינס 16 פתח תקוה,37.404000,261.83,,,,,,,,,YES,NO,NO,,חלוקה נגזרת לפי משקל GCM — לא קישור מקור שמור
2026-06,2026-06-01,GCM DERIVED,vendor_other,67d2d65a-5087-4597-a944-76a36c8d5883,רואה חשבון,רואה חשבון,Accounting and legal,700,,,auto_pool,חורגין 36 רמת גן,25.446600,178.13,,,,,,,,,YES,NO,NO,,חלוקה נגזרת לפי משקל GCM — לא קישור מקור שמור
2026-06,2026-06-01,GCM DERIVED,vendor_other,67d2d65a-5087-4597-a944-76a36c8d5883,רואה חשבון,רואה חשבון,Accounting and legal,700,,,auto_pool,ויתקין 28 תל אביב,0.064000,0.45,,,,,,,,,YES,NO,NO,,חלוקה נגזרת לפי משקל GCM — לא קישור מקור שמור
2026-06,2026-06-01,SOURCE,vendor_other,6e9bdb8b-9008-426a-964b-41a9a84fc5f8,,,Insurance,800,0,800,auto_pool,GCM pool,,800,,paid,800,0,,recurring,ביטוח עסק,,YES,NO,NO,YES,מקור auto_pool — נספר דרך שורת GCM POOL SUMMARY
2026-06,2026-06-01,GCM DERIVED,vendor_other,6e9bdb8b-9008-426a-964b-41a9a84fc5f8,,,Insurance,800,,,auto_pool,ברנדייס 6 תל אביב,37.085500,296.68,,,,,,,,,YES,NO,NO,,חלוקה נגזרת לפי משקל GCM — לא קישור מקור שמור
2026-06,2026-06-01,GCM DERIVED,vendor_other,6e9bdb8b-9008-426a-964b-41a9a84fc5f8,,,Insurance,800,,,auto_pool,פינס 16 פתח תקוה,37.404000,299.23,,,,,,,,,YES,NO,NO,,חלוקה נגזרת לפי משקל GCM — לא קישור מקור שמור
2026-06,2026-06-01,GCM DERIVED,vendor_other,6e9bdb8b-9008-426a-964b-41a9a84fc5f8,,,Insurance,800,,,auto_pool,חורגין 36 רמת גן,25.446600,203.57,,,,,,,,,YES,NO,NO,,חלוקה נגזרת לפי משקל GCM — לא קישור מקור שמור
2026-06,2026-06-01,GCM DERIVED,vendor_other,6e9bdb8b-9008-426a-964b-41a9a84fc5f8,,,Insurance,800,,,auto_pool,ויתקין 28 תל אביב,0.064000,0.51,,,,,,,,,YES,NO,NO,,חלוקה נגזרת לפי משקל GCM — לא קישור מקור שמור
2026-06,2026-06-01,SOURCE,vendor_other,b1e3299f-2baf-45fd-8b31-78fb499edfb7,פרטנר,סלולר,Software and subscriptions,80,14.4,94.4,auto_pool,GCM pool,,80,,paid,94.4,0,,recurring,סלולר,,YES,NO,NO,YES,מקור auto_pool — נספר דרך שורת GCM POOL SUMMARY
2026-06,2026-06-01,GCM DERIVED,vendor_other,b1e3299f-2baf-45fd-8b31-78fb499edfb7,פרטנר,סלולר,Software and subscriptions,80,,,auto_pool,ברנדייס 6 תל אביב,37.085500,29.67,,,,,,,,,YES,NO,NO,,חלוקה נגזרת לפי משקל GCM — לא קישור מקור שמור
2026-06,2026-06-01,GCM DERIVED,vendor_other,b1e3299f-2baf-45fd-8b31-78fb499edfb7,פרטנר,סלולר,Software and subscriptions,80,,,auto_pool,פינס 16 פתח תקוה,37.404000,29.92,,,,,,,,,YES,NO,NO,,חלוקה נגזרת לפי משקל GCM — לא קישור מקור שמור
2026-06,2026-06-01,GCM DERIVED,vendor_other,b1e3299f-2baf-45fd-8b31-78fb499edfb7,פרטנר,סלולר,Software and subscriptions,80,,,auto_pool,חורגין 36 רמת גן,25.446600,20.36,,,,,,,,,YES,NO,NO,,חלוקה נגזרת לפי משקל GCM — לא קישור מקור שמור
2026-06,2026-06-01,GCM DERIVED,vendor_other,b1e3299f-2baf-45fd-8b31-78fb499edfb7,פרטנר,סלולר,Software and subscriptions,80,,,auto_pool,ויתקין 28 תל אביב,0.064000,0.05,,,,,,,,,YES,NO,NO,,חלוקה נגזרת לפי משקל GCM — לא קישור מקור שמור
2026-06,2026-06-01,SOURCE,vendor_other,c86f12fb-4012-4a1c-ac6c-fd1adfd3c45d,אשלט ניהול,השכרת מחסן,Rent,889.83,160.17,1050,auto_pool,GCM pool,,889.83,,paid,1050,0,,recurring,השכרת מחסן,,YES,NO,NO,YES,מקור auto_pool — נספר דרך שורת GCM POOL SUMMARY
2026-06,2026-06-01,GCM DERIVED,vendor_other,c86f12fb-4012-4a1c-ac6c-fd1adfd3c45d,אשלט ניהול,השכרת מחסן,Rent,889.83,,,auto_pool,ברנדייס 6 תל אביב,37.085500,330,,,,,,,,,YES,NO,NO,,חלוקה נגזרת לפי משקל GCM — לא קישור מקור שמור
2026-06,2026-06-01,GCM DERIVED,vendor_other,c86f12fb-4012-4a1c-ac6c-fd1adfd3c45d,אשלט ניהול,השכרת מחסן,Rent,889.83,,,auto_pool,פינס 16 פתח תקוה,37.404000,332.83,,,,,,,,,YES,NO,NO,,חלוקה נגזרת לפי משקל GCM — לא קישור מקור שמור
2026-06,2026-06-01,GCM DERIVED,vendor_other,c86f12fb-4012-4a1c-ac6c-fd1adfd3c45d,אשלט ניהול,השכרת מחסן,Rent,889.83,,,auto_pool,חורגין 36 רמת גן,25.446600,226.43,,,,,,,,,YES,NO,NO,,חלוקה נגזרת לפי משקל GCM — לא קישור מקור שמור
2026-06,2026-06-01,GCM DERIVED,vendor_other,c86f12fb-4012-4a1c-ac6c-fd1adfd3c45d,אשלט ניהול,השכרת מחסן,Rent,889.83,,,auto_pool,ויתקין 28 תל אביב,0.064000,0.57,,,,,,,,,YES,NO,NO,,חלוקה נגזרת לפי משקל GCM — לא קישור מקור שמור
2026-06,2026-06-01,SOURCE,vendor_other,febd6e92-8dbb-4081-8e25-9f21626cf0c3,ביטוח ישיר,ביטוח רכב,Insurance,380,0,380,auto_pool,GCM pool,,380,,paid,380,0,,recurring,ביטוח רכב,,YES,NO,NO,YES,מקור auto_pool — נספר דרך שורת GCM POOL SUMMARY
2026-06,2026-06-01,GCM DERIVED,vendor_other,febd6e92-8dbb-4081-8e25-9f21626cf0c3,ביטוח ישיר,ביטוח רכב,Insurance,380,,,auto_pool,ברנדייס 6 תל אביב,37.085500,140.92,,,,,,,,,YES,NO,NO,,חלוקה נגזרת לפי משקל GCM — לא קישור מקור שמור
2026-06,2026-06-01,GCM DERIVED,vendor_other,febd6e92-8dbb-4081-8e25-9f21626cf0c3,ביטוח ישיר,ביטוח רכב,Insurance,380,,,auto_pool,פינס 16 פתח תקוה,37.404000,142.13,,,,,,,,,YES,NO,NO,,חלוקה נגזרת לפי משקל GCM — לא קישור מקור שמור
2026-06,2026-06-01,GCM DERIVED,vendor_other,febd6e92-8dbb-4081-8e25-9f21626cf0c3,ביטוח ישיר,ביטוח רכב,Insurance,380,,,auto_pool,חורגין 36 רמת גן,25.446600,96.7,,,,,,,,,YES,NO,NO,,חלוקה נגזרת לפי משקל GCM — לא קישור מקור שמור
2026-06,2026-06-01,GCM DERIVED,vendor_other,febd6e92-8dbb-4081-8e25-9f21626cf0c3,ביטוח ישיר,ביטוח רכב,Insurance,380,,,auto_pool,ויתקין 28 תל אביב,0.064000,0.24,,,,,,,,,YES,NO,NO,,חלוקה נגזרת לפי משקל GCM — לא קישור מקור שמור
2026-06,2026-06-10,SOURCE,vendor_other,bff6c3e0-6cc2-4751-92ac-4471be3691a6,חנייה,חנייה,Shared logistics,169.49,30.51,200,auto_pool,GCM pool,,169.49,,paid,200,0,,one-time,,,YES,NO,NO,YES,מקור auto_pool — נספר דרך שורת GCM POOL SUMMARY
2026-06,2026-06-10,GCM DERIVED,vendor_other,bff6c3e0-6cc2-4751-92ac-4471be3691a6,חנייה,חנייה,Shared logistics,169.49,,,auto_pool,ברנדייס 6 תל אביב,37.085500,62.86,,,,,,,,,YES,NO,NO,,חלוקה נגזרת לפי משקל GCM — לא קישור מקור שמור
2026-06,2026-06-10,GCM DERIVED,vendor_other,bff6c3e0-6cc2-4751-92ac-4471be3691a6,חנייה,חנייה,Shared logistics,169.49,,,auto_pool,פינס 16 פתח תקוה,37.404000,63.4,,,,,,,,,YES,NO,NO,,חלוקה נגזרת לפי משקל GCM — לא קישור מקור שמור
2026-06,2026-06-10,GCM DERIVED,vendor_other,bff6c3e0-6cc2-4751-92ac-4471be3691a6,חנייה,חנייה,Shared logistics,169.49,,,auto_pool,חורגין 36 רמת גן,25.446600,43.13,,,,,,,,,YES,NO,NO,,חלוקה נגזרת לפי משקל GCM — לא קישור מקור שמור
2026-06,2026-06-10,GCM DERIVED,vendor_other,bff6c3e0-6cc2-4751-92ac-4471be3691a6,חנייה,חנייה,Shared logistics,169.49,,,auto_pool,ויתקין 28 תל אביב,0.064000,0.11,,,,,,,,,YES,NO,NO,,חלוקה נגזרת לפי משקל GCM — לא קישור מקור שמור
2026-06,2026-06-21,SOURCE,vendor_other,54b81474-ef39-4af9-bd6a-cd5b9db78e72,ארנולד בריל,בודק חשמל,היתרי חשמל,700,126,826,single project,פינס 16 פתח תקוה,100,700,,paid,826,0,,one-time,,,YES,NO,YES,YES,
2026-06,2026-06-30,SOURCE,subcontractor,113e8f4a-bde3-4867-ab6e-6f08ac704f7d,התותחים,עובדים,Subcontractor,38500,6930,45430,single project,ברנדייס 6 תל אביב,100,38500,,paid,45430,0,,one-time,,,YES,NO,YES,YES,
2026-06,2026-06-30,SOURCE,vendor_other,670012f9-119e-4484-b967-48a66bfb87fd,"ארכה בע""מ",כללי,Shared equipment,1561.02,280.98,1842,auto_pool,GCM pool,,1561.02,,,0,1842,,one-time,,,YES,NO,NO,YES,מקור auto_pool — נספר דרך שורת GCM POOL SUMMARY
2026-06,2026-06-30,GCM DERIVED,vendor_other,670012f9-119e-4484-b967-48a66bfb87fd,"ארכה בע""מ",כללי,Shared equipment,1561.02,,,auto_pool,ברנדייס 6 תל אביב,37.085500,578.91,,,,,,,,,YES,NO,NO,,חלוקה נגזרת לפי משקל GCM — לא קישור מקור שמור
2026-06,2026-06-30,GCM DERIVED,vendor_other,670012f9-119e-4484-b967-48a66bfb87fd,"ארכה בע""מ",כללי,Shared equipment,1561.02,,,auto_pool,פינס 16 פתח תקוה,37.404000,583.88,,,,,,,,,YES,NO,NO,,חלוקה נגזרת לפי משקל GCM — לא קישור מקור שמור
2026-06,2026-06-30,GCM DERIVED,vendor_other,670012f9-119e-4484-b967-48a66bfb87fd,"ארכה בע""מ",כללי,Shared equipment,1561.02,,,auto_pool,חורגין 36 רמת גן,25.446600,397.23,,,,,,,,,YES,NO,NO,,חלוקה נגזרת לפי משקל GCM — לא קישור מקור שמור
2026-06,2026-06-30,GCM DERIVED,vendor_other,670012f9-119e-4484-b967-48a66bfb87fd,"ארכה בע""מ",כללי,Shared equipment,1561.02,,,auto_pool,ויתקין 28 תל אביב,0.064000,1,,,,,,,,,YES,NO,NO,,חלוקה נגזרת לפי משקל GCM — לא קישור מקור שמור
2026-06,2026-06-30,SOURCE,materials,8a59ea33-a4e2-45d1-b105-8bfc66a0f119,"ארכה בע""מ",חומרים,Materials,547.46,98.54,646,single project,חורגין 36 רמת גן,100,547.46,,,0,646,,one-time,,,YES,NO,YES,YES,
2026-06,2026-06-30,SOURCE,materials,c7559830-6be3-4648-bc32-c84cdb685a27,"ארכה בע""מ",חומרים,Materials,5150,927,6077,single project,פינס 16 פתח תקוה,100,5150,,,0,6077,,one-time,,,YES,NO,YES,YES,
2026-06,2026-06-30,SOURCE,materials,d1be99c5-f5b6-4637-9ba7-13c955638671,"ארכה בע""מ",חומרים,Materials,873.73,157.27,1031,single project,ברנדייס 6 תל אביב,100,873.73,,,0,1031,,one-time,,,YES,NO,YES,YES,
2026-07,2026-07-01,SOURCE,vendor_other,0e673c8c-9a77-4528-b6f5-80d74db82306,אשלט ניהול,השכרת מחסן,Rent,889.83,160.17,1050,auto_pool,GCM pool,,889.83,,paid,1050,0,,recurring,השכרת מחסן,,YES,NO,NO,YES,מקור auto_pool — נספר דרך שורת GCM POOL SUMMARY
2026-07,2026-07-01,GCM DERIVED,vendor_other,0e673c8c-9a77-4528-b6f5-80d74db82306,אשלט ניהול,השכרת מחסן,Rent,889.83,,,auto_pool,ויתקין 28 תל אביב,0.064000,0.57,,,,,,,,,YES,NO,NO,,חלוקה נגזרת לפי משקל GCM — לא קישור מקור שמור
2026-07,2026-07-01,GCM DERIVED,vendor_other,0e673c8c-9a77-4528-b6f5-80d74db82306,אשלט ניהול,השכרת מחסן,Rent,889.83,,,auto_pool,חורגין 36 רמת גן,25.446600,226.43,,,,,,,,,YES,NO,NO,,חלוקה נגזרת לפי משקל GCM — לא קישור מקור שמור
2026-07,2026-07-01,GCM DERIVED,vendor_other,0e673c8c-9a77-4528-b6f5-80d74db82306,אשלט ניהול,השכרת מחסן,Rent,889.83,,,auto_pool,פינס 16 פתח תקוה,37.404000,332.83,,,,,,,,,YES,NO,NO,,חלוקה נגזרת לפי משקל GCM — לא קישור מקור שמור
2026-07,2026-07-01,GCM DERIVED,vendor_other,0e673c8c-9a77-4528-b6f5-80d74db82306,אשלט ניהול,השכרת מחסן,Rent,889.83,,,auto_pool,ברנדייס 6 תל אביב,37.085500,330,,,,,,,,,YES,NO,NO,,חלוקה נגזרת לפי משקל GCM — לא קישור מקור שמור
2026-07,2026-07-01,SOURCE,vendor_other,3a32bccd-ddda-470c-83ae-e4c337704bd7,,,Insurance,800,0,800,auto_pool,GCM pool,,800,,paid,800,0,,recurring,ביטוח עסק,,YES,NO,NO,YES,מקור auto_pool — נספר דרך שורת GCM POOL SUMMARY
2026-07,2026-07-01,GCM DERIVED,vendor_other,3a32bccd-ddda-470c-83ae-e4c337704bd7,,,Insurance,800,,,auto_pool,ויתקין 28 תל אביב,0.064000,0.51,,,,,,,,,YES,NO,NO,,חלוקה נגזרת לפי משקל GCM — לא קישור מקור שמור
2026-07,2026-07-01,GCM DERIVED,vendor_other,3a32bccd-ddda-470c-83ae-e4c337704bd7,,,Insurance,800,,,auto_pool,חורגין 36 רמת גן,25.446600,203.57,,,,,,,,,YES,NO,NO,,חלוקה נגזרת לפי משקל GCM — לא קישור מקור שמור
2026-07,2026-07-01,GCM DERIVED,vendor_other,3a32bccd-ddda-470c-83ae-e4c337704bd7,,,Insurance,800,,,auto_pool,פינס 16 פתח תקוה,37.404000,299.23,,,,,,,,,YES,NO,NO,,חלוקה נגזרת לפי משקל GCM — לא קישור מקור שמור
2026-07,2026-07-01,GCM DERIVED,vendor_other,3a32bccd-ddda-470c-83ae-e4c337704bd7,,,Insurance,800,,,auto_pool,ברנדייס 6 תל אביב,37.085500,296.68,,,,,,,,,YES,NO,NO,,חלוקה נגזרת לפי משקל GCM — לא קישור מקור שמור
2026-07,2026-07-01,SOURCE,vendor_other,738faf43-d7bb-448d-8f5d-e8533204d4bd,רואה חשבון,רואה חשבון,Accounting and legal,700,126,826,auto_pool,GCM pool,,700,,paid,826,0,,recurring,רואה חשבון,,YES,NO,NO,YES,מקור auto_pool — נספר דרך שורת GCM POOL SUMMARY
2026-07,2026-07-01,GCM DERIVED,vendor_other,738faf43-d7bb-448d-8f5d-e8533204d4bd,רואה חשבון,רואה חשבון,Accounting and legal,700,,,auto_pool,ויתקין 28 תל אביב,0.064000,0.45,,,,,,,,,YES,NO,NO,,חלוקה נגזרת לפי משקל GCM — לא קישור מקור שמור
2026-07,2026-07-01,GCM DERIVED,vendor_other,738faf43-d7bb-448d-8f5d-e8533204d4bd,רואה חשבון,רואה חשבון,Accounting and legal,700,,,auto_pool,חורגין 36 רמת גן,25.446600,178.13,,,,,,,,,YES,NO,NO,,חלוקה נגזרת לפי משקל GCM — לא קישור מקור שמור
2026-07,2026-07-01,GCM DERIVED,vendor_other,738faf43-d7bb-448d-8f5d-e8533204d4bd,רואה חשבון,רואה חשבון,Accounting and legal,700,,,auto_pool,פינס 16 פתח תקוה,37.404000,261.83,,,,,,,,,YES,NO,NO,,חלוקה נגזרת לפי משקל GCM — לא קישור מקור שמור
2026-07,2026-07-01,GCM DERIVED,vendor_other,738faf43-d7bb-448d-8f5d-e8533204d4bd,רואה חשבון,רואה חשבון,Accounting and legal,700,,,auto_pool,ברנדייס 6 תל אביב,37.085500,259.6,,,,,,,,,YES,NO,NO,,חלוקה נגזרת לפי משקל GCM — לא קישור מקור שמור
2026-07,2026-07-01,SOURCE,vendor_other,8796c5ba-7e4c-4c45-93ad-774386ab8d71,ביטוח ישיר,ביטוח רכב,Insurance,380,0,380,auto_pool,GCM pool,,380,,paid,380,0,,recurring,ביטוח רכב,,YES,NO,NO,YES,מקור auto_pool — נספר דרך שורת GCM POOL SUMMARY
2026-07,2026-07-01,GCM DERIVED,vendor_other,8796c5ba-7e4c-4c45-93ad-774386ab8d71,ביטוח ישיר,ביטוח רכב,Insurance,380,,,auto_pool,ויתקין 28 תל אביב,0.064000,0.24,,,,,,,,,YES,NO,NO,,חלוקה נגזרת לפי משקל GCM — לא קישור מקור שמור
2026-07,2026-07-01,GCM DERIVED,vendor_other,8796c5ba-7e4c-4c45-93ad-774386ab8d71,ביטוח ישיר,ביטוח רכב,Insurance,380,,,auto_pool,חורגין 36 רמת גן,25.446600,96.7,,,,,,,,,YES,NO,NO,,חלוקה נגזרת לפי משקל GCM — לא קישור מקור שמור
2026-07,2026-07-01,GCM DERIVED,vendor_other,8796c5ba-7e4c-4c45-93ad-774386ab8d71,ביטוח ישיר,ביטוח רכב,Insurance,380,,,auto_pool,פינס 16 פתח תקוה,37.404000,142.14,,,,,,,,,YES,NO,NO,,חלוקה נגזרת לפי משקל GCM — לא קישור מקור שמור
2026-07,2026-07-01,GCM DERIVED,vendor_other,8796c5ba-7e4c-4c45-93ad-774386ab8d71,ביטוח ישיר,ביטוח רכב,Insurance,380,,,auto_pool,ברנדייס 6 תל אביב,37.085500,140.92,,,,,,,,,YES,NO,NO,,חלוקה נגזרת לפי משקל GCM — לא קישור מקור שמור
2026-07,2026-07-01,SOURCE,vendor_other,921270d6-03e3-4bf9-858f-f2c0ac2a90b4,משרדים ממשלתיים,,Software and subscriptions,671,120.78,791.78,auto_pool,GCM pool,,671,,paid,791.78,0,,one-time,,,YES,NO,NO,YES,מקור auto_pool — נספר דרך שורת GCM POOL SUMMARY
2026-07,2026-07-01,GCM DERIVED,vendor_other,921270d6-03e3-4bf9-858f-f2c0ac2a90b4,משרדים ממשלתיים,,Software and subscriptions,671,,,auto_pool,ויתקין 28 תל אביב,0.064000,0.43,,,,,,,,,YES,NO,NO,,חלוקה נגזרת לפי משקל GCM — לא קישור מקור שמור
2026-07,2026-07-01,GCM DERIVED,vendor_other,921270d6-03e3-4bf9-858f-f2c0ac2a90b4,משרדים ממשלתיים,,Software and subscriptions,671,,,auto_pool,חורגין 36 רמת גן,25.446600,170.75,,,,,,,,,YES,NO,NO,,חלוקה נגזרת לפי משקל GCM — לא קישור מקור שמור
2026-07,2026-07-01,GCM DERIVED,vendor_other,921270d6-03e3-4bf9-858f-f2c0ac2a90b4,משרדים ממשלתיים,,Software and subscriptions,671,,,auto_pool,פינס 16 פתח תקוה,37.404000,250.98,,,,,,,,,YES,NO,NO,,חלוקה נגזרת לפי משקל GCM — לא קישור מקור שמור
2026-07,2026-07-01,GCM DERIVED,vendor_other,921270d6-03e3-4bf9-858f-f2c0ac2a90b4,משרדים ממשלתיים,,Software and subscriptions,671,,,auto_pool,ברנדייס 6 תל אביב,37.085500,248.84,,,,,,,,,YES,NO,NO,,חלוקה נגזרת לפי משקל GCM — לא קישור מקור שמור
2026-07,2026-07-01,SOURCE,vendor_other,bfb759f1-116a-4df7-af9e-2ccb2c59e692,פרטנר,סלולר,Software and subscriptions,80,14.4,94.4,auto_pool,GCM pool,,80,,paid,94.4,0,,recurring,סלולר,,YES,NO,NO,YES,מקור auto_pool — נספר דרך שורת GCM POOL SUMMARY
2026-07,2026-07-01,GCM DERIVED,vendor_other,bfb759f1-116a-4df7-af9e-2ccb2c59e692,פרטנר,סלולר,Software and subscriptions,80,,,auto_pool,ויתקין 28 תל אביב,0.064000,0.05,,,,,,,,,YES,NO,NO,,חלוקה נגזרת לפי משקל GCM — לא קישור מקור שמור
2026-07,2026-07-01,GCM DERIVED,vendor_other,bfb759f1-116a-4df7-af9e-2ccb2c59e692,פרטנר,סלולר,Software and subscriptions,80,,,auto_pool,חורגין 36 רמת גן,25.446600,20.36,,,,,,,,,YES,NO,NO,,חלוקה נגזרת לפי משקל GCM — לא קישור מקור שמור
2026-07,2026-07-01,GCM DERIVED,vendor_other,bfb759f1-116a-4df7-af9e-2ccb2c59e692,פרטנר,סלולר,Software and subscriptions,80,,,auto_pool,פינס 16 פתח תקוה,37.404000,29.92,,,,,,,,,YES,NO,NO,,חלוקה נגזרת לפי משקל GCM — לא קישור מקור שמור
2026-07,2026-07-01,GCM DERIVED,vendor_other,bfb759f1-116a-4df7-af9e-2ccb2c59e692,פרטנר,סלולר,Software and subscriptions,80,,,auto_pool,ברנדייס 6 תל אביב,37.085500,29.67,,,,,,,,,YES,NO,NO,,חלוקה נגזרת לפי משקל GCM — לא קישור מקור שמור
2026-07,2026-07-01,SOURCE,vendor_other,dc2bd3c5-4087-4fb8-baec-bd130929625b,הזמנות חול,הזמנות מחול,Shared equipment,1955,351.9,2306.9,auto_pool,GCM pool,,1955,,paid,2306.9,0,,one-time,,,YES,NO,NO,YES,מקור auto_pool — נספר דרך שורת GCM POOL SUMMARY
2026-07,2026-07-01,GCM DERIVED,vendor_other,dc2bd3c5-4087-4fb8-baec-bd130929625b,הזמנות חול,הזמנות מחול,Shared equipment,1955,,,auto_pool,ויתקין 28 תל אביב,0.064000,1.25,,,,,,,,,YES,NO,NO,,חלוקה נגזרת לפי משקל GCM — לא קישור מקור שמור
2026-07,2026-07-01,GCM DERIVED,vendor_other,dc2bd3c5-4087-4fb8-baec-bd130929625b,הזמנות חול,הזמנות מחול,Shared equipment,1955,,,auto_pool,חורגין 36 רמת גן,25.446600,497.48,,,,,,,,,YES,NO,NO,,חלוקה נגזרת לפי משקל GCM — לא קישור מקור שמור
2026-07,2026-07-01,GCM DERIVED,vendor_other,dc2bd3c5-4087-4fb8-baec-bd130929625b,הזמנות חול,הזמנות מחול,Shared equipment,1955,,,auto_pool,פינס 16 פתח תקוה,37.404000,731.25,,,,,,,,,YES,NO,NO,,חלוקה נגזרת לפי משקל GCM — לא קישור מקור שמור
2026-07,2026-07-01,GCM DERIVED,vendor_other,dc2bd3c5-4087-4fb8-baec-bd130929625b,הזמנות חול,הזמנות מחול,Shared equipment,1955,,,auto_pool,ברנדייס 6 תל אביב,37.085500,725.02,,,,,,,,,YES,NO,NO,,חלוקה נגזרת לפי משקל GCM — לא קישור מקור שמור
2026-07,2026-07-20,SOURCE,vendor_other,59437bb1-e7e0-47be-80d7-a5c2ce3d46ce,סלולר/מחשוב,מחשוב,Office supplies,1277.97,230.03,1508,auto_pool,GCM pool,,1277.97,,paid,1508,0,,one-time,,,YES,NO,NO,YES,מקור auto_pool — נספר דרך שורת GCM POOL SUMMARY
2026-07,2026-07-20,GCM DERIVED,vendor_other,59437bb1-e7e0-47be-80d7-a5c2ce3d46ce,סלולר/מחשוב,מחשוב,Office supplies,1277.97,,,auto_pool,ויתקין 28 תל אביב,0.064000,0.82,,,,,,,,,YES,NO,NO,,חלוקה נגזרת לפי משקל GCM — לא קישור מקור שמור
2026-07,2026-07-20,GCM DERIVED,vendor_other,59437bb1-e7e0-47be-80d7-a5c2ce3d46ce,סלולר/מחשוב,מחשוב,Office supplies,1277.97,,,auto_pool,חורגין 36 רמת גן,25.446600,325.2,,,,,,,,,YES,NO,NO,,חלוקה נגזרת לפי משקל GCM — לא קישור מקור שמור
2026-07,2026-07-20,GCM DERIVED,vendor_other,59437bb1-e7e0-47be-80d7-a5c2ce3d46ce,סלולר/מחשוב,מחשוב,Office supplies,1277.97,,,auto_pool,פינס 16 פתח תקוה,37.404000,478.01,,,,,,,,,YES,NO,NO,,חלוקה נגזרת לפי משקל GCM — לא קישור מקור שמור
2026-07,2026-07-20,GCM DERIVED,vendor_other,59437bb1-e7e0-47be-80d7-a5c2ce3d46ce,סלולר/מחשוב,מחשוב,Office supplies,1277.97,,,auto_pool,ברנדייס 6 תל אביב,37.085500,473.94,,,,,,,,,YES,NO,NO,,חלוקה נגזרת לפי משקל GCM — לא קישור מקור שמור
2026-07,2026-07-25,SOURCE,vendor_other,79733619-7d3a-4892-ad77-8ce3205c8a1c,רישיון רכב,רישיון רכב,Shared logistics,1937,0,1937,auto_pool,GCM pool,,1937,,paid,1937,0,,one-time,,,YES,NO,NO,YES,מקור auto_pool — נספר דרך שורת GCM POOL SUMMARY
2026-07,2026-07-25,GCM DERIVED,vendor_other,79733619-7d3a-4892-ad77-8ce3205c8a1c,רישיון רכב,רישיון רכב,Shared logistics,1937,,,auto_pool,ויתקין 28 תל אביב,0.064000,1.24,,,,,,,,,YES,NO,NO,,חלוקה נגזרת לפי משקל GCM — לא קישור מקור שמור
2026-07,2026-07-25,GCM DERIVED,vendor_other,79733619-7d3a-4892-ad77-8ce3205c8a1c,רישיון רכב,רישיון רכב,Shared logistics,1937,,,auto_pool,חורגין 36 רמת גן,25.446600,492.9,,,,,,,,,YES,NO,NO,,חלוקה נגזרת לפי משקל GCM — לא קישור מקור שמור
2026-07,2026-07-25,GCM DERIVED,vendor_other,79733619-7d3a-4892-ad77-8ce3205c8a1c,רישיון רכב,רישיון רכב,Shared logistics,1937,,,auto_pool,פינס 16 פתח תקוה,37.404000,724.51,,,,,,,,,YES,NO,NO,,חלוקה נגזרת לפי משקל GCM — לא קישור מקור שמור
2026-07,2026-07-25,GCM DERIVED,vendor_other,79733619-7d3a-4892-ad77-8ce3205c8a1c,רישיון רכב,רישיון רכב,Shared logistics,1937,,,auto_pool,ברנדייס 6 תל אביב,37.085500,718.35,,,,,,,,,YES,NO,NO,,חלוקה נגזרת לפי משקל GCM — לא קישור מקור שמור
2026-07,2026-07-31,SOURCE,subcontractor,2eca1fd7-4f3e-4a71-b365-b0eb6196a0b8,התותחים,עובדים,Subcontractor,38500,6930,45430,single project,חורגין 36 רמת גן,100,38500,,paid,45430,0,,one-time,,,YES,NO,YES,YES,
2026-07,2026-07-31,SOURCE,materials,a3366c29-7fae-40f8-a41c-0c769d8d0625,"ארכה בע""מ",חומרים,Materials,8450.85,1521.15,9972,single project,ברנדייס 6 תל אביב,100,8450.85,,,0,9972,,one-time,,,YES,NO,YES,YES,
2026-07,2026-07-31,SOURCE,materials,b9e00aac-15b8-4a18-9aef-83c0ff285a0c,"ארכה בע""מ",חומרים,Materials,6882.2,1238.8,8121,single project,פינס 16 פתח תקוה,100,6882.2,,,0,8121,,one-time,,,YES,NO,YES,YES,
2026-07,2026-07-31,SOURCE,materials,c3a36273-ae23-454f-8b43-ad76f75583a5,"ארכה בע""מ",חומרים,Materials,6544.07,1177.93,7722,single project,חורגין 36 רמת גן,100,6544.07,,,0,7722,,one-time,,,YES,NO,YES,YES,
2026-07,2026-07-31,SOURCE,vendor_other,e86f071e-86c2-4b4f-b4cf-d5aac63539ff,"ארכה בע""מ",כללי,Shared equipment,2046.61,368.39,2415,auto_pool,GCM pool,,2046.61,,,0,2415,,one-time,,,YES,NO,NO,YES,מקור auto_pool — נספר דרך שורת GCM POOL SUMMARY
2026-07,2026-07-31,GCM DERIVED,vendor_other,e86f071e-86c2-4b4f-b4cf-d5aac63539ff,"ארכה בע""מ",כללי,Shared equipment,2046.61,,,auto_pool,ויתקין 28 תל אביב,0.064000,1.31,,,,,,,,,YES,NO,NO,,חלוקה נגזרת לפי משקל GCM — לא קישור מקור שמור
2026-07,2026-07-31,GCM DERIVED,vendor_other,e86f071e-86c2-4b4f-b4cf-d5aac63539ff,"ארכה בע""מ",כללי,Shared equipment,2046.61,,,auto_pool,חורגין 36 רמת גן,25.446600,520.79,,,,,,,,,YES,NO,NO,,חלוקה נגזרת לפי משקל GCM — לא קישור מקור שמור
2026-07,2026-07-31,GCM DERIVED,vendor_other,e86f071e-86c2-4b4f-b4cf-d5aac63539ff,"ארכה בע""מ",כללי,Shared equipment,2046.61,,,auto_pool,פינס 16 פתח תקוה,37.404000,765.51,,,,,,,,,YES,NO,NO,,חלוקה נגזרת לפי משקל GCM — לא קישור מקור שמור
2026-07,2026-07-31,GCM DERIVED,vendor_other,e86f071e-86c2-4b4f-b4cf-d5aac63539ff,"ארכה בע""מ",כללי,Shared equipment,2046.61,,,auto_pool,ברנדייס 6 תל אביב,37.085500,759,,,,,,,,,YES,NO,NO,,חלוקה נגזרת לפי משקל GCM — לא קישור מקור שמור
2026-08,2026-08-01,SOURCE,vendor_other,1ec90f1f-0470-4131-a8ed-77f858faec0e,ביטוח ישיר,ביטוח רכב,Insurance,380,0,380,auto_pool,GCM pool,,380,,paid,380,0,,recurring,ביטוח רכב,,YES,NO,NO,YES,מקור auto_pool — נספר דרך שורת GCM POOL SUMMARY
2026-08,2026-08-01,GCM DERIVED,vendor_other,1ec90f1f-0470-4131-a8ed-77f858faec0e,ביטוח ישיר,ביטוח רכב,Insurance,380,,,auto_pool,ברנדייס 6 תל אביב,28.552300,108.5,,,,,,,,,YES,NO,NO,,חלוקה נגזרת לפי משקל GCM — לא קישור מקור שמור
2026-08,2026-08-01,GCM DERIVED,vendor_other,1ec90f1f-0470-4131-a8ed-77f858faec0e,ביטוח ישיר,ביטוח רכב,Insurance,380,,,auto_pool,פינס 16 פתח תקוה,42.805200,162.66,,,,,,,,,YES,NO,NO,,חלוקה נגזרת לפי משקל GCM — לא קישור מקור שמור
2026-08,2026-08-01,GCM DERIVED,vendor_other,1ec90f1f-0470-4131-a8ed-77f858faec0e,ביטוח ישיר,ביטוח רכב,Insurance,380,,,auto_pool,חורגין 36 רמת גן,28.544600,108.47,,,,,,,,,YES,NO,NO,,חלוקה נגזרת לפי משקל GCM — לא קישור מקור שמור
2026-08,2026-08-01,GCM DERIVED,vendor_other,1ec90f1f-0470-4131-a8ed-77f858faec0e,ביטוח ישיר,ביטוח רכב,Insurance,380,,,auto_pool,ויתקין 28 תל אביב,0.098000,0.37,,,,,,,,,YES,NO,NO,,חלוקה נגזרת לפי משקל GCM — לא קישור מקור שמור
2026-08,2026-08-01,SOURCE,vendor_other,3de4f3e2-70f1-473f-bc20-8ff26497287f,,,Insurance,800,0,800,auto_pool,GCM pool,,800,,paid,800,0,,recurring,ביטוח עסק,,YES,NO,NO,YES,מקור auto_pool — נספר דרך שורת GCM POOL SUMMARY
2026-08,2026-08-01,GCM DERIVED,vendor_other,3de4f3e2-70f1-473f-bc20-8ff26497287f,,,Insurance,800,,,auto_pool,ברנדייס 6 תל אביב,28.552300,228.42,,,,,,,,,YES,NO,NO,,חלוקה נגזרת לפי משקל GCM — לא קישור מקור שמור
2026-08,2026-08-01,GCM DERIVED,vendor_other,3de4f3e2-70f1-473f-bc20-8ff26497287f,,,Insurance,800,,,auto_pool,פינס 16 פתח תקוה,42.805200,342.44,,,,,,,,,YES,NO,NO,,חלוקה נגזרת לפי משקל GCM — לא קישור מקור שמור
2026-08,2026-08-01,GCM DERIVED,vendor_other,3de4f3e2-70f1-473f-bc20-8ff26497287f,,,Insurance,800,,,auto_pool,חורגין 36 רמת גן,28.544600,228.36,,,,,,,,,YES,NO,NO,,חלוקה נגזרת לפי משקל GCM — לא קישור מקור שמור
2026-08,2026-08-01,GCM DERIVED,vendor_other,3de4f3e2-70f1-473f-bc20-8ff26497287f,,,Insurance,800,,,auto_pool,ויתקין 28 תל אביב,0.098000,0.78,,,,,,,,,YES,NO,NO,,חלוקה נגזרת לפי משקל GCM — לא קישור מקור שמור
2026-08,2026-08-01,SOURCE,vendor_other,7b80dc92-1cad-456b-88fe-51ec74f1b9fd,רואה חשבון,רואה חשבון,Accounting and legal,700,126,826,auto_pool,GCM pool,,700,,paid,826,0,,recurring,רואה חשבון,,YES,NO,NO,YES,מקור auto_pool — נספר דרך שורת GCM POOL SUMMARY
2026-08,2026-08-01,GCM DERIVED,vendor_other,7b80dc92-1cad-456b-88fe-51ec74f1b9fd,רואה חשבון,רואה חשבון,Accounting and legal,700,,,auto_pool,ברנדייס 6 תל אביב,28.552300,199.86,,,,,,,,,YES,NO,NO,,חלוקה נגזרת לפי משקל GCM — לא קישור מקור שמור
2026-08,2026-08-01,GCM DERIVED,vendor_other,7b80dc92-1cad-456b-88fe-51ec74f1b9fd,רואה חשבון,רואה חשבון,Accounting and legal,700,,,auto_pool,פינס 16 פתח תקוה,42.805200,299.64,,,,,,,,,YES,NO,NO,,חלוקה נגזרת לפי משקל GCM — לא קישור מקור שמור
2026-08,2026-08-01,GCM DERIVED,vendor_other,7b80dc92-1cad-456b-88fe-51ec74f1b9fd,רואה חשבון,רואה חשבון,Accounting and legal,700,,,auto_pool,חורגין 36 רמת גן,28.544600,199.81,,,,,,,,,YES,NO,NO,,חלוקה נגזרת לפי משקל GCM — לא קישור מקור שמור
2026-08,2026-08-01,GCM DERIVED,vendor_other,7b80dc92-1cad-456b-88fe-51ec74f1b9fd,רואה חשבון,רואה חשבון,Accounting and legal,700,,,auto_pool,ויתקין 28 תל אביב,0.098000,0.69,,,,,,,,,YES,NO,NO,,חלוקה נגזרת לפי משקל GCM — לא קישור מקור שמור
2026-08,2026-08-01,SOURCE,vendor_other,b7a0f1ab-d43a-4b1e-999a-d24baf6d87be,פרטנר,סלולר,Software and subscriptions,80,14.4,94.4,auto_pool,GCM pool,,80,,paid,94.4,0,,recurring,סלולר,,YES,NO,NO,YES,מקור auto_pool — נספר דרך שורת GCM POOL SUMMARY
2026-08,2026-08-01,GCM DERIVED,vendor_other,b7a0f1ab-d43a-4b1e-999a-d24baf6d87be,פרטנר,סלולר,Software and subscriptions,80,,,auto_pool,ברנדייס 6 תל אביב,28.552300,22.84,,,,,,,,,YES,NO,NO,,חלוקה נגזרת לפי משקל GCM — לא קישור מקור שמור
2026-08,2026-08-01,GCM DERIVED,vendor_other,b7a0f1ab-d43a-4b1e-999a-d24baf6d87be,פרטנר,סלולר,Software and subscriptions,80,,,auto_pool,פינס 16 פתח תקוה,42.805200,34.24,,,,,,,,,YES,NO,NO,,חלוקה נגזרת לפי משקל GCM — לא קישור מקור שמור
2026-08,2026-08-01,GCM DERIVED,vendor_other,b7a0f1ab-d43a-4b1e-999a-d24baf6d87be,פרטנר,סלולר,Software and subscriptions,80,,,auto_pool,חורגין 36 רמת גן,28.544600,22.84,,,,,,,,,YES,NO,NO,,חלוקה נגזרת לפי משקל GCM — לא קישור מקור שמור
2026-08,2026-08-01,GCM DERIVED,vendor_other,b7a0f1ab-d43a-4b1e-999a-d24baf6d87be,פרטנר,סלולר,Software and subscriptions,80,,,auto_pool,ויתקין 28 תל אביב,0.098000,0.08,,,,,,,,,YES,NO,NO,,חלוקה נגזרת לפי משקל GCM — לא קישור מקור שמור
2026-08,2026-08-01,SOURCE,vendor_other,f30c8f7e-d840-4917-9372-142723b3aea8,אשלט ניהול,השכרת מחסן,Rent,889.83,160.17,1050,auto_pool,GCM pool,,889.83,,paid,1050,0,,recurring,השכרת מחסן,,YES,NO,NO,YES,מקור auto_pool — נספר דרך שורת GCM POOL SUMMARY
2026-08,2026-08-01,GCM DERIVED,vendor_other,f30c8f7e-d840-4917-9372-142723b3aea8,אשלט ניהול,השכרת מחסן,Rent,889.83,,,auto_pool,ברנדייס 6 תל אביב,28.552300,254.06,,,,,,,,,YES,NO,NO,,חלוקה נגזרת לפי משקל GCM — לא קישור מקור שמור
2026-08,2026-08-01,GCM DERIVED,vendor_other,f30c8f7e-d840-4917-9372-142723b3aea8,אשלט ניהול,השכרת מחסן,Rent,889.83,,,auto_pool,פינס 16 פתח תקוה,42.805200,380.89,,,,,,,,,YES,NO,NO,,חלוקה נגזרת לפי משקל GCM — לא קישור מקור שמור
2026-08,2026-08-01,GCM DERIVED,vendor_other,f30c8f7e-d840-4917-9372-142723b3aea8,אשלט ניהול,השכרת מחסן,Rent,889.83,,,auto_pool,חורגין 36 רמת גן,28.544600,254,,,,,,,,,YES,NO,NO,,חלוקה נגזרת לפי משקל GCM — לא קישור מקור שמור
2026-08,2026-08-01,GCM DERIVED,vendor_other,f30c8f7e-d840-4917-9372-142723b3aea8,אשלט ניהול,השכרת מחסן,Rent,889.83,,,auto_pool,ויתקין 28 תל אביב,0.098000,0.87,,,,,,,,,YES,NO,NO,,חלוקה נגזרת לפי משקל GCM — לא קישור מקור שמור
2026-01,2026-08-27,SOURCE,vendor_other,23b26eee-46c3-49ff-99e0-71fbc5b0ebb3,דלק,דלק,Vehicle and fuel,877.75,1263.97,8286,auto_pool,GCM pool,,877.75,,paid,8286,0,,installment,,,YES,NO,NO,YES,מקור auto_pool — נספר דרך שורת GCM POOL SUMMARY
2026-01,2026-08-27,GCM DERIVED,vendor_other,23b26eee-46c3-49ff-99e0-71fbc5b0ebb3,דלק,דלק,Vehicle and fuel,877.75,,,auto_pool,פינס 16 פתח תקוה,37.379900,328.1,,,,,,,,,YES,NO,NO,,חלוקה נגזרת לפי משקל GCM — לא קישור מקור שמור
2026-01,2026-08-27,GCM DERIVED,vendor_other,23b26eee-46c3-49ff-99e0-71fbc5b0ebb3,דלק,דלק,Vehicle and fuel,877.75,,,auto_pool,ויתקין 28 תל אביב,0.064000,0.56,,,,,,,,,YES,NO,NO,,חלוקה נגזרת לפי משקל GCM — לא קישור מקור שמור
2026-01,2026-08-27,GCM DERIVED,vendor_other,23b26eee-46c3-49ff-99e0-71fbc5b0ebb3,דלק,דלק,Vehicle and fuel,877.75,,,auto_pool,חורגין 36 רמת גן,25.451200,223.4,,,,,,,,,YES,NO,NO,,חלוקה נגזרת לפי משקל GCM — לא קישור מקור שמור
2026-01,2026-08-27,GCM DERIVED,vendor_other,23b26eee-46c3-49ff-99e0-71fbc5b0ebb3,דלק,דלק,Vehicle and fuel,877.75,,,auto_pool,ברנדייס 6 תל אביב,37.105000,325.69,,,,,,,,,YES,NO,NO,,חלוקה נגזרת לפי משקל GCM — לא קישור מקור שמור
2026-02,2026-08-27,SOURCE,vendor_other,23b26eee-46c3-49ff-99e0-71fbc5b0ebb3,דלק,דלק,Vehicle and fuel,877.75,1263.97,8286,auto_pool,GCM pool,,877.75,,paid,8286,0,,installment,,,YES,NO,NO,YES,מקור auto_pool — נספר דרך שורת GCM POOL SUMMARY
2026-02,2026-08-27,GCM DERIVED,vendor_other,23b26eee-46c3-49ff-99e0-71fbc5b0ebb3,דלק,דלק,Vehicle and fuel,877.75,,,auto_pool,ברנדייס 6 תל אביב,37.099900,325.65,,,,,,,,,YES,NO,NO,,חלוקה נגזרת לפי משקל GCM — לא קישור מקור שמור
2026-02,2026-08-27,GCM DERIVED,vendor_other,23b26eee-46c3-49ff-99e0-71fbc5b0ebb3,דלק,דלק,Vehicle and fuel,877.75,,,auto_pool,ויתקין 28 תל אביב,0.064000,0.56,,,,,,,,,YES,NO,NO,,חלוקה נגזרת לפי משקל GCM — לא קישור מקור שמור
2026-02,2026-08-27,GCM DERIVED,vendor_other,23b26eee-46c3-49ff-99e0-71fbc5b0ebb3,דלק,דלק,Vehicle and fuel,877.75,,,auto_pool,חורגין 36 רמת גן,25.451100,223.4,,,,,,,,,YES,NO,NO,,חלוקה נגזרת לפי משקל GCM — לא קישור מקור שמור
2026-02,2026-08-27,GCM DERIVED,vendor_other,23b26eee-46c3-49ff-99e0-71fbc5b0ebb3,דלק,דלק,Vehicle and fuel,877.75,,,auto_pool,פינס 16 פתח תקוה,37.385000,328.15,,,,,,,,,YES,NO,NO,,חלוקה נגזרת לפי משקל GCM — לא קישור מקור שמור
2026-03,2026-08-27,SOURCE,vendor_other,23b26eee-46c3-49ff-99e0-71fbc5b0ebb3,דלק,דלק,Vehicle and fuel,877.75,1263.97,8286,auto_pool,GCM pool,,877.75,,paid,8286,0,,installment,,,YES,NO,NO,YES,מקור auto_pool — נספר דרך שורת GCM POOL SUMMARY
2026-03,2026-08-27,GCM DERIVED,vendor_other,23b26eee-46c3-49ff-99e0-71fbc5b0ebb3,דלק,דלק,Vehicle and fuel,877.75,,,auto_pool,ברנדייס 6 תל אביב,37.093100,325.59,,,,,,,,,YES,NO,NO,,חלוקה נגזרת לפי משקל GCM — לא קישור מקור שמור
2026-03,2026-08-27,GCM DERIVED,vendor_other,23b26eee-46c3-49ff-99e0-71fbc5b0ebb3,דלק,דלק,Vehicle and fuel,877.75,,,auto_pool,ויתקין 28 תל אביב,0.064000,0.56,,,,,,,,,YES,NO,NO,,חלוקה נגזרת לפי משקל GCM — לא קישור מקור שמור
2026-03,2026-08-27,GCM DERIVED,vendor_other,23b26eee-46c3-49ff-99e0-71fbc5b0ebb3,דלק,דלק,Vehicle and fuel,877.75,,,auto_pool,חורגין 36 רמת גן,25.451000,223.4,,,,,,,,,YES,NO,NO,,חלוקה נגזרת לפי משקל GCM — לא קישור מקור שמור
2026-03,2026-08-27,GCM DERIVED,vendor_other,23b26eee-46c3-49ff-99e0-71fbc5b0ebb3,דלק,דלק,Vehicle and fuel,877.75,,,auto_pool,פינס 16 פתח תקוה,37.391800,328.21,,,,,,,,,YES,NO,NO,,חלוקה נגזרת לפי משקל GCM — לא קישור מקור שמור
2026-04,2026-08-27,SOURCE,vendor_other,23b26eee-46c3-49ff-99e0-71fbc5b0ebb3,דלק,דלק,Vehicle and fuel,877.75,1263.97,8286,auto_pool,GCM pool,,877.75,,paid,8286,0,,installment,,,YES,NO,NO,YES,מקור auto_pool — נספר דרך שורת GCM POOL SUMMARY
2026-04,2026-08-27,GCM DERIVED,vendor_other,23b26eee-46c3-49ff-99e0-71fbc5b0ebb3,דלק,דלק,Vehicle and fuel,877.75,,,auto_pool,חורגין 36 רמת גן,25.450000,223.39,,,,,,,,,YES,NO,NO,,חלוקה נגזרת לפי משקל GCM — לא קישור מקור שמור
2026-04,2026-08-27,GCM DERIVED,vendor_other,23b26eee-46c3-49ff-99e0-71fbc5b0ebb3,דלק,דלק,Vehicle and fuel,877.75,,,auto_pool,ברנדייס 6 תל אביב,37.089300,325.55,,,,,,,,,YES,NO,NO,,חלוקה נגזרת לפי משקל GCM — לא קישור מקור שמור
2026-04,2026-08-27,GCM DERIVED,vendor_other,23b26eee-46c3-49ff-99e0-71fbc5b0ebb3,דלק,דלק,Vehicle and fuel,877.75,,,auto_pool,פינס 16 פתח תקוה,37.396700,328.25,,,,,,,,,YES,NO,NO,,חלוקה נגזרת לפי משקל GCM — לא קישור מקור שמור
2026-04,2026-08-27,GCM DERIVED,vendor_other,23b26eee-46c3-49ff-99e0-71fbc5b0ebb3,דלק,דלק,Vehicle and fuel,877.75,,,auto_pool,ויתקין 28 תל אביב,0.064000,0.56,,,,,,,,,YES,NO,NO,,חלוקה נגזרת לפי משקל GCM — לא קישור מקור שמור
2026-05,2026-08-27,SOURCE,vendor_other,23b26eee-46c3-49ff-99e0-71fbc5b0ebb3,דלק,דלק,Vehicle and fuel,877.75,1263.97,8286,auto_pool,GCM pool,,877.75,,paid,8286,0,,installment,,,YES,NO,NO,YES,מקור auto_pool — נספר דרך שורת GCM POOL SUMMARY
2026-05,2026-08-27,GCM DERIVED,vendor_other,23b26eee-46c3-49ff-99e0-71fbc5b0ebb3,דלק,דלק,Vehicle and fuel,877.75,,,auto_pool,ויתקין 28 תל אביב,0.064000,0.56,,,,,,,,,YES,NO,NO,,חלוקה נגזרת לפי משקל GCM — לא קישור מקור שמור
2026-05,2026-08-27,GCM DERIVED,vendor_other,23b26eee-46c3-49ff-99e0-71fbc5b0ebb3,דלק,דלק,Vehicle and fuel,877.75,,,auto_pool,ברנדייס 6 תל אביב,37.087200,325.53,,,,,,,,,YES,NO,NO,,חלוקה נגזרת לפי משקל GCM — לא קישור מקור שמור
2026-05,2026-08-27,GCM DERIVED,vendor_other,23b26eee-46c3-49ff-99e0-71fbc5b0ebb3,דלק,דלק,Vehicle and fuel,877.75,,,auto_pool,פינס 16 פתח תקוה,37.400800,328.29,,,,,,,,,YES,NO,NO,,חלוקה נגזרת לפי משקל GCM — לא קישור מקור שמור
2026-05,2026-08-27,GCM DERIVED,vendor_other,23b26eee-46c3-49ff-99e0-71fbc5b0ebb3,דלק,דלק,Vehicle and fuel,877.75,,,auto_pool,חורגין 36 רמת גן,25.448000,223.37,,,,,,,,,YES,NO,NO,,חלוקה נגזרת לפי משקל GCM — לא קישור מקור שמור
2026-06,2026-08-27,SOURCE,vendor_other,23b26eee-46c3-49ff-99e0-71fbc5b0ebb3,דלק,דלק,Vehicle and fuel,877.75,1263.97,8286,auto_pool,GCM pool,,877.75,,paid,8286,0,,installment,,,YES,NO,NO,YES,מקור auto_pool — נספר דרך שורת GCM POOL SUMMARY
2026-06,2026-08-27,GCM DERIVED,vendor_other,23b26eee-46c3-49ff-99e0-71fbc5b0ebb3,דלק,דלק,Vehicle and fuel,877.75,,,auto_pool,ברנדייס 6 תל אביב,37.085500,325.52,,,,,,,,,YES,NO,NO,,חלוקה נגזרת לפי משקל GCM — לא קישור מקור שמור
2026-06,2026-08-27,GCM DERIVED,vendor_other,23b26eee-46c3-49ff-99e0-71fbc5b0ebb3,דלק,דלק,Vehicle and fuel,877.75,,,auto_pool,פינס 16 פתח תקוה,37.404000,328.31,,,,,,,,,YES,NO,NO,,חלוקה נגזרת לפי משקל GCM — לא קישור מקור שמור
2026-06,2026-08-27,GCM DERIVED,vendor_other,23b26eee-46c3-49ff-99e0-71fbc5b0ebb3,דלק,דלק,Vehicle and fuel,877.75,,,auto_pool,חורגין 36 רמת גן,25.446600,223.36,,,,,,,,,YES,NO,NO,,חלוקה נגזרת לפי משקל GCM — לא קישור מקור שמור
2026-06,2026-08-27,GCM DERIVED,vendor_other,23b26eee-46c3-49ff-99e0-71fbc5b0ebb3,דלק,דלק,Vehicle and fuel,877.75,,,auto_pool,ויתקין 28 תל אביב,0.064000,0.56,,,,,,,,,YES,NO,NO,,חלוקה נגזרת לפי משקל GCM — לא קישור מקור שמור
2026-07,2026-08-27,SOURCE,vendor_other,23b26eee-46c3-49ff-99e0-71fbc5b0ebb3,דלק,דלק,Vehicle and fuel,877.75,1263.97,8286,auto_pool,GCM pool,,877.75,,paid,8286,0,,installment,,,YES,NO,NO,YES,מקור auto_pool — נספר דרך שורת GCM POOL SUMMARY
2026-07,2026-08-27,GCM DERIVED,vendor_other,23b26eee-46c3-49ff-99e0-71fbc5b0ebb3,דלק,דלק,Vehicle and fuel,877.75,,,auto_pool,ויתקין 28 תל אביב,0.064000,0.56,,,,,,,,,YES,NO,NO,,חלוקה נגזרת לפי משקל GCM — לא קישור מקור שמור
2026-07,2026-08-27,GCM DERIVED,vendor_other,23b26eee-46c3-49ff-99e0-71fbc5b0ebb3,דלק,דלק,Vehicle and fuel,877.75,,,auto_pool,חורגין 36 רמת גן,25.446600,223.36,,,,,,,,,YES,NO,NO,,חלוקה נגזרת לפי משקל GCM — לא קישור מקור שמור
2026-07,2026-08-27,GCM DERIVED,vendor_other,23b26eee-46c3-49ff-99e0-71fbc5b0ebb3,דלק,דלק,Vehicle and fuel,877.75,,,auto_pool,פינס 16 פתח תקוה,37.404000,328.31,,,,,,,,,YES,NO,NO,,חלוקה נגזרת לפי משקל GCM — לא קישור מקור שמור
2026-07,2026-08-27,GCM DERIVED,vendor_other,23b26eee-46c3-49ff-99e0-71fbc5b0ebb3,דלק,דלק,Vehicle and fuel,877.75,,,auto_pool,ברנדייס 6 תל אביב,37.085500,325.52,,,,,,,,,YES,NO,NO,,חלוקה נגזרת לפי משקל GCM — לא קישור מקור שמור
2026-08,2026-08-27,SOURCE,vendor_other,23b26eee-46c3-49ff-99e0-71fbc5b0ebb3,דלק,דלק,Vehicle and fuel,877.78,1263.97,8286,auto_pool,GCM pool,,877.78,,paid,8286,0,,installment,,,YES,NO,NO,YES,מקור auto_pool — נספר דרך שורת GCM POOL SUMMARY
2026-08,2026-08-27,GCM DERIVED,vendor_other,23b26eee-46c3-49ff-99e0-71fbc5b0ebb3,דלק,דלק,Vehicle and fuel,877.78,,,auto_pool,ברנדייס 6 תל אביב,28.552300,250.62,,,,,,,,,YES,NO,NO,,חלוקה נגזרת לפי משקל GCM — לא קישור מקור שמור
2026-08,2026-08-27,GCM DERIVED,vendor_other,23b26eee-46c3-49ff-99e0-71fbc5b0ebb3,דלק,דלק,Vehicle and fuel,877.78,,,auto_pool,פינס 16 פתח תקוה,42.805200,375.74,,,,,,,,,YES,NO,NO,,חלוקה נגזרת לפי משקל GCM — לא קישור מקור שמור
2026-08,2026-08-27,GCM DERIVED,vendor_other,23b26eee-46c3-49ff-99e0-71fbc5b0ebb3,דלק,דלק,Vehicle and fuel,877.78,,,auto_pool,חורגין 36 רמת גן,28.544600,250.56,,,,,,,,,YES,NO,NO,,חלוקה נגזרת לפי משקל GCM — לא קישור מקור שמור
2026-08,2026-08-27,GCM DERIVED,vendor_other,23b26eee-46c3-49ff-99e0-71fbc5b0ebb3,דלק,דלק,Vehicle and fuel,877.78,,,auto_pool,ויתקין 28 תל אביב,0.098000,0.86,,,,,,,,,YES,NO,NO,,חלוקה נגזרת לפי משקל GCM — לא קישור מקור שמור
2026-08,2026-08-27,SOURCE,subcontractor,787c2497-9418-4c5e-8578-fbe9d3ef130b,אחמד קבלן חשמל,דירה 6,Subcontractor,6000,1080,7080,single project,חורגין 36 רמת גן,100,6000,,paid,7080,0,,one-time,,,YES,NO,YES,YES,
2026-01,2026-08-27,SOURCE,vendor_other,85c2986b-d309-48d0-bb2b-8bae3d8e73d9,אספקה טכנית,אספקה טכנית,Shared logistics,181.14,260.85,1710,auto_pool,GCM pool,,181.14,,paid,1710,0,,installment,,,YES,NO,NO,YES,מקור auto_pool — נספר דרך שורת GCM POOL SUMMARY
2026-01,2026-08-27,GCM DERIVED,vendor_other,85c2986b-d309-48d0-bb2b-8bae3d8e73d9,אספקה טכנית,אספקה טכנית,Shared logistics,181.14,,,auto_pool,פינס 16 פתח תקוה,37.379900,67.71,,,,,,,,,YES,NO,NO,,חלוקה נגזרת לפי משקל GCM — לא קישור מקור שמור
2026-01,2026-08-27,GCM DERIVED,vendor_other,85c2986b-d309-48d0-bb2b-8bae3d8e73d9,אספקה טכנית,אספקה טכנית,Shared logistics,181.14,,,auto_pool,ויתקין 28 תל אביב,0.064000,0.12,,,,,,,,,YES,NO,NO,,חלוקה נגזרת לפי משקל GCM — לא קישור מקור שמור
2026-01,2026-08-27,GCM DERIVED,vendor_other,85c2986b-d309-48d0-bb2b-8bae3d8e73d9,אספקה טכנית,אספקה טכנית,Shared logistics,181.14,,,auto_pool,חורגין 36 רמת גן,25.451200,46.1,,,,,,,,,YES,NO,NO,,חלוקה נגזרת לפי משקל GCM — לא קישור מקור שמור
2026-01,2026-08-27,GCM DERIVED,vendor_other,85c2986b-d309-48d0-bb2b-8bae3d8e73d9,אספקה טכנית,אספקה טכנית,Shared logistics,181.14,,,auto_pool,ברנדייס 6 תל אביב,37.105000,67.21,,,,,,,,,YES,NO,NO,,חלוקה נגזרת לפי משקל GCM — לא קישור מקור שמור
2026-02,2026-08-27,SOURCE,vendor_other,85c2986b-d309-48d0-bb2b-8bae3d8e73d9,אספקה טכנית,אספקה טכנית,Shared logistics,181.14,260.85,1710,auto_pool,GCM pool,,181.14,,paid,1710,0,,installment,,,YES,NO,NO,YES,מקור auto_pool — נספר דרך שורת GCM POOL SUMMARY
2026-02,2026-08-27,GCM DERIVED,vendor_other,85c2986b-d309-48d0-bb2b-8bae3d8e73d9,אספקה טכנית,אספקה טכנית,Shared logistics,181.14,,,auto_pool,ברנדייס 6 תל אביב,37.099900,67.2,,,,,,,,,YES,NO,NO,,חלוקה נגזרת לפי משקל GCM — לא קישור מקור שמור
2026-02,2026-08-27,GCM DERIVED,vendor_other,85c2986b-d309-48d0-bb2b-8bae3d8e73d9,אספקה טכנית,אספקה טכנית,Shared logistics,181.14,,,auto_pool,ויתקין 28 תל אביב,0.064000,0.12,,,,,,,,,YES,NO,NO,,חלוקה נגזרת לפי משקל GCM — לא קישור מקור שמור
2026-02,2026-08-27,GCM DERIVED,vendor_other,85c2986b-d309-48d0-bb2b-8bae3d8e73d9,אספקה טכנית,אספקה טכנית,Shared logistics,181.14,,,auto_pool,חורגין 36 רמת גן,25.451100,46.1,,,,,,,,,YES,NO,NO,,חלוקה נגזרת לפי משקל GCM — לא קישור מקור שמור
2026-02,2026-08-27,GCM DERIVED,vendor_other,85c2986b-d309-48d0-bb2b-8bae3d8e73d9,אספקה טכנית,אספקה טכנית,Shared logistics,181.14,,,auto_pool,פינס 16 פתח תקוה,37.385000,67.72,,,,,,,,,YES,NO,NO,,חלוקה נגזרת לפי משקל GCM — לא קישור מקור שמור
2026-03,2026-08-27,SOURCE,vendor_other,85c2986b-d309-48d0-bb2b-8bae3d8e73d9,אספקה טכנית,אספקה טכנית,Shared logistics,181.14,260.85,1710,auto_pool,GCM pool,,181.14,,paid,1710,0,,installment,,,YES,NO,NO,YES,מקור auto_pool — נספר דרך שורת GCM POOL SUMMARY
2026-03,2026-08-27,GCM DERIVED,vendor_other,85c2986b-d309-48d0-bb2b-8bae3d8e73d9,אספקה טכנית,אספקה טכנית,Shared logistics,181.14,,,auto_pool,ברנדייס 6 תל אביב,37.093100,67.19,,,,,,,,,YES,NO,NO,,חלוקה נגזרת לפי משקל GCM — לא קישור מקור שמור
2026-03,2026-08-27,GCM DERIVED,vendor_other,85c2986b-d309-48d0-bb2b-8bae3d8e73d9,אספקה טכנית,אספקה טכנית,Shared logistics,181.14,,,auto_pool,ויתקין 28 תל אביב,0.064000,0.12,,,,,,,,,YES,NO,NO,,חלוקה נגזרת לפי משקל GCM — לא קישור מקור שמור
2026-03,2026-08-27,GCM DERIVED,vendor_other,85c2986b-d309-48d0-bb2b-8bae3d8e73d9,אספקה טכנית,אספקה טכנית,Shared logistics,181.14,,,auto_pool,חורגין 36 רמת גן,25.451000,46.1,,,,,,,,,YES,NO,NO,,חלוקה נגזרת לפי משקל GCM — לא קישור מקור שמור
2026-03,2026-08-27,GCM DERIVED,vendor_other,85c2986b-d309-48d0-bb2b-8bae3d8e73d9,אספקה טכנית,אספקה טכנית,Shared logistics,181.14,,,auto_pool,פינס 16 פתח תקוה,37.391800,67.73,,,,,,,,,YES,NO,NO,,חלוקה נגזרת לפי משקל GCM — לא קישור מקור שמור
2026-04,2026-08-27,SOURCE,vendor_other,85c2986b-d309-48d0-bb2b-8bae3d8e73d9,אספקה טכנית,אספקה טכנית,Shared logistics,181.14,260.85,1710,auto_pool,GCM pool,,181.14,,paid,1710,0,,installment,,,YES,NO,NO,YES,מקור auto_pool — נספר דרך שורת GCM POOL SUMMARY
2026-04,2026-08-27,GCM DERIVED,vendor_other,85c2986b-d309-48d0-bb2b-8bae3d8e73d9,אספקה טכנית,אספקה טכנית,Shared logistics,181.14,,,auto_pool,חורגין 36 רמת גן,25.450000,46.1,,,,,,,,,YES,NO,NO,,חלוקה נגזרת לפי משקל GCM — לא קישור מקור שמור
2026-04,2026-08-27,GCM DERIVED,vendor_other,85c2986b-d309-48d0-bb2b-8bae3d8e73d9,אספקה טכנית,אספקה טכנית,Shared logistics,181.14,,,auto_pool,ברנדייס 6 תל אביב,37.089300,67.18,,,,,,,,,YES,NO,NO,,חלוקה נגזרת לפי משקל GCM — לא קישור מקור שמור
2026-04,2026-08-27,GCM DERIVED,vendor_other,85c2986b-d309-48d0-bb2b-8bae3d8e73d9,אספקה טכנית,אספקה טכנית,Shared logistics,181.14,,,auto_pool,פינס 16 פתח תקוה,37.396700,67.74,,,,,,,,,YES,NO,NO,,חלוקה נגזרת לפי משקל GCM — לא קישור מקור שמור
2026-04,2026-08-27,GCM DERIVED,vendor_other,85c2986b-d309-48d0-bb2b-8bae3d8e73d9,אספקה טכנית,אספקה טכנית,Shared logistics,181.14,,,auto_pool,ויתקין 28 תל אביב,0.064000,0.12,,,,,,,,,YES,NO,NO,,חלוקה נגזרת לפי משקל GCM — לא קישור מקור שמור
2026-05,2026-08-27,SOURCE,vendor_other,85c2986b-d309-48d0-bb2b-8bae3d8e73d9,אספקה טכנית,אספקה טכנית,Shared logistics,181.14,260.85,1710,auto_pool,GCM pool,,181.14,,paid,1710,0,,installment,,,YES,NO,NO,YES,מקור auto_pool — נספר דרך שורת GCM POOL SUMMARY
2026-05,2026-08-27,GCM DERIVED,vendor_other,85c2986b-d309-48d0-bb2b-8bae3d8e73d9,אספקה טכנית,אספקה טכנית,Shared logistics,181.14,,,auto_pool,ויתקין 28 תל אביב,0.064000,0.12,,,,,,,,,YES,NO,NO,,חלוקה נגזרת לפי משקל GCM — לא קישור מקור שמור
2026-05,2026-08-27,GCM DERIVED,vendor_other,85c2986b-d309-48d0-bb2b-8bae3d8e73d9,אספקה טכנית,אספקה טכנית,Shared logistics,181.14,,,auto_pool,ברנדייס 6 תל אביב,37.087200,67.18,,,,,,,,,YES,NO,NO,,חלוקה נגזרת לפי משקל GCM — לא קישור מקור שמור
2026-05,2026-08-27,GCM DERIVED,vendor_other,85c2986b-d309-48d0-bb2b-8bae3d8e73d9,אספקה טכנית,אספקה טכנית,Shared logistics,181.14,,,auto_pool,פינס 16 פתח תקוה,37.400800,67.75,,,,,,,,,YES,NO,NO,,חלוקה נגזרת לפי משקל GCM — לא קישור מקור שמור
2026-05,2026-08-27,GCM DERIVED,vendor_other,85c2986b-d309-48d0-bb2b-8bae3d8e73d9,אספקה טכנית,אספקה טכנית,Shared logistics,181.14,,,auto_pool,חורגין 36 רמת גן,25.448000,46.1,,,,,,,,,YES,NO,NO,,חלוקה נגזרת לפי משקל GCM — לא קישור מקור שמור
2026-06,2026-08-27,SOURCE,vendor_other,85c2986b-d309-48d0-bb2b-8bae3d8e73d9,אספקה טכנית,אספקה טכנית,Shared logistics,181.14,260.85,1710,auto_pool,GCM pool,,181.14,,paid,1710,0,,installment,,,YES,NO,NO,YES,מקור auto_pool — נספר דרך שורת GCM POOL SUMMARY
2026-06,2026-08-27,GCM DERIVED,vendor_other,85c2986b-d309-48d0-bb2b-8bae3d8e73d9,אספקה טכנית,אספקה טכנית,Shared logistics,181.14,,,auto_pool,ברנדייס 6 תל אביב,37.085500,67.18,,,,,,,,,YES,NO,NO,,חלוקה נגזרת לפי משקל GCM — לא קישור מקור שמור
2026-06,2026-08-27,GCM DERIVED,vendor_other,85c2986b-d309-48d0-bb2b-8bae3d8e73d9,אספקה טכנית,אספקה טכנית,Shared logistics,181.14,,,auto_pool,פינס 16 פתח תקוה,37.404000,67.75,,,,,,,,,YES,NO,NO,,חלוקה נגזרת לפי משקל GCM — לא קישור מקור שמור
2026-06,2026-08-27,GCM DERIVED,vendor_other,85c2986b-d309-48d0-bb2b-8bae3d8e73d9,אספקה טכנית,אספקה טכנית,Shared logistics,181.14,,,auto_pool,חורגין 36 רמת גן,25.446600,46.09,,,,,,,,,YES,NO,NO,,חלוקה נגזרת לפי משקל GCM — לא קישור מקור שמור
2026-06,2026-08-27,GCM DERIVED,vendor_other,85c2986b-d309-48d0-bb2b-8bae3d8e73d9,אספקה טכנית,אספקה טכנית,Shared logistics,181.14,,,auto_pool,ויתקין 28 תל אביב,0.064000,0.12,,,,,,,,,YES,NO,NO,,חלוקה נגזרת לפי משקל GCM — לא קישור מקור שמור
2026-07,2026-08-27,SOURCE,vendor_other,85c2986b-d309-48d0-bb2b-8bae3d8e73d9,אספקה טכנית,אספקה טכנית,Shared logistics,181.14,260.85,1710,auto_pool,GCM pool,,181.14,,paid,1710,0,,installment,,,YES,NO,NO,YES,מקור auto_pool — נספר דרך שורת GCM POOL SUMMARY
2026-07,2026-08-27,GCM DERIVED,vendor_other,85c2986b-d309-48d0-bb2b-8bae3d8e73d9,אספקה טכנית,אספקה טכנית,Shared logistics,181.14,,,auto_pool,ויתקין 28 תל אביב,0.064000,0.12,,,,,,,,,YES,NO,NO,,חלוקה נגזרת לפי משקל GCM — לא קישור מקור שמור
2026-07,2026-08-27,GCM DERIVED,vendor_other,85c2986b-d309-48d0-bb2b-8bae3d8e73d9,אספקה טכנית,אספקה טכנית,Shared logistics,181.14,,,auto_pool,חורגין 36 רמת גן,25.446600,46.09,,,,,,,,,YES,NO,NO,,חלוקה נגזרת לפי משקל GCM — לא קישור מקור שמור
2026-07,2026-08-27,GCM DERIVED,vendor_other,85c2986b-d309-48d0-bb2b-8bae3d8e73d9,אספקה טכנית,אספקה טכנית,Shared logistics,181.14,,,auto_pool,פינס 16 פתח תקוה,37.404000,67.75,,,,,,,,,YES,NO,NO,,חלוקה נגזרת לפי משקל GCM — לא קישור מקור שמור
2026-07,2026-08-27,GCM DERIVED,vendor_other,85c2986b-d309-48d0-bb2b-8bae3d8e73d9,אספקה טכנית,אספקה טכנית,Shared logistics,181.14,,,auto_pool,ברנדייס 6 תל אביב,37.085500,67.18,,,,,,,,,YES,NO,NO,,חלוקה נגזרת לפי משקל GCM — לא קישור מקור שמור
2026-08,2026-08-27,SOURCE,vendor_other,85c2986b-d309-48d0-bb2b-8bae3d8e73d9,אספקה טכנית,אספקה טכנית,Shared logistics,181.17,260.85,1710,auto_pool,GCM pool,,181.17,,paid,1710,0,,installment,,,YES,NO,NO,YES,מקור auto_pool — נספר דרך שורת GCM POOL SUMMARY
2026-08,2026-08-27,GCM DERIVED,vendor_other,85c2986b-d309-48d0-bb2b-8bae3d8e73d9,אספקה טכנית,אספקה טכנית,Shared logistics,181.17,,,auto_pool,ברנדייס 6 תל אביב,28.552300,51.73,,,,,,,,,YES,NO,NO,,חלוקה נגזרת לפי משקל GCM — לא קישור מקור שמור
2026-08,2026-08-27,GCM DERIVED,vendor_other,85c2986b-d309-48d0-bb2b-8bae3d8e73d9,אספקה טכנית,אספקה טכנית,Shared logistics,181.17,,,auto_pool,פינס 16 פתח תקוה,42.805200,77.55,,,,,,,,,YES,NO,NO,,חלוקה נגזרת לפי משקל GCM — לא קישור מקור שמור
2026-08,2026-08-27,GCM DERIVED,vendor_other,85c2986b-d309-48d0-bb2b-8bae3d8e73d9,אספקה טכנית,אספקה טכנית,Shared logistics,181.17,,,auto_pool,חורגין 36 רמת גן,28.544600,51.71,,,,,,,,,YES,NO,NO,,חלוקה נגזרת לפי משקל GCM — לא קישור מקור שמור
2026-08,2026-08-27,GCM DERIVED,vendor_other,85c2986b-d309-48d0-bb2b-8bae3d8e73d9,אספקה טכנית,אספקה טכנית,Shared logistics,181.17,,,auto_pool,ויתקין 28 תל אביב,0.098000,0.18,,,,,,,,,YES,NO,NO,,חלוקה נגזרת לפי משקל GCM — לא קישור מקור שמור
2026-08,2026-08-31,SOURCE,vendor_other,0b2e94af-ce9e-4899-94c9-364b01557d41,"ארכה בע""מ",,Other overhead,1401.69,252.31,1654,auto_pool,GCM pool,,1401.69,,upcoming,0,1654,2026-12-29,one-time,,,YES,NO,NO,YES,מקור auto_pool — נספר דרך שורת GCM POOL SUMMARY
2026-08,2026-08-31,GCM DERIVED,vendor_other,0b2e94af-ce9e-4899-94c9-364b01557d41,"ארכה בע""מ",,Other overhead,1401.69,,,auto_pool,ברנדייס 6 תל אביב,28.552300,400.21,,,,,,,,,YES,NO,NO,,חלוקה נגזרת לפי משקל GCM — לא קישור מקור שמור
2026-08,2026-08-31,GCM DERIVED,vendor_other,0b2e94af-ce9e-4899-94c9-364b01557d41,"ארכה בע""מ",,Other overhead,1401.69,,,auto_pool,פינס 16 פתח תקוה,42.805200,600,,,,,,,,,YES,NO,NO,,חלוקה נגזרת לפי משקל GCM — לא קישור מקור שמור
2026-08,2026-08-31,GCM DERIVED,vendor_other,0b2e94af-ce9e-4899-94c9-364b01557d41,"ארכה בע""מ",,Other overhead,1401.69,,,auto_pool,חורגין 36 רמת גן,28.544600,400.11,,,,,,,,,YES,NO,NO,,חלוקה נגזרת לפי משקל GCM — לא קישור מקור שמור
2026-08,2026-08-31,GCM DERIVED,vendor_other,0b2e94af-ce9e-4899-94c9-364b01557d41,"ארכה בע""מ",,Other overhead,1401.69,,,auto_pool,ויתקין 28 תל אביב,0.098000,1.37,,,,,,,,,YES,NO,NO,,חלוקה נגזרת לפי משקל GCM — לא קישור מקור שמור
2026-08,2026-08-31,SOURCE,materials,1cac6e43-2345-4461-b485-9cd506a2270f,"ארכה בע""מ",,Materials,14101.69,2538.31,16640,single project,חורגין 36 רמת גן,100,14101.69,,upcoming,0,16640,2026-12-29,one-time,,,YES,NO,YES,YES,
2026-08,2026-08-31,SOURCE,materials,4828b478-2e39-4a36-89dc-c717ebc46bb7,"ארכה בע""מ",,Materials,1094.92,197.08,1292,single project,פינס 16 פתח תקוה,100,1094.92,,upcoming,0,1292,2026-12-29,one-time,,,YES,NO,YES,YES,
2026-08,2026-08-31,SOURCE,materials,60dfc37e-2601-4332-a9c4-883261254587,"ארכה בע""מ",חומרים,Materials,905.93,163.07,1069,single project,ברנדייס 6 תל אביב,100,905.93,,upcoming,0,1069,2026-12-29,one-time,,,YES,NO,YES,YES,
2026-08,2026-08-31,SOURCE,subcontractor,71a725ef-e92e-4992-b063-b79bb490f042,התותחים,,Subcontractor,39600,7128,46728,multi-project,MULTI,,39600,,upcoming,0,46728,2026-10-15,one-time,,,YES,NO,NO,YES,PAYMENT IS SOURCE-LEVEL — סכום מלא Bruto ברמת מקור
2026-08,2026-08-31,PROJECT ALLOCATION,subcontractor,71a725ef-e92e-4992-b063-b79bb490f042,התותחים,,Subcontractor,39600,,46728,multi-project,חורגין 36 רמת גן,60.000000,23760,,upcoming,0,0,,one-time,,,YES,NO,YES,,PAYMENT IS SOURCE-LEVEL
2026-08,2026-08-31,PROJECT ALLOCATION,subcontractor,71a725ef-e92e-4992-b063-b79bb490f042,התותחים,,Subcontractor,39600,,46728,multi-project,פינס 16 פתח תקוה,40.000000,15840,,upcoming,0,0,,one-time,,,YES,NO,YES,,PAYMENT IS SOURCE-LEVEL
2026-09,2026-09-01,SOURCE,vendor_other,68d93ba2-576b-47cc-9abd-f3ffc4a56652,פרטנר,סלולר,Software and subscriptions,80,14.4,94.4,auto_pool,GCM pool,,80,,upcoming,0,94.4,2026-10-01,recurring,סלולר,,YES,NO,NO,YES,מקור auto_pool — נספר דרך שורת GCM POOL SUMMARY
2026-09,2026-09-01,GCM DERIVED,vendor_other,68d93ba2-576b-47cc-9abd-f3ffc4a56652,פרטנר,סלולר,Software and subscriptions,80,,,auto_pool,חורגין 36 רמת גן,28.522100,22.82,,,,,,,,,YES,NO,NO,,חלוקה נגזרת לפי משקל GCM — לא קישור מקור שמור
2026-09,2026-09-01,GCM DERIVED,vendor_other,68d93ba2-576b-47cc-9abd-f3ffc4a56652,פרטנר,סלולר,Software and subscriptions,80,,,auto_pool,ויתקין 28 תל אביב,0.097200,0.08,,,,,,,,,YES,NO,NO,,חלוקה נגזרת לפי משקל GCM — לא קישור מקור שמור
2026-09,2026-09-01,GCM DERIVED,vendor_other,68d93ba2-576b-47cc-9abd-f3ffc4a56652,פרטנר,סלולר,Software and subscriptions,80,,,auto_pool,ברנדייס 6 תל אביב,28.739300,22.99,,,,,,,,,YES,NO,NO,,חלוקה נגזרת לפי משקל GCM — לא קישור מקור שמור
2026-09,2026-09-01,GCM DERIVED,vendor_other,68d93ba2-576b-47cc-9abd-f3ffc4a56652,פרטנר,סלולר,Software and subscriptions,80,,,auto_pool,פינס 16 פתח תקוה,42.641400,34.11,,,,,,,,,YES,NO,NO,,חלוקה נגזרת לפי משקל GCM — לא קישור מקור שמור
2026-09,2026-09-01,SOURCE,vendor_other,8bcf287a-28af-4ffd-af44-12d8e81c3628,ביטוח עסק,ביטוח עסק,Insurance,800,0,800,auto_pool,GCM pool,,800,,upcoming,0,800,2026-10-01,recurring,ביטוח עסק,,YES,NO,NO,YES,מקור auto_pool — נספר דרך שורת GCM POOL SUMMARY
2026-09,2026-09-01,GCM DERIVED,vendor_other,8bcf287a-28af-4ffd-af44-12d8e81c3628,ביטוח עסק,ביטוח עסק,Insurance,800,,,auto_pool,חורגין 36 רמת גן,28.522100,228.18,,,,,,,,,YES,NO,NO,,חלוקה נגזרת לפי משקל GCM — לא קישור מקור שמור
2026-09,2026-09-01,GCM DERIVED,vendor_other,8bcf287a-28af-4ffd-af44-12d8e81c3628,ביטוח עסק,ביטוח עסק,Insurance,800,,,auto_pool,ויתקין 28 תל אביב,0.097200,0.78,,,,,,,,,YES,NO,NO,,חלוקה נגזרת לפי משקל GCM — לא קישור מקור שמור
2026-09,2026-09-01,GCM DERIVED,vendor_other,8bcf287a-28af-4ffd-af44-12d8e81c3628,ביטוח עסק,ביטוח עסק,Insurance,800,,,auto_pool,ברנדייס 6 תל אביב,28.739300,229.92,,,,,,,,,YES,NO,NO,,חלוקה נגזרת לפי משקל GCM — לא קישור מקור שמור
2026-09,2026-09-01,GCM DERIVED,vendor_other,8bcf287a-28af-4ffd-af44-12d8e81c3628,ביטוח עסק,ביטוח עסק,Insurance,800,,,auto_pool,פינס 16 פתח תקוה,42.641400,341.13,,,,,,,,,YES,NO,NO,,חלוקה נגזרת לפי משקל GCM — לא קישור מקור שמור
2026-09,2026-09-01,SOURCE,vendor_other,afee261c-ad5c-45a8-9aa3-58d2558bc270,ביטוח ישיר,ביטוח רכב,Insurance,380,0,380,auto_pool,GCM pool,,380,,upcoming,0,380,2026-10-01,recurring,ביטוח רכב,,YES,NO,NO,YES,מקור auto_pool — נספר דרך שורת GCM POOL SUMMARY
2026-09,2026-09-01,GCM DERIVED,vendor_other,afee261c-ad5c-45a8-9aa3-58d2558bc270,ביטוח ישיר,ביטוח רכב,Insurance,380,,,auto_pool,חורגין 36 רמת גן,28.522100,108.38,,,,,,,,,YES,NO,NO,,חלוקה נגזרת לפי משקל GCM — לא קישור מקור שמור
2026-09,2026-09-01,GCM DERIVED,vendor_other,afee261c-ad5c-45a8-9aa3-58d2558bc270,ביטוח ישיר,ביטוח רכב,Insurance,380,,,auto_pool,ויתקין 28 תל אביב,0.097200,0.37,,,,,,,,,YES,NO,NO,,חלוקה נגזרת לפי משקל GCM — לא קישור מקור שמור
2026-09,2026-09-01,GCM DERIVED,vendor_other,afee261c-ad5c-45a8-9aa3-58d2558bc270,ביטוח ישיר,ביטוח רכב,Insurance,380,,,auto_pool,ברנדייס 6 תל אביב,28.739300,109.21,,,,,,,,,YES,NO,NO,,חלוקה נגזרת לפי משקל GCM — לא קישור מקור שמור
2026-09,2026-09-01,GCM DERIVED,vendor_other,afee261c-ad5c-45a8-9aa3-58d2558bc270,ביטוח ישיר,ביטוח רכב,Insurance,380,,,auto_pool,פינס 16 פתח תקוה,42.641400,162.04,,,,,,,,,YES,NO,NO,,חלוקה נגזרת לפי משקל GCM — לא קישור מקור שמור
2026-09,2026-09-01,SOURCE,vendor_other,e8b0b83a-d55c-49c0-ae2e-36760d8724a3,אשלט ניהול,השכרת מחסן,Rent,889.83,160.17,1050,auto_pool,GCM pool,,889.83,,upcoming,0,1050,2026-10-01,recurring,השכרת מחסן,,YES,NO,NO,YES,מקור auto_pool — נספר דרך שורת GCM POOL SUMMARY
2026-09,2026-09-01,GCM DERIVED,vendor_other,e8b0b83a-d55c-49c0-ae2e-36760d8724a3,אשלט ניהול,השכרת מחסן,Rent,889.83,,,auto_pool,חורגין 36 רמת גן,28.522100,253.8,,,,,,,,,YES,NO,NO,,חלוקה נגזרת לפי משקל GCM — לא קישור מקור שמור
2026-09,2026-09-01,GCM DERIVED,vendor_other,e8b0b83a-d55c-49c0-ae2e-36760d8724a3,אשלט ניהול,השכרת מחסן,Rent,889.83,,,auto_pool,ויתקין 28 תל אביב,0.097200,0.87,,,,,,,,,YES,NO,NO,,חלוקה נגזרת לפי משקל GCM — לא קישור מקור שמור
2026-09,2026-09-01,GCM DERIVED,vendor_other,e8b0b83a-d55c-49c0-ae2e-36760d8724a3,אשלט ניהול,השכרת מחסן,Rent,889.83,,,auto_pool,ברנדייס 6 תל אביב,28.739300,255.73,,,,,,,,,YES,NO,NO,,חלוקה נגזרת לפי משקל GCM — לא קישור מקור שמור
2026-09,2026-09-01,GCM DERIVED,vendor_other,e8b0b83a-d55c-49c0-ae2e-36760d8724a3,אשלט ניהול,השכרת מחסן,Rent,889.83,,,auto_pool,פינס 16 פתח תקוה,42.641400,379.44,,,,,,,,,YES,NO,NO,,חלוקה נגזרת לפי משקל GCM — לא קישור מקור שמור
2026-09,2026-09-01,SOURCE,vendor_other,eae47b98-ad63-4183-95fc-58423aaef28d,רואה חשבון,רואה חשבון,Accounting and legal,700,126,826,auto_pool,GCM pool,,700,,upcoming,0,826,2026-10-01,recurring,רואה חשבון,,YES,NO,NO,YES,מקור auto_pool — נספר דרך שורת GCM POOL SUMMARY
2026-09,2026-09-01,GCM DERIVED,vendor_other,eae47b98-ad63-4183-95fc-58423aaef28d,רואה חשבון,רואה חשבון,Accounting and legal,700,,,auto_pool,חורגין 36 רמת גן,28.522100,199.65,,,,,,,,,YES,NO,NO,,חלוקה נגזרת לפי משקל GCM — לא קישור מקור שמור
2026-09,2026-09-01,GCM DERIVED,vendor_other,eae47b98-ad63-4183-95fc-58423aaef28d,רואה חשבון,רואה חשבון,Accounting and legal,700,,,auto_pool,ויתקין 28 תל אביב,0.097200,0.68,,,,,,,,,YES,NO,NO,,חלוקה נגזרת לפי משקל GCM — לא קישור מקור שמור
2026-09,2026-09-01,GCM DERIVED,vendor_other,eae47b98-ad63-4183-95fc-58423aaef28d,רואה חשבון,רואה חשבון,Accounting and legal,700,,,auto_pool,ברנדייס 6 תל אביב,28.739300,201.18,,,,,,,,,YES,NO,NO,,חלוקה נגזרת לפי משקל GCM — לא קישור מקור שמור
2026-09,2026-09-01,GCM DERIVED,vendor_other,eae47b98-ad63-4183-95fc-58423aaef28d,רואה חשבון,רואה חשבון,Accounting and legal,700,,,auto_pool,פינס 16 פתח תקוה,42.641400,298.49,,,,,,,,,YES,NO,NO,,חלוקה נגזרת לפי משקל GCM — לא קישור מקור שמור
2026-09,2026-09-07,SOURCE,materials,4d74ad49-9933-4e13-8f12-7e76d129ec53,ת.מ לוחות חשמל,לוח דירה 16,Materials,10000,1800,11800,single project,ברנדייס 6 תל אביב,100,10000,,paid,11800,0,,one-time,,,YES,NO,YES,YES,
2026-09,2026-09-23,SOURCE,subcontractor,e8e71f51-970f-44c5-a484-17524fd47046,אחמד קבלן חשמל,דירה 10,Subcontractor,7439.83,1339.17,8779,single project,חורגין 36 רמת גן,100,7439.83,,paid,8779,0,,one-time,,,YES,NO,YES,YES,
2026-01,2026-01-01,PROJECT ALLOCATION,employee,4922ae6a-346b-4b99-9829-76d272cef484,מוחמד נציר,עלות מעסיק חודשית,standard,8205,,,employee labor,ברנדייס 6 תל אביב,100.000000,8205,actual,,,,,,,,YES,NO,YES,,
2026-01,2026-01-01,COMPANY ALLOCATION,employee,1651af31-5f63-425d-a518-a9fa84931ecd,ערן יוסף,עלות מעסיק חודשית,owner_manager,24251,,,employee labor,עסק בלבד,0,24251,actual,,,,,,,,YES,NO,NO,,כלול ב-GCM pool (labor_company_only) — לא נספר בנפרד
2026-01,2026-01-01,PROJECT ALLOCATION,employee,4e742d25-03ee-49e7-a45e-15a545bfe3b4,פאדי מנצור,עלות מעסיק חודשית,standard,8205,,,employee labor,ברנדייס 6 תל אביב,100.000000,8205,actual,,,,,,,,YES,NO,YES,,
2026-02,2026-02-01,PROJECT ALLOCATION,employee,4922ae6a-346b-4b99-9829-76d272cef484,מוחמד נציר,עלות מעסיק חודשית,standard,8205,,,employee labor,פינס 16 פתח תקוה,50.000000,4102.5,actual,,,,,,,,YES,NO,YES,,
2026-02,2026-02-01,PROJECT ALLOCATION,employee,4922ae6a-346b-4b99-9829-76d272cef484,מוחמד נציר,עלות מעסיק חודשית,standard,8205,,,employee labor,ברנדייס 6 תל אביב,50.000000,4102.5,actual,,,,,,,,YES,NO,YES,,
2026-02,2026-02-01,COMPANY ALLOCATION,employee,1651af31-5f63-425d-a518-a9fa84931ecd,ערן יוסף,עלות מעסיק חודשית,owner_manager,28197,,,employee labor,עסק בלבד,0,28197,actual,,,,,,,,YES,NO,NO,,כלול ב-GCM pool (labor_company_only) — לא נספר בנפרד
2026-02,2026-02-01,PROJECT ALLOCATION,employee,4e742d25-03ee-49e7-a45e-15a545bfe3b4,פאדי מנצור,עלות מעסיק חודשית,standard,8205,,,employee labor,ברנדייס 6 תל אביב,100.000000,8205,actual,,,,,,,,YES,NO,YES,,
2026-03,2026-03-01,PROJECT ALLOCATION,employee,4922ae6a-346b-4b99-9829-76d272cef484,מוחמד נציר,עלות מעסיק חודשית,standard,4520,,,employee labor,פינס 16 פתח תקוה,100.000000,4520,actual,,,,,,,,YES,NO,YES,,
2026-03,2026-03-01,COMPANY ALLOCATION,employee,1651af31-5f63-425d-a518-a9fa84931ecd,ערן יוסף,עלות מעסיק חודשית,owner_manager,28054,,,employee labor,עסק בלבד,0,28054,actual,,,,,,,,YES,NO,NO,,כלול ב-GCM pool (labor_company_only) — לא נספר בנפרד
2026-04,2026-04-01,PROJECT ALLOCATION,employee,4922ae6a-346b-4b99-9829-76d272cef484,מוחמד נציר,עלות מעסיק חודשית,standard,8205,,,employee labor,פינס 16 פתח תקוה,100.000000,8205,actual,,,,,,,,YES,NO,YES,,
2026-04,2026-04-01,COMPANY ALLOCATION,employee,1651af31-5f63-425d-a518-a9fa84931ecd,ערן יוסף,עלות מעסיק חודשית,owner_manager,23440,,,employee labor,עסק בלבד,0,23440,actual,,,,,,,,YES,NO,NO,,כלול ב-GCM pool (labor_company_only) — לא נספר בנפרד
2026-04,2026-04-01,PROJECT ALLOCATION,employee,4e742d25-03ee-49e7-a45e-15a545bfe3b4,פאדי מנצור,עלות מעסיק חודשית,standard,8420,,,employee labor,ברנדייס 6 תל אביב,100.000000,8420,actual,,,,,,,,YES,NO,YES,,
2026-05,2026-05-01,PROJECT ALLOCATION,employee,4922ae6a-346b-4b99-9829-76d272cef484,מוחמד נציר,עלות מעסיק חודשית,standard,8205,,,employee labor,פינס 16 פתח תקוה,100.000000,8205,actual,,,,,,,,YES,NO,YES,,
2026-05,2026-05-01,PROJECT ALLOCATION,employee,f4da52e3-4ddb-4f5d-8477-c529b3273f4c,סאלח נציר,עלות מעסיק חודשית,standard,6495,,,employee labor,פינס 16 פתח תקוה,100.000000,6495,actual,,,,,,,,YES,NO,YES,,
2026-05,2026-05-01,COMPANY ALLOCATION,employee,1651af31-5f63-425d-a518-a9fa84931ecd,ערן יוסף,עלות מעסיק חודשית,owner_manager,26962,,,employee labor,עסק בלבד,0,26962,actual,,,,,,,,YES,NO,NO,,כלול ב-GCM pool (labor_company_only) — לא נספר בנפרד
2026-05,2026-05-01,PROJECT ALLOCATION,employee,4e742d25-03ee-49e7-a45e-15a545bfe3b4,פאדי מנצור,עלות מעסיק חודשית,standard,8205,,,employee labor,ברנדייס 6 תל אביב,100.000000,8205,actual,,,,,,,,YES,NO,YES,,
2026-06,2026-06-01,PROJECT ALLOCATION,employee,4922ae6a-346b-4b99-9829-76d272cef484,מוחמד נציר,עלות מעסיק חודשית,standard,8205,,,employee labor,פינס 16 פתח תקוה,100.000000,8205,actual,,,,,,,,YES,NO,YES,,
2026-06,2026-06-01,PROJECT ALLOCATION,employee,f4da52e3-4ddb-4f5d-8477-c529b3273f4c,סאלח נציר,עלות מעסיק חודשית,standard,3930,,,employee labor,פינס 16 פתח תקוה,100.000000,3930,actual,,,,,,,,YES,NO,YES,,
2026-06,2026-06-01,COMPANY ALLOCATION,employee,1651af31-5f63-425d-a518-a9fa84931ecd,ערן יוסף,עלות מעסיק חודשית,owner_manager,26876,,,employee labor,עסק בלבד,0,26876,actual,,,,,,,,YES,NO,NO,,כלול ב-GCM pool (labor_company_only) — לא נספר בנפרד
2026-06,2026-06-01,PROJECT ALLOCATION,employee,4e742d25-03ee-49e7-a45e-15a545bfe3b4,פאדי מנצור,עלות מעסיק חודשית,standard,8205,,,employee labor,ברנדייס 6 תל אביב,100.000000,8205,actual,,,,,,,,YES,NO,YES,,
2026-07,2026-07-01,PROJECT ALLOCATION,employee,4922ae6a-346b-4b99-9829-76d272cef484,מוחמד נציר,עלות מעסיק חודשית,standard,8205,,,employee labor,חורגין 36 רמת גן,100.000000,8205,actual,,,,,,,,YES,NO,YES,,
2026-07,2026-07-01,PROJECT ALLOCATION,employee,f4da52e3-4ddb-4f5d-8477-c529b3273f4c,סאלח נציר,עלות מעסיק חודשית,standard,6681,,,employee labor,חורגין 36 רמת גן,100.000000,6681,actual,,,,,,,,YES,NO,YES,,
2026-07,2026-07-01,COMPANY ALLOCATION,employee,1651af31-5f63-425d-a518-a9fa84931ecd,ערן יוסף,עלות מעסיק חודשית,owner_manager,26853,,,employee labor,עסק בלבד,0,26853,actual,,,,,,,,YES,NO,NO,,כלול ב-GCM pool (labor_company_only) — לא נספר בנפרד
2026-07,2026-07-01,PROJECT ALLOCATION,employee,4e742d25-03ee-49e7-a45e-15a545bfe3b4,פאדי מנצור,עלות מעסיק חודשית,standard,8205,,,employee labor,חורגין 36 רמת גן,77.272800,6340.23,actual,,,,,,,,YES,NO,YES,,
2026-07,2026-07-01,PROJECT ALLOCATION,employee,4e742d25-03ee-49e7-a45e-15a545bfe3b4,פאדי מנצור,עלות מעסיק חודשית,standard,8205,,,employee labor,פינס 16 פתח תקוה,22.727200,1864.77,actual,,,,,,,,YES,NO,YES,,
2026-08,2026-08-01,PROJECT ALLOCATION,employee,4922ae6a-346b-4b99-9829-76d272cef484,מוחמד נציר,עלות מעסיק חודשית,standard,8250,,,employee labor,חורגין 36 רמת גן,100.000000,8250,estimate,,,,,,,,YES,NO,YES,,
2026-08,2026-08-01,PROJECT ALLOCATION,employee,f4da52e3-4ddb-4f5d-8477-c529b3273f4c,סאלח נציר,עלות מעסיק חודשית,standard,6660,,,employee labor,חורגין 36 רמת גן,100.000000,6660,estimate,,,,,,,,YES,NO,YES,,
2026-08,2026-08-01,COMPANY ALLOCATION,employee,1651af31-5f63-425d-a518-a9fa84931ecd,ערן יוסף,עלות מעסיק חודשית,owner_manager,27000,,,employee labor,עסק בלבד,0,27000,estimate,,,,,,,,YES,NO,NO,,כלול ב-GCM pool (labor_company_only) — לא נספר בנפרד
2026-08,2026-08-01,PROJECT ALLOCATION,employee,4e742d25-03ee-49e7-a45e-15a545bfe3b4,פאדי מנצור,עלות מעסיק חודשית,standard,8250,,,employee labor,פינס 16 פתח תקוה,100.000000,8250,estimate,,,,,,,,YES,NO,YES,,
2026-09,2026-09-01,PROJECT ALLOCATION,employee,4922ae6a-346b-4b99-9829-76d272cef484,מוחמד נציר,עלות מעסיק חודשית,standard,6750,,,employee labor,חורגין 36 רמת גן,88.888900,6000,estimate,,,,,,,,YES,NO,YES,,
2026-09,2026-09-01,PROJECT ALLOCATION,employee,f4da52e3-4ddb-4f5d-8477-c529b3273f4c,סאלח נציר,עלות מעסיק חודשית,standard,5449.09,,,employee labor,חורגין 36 רמת גן,88.888800,4843.63,estimate,,,,,,,,YES,NO,YES,,
2026-09,2026-09-01,COMPANY ALLOCATION,employee,1651af31-5f63-425d-a518-a9fa84931ecd,ערן יוסף,עלות מעסיק חודשית,owner_manager,9818.18,,,employee labor,עסק בלבד,0,9818.18,estimate,,,,,,,,YES,NO,NO,,כלול ב-GCM pool (labor_company_only) — לא נספר בנפרד
2026-09,2026-09-01,PROJECT ALLOCATION,employee,4e742d25-03ee-49e7-a45e-15a545bfe3b4,פאדי מנצור,עלות מעסיק חודשית,standard,6750,,,employee labor,ויתקין 28 תל אביב,5.555600,375,estimate,,,,,,,,YES,NO,YES,,
2026-09,2026-09-01,PROJECT ALLOCATION,employee,4e742d25-03ee-49e7-a45e-15a545bfe3b4,פאדי מנצור,עלות מעסיק חודשית,standard,6750,,,employee labor,חורגין 36 רמת גן,38.888900,2625,estimate,,,,,,,,YES,NO,YES,,
2026-09,2026-09-01,PROJECT ALLOCATION,employee,4e742d25-03ee-49e7-a45e-15a545bfe3b4,פאדי מנצור,עלות מעסיק חודשית,standard,6750,,,employee labor,פינס 16 פתח תקוה,16.666700,1125,estimate,,,,,,,,YES,NO,YES,,
2026-09,2026-09-01,PROJECT ALLOCATION,employee,4e742d25-03ee-49e7-a45e-15a545bfe3b4,פאדי מנצור,עלות מעסיק חודשית,standard,6750,,,employee labor,ברנדייס 6 תל אביב,22.222200,1500,estimate,,,,,,,,YES,NO,YES,,
2026-01,2026-01-01,SOURCE,gcm_pool,gcm:2026-01,GCM 2026-01,General Cost Month pool,,29379.56,,,GCM pool,GCM pool,,29379.56,,,,,,,,,YES,NO,YES,,CANONICAL STORED — pool חודשי (כולל מקורות allocatable + unallocatable)
2026-01,2026-01-01,GCM SOURCE,gcm_source,labor_company_only:aggregate,labor_company_only:aggregate,labor_company_only,,24251,,,company_only,עסק בלבד / לא ניתן להקצות,,24251,,,,,,,,,YES,NO,NO,,CANONICAL STORED — רכיב pool (לא נספר בנפרד)
2026-01,2026-01-01,GCM SOURCE,gcm_source,expense_unallocated:aggregate,expense_unallocated:aggregate,expense_unallocated,,5128.56,,,auto_pool,GCM allocatable pool,,5128.56,,,,,,,,,YES,NO,NO,,CANONICAL STORED — רכיב pool (לא נספר בנפרד)
2026-01,2026-01-01,GCM ALLOCATION,gcm_allocation,gcm:2026-01,GCM 2026-01,,,,,,GCM allocation,פינס 16 פתח תקוה,37.379900,1917.05,,,,,,,,,YES,NO,NO,,CANONICAL STORED — הקצאת pool לפרויקט (לא נספר ב-Company Actual בנפרד)
2026-01,2026-01-01,GCM ALLOCATION,gcm_allocation,gcm:2026-01,GCM 2026-01,,,,,,GCM allocation,ויתקין 28 תל אביב,0.064000,3.28,,,,,,,,,YES,NO,NO,,CANONICAL STORED — הקצאת pool לפרויקט (לא נספר ב-Company Actual בנפרד)
2026-01,2026-01-01,GCM ALLOCATION,gcm_allocation,gcm:2026-01,GCM 2026-01,,,,,,GCM allocation,חורגין 36 רמת גן,25.451200,1305.28,,,,,,,,,YES,NO,NO,,CANONICAL STORED — הקצאת pool לפרויקט (לא נספר ב-Company Actual בנפרד)
2026-01,2026-01-01,GCM ALLOCATION,gcm_allocation,gcm:2026-01,GCM 2026-01,,,,,,GCM allocation,ברנדייס 6 תל אביב,37.105000,1902.95,,,,,,,,,YES,NO,NO,,CANONICAL STORED — הקצאת pool לפרויקט (לא נספר ב-Company Actual בנפרד)
2026-02,2026-02-01,SOURCE,gcm_pool,gcm:2026-02,GCM 2026-02,General Cost Month pool,,35056.92,,,GCM pool,GCM pool,,35056.92,,,,,,,,,YES,NO,YES,,CANONICAL STORED — pool חודשי (כולל מקורות allocatable + unallocatable)
2026-02,2026-02-01,GCM SOURCE,gcm_source,labor_company_only:aggregate,labor_company_only:aggregate,labor_company_only,,28197,,,company_only,עסק בלבד / לא ניתן להקצות,,28197,,,,,,,,,YES,NO,NO,,CANONICAL STORED — רכיב pool (לא נספר בנפרד)
2026-02,2026-02-01,GCM SOURCE,gcm_source,expense_unallocated:aggregate,expense_unallocated:aggregate,expense_unallocated,,6859.92,,,auto_pool,GCM allocatable pool,,6859.92,,,,,,,,,YES,NO,NO,,CANONICAL STORED — רכיב pool (לא נספר בנפרד)
2026-02,2026-02-01,GCM ALLOCATION,gcm_allocation,gcm:2026-02,GCM 2026-02,,,,,,GCM allocation,ברנדייס 6 תל אביב,37.099900,2545.03,,,,,,,,,YES,NO,NO,,CANONICAL STORED — הקצאת pool לפרויקט (לא נספר ב-Company Actual בנפרד)
2026-02,2026-02-01,GCM ALLOCATION,gcm_allocation,gcm:2026-02,GCM 2026-02,,,,,,GCM allocation,ויתקין 28 תל אביב,0.064000,4.39,,,,,,,,,YES,NO,NO,,CANONICAL STORED — הקצאת pool לפרויקט (לא נספר ב-Company Actual בנפרד)
2026-02,2026-02-01,GCM ALLOCATION,gcm_allocation,gcm:2026-02,GCM 2026-02,,,,,,GCM allocation,חורגין 36 רמת גן,25.451100,1745.92,,,,,,,,,YES,NO,NO,,CANONICAL STORED — הקצאת pool לפרויקט (לא נספר ב-Company Actual בנפרד)
2026-02,2026-02-01,GCM ALLOCATION,gcm_allocation,gcm:2026-02,GCM 2026-02,,,,,,GCM allocation,פינס 16 פתח תקוה,37.385000,2564.58,,,,,,,,,YES,NO,NO,,CANONICAL STORED — הקצאת pool לפרויקט (לא נספר ב-Company Actual בנפרד)
2026-03,2026-03-01,SOURCE,gcm_pool,gcm:2026-03,GCM 2026-03,General Cost Month pool,,34466.96,,,GCM pool,GCM pool,,34466.96,,,,,,,,,YES,NO,YES,,CANONICAL STORED — pool חודשי (כולל מקורות allocatable + unallocatable)
2026-03,2026-03-01,GCM SOURCE,gcm_source,expense_unallocated:aggregate,expense_unallocated:aggregate,expense_unallocated,,6412.96,,,auto_pool,GCM allocatable pool,,6412.96,,,,,,,,,YES,NO,NO,,CANONICAL STORED — רכיב pool (לא נספר בנפרד)
2026-03,2026-03-01,GCM SOURCE,gcm_source,labor_company_only:aggregate,labor_company_only:aggregate,labor_company_only,,28054,,,company_only,עסק בלבד / לא ניתן להקצות,,28054,,,,,,,,,YES,NO,NO,,CANONICAL STORED — רכיב pool (לא נספר בנפרד)
2026-03,2026-03-01,GCM ALLOCATION,gcm_allocation,gcm:2026-03,GCM 2026-03,,,,,,GCM allocation,ברנדייס 6 תל אביב,37.093100,2378.77,,,,,,,,,YES,NO,NO,,CANONICAL STORED — הקצאת pool לפרויקט (לא נספר ב-Company Actual בנפרד)
2026-03,2026-03-01,GCM ALLOCATION,gcm_allocation,gcm:2026-03,GCM 2026-03,,,,,,GCM allocation,ויתקין 28 תל אביב,0.064000,4.11,,,,,,,,,YES,NO,NO,,CANONICAL STORED — הקצאת pool לפרויקט (לא נספר ב-Company Actual בנפרד)
2026-03,2026-03-01,GCM ALLOCATION,gcm_allocation,gcm:2026-03,GCM 2026-03,,,,,,GCM allocation,חורגין 36 רמת גן,25.451000,1632.16,,,,,,,,,YES,NO,NO,,CANONICAL STORED — הקצאת pool לפרויקט (לא נספר ב-Company Actual בנפרד)
2026-03,2026-03-01,GCM ALLOCATION,gcm_allocation,gcm:2026-03,GCM 2026-03,,,,,,GCM allocation,פינס 16 פתח תקוה,37.391800,2397.92,,,,,,,,,YES,NO,NO,,CANONICAL STORED — הקצאת pool לפרויקט (לא נספר ב-Company Actual בנפרד)
2026-04,2026-04-01,SOURCE,gcm_pool,gcm:2026-04,GCM 2026-04,General Cost Month pool,,30450.42,,,GCM pool,GCM pool,,30450.42,,,,,,,,,YES,NO,YES,,CANONICAL STORED — pool חודשי (כולל מקורות allocatable + unallocatable)
2026-04,2026-04-01,GCM SOURCE,gcm_source,expense_unallocated:aggregate,expense_unallocated:aggregate,expense_unallocated,,7010.42,,,auto_pool,GCM allocatable pool,,7010.42,,,,,,,,,YES,NO,NO,,CANONICAL STORED — רכיב pool (לא נספר בנפרד)
2026-04,2026-04-01,GCM SOURCE,gcm_source,labor_company_only:aggregate,labor_company_only:aggregate,labor_company_only,,23440,,,company_only,עסק בלבד / לא ניתן להקצות,,23440,,,,,,,,,YES,NO,NO,,CANONICAL STORED — רכיב pool (לא נספר בנפרד)
2026-04,2026-04-01,GCM ALLOCATION,gcm_allocation,gcm:2026-04,GCM 2026-04,,,,,,GCM allocation,חורגין 36 רמת גן,25.450000,1784.15,,,,,,,,,YES,NO,NO,,CANONICAL STORED — הקצאת pool לפרויקט (לא נספר ב-Company Actual בנפרד)
2026-04,2026-04-01,GCM ALLOCATION,gcm_allocation,gcm:2026-04,GCM 2026-04,,,,,,GCM allocation,ברנדייס 6 תל אביב,37.089300,2600.12,,,,,,,,,YES,NO,NO,,CANONICAL STORED — הקצאת pool לפרויקט (לא נספר ב-Company Actual בנפרד)
2026-04,2026-04-01,GCM ALLOCATION,gcm_allocation,gcm:2026-04,GCM 2026-04,,,,,,GCM allocation,פינס 16 פתח תקוה,37.396700,2621.66,,,,,,,,,YES,NO,NO,,CANONICAL STORED — הקצאת pool לפרויקט (לא נספר ב-Company Actual בנפרד)
2026-04,2026-04-01,GCM ALLOCATION,gcm_allocation,gcm:2026-04,GCM 2026-04,,,,,,GCM allocation,ויתקין 28 תל אביב,0.064000,4.49,,,,,,,,,YES,NO,NO,,CANONICAL STORED — הקצאת pool לפרויקט (לא נספר ב-Company Actual בנפרד)
2026-05,2026-05-01,SOURCE,gcm_pool,gcm:2026-05,GCM 2026-05,General Cost Month pool,,33261.82,,,GCM pool,GCM pool,,33261.82,,,,,,,,,YES,NO,YES,,CANONICAL STORED — pool חודשי (כולל מקורות allocatable + unallocatable)
2026-05,2026-05-01,GCM SOURCE,gcm_source,labor_company_only:aggregate,labor_company_only:aggregate,labor_company_only,,26962,,,company_only,עסק בלבד / לא ניתן להקצות,,26962,,,,,,,,,YES,NO,NO,,CANONICAL STORED — רכיב pool (לא נספר בנפרד)
2026-05,2026-05-01,GCM SOURCE,gcm_source,expense_unallocated:aggregate,expense_unallocated:aggregate,expense_unallocated,,6299.82,,,auto_pool,GCM allocatable pool,,6299.82,,,,,,,,,YES,NO,NO,,CANONICAL STORED — רכיב pool (לא נספר בנפרד)
2026-05,2026-05-01,GCM ALLOCATION,gcm_allocation,gcm:2026-05,GCM 2026-05,,,,,,GCM allocation,ויתקין 28 תל אביב,0.064000,4.03,,,,,,,,,YES,NO,NO,,CANONICAL STORED — הקצאת pool לפרויקט (לא נספר ב-Company Actual בנפרד)
2026-05,2026-05-01,GCM ALLOCATION,gcm_allocation,gcm:2026-05,GCM 2026-05,,,,,,GCM allocation,ברנדייס 6 תל אביב,37.087200,2336.43,,,,,,,,,YES,NO,NO,,CANONICAL STORED — הקצאת pool לפרויקט (לא נספר ב-Company Actual בנפרד)
2026-05,2026-05-01,GCM ALLOCATION,gcm_allocation,gcm:2026-05,GCM 2026-05,,,,,,GCM allocation,פינס 16 פתח תקוה,37.400800,2356.18,,,,,,,,,YES,NO,NO,,CANONICAL STORED — הקצאת pool לפרויקט (לא נספר ב-Company Actual בנפרד)
2026-05,2026-05-01,GCM ALLOCATION,gcm_allocation,gcm:2026-05,GCM 2026-05,,,,,,GCM allocation,חורגין 36 רמת גן,25.448000,1603.18,,,,,,,,,YES,NO,NO,,CANONICAL STORED — הקצאת pool לפרויקט (לא נספר ב-Company Actual בנפרד)
2026-06,2026-06-01,SOURCE,gcm_pool,gcm:2026-06,GCM 2026-06,General Cost Month pool,,33667.37,,,GCM pool,GCM pool,,33667.37,,,,,,,,,YES,NO,YES,,CANONICAL STORED — pool חודשי (כולל מקורות allocatable + unallocatable)
2026-06,2026-06-01,GCM SOURCE,gcm_source,expense_unallocated:aggregate,expense_unallocated:aggregate,expense_unallocated,,6791.37,,,auto_pool,GCM allocatable pool,,6791.37,,,,,,,,,YES,NO,NO,,CANONICAL STORED — רכיב pool (לא נספר בנפרד)
2026-06,2026-06-01,GCM SOURCE,gcm_source,labor_company_only:aggregate,labor_company_only:aggregate,labor_company_only,,26876,,,company_only,עסק בלבד / לא ניתן להקצות,,26876,,,,,,,,,YES,NO,NO,,CANONICAL STORED — רכיב pool (לא נספר בנפרד)
2026-06,2026-06-01,GCM ALLOCATION,gcm_allocation,gcm:2026-06,GCM 2026-06,,,,,,GCM allocation,ברנדייס 6 תל אביב,37.085500,2518.61,,,,,,,,,YES,NO,NO,,CANONICAL STORED — הקצאת pool לפרויקט (לא נספר ב-Company Actual בנפרד)
2026-06,2026-06-01,GCM ALLOCATION,gcm_allocation,gcm:2026-06,GCM 2026-06,,,,,,GCM allocation,פינס 16 פתח תקוה,37.404000,2540.24,,,,,,,,,YES,NO,NO,,CANONICAL STORED — הקצאת pool לפרויקט (לא נספר ב-Company Actual בנפרד)
2026-06,2026-06-01,GCM ALLOCATION,gcm_allocation,gcm:2026-06,GCM 2026-06,,,,,,GCM allocation,חורגין 36 רמת גן,25.446600,1728.17,,,,,,,,,YES,NO,NO,,CANONICAL STORED — הקצאת pool לפרויקט (לא נספר ב-Company Actual בנפרד)
2026-06,2026-06-01,GCM ALLOCATION,gcm_allocation,gcm:2026-06,GCM 2026-06,,,,,,GCM allocation,ויתקין 28 תל אביב,0.064000,4.35,,,,,,,,,YES,NO,NO,,CANONICAL STORED — הקצאת pool לפרויקט (לא נספר ב-Company Actual בנפרד)
2026-07,2026-07-01,SOURCE,gcm_pool,gcm:2026-07,GCM 2026-07,General Cost Month pool,,39561.31,,,GCM pool,GCM pool,,39561.31,,,,,,,,,YES,NO,YES,,CANONICAL STORED — pool חודשי (כולל מקורות allocatable + unallocatable)
2026-07,2026-07-01,GCM SOURCE,gcm_source,labor_company_only:aggregate,labor_company_only:aggregate,labor_company_only,,26853,,,company_only,עסק בלבד / לא ניתן להקצות,,26853,,,,,,,,,YES,NO,NO,,CANONICAL STORED — רכיב pool (לא נספר בנפרד)
2026-07,2026-07-01,GCM SOURCE,gcm_source,expense_unallocated:aggregate,expense_unallocated:aggregate,expense_unallocated,,12708.31,,,auto_pool,GCM allocatable pool,,12708.31,,,,,,,,,YES,NO,NO,,CANONICAL STORED — רכיב pool (לא נספר בנפרד)
2026-07,2026-07-01,GCM ALLOCATION,gcm_allocation,gcm:2026-07,GCM 2026-07,,,,,,GCM allocation,ויתקין 28 תל אביב,0.064000,8.13,,,,,,,,,YES,NO,NO,,CANONICAL STORED — הקצאת pool לפרויקט (לא נספר ב-Company Actual בנפרד)
2026-07,2026-07-01,GCM ALLOCATION,gcm_allocation,gcm:2026-07,GCM 2026-07,,,,,,GCM allocation,חורגין 36 רמת גן,25.446600,3233.83,,,,,,,,,YES,NO,NO,,CANONICAL STORED — הקצאת pool לפרויקט (לא נספר ב-Company Actual בנפרד)
2026-07,2026-07-01,GCM ALLOCATION,gcm_allocation,gcm:2026-07,GCM 2026-07,,,,,,GCM allocation,פינס 16 פתח תקוה,37.404000,4753.41,,,,,,,,,YES,NO,NO,,CANONICAL STORED — הקצאת pool לפרויקט (לא נספר ב-Company Actual בנפרד)
2026-07,2026-07-01,GCM ALLOCATION,gcm_allocation,gcm:2026-07,GCM 2026-07,,,,,,GCM allocation,ברנדייס 6 תל אביב,37.085500,4712.94,,,,,,,,,YES,NO,NO,,CANONICAL STORED — הקצאת pool לפרויקט (לא נספר ב-Company Actual בנפרד)
2026-08,2026-08-01,SOURCE,gcm_pool,gcm:2026-08,GCM 2026-08,General Cost Month pool,,33222.49,,,GCM pool,GCM pool,,33222.49,,,,,,,,,YES,NO,YES,,CANONICAL STORED — pool חודשי (כולל מקורות allocatable + unallocatable)
2026-08,2026-08-01,GCM SOURCE,gcm_source,expense_unallocated:aggregate,expense_unallocated:aggregate,expense_unallocated,,6222.49,,,auto_pool,GCM allocatable pool,,6222.49,,,,,,,,,YES,NO,NO,,CANONICAL STORED — רכיב pool (לא נספר בנפרד)
2026-08,2026-08-01,GCM SOURCE,gcm_source,labor_company_only:aggregate,labor_company_only:aggregate,labor_company_only,,27000,,,company_only,עסק בלבד / לא ניתן להקצות,,27000,,,,,,,,,YES,NO,NO,,CANONICAL STORED — רכיב pool (לא נספר בנפרד)
2026-08,2026-08-01,GCM ALLOCATION,gcm_allocation,gcm:2026-08,GCM 2026-08,,,,,,GCM allocation,ברנדייס 6 תל אביב,28.552300,1776.65,,,,,,,,,YES,NO,NO,,CANONICAL STORED — הקצאת pool לפרויקט (לא נספר ב-Company Actual בנפרד)
2026-08,2026-08-01,GCM ALLOCATION,gcm_allocation,gcm:2026-08,GCM 2026-08,,,,,,GCM allocation,פינס 16 פתח תקוה,42.805200,2663.55,,,,,,,,,YES,NO,NO,,CANONICAL STORED — הקצאת pool לפרויקט (לא נספר ב-Company Actual בנפרד)
2026-08,2026-08-01,GCM ALLOCATION,gcm_allocation,gcm:2026-08,GCM 2026-08,,,,,,GCM allocation,חורגין 36 רמת גן,28.544600,1776.19,,,,,,,,,YES,NO,NO,,CANONICAL STORED — הקצאת pool לפרויקט (לא נספר ב-Company Actual בנפרד)
2026-08,2026-08-01,GCM ALLOCATION,gcm_allocation,gcm:2026-08,GCM 2026-08,,,,,,GCM allocation,ויתקין 28 תל אביב,0.098000,6.1,,,,,,,,,YES,NO,NO,,CANONICAL STORED — הקצאת pool לפרויקט (לא נספר ב-Company Actual בנפרד)
2026-09,2026-09-01,SOURCE,gcm_pool,gcm:2026-09,GCM 2026-09,General Cost Month pool,,16060.48,,,GCM pool,GCM pool,,16060.48,,,,,,,,,YES,NO,YES,,CANONICAL STORED — pool חודשי (כולל מקורות allocatable + unallocatable)
2026-09,2026-09-01,GCM SOURCE,gcm_source,labor_company_only:aggregate,labor_company_only:aggregate,labor_company_only,,9818.18,,,company_only,עסק בלבד / לא ניתן להקצות,,9818.18,,,,,,,,,YES,NO,NO,,CANONICAL STORED — רכיב pool (לא נספר בנפרד)
2026-09,2026-09-01,GCM SOURCE,gcm_source,expense_unallocated:aggregate,expense_unallocated:aggregate,expense_unallocated,,3761.84,,,auto_pool,GCM allocatable pool,,3761.84,,,,,,,,,YES,NO,NO,,CANONICAL STORED — רכיב pool (לא נספר בנפרד)
2026-09,2026-09-01,GCM SOURCE,gcm_source,labor_monthly_unallocated:aggregate,labor_monthly_unallocated:aggregate,labor_monthly_unallocated,,2480.46,,,auto_pool,GCM allocatable pool,,2480.46,,,,,,,,,YES,NO,NO,,CANONICAL STORED — רכיב pool (לא נספר בנפרד)
2026-09,2026-09-01,GCM ALLOCATION,gcm_allocation,gcm:2026-09,GCM 2026-09,,,,,,GCM allocation,חורגין 36 רמת גן,28.522100,1780.43,,,,,,,,,YES,NO,NO,,CANONICAL STORED — הקצאת pool לפרויקט (לא נספר ב-Company Actual בנפרד)
2026-09,2026-09-01,GCM ALLOCATION,gcm_allocation,gcm:2026-09,GCM 2026-09,,,,,,GCM allocation,ויתקין 28 תל אביב,0.097200,6.07,,,,,,,,,YES,NO,NO,,CANONICAL STORED — הקצאת pool לפרויקט (לא נספר ב-Company Actual בנפרד)
2026-09,2026-09-01,GCM ALLOCATION,gcm_allocation,gcm:2026-09,GCM 2026-09,,,,,,GCM allocation,ברנדייס 6 תל אביב,28.739300,1794,,,,,,,,,YES,NO,NO,,CANONICAL STORED — הקצאת pool לפרויקט (לא נספר ב-Company Actual בנפרד)
2026-09,2026-09-01,GCM ALLOCATION,gcm_allocation,gcm:2026-09,GCM 2026-09,,,,,,GCM allocation,פינס 16 פתח תקוה,42.641400,2661.8,,,,,,,,,YES,NO,NO,,CANONICAL STORED — הקצאת pool לפרויקט (לא נספר ב-Company Actual בנפרד)
2026-01,2026-01-15,PAYMENT,vendor_other,0ccf325e-b66a-4a35-97a7-3961a21c3f1f,רואה חשבון,,,,,826,auto_pool,MULTI/SOURCE,,,,,826,,,,,,NO,NO,NO,,תשלום הוצאה | Bruto 826
2026-01,2026-01-15,PAYMENT,vendor_other,53e1e3bd-c56b-4874-9d46-67837af83dc9,ביטוח ישיר,,,,,380,auto_pool,MULTI/SOURCE,,,,,380,,,,,,NO,NO,NO,,תשלום הוצאה | Bruto 380
2026-01,2026-01-15,PAYMENT,vendor_other,6be26c6c-3fa3-47ea-b406-e37d5495815b,פרטנר,,,,,94.4,auto_pool,MULTI/SOURCE,,,,,94.4,,,,,,NO,NO,NO,,תשלום הוצאה | Bruto 94.4
2026-01,2026-01-15,PAYMENT,vendor_other,ae5a450c-ede9-4724-a197-b9ab62c5fb33,אשלט ניהול,,,,,1050,auto_pool,MULTI/SOURCE,,,,,1050,,,,,,NO,NO,NO,,תשלום הוצאה | Bruto 1050
2026-09,2026-09-06,PAYMENT,vendor_other,bbd3cdce-22e5-477f-bae1-1161e87cacb6,טיפולי רכב,,,,,8689,auto_pool,MULTI/SOURCE,,,,,8689,,,,,,NO,NO,NO,,תשלום הוצאה | Bruto 8689
2026-01,2026-01-15,PAYMENT,vendor_other,caf50207-9872-46c6-acc6-42608635e324,,,,,,800,auto_pool,MULTI/SOURCE,,,,,800,,,,,,NO,NO,NO,,תשלום הוצאה | Bruto 800
2026-06,2026-06-12,PAYMENT,vendor_other,332bedd7-cf98-4de8-a34c-27026e82e455,טיפולי רכב,,,,,1700,auto_pool,MULTI/SOURCE,,,,,1700,,,,,,NO,NO,NO,,תשלום הוצאה | Bruto 1700
2026-03,2026-03-15,PAYMENT,subcontractor,5057f5e5-c5ec-4419-b08e-8ea78de889be,התותחים,,,,,41276.4,project_allocate,ברנדייס 6 תל אביב,,,,,41276.4,,,,,,NO,NO,NO,,תשלום הוצאה | Bruto 41276.4
2026-04,2026-04-30,PAYMENT,vendor_other,08987418-910c-4491-ac72-09c8b7eee926,ארכה,,,,,432,auto_pool,MULTI/SOURCE,,,,,432,,,,,,NO,NO,NO,,תשלום הוצאה | Bruto 432
2026-04,2026-04-30,PAYMENT,materials,62a6bbbf-4d31-4b55-b23a-d6d07c8ef3de,"ארכה בע""מ",,,,,7232,project_allocate,ברנדייס 6 תל אביב,,,,,7232,,,,,,NO,NO,NO,,תשלום הוצאה | Bruto 7232
2026-05,2026-05-31,PAYMENT,materials,dc850c23-a312-42c9-8c9a-1d28cd5fa5e0,"ארכה בע""מ",,,,,1057,project_allocate,פינס 16 פתח תקוה,,,,,1057,,,,,,NO,NO,NO,,תשלום הוצאה | Bruto 1057
2026-02,2026-02-15,PAYMENT,vendor_other,47ff6030-5193-4b75-a202-9d73ac6061d9,ביטוח ישיר,,,,,380,auto_pool,MULTI/SOURCE,,,,,380,,,,,,NO,NO,NO,,תשלום הוצאה | Bruto 380
2026-02,2026-02-15,PAYMENT,vendor_other,50bae0b7-1017-402e-b841-343ed2d9103b,רואה חשבון,,,,,826,auto_pool,MULTI/SOURCE,,,,,826,,,,,,NO,NO,NO,,תשלום הוצאה | Bruto 826
2026-02,2026-02-15,PAYMENT,vendor_other,6c64b2ef-04f8-4f93-a593-3b4e29528de3,,,,,,800,auto_pool,MULTI/SOURCE,,,,,800,,,,,,NO,NO,NO,,תשלום הוצאה | Bruto 800
2026-02,2026-02-15,PAYMENT,vendor_other,ece2b815-7899-41e3-94a5-770da528f594,אשלט ניהול,,,,,1050,auto_pool,MULTI/SOURCE,,,,,1050,,,,,,NO,NO,NO,,תשלום הוצאה | Bruto 1050
2026-02,2026-02-15,PAYMENT,vendor_other,ee1d1b52-43bc-409c-83b0-15f6eb290240,פרטנר,,,,,94.4,auto_pool,MULTI/SOURCE,,,,,94.4,,,,,,NO,NO,NO,,תשלום הוצאה | Bruto 94.4
2026-02,2026-02-15,PAYMENT,vendor_other,39fdd158-d758-40f4-8051-10ee679bdaa3,ארנולד בריל,,,,,1711,project_allocate,ברנדייס 6 תל אביב,,,,,1711,,,,,,NO,NO,NO,,תשלום הוצאה | Bruto 1711
2026-04,2026-04-15,PAYMENT,subcontractor,2807943d-8fcb-41e5-989d-3ee46982f8b0,התותחים,,,,,33099,project_allocate,ברנדייס 6 תל אביב,,,,,33099,,,,,,NO,NO,NO,,תשלום הוצאה | Bruto 33099
2026-04,2026-04-15,PAYMENT,subcontractor,52858ea4-9109-4331-8a3d-c7b67c83cfd5,התותחים,,,,,33099,project_allocate,פינס 16 פתח תקוה,,,,,33099,,,,,,NO,NO,NO,,תשלום הוצאה | Bruto 33099
2026-06,2026-06-30,PAYMENT,materials,9e512ba4-75bb-4a73-8580-735f0b1d5b0c,"ארכה בע""מ",,,,,4926,project_allocate,ברנדייס 6 תל אביב,,,,,4926,,,,,,NO,NO,NO,,תשלום הוצאה | Bruto 4926
2026-06,2026-06-30,PAYMENT,vendor_other,a048e91a-e3f7-4d33-ae99-ee0d06c162b1,ארכה,,,,,2475,auto_pool,MULTI/SOURCE,,,,,2475,,,,,,NO,NO,NO,,תשלום הוצאה | Bruto 2475
2026-03,2026-03-10,PAYMENT,vendor_other,3d6c0582-8bbe-43c6-a021-5734bd1ff93e,קרני,,,,,24368,project_allocate,ברנדייס 6 תל אביב,,,,,24368,,,,,,NO,NO,NO,,תשלום הוצאה | Bruto 24368
2026-03,2026-03-15,PAYMENT,vendor_other,5dca5e29-6510-478e-a430-e27b443c5013,ביטוח ישיר,,,,,380,auto_pool,MULTI/SOURCE,,,,,380,,,,,,NO,NO,NO,,תשלום הוצאה | Bruto 380
2026-03,2026-03-15,PAYMENT,vendor_other,6dc11a3b-904c-4f2f-88c1-9c2f81e1f2a1,רואה חשבון,,,,,826,auto_pool,MULTI/SOURCE,,,,,826,,,,,,NO,NO,NO,,תשלום הוצאה | Bruto 826
2026-03,2026-03-15,PAYMENT,vendor_other,8740520a-b6c3-4149-93a6-fe7c372561c0,,,,,,800,auto_pool,MULTI/SOURCE,,,,,800,,,,,,NO,NO,NO,,תשלום הוצאה | Bruto 800
2026-03,2026-03-15,PAYMENT,vendor_other,9838e609-7107-4738-be42-63dc84a6f8a8,פרטנר,,,,,94.4,auto_pool,MULTI/SOURCE,,,,,94.4,,,,,,NO,NO,NO,,תשלום הוצאה | Bruto 94.4
2026-03,2026-03-15,PAYMENT,vendor_other,cda7094f-9dc6-45fb-a0a8-74debce622f0,אשלט ניהול,,,,,1050,auto_pool,MULTI/SOURCE,,,,,1050,,,,,,NO,NO,NO,,תשלום הוצאה | Bruto 1050
2026-09,2026-09-01,PAYMENT,vendor_other,e800507f-2ff4-468b-aa32-63a849ba398d,סלולר/מחשוב,,,,,8450,auto_pool,MULTI/SOURCE,,,,,2464.56,,,,,,NO,NO,NO,,תשלום הוצאה | Bruto 2464.56
2026-04,2026-04-25,PAYMENT,vendor_other,253c6631-635b-402a-9697-0044041c6ffc,"ש. ברדוגו בע""מ",,,,,1593,auto_pool,MULTI/SOURCE,,,,,1593,,,,,,NO,NO,NO,,תשלום הוצאה | Bruto 1593
2026-05,2026-05-15,PAYMENT,subcontractor,23559bd8-dc92-4f81-81e1-7b9ac85ae508,התותחים,,,,,25311,project_allocate,פינס 16 פתח תקוה,,,,,25311,,,,,,NO,NO,NO,,תשלום הוצאה | Bruto 25311
2026-07,2026-07-31,PAYMENT,materials,255e6d44-c3cc-4c57-999e-12e9353c4e93,"ארכה בע""מ",,,,,5367,project_allocate,פינס 16 פתח תקוה,,,,,5367,,,,,,NO,NO,NO,,תשלום הוצאה | Bruto 5367
2026-07,2026-07-31,PAYMENT,vendor_other,48c5d620-d4b3-4d02-beb7-a6d73bddb581,"ארכה בע""מ",,,,,799,auto_pool,MULTI/SOURCE,,,,,799,,,,,,NO,NO,NO,,תשלום הוצאה | Bruto 799
2026-04,2026-04-15,PAYMENT,vendor_other,095a2290-fb6d-4ec7-a06e-bd103df1db2b,אשלט ניהול,,,,,1050,auto_pool,MULTI/SOURCE,,,,,1050,,,,,,NO,NO,NO,,תשלום הוצאה | Bruto 1050
2026-04,2026-04-15,PAYMENT,vendor_other,15f2c630-f92e-4a63-8972-21e7d67ae33f,ביטוח ישיר,,,,,380,auto_pool,MULTI/SOURCE,,,,,380,,,,,,NO,NO,NO,,תשלום הוצאה | Bruto 380
2026-04,2026-04-15,PAYMENT,vendor_other,684b7bcd-9451-4db1-b5b4-75dc14e7bd2f,פרטנר,,,,,94.4,auto_pool,MULTI/SOURCE,,,,,94.4,,,,,,NO,NO,NO,,תשלום הוצאה | Bruto 94.4
2026-04,2026-04-15,PAYMENT,vendor_other,74869eee-1877-45ea-b94f-6c044739a92c,,,,,,800,auto_pool,MULTI/SOURCE,,,,,800,,,,,,NO,NO,NO,,תשלום הוצאה | Bruto 800
2026-04,2026-04-15,PAYMENT,vendor_other,c5ca9bcb-8405-44c7-8dfa-db97407bc8ed,רואה חשבון,,,,,826,auto_pool,MULTI/SOURCE,,,,,826,,,,,,NO,NO,NO,,תשלום הוצאה | Bruto 826
2026-06,2026-06-15,PAYMENT,subcontractor,49426715-55d0-4175-816c-306e1a2f25bd,התותחים,,,,,35046,project_allocate,פינס 16 פתח תקוה,,,,,35046,,,,,,NO,NO,NO,,תשלום הוצאה | Bruto 35046
2026-08,2026-08-31,PAYMENT,materials,4ec7c975-853c-4fc9-8069-e1ffcc7a6679,"ארכה בע""מ",,,,,11355,project_allocate,פינס 16 פתח תקוה,,,,,11355,,,,,,NO,NO,NO,,תשלום הוצאה | Bruto 11355
2026-08,2026-08-31,PAYMENT,materials,6c8010d7-2bb3-4b01-b199-120855d2fbd3,"ארכה בע""מ",,,,,882,project_allocate,חורגין 36 רמת גן,,,,,882,,,,,,NO,NO,NO,,תשלום הוצאה | Bruto 882
2026-08,2026-08-31,PAYMENT,vendor_other,76269c26-e29a-4d5b-90d3-6ad20c455c0d,"ארכה בע""מ",,,,,1504,auto_pool,MULTI/SOURCE,,,,,1504,,,,,,NO,NO,NO,,תשלום הוצאה | Bruto 1504
2026-08,2026-08-31,PAYMENT,materials,bc1ec8cd-10b7-4773-9b99-5e13e595e231,"ארכה בע""מ",,,,,1826,project_allocate,ברנדייס 6 תל אביב,,,,,1826,,,,,,NO,NO,NO,,תשלום הוצאה | Bruto 1826
2026-05,2026-05-10,PAYMENT,vendor_other,6b1eb957-9076-4624-9343-a31d1384e5f9,,,,,,800,auto_pool,MULTI/SOURCE,,,,,800,,,,,,NO,NO,NO,,תשלום הוצאה | Bruto 800
2026-05,2026-05-15,PAYMENT,vendor_other,752c4a8b-a1e5-4dcb-89ac-a3546994cf65,רואה חשבון,,,,,826,auto_pool,MULTI/SOURCE,,,,,826,,,,,,NO,NO,NO,,תשלום הוצאה | Bruto 826
2026-05,2026-05-15,PAYMENT,vendor_other,c3ca1364-75b0-4557-92ea-bcea3b1aef0e,פרטנר,,,,,94.4,auto_pool,MULTI/SOURCE,,,,,94.4,,,,,,NO,NO,NO,,תשלום הוצאה | Bruto 94.4
2026-05,2026-05-15,PAYMENT,vendor_other,d906e6c4-00c5-454d-aea5-ae6f89261bb9,אשלט ניהול,,,,,1050,auto_pool,MULTI/SOURCE,,,,,1050,,,,,,NO,NO,NO,,תשלום הוצאה | Bruto 1050
2026-05,2026-05-15,PAYMENT,vendor_other,fdb4a1e6-6541-4108-8483-256e5bff8e27,ביטוח ישיר,,,,,380,auto_pool,MULTI/SOURCE,,,,,380,,,,,,NO,NO,NO,,תשלום הוצאה | Bruto 380
2026-06,2026-06-15,PAYMENT,vendor_other,bed3c8c0-9242-40ed-bb23-c1a68e4f2ee4,ארנולד בריל,,,,,1416,project_allocate,ברנדייס 6 תל אביב,,,,,1416,,,,,,NO,NO,NO,,תשלום הוצאה | Bruto 1416
2026-07,2026-07-15,PAYMENT,subcontractor,ae11fb0d-168e-41d3-a100-e4445a4b9e75,התותחים,,,,,36344,project_allocate,פינס 16 פתח תקוה,,,,,36344,,,,,,NO,NO,NO,,תשלום הוצאה | Bruto 36344
2026-06,2026-06-15,PAYMENT,vendor_other,67d2d65a-5087-4597-a944-76a36c8d5883,רואה חשבון,,,,,826,auto_pool,MULTI/SOURCE,,,,,826,,,,,,NO,NO,NO,,תשלום הוצאה | Bruto 826
2026-06,2026-06-15,PAYMENT,vendor_other,6e9bdb8b-9008-426a-964b-41a9a84fc5f8,,,,,,800,auto_pool,MULTI/SOURCE,,,,,800,,,,,,NO,NO,NO,,תשלום הוצאה | Bruto 800
2026-06,2026-06-15,PAYMENT,vendor_other,b1e3299f-2baf-45fd-8b31-78fb499edfb7,פרטנר,,,,,94.4,auto_pool,MULTI/SOURCE,,,,,94.4,,,,,,NO,NO,NO,,תשלום הוצאה | Bruto 94.4
2026-06,2026-06-15,PAYMENT,vendor_other,c86f12fb-4012-4a1c-ac6c-fd1adfd3c45d,אשלט ניהול,,,,,1050,auto_pool,MULTI/SOURCE,,,,,1050,,,,,,NO,NO,NO,,תשלום הוצאה | Bruto 1050
2026-06,2026-06-15,PAYMENT,vendor_other,febd6e92-8dbb-4081-8e25-9f21626cf0c3,ביטוח ישיר,,,,,380,auto_pool,MULTI/SOURCE,,,,,380,,,,,,NO,NO,NO,,תשלום הוצאה | Bruto 380
2026-06,2026-06-15,PAYMENT,vendor_other,bff6c3e0-6cc2-4751-92ac-4471be3691a6,חנייה,,,,,200,auto_pool,MULTI/SOURCE,,,,,200,,,,,,NO,NO,NO,,תשלום הוצאה | Bruto 200
2026-07,2026-07-15,PAYMENT,vendor_other,54b81474-ef39-4af9-bd6a-cd5b9db78e72,ארנולד בריל,,,,,826,project_allocate,פינס 16 פתח תקוה,,,,,826,,,,,,NO,NO,NO,,תשלום הוצאה | Bruto 826
2026-08,2026-08-15,PAYMENT,subcontractor,113e8f4a-bde3-4867-ab6e-6f08ac704f7d,התותחים,,,,,45430,project_allocate,ברנדייס 6 תל אביב,,,,,45430,,,,,,NO,NO,NO,,תשלום הוצאה | Bruto 45430
2026-07,2026-07-15,PAYMENT,vendor_other,0e673c8c-9a77-4528-b6f5-80d74db82306,אשלט ניהול,,,,,1050,auto_pool,MULTI/SOURCE,,,,,1050,,,,,,NO,NO,NO,,תשלום הוצאה | Bruto 1050
2026-07,2026-07-15,PAYMENT,vendor_other,3a32bccd-ddda-470c-83ae-e4c337704bd7,,,,,,800,auto_pool,MULTI/SOURCE,,,,,800,,,,,,NO,NO,NO,,תשלום הוצאה | Bruto 800
2026-07,2026-07-15,PAYMENT,vendor_other,738faf43-d7bb-448d-8f5d-e8533204d4bd,רואה חשבון,,,,,826,auto_pool,MULTI/SOURCE,,,,,826,,,,,,NO,NO,NO,,תשלום הוצאה | Bruto 826
2026-07,2026-07-15,PAYMENT,vendor_other,8796c5ba-7e4c-4c45-93ad-774386ab8d71,ביטוח ישיר,,,,,380,auto_pool,MULTI/SOURCE,,,,,380,,,,,,NO,NO,NO,,תשלום הוצאה | Bruto 380
2026-07,2026-07-15,PAYMENT,vendor_other,921270d6-03e3-4bf9-858f-f2c0ac2a90b4,משרדים ממשלתיים,,,,,791.78,auto_pool,MULTI/SOURCE,,,,,791.78,,,,,,NO,NO,NO,,תשלום הוצאה | Bruto 791.78
2026-07,2026-07-15,PAYMENT,vendor_other,bfb759f1-116a-4df7-af9e-2ccb2c59e692,פרטנר,,,,,94.4,auto_pool,MULTI/SOURCE,,,,,94.4,,,,,,NO,NO,NO,,תשלום הוצאה | Bruto 94.4
2026-07,2026-07-15,PAYMENT,vendor_other,dc2bd3c5-4087-4fb8-baec-bd130929625b,הזמנות חול,,,,,2306.9,auto_pool,MULTI/SOURCE,,,,,2306.9,,,,,,NO,NO,NO,,תשלום הוצאה | Bruto 2306.9
2026-08,2026-08-15,PAYMENT,vendor_other,59437bb1-e7e0-47be-80d7-a5c2ce3d46ce,סלולר/מחשוב,,,,,1508,auto_pool,MULTI/SOURCE,,,,,1508,,,,,,NO,NO,NO,,תשלום הוצאה | Bruto 1508
2026-08,2026-08-15,PAYMENT,vendor_other,79733619-7d3a-4892-ad77-8ce3205c8a1c,רישיון רכב,,,,,1937,auto_pool,MULTI/SOURCE,,,,,1937,,,,,,NO,NO,NO,,תשלום הוצאה | Bruto 1937
2026-09,2026-09-15,PAYMENT,subcontractor,2eca1fd7-4f3e-4a71-b365-b0eb6196a0b8,התותחים,,,,,45430,project_allocate,חורגין 36 רמת גן,,,,,45430,,,,,,NO,NO,NO,,תשלום הוצאה | Bruto 45430
2026-08,2026-08-15,PAYMENT,vendor_other,1ec90f1f-0470-4131-a8ed-77f858faec0e,ביטוח ישיר,,,,,380,auto_pool,MULTI/SOURCE,,,,,380,,,,,,NO,NO,NO,,תשלום הוצאה | Bruto 380
2026-08,2026-08-15,PAYMENT,vendor_other,3de4f3e2-70f1-473f-bc20-8ff26497287f,,,,,,800,auto_pool,MULTI/SOURCE,,,,,800,,,,,,NO,NO,NO,,תשלום הוצאה | Bruto 800
2026-08,2026-08-15,PAYMENT,vendor_other,7b80dc92-1cad-456b-88fe-51ec74f1b9fd,רואה חשבון,,,,,826,auto_pool,MULTI/SOURCE,,,,,826,,,,,,NO,NO,NO,,תשלום הוצאה | Bruto 826
2026-08,2026-08-15,PAYMENT,vendor_other,b7a0f1ab-d43a-4b1e-999a-d24baf6d87be,פרטנר,,,,,94.4,auto_pool,MULTI/SOURCE,,,,,94.4,,,,,,NO,NO,NO,,תשלום הוצאה | Bruto 94.4
2026-08,2026-08-15,PAYMENT,vendor_other,f30c8f7e-d840-4917-9372-142723b3aea8,אשלט ניהול,,,,,1050,auto_pool,MULTI/SOURCE,,,,,1050,,,,,,NO,NO,NO,,תשלום הוצאה | Bruto 1050
2026-08,2026-08-01,PAYMENT,vendor_other,23b26eee-46c3-49ff-99e0-71fbc5b0ebb3,דלק,,,,,8286,auto_pool,MULTI/SOURCE,,,,,8286,,,,,,NO,NO,NO,,תשלום הוצאה | Bruto 8286
2026-09,2026-09-01,PAYMENT,subcontractor,787c2497-9418-4c5e-8578-fbe9d3ef130b,אחמד קבלן חשמל,,,,,7080,project_allocate,חורגין 36 רמת גן,,,,,7080,,,,,,NO,NO,NO,,תשלום הוצאה | Bruto 7080
2026-08,2026-08-01,PAYMENT,vendor_other,85c2986b-d309-48d0-bb2b-8bae3d8e73d9,אספקה טכנית,,,,,1710,auto_pool,MULTI/SOURCE,,,,,1710,,,,,,NO,NO,NO,,תשלום הוצאה | Bruto 1710
2026-09,2026-09-07,PAYMENT,materials,4d74ad49-9933-4e13-8f12-7e76d129ec53,ת.מ לוחות חשמל,,,,,11800,project_allocate,ברנדייס 6 תל אביב,,,,,11800,,,,,,NO,NO,NO,,תשלום הוצאה | Bruto 11800
2026-09,2026-09-23,PAYMENT,subcontractor,e8e71f51-970f-44c5-a484-17524fd47046,אחמד קבלן חשמל,,,,,8779,project_allocate,חורגין 36 רמת גן,,,,,8779,,,,,,NO,NO,NO,,תשלום הוצאה | Bruto 8779
2026-02,2026-02-10,PAYMENT,payroll,3da13ebf-d0e5-472b-8998-991ef131a2c7,ערן יוסף,,,,,,,ערן יוסף,,,,,27000,,,,,,NO,,NO,,שכר 2026-01
2026-03,2026-03-10,PAYMENT,payroll,2d10a70f-dceb-4ff3-9e53-ab18d0a1cddd,ערן יוסף,,,,,,,ערן יוסף,,,,,27000,,,,,,NO,,NO,,שכר 2026-02
2026-04,2026-04-10,PAYMENT,payroll,52ec6dd3-53c6-4af5-af63-3f00874eedaa,ערן יוסף,,,,,,,ערן יוסף,,,,,27000,,,,,,NO,,NO,,שכר 2026-03
2026-05,2026-05-10,PAYMENT,payroll,4947882b-f43f-4f15-9dea-2330b7232afe,פאדי מנצור,,,,,,,פאדי מנצור,,,,,5625,,,,,,NO,,NO,,שכר 2026-04
2026-05,2026-05-10,PAYMENT,payroll,b6bd6ec5-9845-4d8d-aa18-ec8070a79802,ערן יוסף,,,,,,,ערן יוסף,,,,,27000,,,,,,NO,,NO,,שכר 2026-04
2026-06,2026-06-10,PAYMENT,payroll,fad01b60-04c6-4256-a554-aa23af43b11e,ערן יוסף,,,,,,,ערן יוסף,,,,,27000,,,,,,NO,,NO,,שכר 2026-05
2026-07,2026-07-10,PAYMENT,payroll,513d2156-2989-48d4-a2ca-ba2ea7e216ca,ערן יוסף,,,,,,,ערן יוסף,,,,,27000,,,,,,NO,,NO,,שכר 2026-06
2026-08,2026-08-10,PAYMENT,payroll,dc34a05c-33af-42b7-aad1-81b317746fee,ערן יוסף,,,,,,,ערן יוסף,,,,,27000,,,,,,NO,,NO,,שכר 2026-07
2026-09,2026-09-10,PAYMENT,payroll,7d28292e-266d-4496-85bc-b6c6892e1223,ערן יוסף,,,,,,,ערן יוסף,,,,,27000,,,,,,NO,,NO,,שכר 2026-08
2026-09,2026-09-09,PAYMENT,payroll,83b9d9f1-46be-4eac-9d8d-d0ad41b516f3,פאדי מנצור,,,,,,,פאדי מנצור,,,,,8250,,,,,,NO,,NO,,שכר 2026-08
2026-03,2026-03-01,OUTSTANDING,vendor_other,e800507f-2ff4-468b-aa32-63a849ba398d,סלולר/מחשוב,,,7161.02,,8450,auto_pool,auto_pool,,,,upcoming,2464.56,5985.44,,,,,YES,NO,NO,,PAYMENT IS SOURCE-LEVEL
2026-05,2026-05-31,OUTSTANDING,materials,057ec4f6-f7f2-4303-9e69-ec7112a5415c,"ארכה בע""מ",,,7738.14,,9131,project_allocate,פינס 16 פתח תקוה,,,,,0,9131,,,,,YES,NO,NO,,PAYMENT IS SOURCE-LEVEL
2026-05,2026-05-31,OUTSTANDING,vendor_other,30f6986b-5089-46a1-940c-9b860b6b5df7,"ארכה בע""מ",,,1238.98,,1462,auto_pool,auto_pool,,,,,0,1462,,,,,YES,NO,NO,,PAYMENT IS SOURCE-LEVEL
2026-05,2026-05-31,OUTSTANDING,materials,a64f787d-3d2b-406a-aa13-8bef46fceb06,"ארכה בע""מ",,,579.66,,684,project_allocate,חורגין 36 רמת גן,,,,,0,684,,,,,YES,NO,NO,,PAYMENT IS SOURCE-LEVEL
2026-05,2026-05-31,OUTSTANDING,materials,c763ca9e-0cbd-49eb-9c23-979ab2f2ea2d,"ארכה בע""מ",,,1868.64,,2205,project_allocate,ברנדייס 6 תל אביב,,,,,0,2205,,,,,YES,NO,NO,,PAYMENT IS SOURCE-LEVEL
2026-06,2026-06-30,OUTSTANDING,vendor_other,670012f9-119e-4484-b967-48a66bfb87fd,"ארכה בע""מ",,,1561.02,,1842,auto_pool,auto_pool,,,,,0,1842,,,,,YES,NO,NO,,PAYMENT IS SOURCE-LEVEL
2026-06,2026-06-30,OUTSTANDING,materials,8a59ea33-a4e2-45d1-b105-8bfc66a0f119,"ארכה בע""מ",,,547.46,,646,project_allocate,חורגין 36 רמת גן,,,,,0,646,,,,,YES,NO,NO,,PAYMENT IS SOURCE-LEVEL
2026-06,2026-06-30,OUTSTANDING,materials,c7559830-6be3-4648-bc32-c84cdb685a27,"ארכה בע""מ",,,5150,,6077,project_allocate,פינס 16 פתח תקוה,,,,,0,6077,,,,,YES,NO,NO,,PAYMENT IS SOURCE-LEVEL
2026-06,2026-06-30,OUTSTANDING,materials,d1be99c5-f5b6-4637-9ba7-13c955638671,"ארכה בע""מ",,,873.73,,1031,project_allocate,ברנדייס 6 תל אביב,,,,,0,1031,,,,,YES,NO,NO,,PAYMENT IS SOURCE-LEVEL
2026-07,2026-07-31,OUTSTANDING,materials,a3366c29-7fae-40f8-a41c-0c769d8d0625,"ארכה בע""מ",,,8450.85,,9972,project_allocate,ברנדייס 6 תל אביב,,,,,0,9972,,,,,YES,NO,NO,,PAYMENT IS SOURCE-LEVEL
2026-07,2026-07-31,OUTSTANDING,materials,b9e00aac-15b8-4a18-9aef-83c0ff285a0c,"ארכה בע""מ",,,6882.2,,8121,project_allocate,פינס 16 פתח תקוה,,,,,0,8121,,,,,YES,NO,NO,,PAYMENT IS SOURCE-LEVEL
2026-07,2026-07-31,OUTSTANDING,materials,c3a36273-ae23-454f-8b43-ad76f75583a5,"ארכה בע""מ",,,6544.07,,7722,project_allocate,חורגין 36 רמת גן,,,,,0,7722,,,,,YES,NO,NO,,PAYMENT IS SOURCE-LEVEL
2026-07,2026-07-31,OUTSTANDING,vendor_other,e86f071e-86c2-4b4f-b4cf-d5aac63539ff,"ארכה בע""מ",,,2046.61,,2415,auto_pool,auto_pool,,,,,0,2415,,,,,YES,NO,NO,,PAYMENT IS SOURCE-LEVEL
2026-08,2026-08-31,OUTSTANDING,vendor_other,0b2e94af-ce9e-4899-94c9-364b01557d41,"ארכה בע""מ",,,1401.69,,1654,auto_pool,auto_pool,,,,upcoming,0,1654,2026-12-29,,,,YES,NO,NO,,PAYMENT IS SOURCE-LEVEL
2026-08,2026-08-31,OUTSTANDING,materials,1cac6e43-2345-4461-b485-9cd506a2270f,"ארכה בע""מ",,,14101.69,,16640,project_allocate,חורגין 36 רמת גן,,,,upcoming,0,16640,2026-12-29,,,,YES,NO,NO,,PAYMENT IS SOURCE-LEVEL
2026-08,2026-08-31,OUTSTANDING,materials,4828b478-2e39-4a36-89dc-c717ebc46bb7,"ארכה בע""מ",,,1094.92,,1292,project_allocate,פינס 16 פתח תקוה,,,,upcoming,0,1292,2026-12-29,,,,YES,NO,NO,,PAYMENT IS SOURCE-LEVEL
2026-08,2026-08-31,OUTSTANDING,materials,60dfc37e-2601-4332-a9c4-883261254587,"ארכה בע""מ",,,905.93,,1069,project_allocate,ברנדייס 6 תל אביב,,,,upcoming,0,1069,2026-12-29,,,,YES,NO,NO,,PAYMENT IS SOURCE-LEVEL
2026-08,2026-08-31,OUTSTANDING,subcontractor,71a725ef-e92e-4992-b063-b79bb490f042,התותחים,,,39600,,46728,project_allocate,חורגין 36 רמת גן + פינס 16 פתח תקוה,,,,upcoming,0,46728,2026-10-15,,,,YES,NO,NO,,PAYMENT IS SOURCE-LEVEL
2026-09,2026-09-01,OUTSTANDING,vendor_other,68d93ba2-576b-47cc-9abd-f3ffc4a56652,פרטנר,,,80,,94.4,auto_pool,auto_pool,,,,upcoming,0,94.4,2026-10-01,,,,YES,NO,NO,,PAYMENT IS SOURCE-LEVEL
2026-09,2026-09-01,OUTSTANDING,vendor_other,8bcf287a-28af-4ffd-af44-12d8e81c3628,ביטוח עסק,,,800,,800,auto_pool,auto_pool,,,,upcoming,0,800,2026-10-01,,,,YES,NO,NO,,PAYMENT IS SOURCE-LEVEL
2026-09,2026-09-01,OUTSTANDING,vendor_other,afee261c-ad5c-45a8-9aa3-58d2558bc270,ביטוח ישיר,,,380,,380,auto_pool,auto_pool,,,,upcoming,0,380,2026-10-01,,,,YES,NO,NO,,PAYMENT IS SOURCE-LEVEL
2026-09,2026-09-01,OUTSTANDING,vendor_other,e8b0b83a-d55c-49c0-ae2e-36760d8724a3,אשלט ניהול,,,889.83,,1050,auto_pool,auto_pool,,,,upcoming,0,1050,2026-10-01,,,,YES,NO,NO,,PAYMENT IS SOURCE-LEVEL
2026-09,2026-09-01,OUTSTANDING,vendor_other,eae47b98-ad63-4183-95fc-58423aaef28d,רואה חשבון,,,700,,826,auto_pool,auto_pool,,,,upcoming,0,826,2026-10-01,,,,YES,NO,NO,,PAYMENT IS SOURCE-LEVEL
2026-09,2026-10-10,OUTSTANDING,payroll,0d6ef093-3992-4a07-b466-ce384d4fd430,ערן יוסף,,,,,9818.18,,ערן יוסף,,,,upcoming,,9818.18,2026-10-10,,,,NO,NO,NO,,
2026-09,2026-10-10,OUTSTANDING,payroll,16f1af34-3475-4478-80d1-8e636840ed1c,מוחמד נציר,,,,,6750,,מוחמד נציר,,,,upcoming,,6750,2026-10-10,,,,NO,NO,NO,,
2026-09,2026-10-10,OUTSTANDING,payroll,42411f9a-537b-4fc3-922c-673ae60f318c,סאלח נציר,,,,,5449.09,,סאלח נציר,,,,upcoming,,5449.09,2026-10-10,,,,NO,NO,NO,,
2026-09,2026-10-10,OUTSTANDING,payroll,701bbe08-624f-41d3-bc6f-bcb3cb25c20a,פאדי מנצור,,,,,6750,,פאדי מנצור,,,,upcoming,,6750,2026-10-10,,,,NO,NO,NO,,
2026-10,2026-01-01,FUTURE SCHEDULE,installment,bbd3cdce-22e5-477f-bae1-1161e87cacb6,טיפולי רכב,,,613.63,,,auto_pool,לפי מקור,,,,,,,,,,9,NO,YES,NO,,טרם מוכר ב-Actual
2026-11,2026-01-01,FUTURE SCHEDULE,installment,bbd3cdce-22e5-477f-bae1-1161e87cacb6,טיפולי רכב,,,613.63,,,auto_pool,לפי מקור,,,,,,,,,,10,NO,YES,NO,,טרם מוכר ב-Actual
2026-12,2026-01-01,FUTURE SCHEDULE,installment,bbd3cdce-22e5-477f-bae1-1161e87cacb6,טיפולי רכב,,,613.63,,,auto_pool,לפי מקור,,,,,,,,,,11,NO,YES,NO,,טרם מוכר ב-Actual
2026-10,2026-03-01,FUTURE SCHEDULE,installment,e800507f-2ff4-468b-aa32-63a849ba398d,סלולר/מחשוב,,,298.38,,,auto_pool,לפי מקור,,,,,,,,,,7,NO,YES,NO,,טרם מוכר ב-Actual
2026-11,2026-03-01,FUTURE SCHEDULE,installment,e800507f-2ff4-468b-aa32-63a849ba398d,סלולר/מחשוב,,,298.38,,,auto_pool,לפי מקור,,,,,,,,,,8,NO,YES,NO,,טרם מוכר ב-Actual
2026-12,2026-03-01,FUTURE SCHEDULE,installment,e800507f-2ff4-468b-aa32-63a849ba398d,סלולר/מחשוב,,,298.38,,,auto_pool,לפי מקור,,,,,,,,,,9,NO,YES,NO,,טרם מוכר ב-Actual
2027-01,2026-03-01,FUTURE SCHEDULE,installment,e800507f-2ff4-468b-aa32-63a849ba398d,סלולר/מחשוב,,,298.38,,,auto_pool,לפי מקור,,,,,,,,,,10,NO,YES,NO,,טרם מוכר ב-Actual
2027-02,2026-03-01,FUTURE SCHEDULE,installment,e800507f-2ff4-468b-aa32-63a849ba398d,סלולר/מחשוב,,,298.38,,,auto_pool,לפי מקור,,,,,,,,,,11,NO,YES,NO,,טרם מוכר ב-Actual
2027-03,2026-03-01,FUTURE SCHEDULE,installment,e800507f-2ff4-468b-aa32-63a849ba398d,סלולר/מחשוב,,,298.38,,,auto_pool,לפי מקור,,,,,,,,,,12,NO,YES,NO,,טרם מוכר ב-Actual
2027-04,2026-03-01,FUTURE SCHEDULE,installment,e800507f-2ff4-468b-aa32-63a849ba398d,סלולר/מחשוב,,,298.38,,,auto_pool,לפי מקור,,,,,,,,,,13,NO,YES,NO,,טרם מוכר ב-Actual
2027-05,2026-03-01,FUTURE SCHEDULE,installment,e800507f-2ff4-468b-aa32-63a849ba398d,סלולר/מחשוב,,,298.38,,,auto_pool,לפי מקור,,,,,,,,,,14,NO,YES,NO,,טרם מוכר ב-Actual
2027-06,2026-03-01,FUTURE SCHEDULE,installment,e800507f-2ff4-468b-aa32-63a849ba398d,סלולר/מחשוב,,,298.38,,,auto_pool,לפי מקור,,,,,,,,,,15,NO,YES,NO,,טרם מוכר ב-Actual
2027-07,2026-03-01,FUTURE SCHEDULE,installment,e800507f-2ff4-468b-aa32-63a849ba398d,סלולר/מחשוב,,,298.38,,,auto_pool,לפי מקור,,,,,,,,,,16,NO,YES,NO,,טרם מוכר ב-Actual
2027-08,2026-03-01,FUTURE SCHEDULE,installment,e800507f-2ff4-468b-aa32-63a849ba398d,סלולר/מחשוב,,,298.38,,,auto_pool,לפי מקור,,,,,,,,,,17,NO,YES,NO,,טרם מוכר ב-Actual
2027-09,2026-03-01,FUTURE SCHEDULE,installment,e800507f-2ff4-468b-aa32-63a849ba398d,סלולר/מחשוב,,,298.38,,,auto_pool,לפי מקור,,,,,,,,,,18,NO,YES,NO,,טרם מוכר ב-Actual
2027-10,2026-03-01,FUTURE SCHEDULE,installment,e800507f-2ff4-468b-aa32-63a849ba398d,סלולר/מחשוב,,,298.38,,,auto_pool,לפי מקור,,,,,,,,,,19,NO,YES,NO,,טרם מוכר ב-Actual
2027-11,2026-03-01,FUTURE SCHEDULE,installment,e800507f-2ff4-468b-aa32-63a849ba398d,סלולר/מחשוב,,,298.38,,,auto_pool,לפי מקור,,,,,,,,,,20,NO,YES,NO,,טרם מוכר ב-Actual
2027-12,2026-03-01,FUTURE SCHEDULE,installment,e800507f-2ff4-468b-aa32-63a849ba398d,סלולר/מחשוב,,,298.38,,,auto_pool,לפי מקור,,,,,,,,,,21,NO,YES,NO,,טרם מוכר ב-Actual
2028-01,2026-03-01,FUTURE SCHEDULE,installment,e800507f-2ff4-468b-aa32-63a849ba398d,סלולר/מחשוב,,,298.38,,,auto_pool,לפי מקור,,,,,,,,,,22,NO,YES,NO,,טרם מוכר ב-Actual
2028-02,2026-03-01,FUTURE SCHEDULE,installment,e800507f-2ff4-468b-aa32-63a849ba398d,סלולר/מחשוב,,,298.28,,,auto_pool,לפי מקור,,,,,,,,,,23,NO,YES,NO,,טרם מוכר ב-Actual
2026-12,2026-12-10,FUTURE SCHEDULE,recurring,b68b5932-d467-41ac-9e03-3cec34c57764,ביטוח עסק,,,800,,,general_business,auto_pool/עסק,,,,,,,,,,,NO,YES,NO,,תדירות monthly | auto_finalize=false
2026-10,2026-10-01,FUTURE SCHEDULE,recurring,165e211e-ec3f-4d44-ba3a-a15448d7a17f,ביטוח עסק,,,800,,,general_business,auto_pool/עסק,,,,,,,,,,,NO,YES,NO,,תדירות monthly | auto_finalize=true
2026-10,2026-10-01,FUTURE SCHEDULE,recurring,ca7913f0-86a7-4297-a7c9-2118c408aebe,ביטוח רכב,,,380,,,general_business,auto_pool/עסק,,,,,,,,,,,NO,YES,NO,,תדירות monthly | auto_finalize=true
2026-10,2026-10-01,FUTURE SCHEDULE,recurring,17714831-80fc-4526-91c7-a4dece27d879,סלולר,,,80,,,general_business,auto_pool/עסק,,,,,,,,,,,NO,YES,NO,,תדירות monthly | auto_finalize=true
2026-10,2026-10-01,FUTURE SCHEDULE,recurring,ffb99468-101c-4918-a2c7-da6e02472b50,השכרת מחסן,,,1050,,,general_business,auto_pool/עסק,,,,,,,,,,,NO,YES,NO,,תדירות monthly | auto_finalize=true
2026-10,2026-10-01,FUTURE SCHEDULE,recurring,d4fae19c-d081-4971-8f21-9096c7f36546,רואה חשבון,,,700,,,general_business,auto_pool/עסק,,,,,,,,,,,NO,YES,NO,,תדירות monthly | auto_finalize=true