invoice_date,invoice_number,source_file,format_family,page,item_code,raw_description,quantity,unit,unit_price_net,discount_percent,line_total_net,extraction_confidence,notes
,,main_invoices\2017\2017-10-03__Nir-Sayag__R3417309113 - הדפסת חשבונית מרכזת.pdf,FORMAT_UNKNOWN,1,3700304,שחור50 מופה,3.00,unit,,,,MEDIUM,doc_ref=R5117332398; single_line
,,main_invoices\2017\2017-10-03__Nir-Sayag__R3417309113 - הדפסת חשבונית מרכזת.pdf,FORMAT_UNKNOWN,1,997615481,"גב עץ+ 24 בסיס תה""ט ללוח תקשורת",4.00,unit,,,,MEDIUM,doc_ref=R5117333214; single_line
,,main_invoices\2017\2017-10-03__Nir-Sayag__R3417309113 - הדפסת חשבונית מרכזת.pdf,FORMAT_UNKNOWN,1,99761550,"תה""ט36 בסיס ללוח",4.00,unit,,,,MEDIUM,doc_ref=R5117333214; single_line
,,main_invoices\2017\2017-10-03__Nir-Sayag__R3417309113 - הדפסת חשבונית מרכזת.pdf,FORMAT_UNKNOWN,1,99761216,"מקום תה""ט ריקה6 D-17 'קופ",2.00,unit,,,,MEDIUM,doc_ref=R5117333214; single_line
,,main_invoices\2017\2017-10-03__Nir-Sayag__R3417309113 - הדפסת חשבונית מרכזת.pdf,FORMAT_UNKNOWN,1,99761218,"מקום תה""ט ריקה8 D-18 'קופ",2.00,unit,,,,MEDIUM,doc_ref=R5117333214; single_line
,,main_invoices\2017\2017-10-03__Nir-Sayag__R3417309113 - הדפסת חשבונית מרכזת.pdf,FORMAT_UNKNOWN,1,840001800,"מודול תה""ט ללא מחיצות3 קופ' תקן",70.00,unit,,,,MEDIUM,doc_ref=R5117333214; single_line
,,main_invoices\2017\2017-10-03__Nir-Sayag__R3417309113 - הדפסת חשבונית מרכזת.pdf,FORMAT_UNKNOWN,1,8400005,תקן70 'קופ,30.00,unit,,,,MEDIUM,doc_ref=R5117333214; single_line
,,main_invoices\2017\2017-10-03__Nir-Sayag__R3417309113 - הדפסת חשבונית מרכזת.pdf,FORMAT_UNKNOWN,1,840001800,"מודול תה""ט ללא מחיצות3 קופ' תקן",60.00,unit,,,,MEDIUM,doc_ref=R5117334220; single_line
,,main_invoices\2017\2017-10-03__Nir-Sayag__R3417309113 - הדפסת חשבונית מרכזת.pdf,FORMAT_UNKNOWN,1,840001810,"מודול תה""ט ללא מחיצות4 קופ' תקן",30.00,unit,,,,MEDIUM,doc_ref=R5117334784; single_line
,,main_invoices\2017\2017-10-03__Nir-Sayag__R3417309113 - הדפסת חשבונית מרכזת.pdf,FORMAT_UNKNOWN,1,840001800,"מודול תה""ט ללא מחיצות3 קופ' תקן",50.00,unit,,,,MEDIUM,doc_ref=R5117335757; single_line
,,main_invoices\2017\2017-10-03__Nir-Sayag__R3417309113 - הדפסת חשבונית מרכזת.pdf,FORMAT_UNKNOWN,1,99761216,"מקום תה""ט ריקה6 D-17 'קופ",2.00,unit,,,,MEDIUM,doc_ref=R5117335757; single_line
,,main_invoices\2017\2017-10-03__Nir-Sayag__R3417309113 - הדפסת חשבונית מרכזת.pdf,FORMAT_UNKNOWN,1,99761218,"מקום תה""ט ריקה8 D-18 'קופ",2.00,unit,,,,MEDIUM,doc_ref=R5117335757; single_line
,,main_invoices\2017\2017-10-03__Nir-Sayag__R3417309113 - הדפסת חשבונית מרכזת.pdf,FORMAT_UNKNOWN,1,99761548,"לבן תה""טAA-24 בסיס בלבד ללוח",2.00,unit,,,,MEDIUM,doc_ref=R5117335757; single_line
,,main_invoices\2017\2017-10-03__Nir-Sayag__R3417309113 - הדפסת חשבונית מרכזת.pdf,FORMAT_UNKNOWN,1,99761550,"תה""ט36 בסיס ללוח",2.00,unit,,,,MEDIUM,doc_ref=R5117335757; single_line
,,main_invoices\2017\2017-10-03__Nir-Sayag__R3417309113 - הדפסת חשבונית מרכזת.pdf,FORMAT_UNKNOWN,3,997615041,' יח1.00 ח.א36-חלון ל+D-4,37.00,meter,55.00,55.00,22,HIGH,doc_ref=R5117332949
,,main_invoices\2017\2017-10-03__Nir-Sayag__R3417309113 - הדפסת חשבונית מרכזת.pdf,FORMAT_UNKNOWN,3,7340505,NSX100B-TM80 3P 25KA מפסק,1.00,unit,,,,MEDIUM,doc_ref=R5117332400; single_line
,,main_invoices\2017\2017-10-03__Nir-Sayag__R3417309113 - הדפסת חשבונית מרכזת.pdf,FORMAT_UNKNOWN,3,99761217,"מקום עה""ט ריקה8 D-18 'קופ",2.00,unit,,,,MEDIUM,doc_ref=R5117332400; single_line
,,main_invoices\2017\2017-10-03__Nir-Sayag__R3417309113 - הדפסת חשבונית מרכזת.pdf,FORMAT_UNKNOWN,3,99761232,D-.. זוג שקעי כח לקופסא,6.00,unit,,,,MEDIUM,doc_ref=R5117332400; single_line
,,main_invoices\2017\2017-10-03__Nir-Sayag__R3417309113 - הדפסת חשבונית מרכזת.pdf,FORMAT_UNKNOWN,3,695220591,SUPER N-1X קופסא ריקה,20.00,unit,,,,MEDIUM,doc_ref=R5117332400; single_line
,,main_invoices\2017\2017-10-03__Nir-Sayag__R3417309113 - הדפסת חשבונית מרכזת.pdf,FORMAT_UNKNOWN,3,695220592,SUPER N-2X קופסא ריקה,11.00,unit,,,,MEDIUM,doc_ref=R5117332400; single_line
,,main_invoices\2017\2017-10-03__Nir-Sayag__R3417309113 - הדפסת חשבונית מרכזת.pdf,FORMAT_UNKNOWN,3,835034,16A תקע למזגן,10.00,unit,,,,MEDIUM,doc_ref=R5117332400; single_line
,,main_invoices\2017\2017-10-03__Nir-Sayag__R3417309113 - הדפסת חשבונית מרכזת.pdf,FORMAT_UNKNOWN,3,2400090,SDS-PLUS 16*400/460 מקדח,1.00,unit,,,,MEDIUM,doc_ref=R5117332400; single_line
,,main_invoices\2017\2017-10-03__Nir-Sayag__R3417309113 - הדפסת חשבונית מרכזת.pdf,FORMAT_UNKNOWN,3,2400089,SDS-PLUS 22*400/460 מקדח,1.00,unit,,,,MEDIUM,doc_ref=R5117332400; single_line
,,main_invoices\2017\2017-10-03__Nir-Sayag__R3417309113 - הדפסת חשבונית מרכזת.pdf,FORMAT_UNKNOWN,3,156004,"מוגן ילדיםNK-4 שקע עה""ט",10.00,unit,,,,MEDIUM,doc_ref=R5117332506; single_line
,,main_invoices\2017\2017-10-03__Nir-Sayag__R3417309113 - הדפסת חשבונית מרכזת.pdf,FORMAT_UNKNOWN,3,156003,"מוגן ילדיםNK-3 שקע עה""ט",10.00,unit,,,,MEDIUM,doc_ref=R5117332506; single_line
,,main_invoices\2017\2017-10-03__Nir-Sayag__R3417309113 - הדפסת חשבונית מרכזת.pdf,FORMAT_UNKNOWN,3,156006,"מוגן ילדיםNK-6 שקע עה""ט",3.00,unit,,,,MEDIUM,doc_ref=R5117332506; single_line
,,main_invoices\2017\2017-10-03__Nir-Sayag__R3417309113 - הדפסת חשבונית מרכזת.pdf,FORMAT_UNKNOWN,3,695220103,SUPER N N-3 קופסא,11.00,unit,,,,MEDIUM,doc_ref=R5117332506; single_line
,,main_invoices\2017\2017-10-03__Nir-Sayag__R3417309113 - הדפסת חשבונית מרכזת.pdf,FORMAT_UNKNOWN,3,695220106,SUPER N N-6 קופסא,3.00,unit,,,,MEDIUM,doc_ref=R5117332506; single_line
,,main_invoices\2017\2017-10-03__Nir-Sayag__R3417309113 - הדפסת חשבונית מרכזת.pdf,FORMAT_UNKNOWN,3,99311006,SEL-170 שעון אסטרונומי,1.00,unit,,,,MEDIUM,doc_ref=R5117332852; single_line
,,main_invoices\2017\2017-10-03__Nir-Sayag__R3417309113 - הדפסת חשבונית מרכזת.pdf,FORMAT_UNKNOWN,3,4610406,5x32  לקירCEE שקע,1.00,unit,,,,MEDIUM,doc_ref=R5117332852; single_line
,,main_invoices\2017\2017-10-03__Nir-Sayag__R3417309113 - הדפסת חשבונית מרכזת.pdf,FORMAT_UNKNOWN,3,4610440,5x32  לקירCEE תקע,1.00,unit,,,,MEDIUM,doc_ref=R5117332852; single_line
,,main_invoices\2017\2017-10-03__Nir-Sayag__R3417309113 - הדפסת חשבונית מרכזת.pdf,FORMAT_UNKNOWN,3,7327107,"iC60N 3P 20A 6kA C מאמ""ט אופיין",2.00,unit,,,,MEDIUM,doc_ref=R5117332949; single_line
,,main_invoices\2017\2017-10-03__Nir-Sayag__R3417309113 - הדפסת חשבונית מרכזת.pdf,FORMAT_UNKNOWN,3,4427825,XALK174/178 לחצן פיטריה+'קופ,1.00,unit,,,,MEDIUM,doc_ref=R5117332949; single_line
,,main_invoices\2017\2017-10-03__Nir-Sayag__R3417309113 - הדפסת חשבונית מרכזת.pdf,FORMAT_UNKNOWN,3,4426439,24V LC1K0910B7 1NO 5.5HP מגען מיני,2.00,unit,,,,MEDIUM,doc_ref=R5117332949; single_line
,,main_invoices\2017\2017-10-03__Nir-Sayag__R3417309113 - הדפסת חשבונית מרכזת.pdf,FORMAT_UNKNOWN,3,99220104,"(200)  מ""מ2.5 סופיות מבודדת",1.00,unit,,,,MEDIUM,doc_ref=R5117332949; single_line
,,main_invoices\2017\2017-10-03__Nir-Sayag__R3417309113 - הדפסת חשבונית מרכזת.pdf,FORMAT_UNKNOWN,3,99220103,"(200)  מ""מ1.5 סופיות מבודדת",1.00,unit,,,,MEDIUM,doc_ref=R5117332949; single_line
,,main_invoices\2017\2017-10-03__Nir-Sayag__R3417309113 - הדפסת חשבונית מרכזת.pdf,FORMAT_UNKNOWN,3,6600302,"1X25A 1-0-2 מפ""ז מחליף",1.00,unit,,,,MEDIUM,doc_ref=R5117332949; single_line
,,main_invoices\2017\2017-10-03__Nir-Sayag__R3417309113 - הדפסת חשבונית מרכזת.pdf,FORMAT_UNKNOWN,3,997217092,פונקציות5  רב תחומיMFT-24V טיימר,1.00,unit,,,,MEDIUM,doc_ref=R5117332949; single_line
,,main_invoices\2017\2017-10-03__Nir-Sayag__R3417309113 - הדפסת חשבונית מרכזת.pdf,FORMAT_UNKNOWN,3,4427825,XALK174/178 לחצן פיטריה+'קופ,-1.00,unit,,,,MEDIUM,doc_ref=R1517304987; single_line
,,main_invoices\2017\2017-10-03__Nir-Sayag__R3417309113 - הדפסת חשבונית מרכזת.pdf,FORMAT_UNKNOWN,3,997217092,פונקציות5  רב תחומיMFT-24V טיימר,-1.00,unit,,,,MEDIUM,doc_ref=R1517304987; single_line
,,main_invoices\2017\2017-10-03__Nir-Sayag__R3417309113 - הדפסת חשבונית מרכזת.pdf,FORMAT_UNKNOWN,3,695384100,OS-LEDV 100W/840 IP65 פנס הצפה שחור,1.00,unit,,,,MEDIUM,doc_ref=R5117333126; single_line
,,main_invoices\2017\2017-10-03__Nir-Sayag__R3417309113 - הדפסת חשבונית מרכזת.pdf,FORMAT_UNKNOWN,3,495132781,"ממ""ר120 נ.כ נחושת",5.00,unit,,,,MEDIUM,doc_ref=R5117333389; single_line
,,main_invoices\2017\2017-10-03__Nir-Sayag__R3417309113 - הדפסת חשבונית מרכזת.pdf,FORMAT_UNKNOWN,3,99220065,"( מ""מ )יחידה120 סופיות ניקל",10.00,unit,,,,MEDIUM,doc_ref=R5117333389; single_line
,,main_invoices\2017\2017-10-03__Nir-Sayag__R3417309113 - הדפסת חשבונית מרכזת.pdf,FORMAT_UNKNOWN,3,4951327790,"10  ממ""ר חור70 נ.כ נחושת",2.00,unit,,,,MEDIUM,doc_ref=R5117333389; single_line
,,main_invoices\2017\2017-10-03__Nir-Sayag__R3417309113 - הדפסת חשבונית מרכזת.pdf,FORMAT_UNKNOWN,3,992210991,"ממ""ר95/120 מהדק כחול לפס",2.00,unit,,,,MEDIUM,doc_ref=R5117333389; single_line
,,main_invoices\2017\2017-10-03__Nir-Sayag__R3417309113 - הדפסת חשבונית מרכזת.pdf,FORMAT_UNKNOWN,4,4931103,"3/4"" מ.מרחק",100.00,unit,,,,MEDIUM,doc_ref=R5117333431; single_line
,,main_invoices\2017\2017-10-03__Nir-Sayag__R3417309113 - הדפסת חשבונית מרכזת.pdf,FORMAT_UNKNOWN,4,2400083,SDS-PLUS 11*100/160 מקדח,1.00,unit,,,,MEDIUM,doc_ref=R5117333431; single_line
,,main_invoices\2017\2017-10-03__Nir-Sayag__R3417309113 - הדפסת חשבונית מרכזת.pdf,FORMAT_UNKNOWN,4,99565638,5/16 עוגן ג'מבו מתכת ראש בורג,15.00,unit,,,,MEDIUM,doc_ref=R5117333431; single_line
,,main_invoices\2017\2017-10-03__Nir-Sayag__R3417309113 - הדפסת חשבונית מרכזת.pdf,FORMAT_UNKNOWN,4,4427826,XALK184/188 מפתח+לחצן פטריה+'קופ,1.00,unit,,,,MEDIUM,doc_ref=R5117333476; single_line
,,main_invoices\2017\2017-10-03__Nir-Sayag__R3417309113 - הדפסת חשבונית מרכזת.pdf,FORMAT_UNKNOWN,4,73274461,"iDPN 6KA 1P+N 10A מא""ז",1.00,unit,,,,MEDIUM,doc_ref=R5117333476; single_line
,,main_invoices\2017\2017-10-03__Nir-Sayag__R3417309113 - הדפסת חשבונית מרכזת.pdf,FORMAT_UNKNOWN,4,161096,"מ""מ תקן כבוי אש11 נועל מאמ""ת רוחב",1.00,unit,,,,MEDIUM,doc_ref=R5117333476; single_line
,,main_invoices\2017\2017-10-03__Nir-Sayag__R3417309113 - הדפסת חשבונית מרכזת.pdf,FORMAT_UNKNOWN,4,99221099,"ממ""ר95/120 מהדק לפס",6.00,unit,,,,MEDIUM,doc_ref=R5117333527; single_line
,,main_invoices\2017\2017-10-03__Nir-Sayag__R3417309113 - הדפסת חשבונית מרכזת.pdf,FORMAT_UNKNOWN,4,695386250,OS-LEDV 50W/865 IP65 פנס הצפה לבן,4.00,unit,,,,MEDIUM,doc_ref=R5117333904; single_line
,,main_invoices\2017\2017-10-03__Nir-Sayag__R3417309113 - הדפסת חשבונית מרכזת.pdf,FORMAT_UNKNOWN,4,695220503,SUPER N1-C מפסק חילוף,2.00,unit,,,,MEDIUM,doc_ref=R5117333904; single_line
,,main_invoices\2017\2017-10-03__Nir-Sayag__R3417309113 - הדפסת חשבונית מרכזת.pdf,FORMAT_UNKNOWN,4,4932503,"מ""מ18 אלקטרודה להארקה",2.00,unit,,,,MEDIUM,doc_ref=R5117334219; single_line
,,main_invoices\2017\2017-10-03__Nir-Sayag__R3417309113 - הדפסת חשבונית מרכזת.pdf,FORMAT_UNKNOWN,4,4932505,"מ""מ18 'מהדק טבעת )גדול( לאלק",2.00,unit,,,,MEDIUM,doc_ref=R5117334219; single_line
,,main_invoices\2017\2017-10-03__Nir-Sayag__R3417309113 - הדפסת חשבונית מרכזת.pdf,FORMAT_UNKNOWN,4,4951327742,"8  ממ""ר חור10 נ.כ נחושת",2.00,unit,,,,MEDIUM,doc_ref=R5117334219; single_line
,,main_invoices\2017\2017-10-03__Nir-Sayag__R3417309113 - הדפסת חשבונית מרכזת.pdf,FORMAT_UNKNOWN,4,4951327752,"8  ממ""ר חור16 נ.כ נחושת",2.00,unit,,,,MEDIUM,doc_ref=R5117334219; single_line
,,main_invoices\2017\2017-10-03__Nir-Sayag__R3417309113 - הדפסת חשבונית מרכזת.pdf,FORMAT_UNKNOWN,4,495132776,"8  ממ""ר חור25 נ.כ נחושת",2.00,unit,,,,MEDIUM,doc_ref=R5117334219; single_line
,,main_invoices\2017\2017-10-03__Nir-Sayag__R3417309113 - הדפסת חשבונית מרכזת.pdf,FORMAT_UNKNOWN,4,4932503,"מ""מ18 אלקטרודה להארקה",-2.00,unit,,,,MEDIUM,doc_ref=R1517305115; single_line
,,main_invoices\2017\2017-10-03__Nir-Sayag__R3417309113 - הדפסת חשבונית מרכזת.pdf,FORMAT_UNKNOWN,4,695320374,' אוטו400W נורה מטל אגסי שקוף,6.00,unit,,,,MEDIUM,doc_ref=R5117334221; single_line
,,main_invoices\2017\2017-10-03__Nir-Sayag__R3417309113 - הדפסת חשבונית מרכזת.pdf,FORMAT_UNKNOWN,4,99220065,"( מ""מ )יחידה120 סופיות ניקל",10.00,unit,,,,MEDIUM,doc_ref=R5117334713; single_line
,,main_invoices\2017\2017-10-03__Nir-Sayag__R3417309113 - הדפסת חשבונית מרכזת.pdf,FORMAT_UNKNOWN,4,99761026,"מ""מ1.25 BBI-4פלטה מתכת ל",2.00,unit,,,,MEDIUM,doc_ref=R5117334785; single_line
,,main_invoices\2017\2017-10-03__Nir-Sayag__R3417309113 - הדפסת חשבונית מרכזת.pdf,FORMAT_UNKNOWN,4,99760026,חלק אפור שקוףBBI-4-130 'קופ,2.00,unit,,,,MEDIUM,doc_ref=R5117334785; single_line
,,main_invoices\2017\2017-10-03__Nir-Sayag__R3417309113 - הדפסת חשבונית מרכזת.pdf,FORMAT_UNKNOWN,4,2400076,SDS-PLUS 8*50/110 מקדח,2.00,unit,,,,MEDIUM,doc_ref=R5117334785; single_line
,,main_invoices\2017\2017-10-03__Nir-Sayag__R3417309113 - הדפסת חשבונית מרכזת.pdf,FORMAT_UNKNOWN,4,995651357,CA-38 / CC-38 חותך ומקלף כבלים,1.00,unit,,,,MEDIUM,doc_ref=R5117334962; single_line
,,main_invoices\2017\2017-10-03__Nir-Sayag__R3417309113 - הדפסת חשבונית מרכזת.pdf,FORMAT_UNKNOWN,4,4426152,"LP1K0910BD  כ""ס5.5 מגען מיני",2.00,unit,,,,MEDIUM,doc_ref=R5117335076; single_line
,,main_invoices\2017\2017-10-03__Nir-Sayag__R3417309113 - הדפסת חשבונית מרכזת.pdf,FORMAT_UNKNOWN,4,99070005,( סמ12x10x7  )קופ' גדולה3X32A 'פקט בקופ,1.00,unit,,,,MEDIUM,doc_ref=R5117335076; single_line
,,main_invoices\2017\2017-10-03__Nir-Sayag__R3417309113 - הדפסת חשבונית מרכזת.pdf,FORMAT_UNKNOWN,4,994500320,"ממ כחול38 1-1/2"" שרוול מתכווץ",5.00,unit,,,,MEDIUM,doc_ref=R5117335076; single_line
,,main_invoices\2017\2017-10-03__Nir-Sayag__R3417309113 - הדפסת חשבונית מרכזת.pdf,FORMAT_UNKNOWN,4,994500300,"ממ כחול32 1-1/4"" שרוול מתכווץ",5.00,unit,,,,MEDIUM,doc_ref=R5117335076; single_line
,,main_invoices\2017\2017-10-03__Nir-Sayag__R3417309113 - הדפסת חשבונית מרכזת.pdf,FORMAT_UNKNOWN,4,495133012,DIN 13.0 קדח-70 נ.כ,6.00,unit,,,,MEDIUM,doc_ref=R5117335165; single_line
,,main_invoices\2017\2017-10-03__Nir-Sayag__R3417309113 - הדפסת חשבונית מרכזת.pdf,FORMAT_UNKNOWN,4,4951327753,"10  ממ""ר חור16 נ.כ נחושת",5.00,unit,,,,MEDIUM,doc_ref=R5117335389; single_line
,,main_invoices\2017\2017-10-03__Nir-Sayag__R3417309113 - הדפסת חשבונית מרכזת.pdf,FORMAT_UNKNOWN,4,4951327752,"8  ממ""ר חור16 נ.כ נחושת",5.00,unit,,,,MEDIUM,doc_ref=R5117335389; single_line
,,main_invoices\2017\2017-10-03__Nir-Sayag__R3417309113 - הדפסת חשבונית מרכזת.pdf,FORMAT_UNKNOWN,4,4429671,ZBE101 1NO מגע,1.00,unit,,,,MEDIUM,doc_ref=R5117335389; single_line
,,main_invoices\2017\2017-10-03__Nir-Sayag__R3417309113 - הדפסת חשבונית מרכזת.pdf,FORMAT_UNKNOWN,4,994500220,"ממ כחול12.0 1/2"" שרוול מתכווץ",2.00,unit,,,,MEDIUM,doc_ref=R5117335389; single_line
,,main_invoices\2017\2017-10-03__Nir-Sayag__R3417309113 - הדפסת חשבונית מרכזת.pdf,FORMAT_UNKNOWN,4,695320374,' אוטו400W נורה מטל אגסי שקוף,6.00,unit,,,,MEDIUM,doc_ref=R5117335553; single_line
,,main_invoices\2017\2017-10-03__Nir-Sayag__R3417309113 - הדפסת חשבונית מרכזת.pdf,FORMAT_UNKNOWN,5,4932503,"מ""מ18 אלקטרודה להארקה",2.00,unit,,,,MEDIUM,doc_ref=R5117336114; single_line
,,main_invoices\2017\2017-10-03__Nir-Sayag__R3417309113 - הדפסת חשבונית מרכזת.pdf,FORMAT_UNKNOWN,5,4932505,"מ""מ18 'מהדק טבעת )גדול( לאלק",1.00,unit,,,,MEDIUM,doc_ref=R5117336114; single_line
,,main_invoices\2017\2017-10-03__Nir-Sayag__R3417309113 - הדפסת חשבונית מרכזת.pdf,FORMAT_UNKNOWN,6,8400039,70 מכסה פלסטיק לקופסא,100.00,unit,,,,MEDIUM,doc_ref=R5117332507; single_line
,,main_invoices\2017\2017-10-03__Nir-Sayag__R3417309113 - הדפסת חשבונית מרכזת.pdf,FORMAT_UNKNOWN,6,3920515,TOP נ.סימון לבן+ קוטבי1 NO לוחץ,20.00,unit,,,,MEDIUM,doc_ref=R5117332507; single_line
,,main_invoices\2017\2017-10-03__Nir-Sayag__R3417309113 - הדפסת חשבונית מרכזת.pdf,FORMAT_UNKNOWN,6,39202283,קואקס לבן- GW  דמוי- TV שקע,30.00,unit,,,,MEDIUM,doc_ref=R5117332507; single_line
,,main_invoices\2017\2017-10-03__Nir-Sayag__R3417309113 - הדפסת חשבונית מרכזת.pdf,FORMAT_UNKNOWN,6,99761232,D-.. זוג שקעי כח לקופסא,30.00,unit,,,,MEDIUM,doc_ref=R5117332507; single_line
,,main_invoices\2017\2017-10-03__Nir-Sayag__R3417309113 - הדפסת חשבונית מרכזת.pdf,FORMAT_UNKNOWN,6,1050020,!!! בלדח דקור' קומפלט תקני,40.00,unit,,,,MEDIUM,doc_ref=R5117332507; single_line
,,main_invoices\2017\2017-10-03__Nir-Sayag__R3417309113 - הדפסת חשבונית מרכזת.pdf,FORMAT_UNKNOWN,6,3924201,GW........ מקום3 מתאם למסגרת,30.00,unit,,,,MEDIUM,doc_ref=R5117332507; single_line
,,main_invoices\2017\2017-10-03__Nir-Sayag__R3417309113 - הדפסת חשבונית מרכזת.pdf,FORMAT_UNKNOWN,6,3922451,"GW  מוד' לבן3  מ""מCOM מסגרת",5.00,unit,,,,MEDIUM,doc_ref=R5117332654; single_line
,,main_invoices\2017\2017-10-03__Nir-Sayag__R3417309113 - הדפסת חשבונית מרכזת.pdf,FORMAT_UNKNOWN,6,840001801,מודול לגבס ללא מחיצות3 קופ תקן פטנט,100.00,unit,,,,MEDIUM,doc_ref=R5117332948; single_line
,,main_invoices\2017\2017-10-03__Nir-Sayag__R3417309113 - הדפסת חשבונית מרכזת.pdf,FORMAT_UNKNOWN,6,99761216,"מקום תה""ט ריקה6 D-17 'קופ",4.00,unit,,,,MEDIUM,doc_ref=R5117333587; single_line
,,main_invoices\2017\2017-10-03__Nir-Sayag__R3417309113 - הדפסת חשבונית מרכזת.pdf,FORMAT_UNKNOWN,6,84000791,( חדש20) 16 צינור מופה אדום,10.00,unit,,,,MEDIUM,doc_ref=R5117333587; single_line
,,main_invoices\2017\2017-10-03__Nir-Sayag__R3417309113 - הדפסת חשבונית מרכזת.pdf,FORMAT_UNKNOWN,6,99761559,"תה""ט54 בסיס בלבד ללוח",1.00,unit,,,,MEDIUM,doc_ref=R5117333591; single_line
,,main_invoices\2017\2017-10-03__Nir-Sayag__R3417309113 - הדפסת חשבונית מרכזת.pdf,FORMAT_UNKNOWN,6,84000791,( חדש20) 16 צינור מופה אדום,10.00,unit,,,,MEDIUM,doc_ref=R5117333813; single_line
,,main_invoices\2017\2017-10-03__Nir-Sayag__R3417309113 - הדפסת חשבונית מרכזת.pdf,FORMAT_UNKNOWN,6,3924202,GW........ מקום4 מתאם למסגרת,10.00,unit,,,,MEDIUM,doc_ref=R5117333927; single_line
,,main_invoices\2017\2017-10-03__Nir-Sayag__R3417309113 - הדפסת חשבונית מרכזת.pdf,FORMAT_UNKNOWN,6,8400066,20 מופה רון,10.00,unit,,,,MEDIUM,doc_ref=R5117333927; single_line
,,main_invoices\2017\2017-10-03__Nir-Sayag__R3417309113 - הדפסת חשבונית מרכזת.pdf,FORMAT_UNKNOWN,6,695220104,SUPER N N-4 קופסא,3.00,unit,,,,MEDIUM,doc_ref=R5117333927; single_line
,,main_invoices\2017\2017-10-03__Nir-Sayag__R3417309113 - הדפסת חשבונית מרכזת.pdf,FORMAT_UNKNOWN,6,99565602,5 'כף בנאים מס,1.00,unit,,,,MEDIUM,doc_ref=R5117334117; single_line
,,main_invoices\2017\2017-10-03__Nir-Sayag__R3417309113 - הדפסת חשבונית מרכזת.pdf,FORMAT_UNKNOWN,6,99761546,"תה""טAA-12 בסיס בלבד ללוח",1.00,unit,,,,MEDIUM,doc_ref=R5117334222; single_line
,,main_invoices\2017\2017-10-03__Nir-Sayag__R3417309113 - הדפסת חשבונית מרכזת.pdf,FORMAT_UNKNOWN,6,1109806,"ממ""ר2.5 תקע+ מהדקי שקע12 פס",30.00,unit,,,,MEDIUM,doc_ref=R5117334222; single_line
,,main_invoices\2017\2017-10-03__Nir-Sayag__R3417309113 - הדפסת חשבונית מרכזת.pdf,FORMAT_UNKNOWN,6,161045,"VEGA 3PX25C 6KA ח""א",1.00,unit,,,,MEDIUM,doc_ref=R5117334463; single_line
,,main_invoices\2017\2017-10-03__Nir-Sayag__R3417309113 - הדפסת חשבונית מרכזת.pdf,FORMAT_UNKNOWN,6,161062,VEGA A  דגם4X40A 30MA ממסר פחת,1.00,unit,,,,MEDIUM,doc_ref=R5117334463; single_line
,,main_invoices\2017\2017-10-03__Nir-Sayag__R3417309113 - הדפסת חשבונית מרכזת.pdf,FORMAT_UNKNOWN,7,90018,(100) SAPISELCO 250 4.5 חבק לבן,4.00,unit,,,,MEDIUM,doc_ref=R5117334463; single_line
,,main_invoices\2017\2017-10-03__Nir-Sayag__R3417309113 - הדפסת חשבונית מרכזת.pdf,FORMAT_UNKNOWN,7,840001800,"מודול תה""ט ללא מחיצות3 קופ' תקן",40.00,unit,,,,MEDIUM,doc_ref=R5117334912; single_line
,,main_invoices\2017\2017-10-03__Nir-Sayag__R3417309113 - הדפסת חשבונית מרכזת.pdf,FORMAT_UNKNOWN,7,99070005,( סמ12x10x7  )קופ' גדולה3X32A 'פקט בקופ,1.00,unit,,,,MEDIUM,doc_ref=R5117335285; single_line
,,main_invoices\2017\2017-10-03__Nir-Sayag__R3417309113 - הדפסת חשבונית מרכזת.pdf,FORMAT_UNKNOWN,7,695220104,SUPER N N-4 קופסא,2.00,unit,,,,MEDIUM,doc_ref=R5117336115; single_line
,,main_invoices\2017\2017-10-03__Nir-Sayag__R3417309113 - הדפסת חשבונית מרכזת.pdf,FORMAT_UNKNOWN,8,99761104,' יח1.00 100*100*50 פטמות+ קופ' אטומהD-1P,,,6.00,,9,HIGH,doc_ref=R5117332653
,,main_invoices\2017\2017-10-03__Nir-Sayag__R3417309113 - הדפסת חשבונית מרכזת.pdf,FORMAT_UNKNOWN,8,3970432,' יח1.00 IP-65 3X16A  מנתק בעומס/פקטGEWISS,,,65.00,65.00,10,HIGH,doc_ref=R5117332653
,,main_invoices\2017\2017-10-03__Nir-Sayag__R3417309113 - הדפסת חשבונית מרכזת.pdf,FORMAT_UNKNOWN,8,3962482,GW IP44 5*16 90  עהטCEE שקע,1.00,unit,,,,MEDIUM,doc_ref=R5117331969; single_line
,,main_invoices\2017\2017-10-03__Nir-Sayag__R3417309113 - הדפסת חשבונית מרכזת.pdf,FORMAT_UNKNOWN,8,1515038,אטום55 שקע כח-פאר מ.מ,1.00,unit,,,,MEDIUM,doc_ref=R5117331969; single_line
,,main_invoices\2017\2017-10-03__Nir-Sayag__R3417309113 - הדפסת חשבונית מרכזת.pdf,FORMAT_UNKNOWN,8,3920209,GW  לבן13A'שקע בריטי פין עג,1.00,unit,,,,MEDIUM,doc_ref=R5117332403; single_line
,,main_invoices\2017\2017-10-03__Nir-Sayag__R3417309113 - הדפסת חשבונית מרכזת.pdf,FORMAT_UNKNOWN,8,695110107,סוללת גיבוי+ 230V גלאי עשן תקני,3.00,unit,,,,MEDIUM,doc_ref=R5117332403; single_line
,,main_invoices\2017\2017-10-03__Nir-Sayag__R3417309113 - הדפסת חשבונית מרכזת.pdf,FORMAT_UNKNOWN,8,995653682,RG-59/6 לוחץ משולב,1.00,unit,,,,MEDIUM,doc_ref=R5117332509; single_line
,,main_invoices\2017\2017-10-03__Nir-Sayag__R3417309113 - הדפסת חשבונית מרכזת.pdf,FORMAT_UNKNOWN,8,695220506,SUPER N1-DK מפסק דו קוטבי,1.00,unit,,,,MEDIUM,doc_ref=R5117332579; single_line
,,main_invoices\2017\2017-10-03__Nir-Sayag__R3417309113 - הדפסת חשבונית מרכזת.pdf,FORMAT_UNKNOWN,8,1313420,"5X16  מגע ""שוקו""עה""ט5 שקע",1.00,unit,,,,MEDIUM,doc_ref=R5117332653; single_line
,,main_invoices\2017\2017-10-03__Nir-Sayag__R3417309113 - הדפסת חשבונית מרכזת.pdf,FORMAT_UNKNOWN,8,15170043,( יח12  )שורה של2 ' מסTRIDONIC מהדק גמיש,10.00,unit,,,,MEDIUM,doc_ref=R5117332653; single_line
,,main_invoices\2017\2017-10-03__Nir-Sayag__R3417309113 - הדפסת חשבונית מרכזת.pdf,FORMAT_UNKNOWN,8,73274748,iCT25A 2NO 230V מ.מודולרי,2.00,unit,,,,MEDIUM,doc_ref=R5117332653; single_line
,,main_invoices\2017\2017-10-03__Nir-Sayag__R3417309113 - הדפסת חשבונית מרכזת.pdf,FORMAT_UNKNOWN,8,22293007,V86/1STU 240V שעון פיקוד ללא רזרבה,2.00,unit,,,,MEDIUM,doc_ref=R5117332653; single_line
,,main_invoices\2017\2017-10-03__Nir-Sayag__R3417309113 - הדפסת חשבונית מרכזת.pdf,FORMAT_UNKNOWN,8,840001800,"מודול תה""ט ללא מחיצות3 קופ' תקן",3.00,unit,,,,MEDIUM,doc_ref=R5117332653; single_line
,,main_invoices\2017\2017-10-03__Nir-Sayag__R3417309113 - הדפסת חשבונית מרכזת.pdf,FORMAT_UNKNOWN,8,840001810,"מודול תה""ט ללא מחיצות4 קופ' תקן",4.00,unit,,,,MEDIUM,doc_ref=R5117332653; single_line
,,main_invoices\2017\2017-10-03__Nir-Sayag__R3417309113 - הדפסת חשבונית מרכזת.pdf,FORMAT_UNKNOWN,8,840001811,מודול לגבס ללא מחיצות4 קופ תקן פטנט,2.00,unit,,,,MEDIUM,doc_ref=R5117332653; single_line
,,main_invoices\2017\2017-10-03__Nir-Sayag__R3417309113 - הדפסת חשבונית מרכזת.pdf,FORMAT_UNKNOWN,8,3924262,GEWISS TOP  מודול2-מתאם ל,3.00,unit,,,,MEDIUM,doc_ref=R5117332653; single_line
,,main_invoices\2017\2017-10-03__Nir-Sayag__R3417309113 - הדפסת חשבונית מרכזת.pdf,FORMAT_UNKNOWN,8,3924202,GW........ מקום4 מתאם למסגרת,4.00,unit,,,,MEDIUM,doc_ref=R5117332653; single_line
,,main_invoices\2017\2017-10-03__Nir-Sayag__R3417309113 - הדפסת חשבונית מרכזת.pdf,FORMAT_UNKNOWN,8,3922102,SYSTEM  לבן2  מודולVIRNA מסגרת,3.00,unit,,,,MEDIUM,doc_ref=R5117332653; single_line
,,main_invoices\2017\2017-10-03__Nir-Sayag__R3417309113 - הדפסת חשבונית מרכזת.pdf,FORMAT_UNKNOWN,8,3922104,SYSTEM  לבן4  מודולVIRNA מסגרת,6.00,unit,,,,MEDIUM,doc_ref=R5117332653; single_line
,,main_invoices\2017\2017-10-03__Nir-Sayag__R3417309113 - הדפסת חשבונית מרכזת.pdf,FORMAT_UNKNOWN,8,3920220,GW  לבן16A 250V שקע ישראלי,15.00,unit,,,,MEDIUM,doc_ref=R5117332653; single_line
,,main_invoices\2017\2017-10-03__Nir-Sayag__R3417309113 - הדפסת חשבונית מרכזת.pdf,FORMAT_UNKNOWN,8,99761414,"190*150*80  ח""א8 חלון+D-2'קופ",1.00,unit,,,,MEDIUM,doc_ref=R5117332653; single_line
,,main_invoices\2017\2017-10-03__Nir-Sayag__R3417309113 - הדפסת חשבונית מרכזת.pdf,FORMAT_UNKNOWN,8,695110107,סוללת גיבוי+ 230V גלאי עשן תקני,-1.00,unit,,,,MEDIUM,doc_ref=R1517304873; single_line
,,main_invoices\2017\2017-10-03__Nir-Sayag__R3417309113 - הדפסת חשבונית מרכזת.pdf,FORMAT_UNKNOWN,8,3962482,GW IP44 5*16 90  עהטCEE שקע,-1.00,unit,,,,MEDIUM,doc_ref=R1517304873; single_line
,,main_invoices\2017\2017-10-03__Nir-Sayag__R3417309113 - הדפסת חשבונית מרכזת.pdf,FORMAT_UNKNOWN,8,4931105,"1.1/4"" מ.מרחק",50.00,unit,,,,MEDIUM,doc_ref=P5117440716; single_line
,,main_invoices\2017\2017-10-03__Nir-Sayag__R3417309113 - הדפסת חשבונית מרכזת.pdf,FORMAT_UNKNOWN,8,3850241,"לבן45W DL  מ""מ400  עגולVEGA חיצוני לד",1.00,unit,,,,MEDIUM,doc_ref=R5117332851; single_line
,,main_invoices\2017\2017-10-03__Nir-Sayag__R3417309113 - הדפסת חשבונית מרכזת.pdf,FORMAT_UNKNOWN,8,8400059,(' יח100) דיבל פרפר לקיר גבס,1.00,unit,,,,MEDIUM,doc_ref=R5117332851; single_line
,,main_invoices\2017\2017-10-03__Nir-Sayag__R3417309113 - הדפסת חשבונית מרכזת.pdf,FORMAT_UNKNOWN,8,904013,מטר1.8  שחור3X0.75 כבל יצוק למחשב,1.00,meter,,,,MEDIUM,doc_ref=R5117332851; single_line
,,main_invoices\2017\2017-10-03__Nir-Sayag__R3417309113 - הדפסת חשבונית מרכזת.pdf,FORMAT_UNKNOWN,8,99585110,שלבים / חגית4 סולם עץ תקני,1.00,unit,,,,MEDIUM,doc_ref=R5117333213; single_line
,,main_invoices\2017\2017-10-03__Nir-Sayag__R3417309113 - הדפסת חשבונית מרכזת.pdf,FORMAT_UNKNOWN,9,2400076,SDS-PLUS 8*50/110 מקדח,1.00,unit,,,,MEDIUM,doc_ref=R5117333432; single_line
,,main_invoices\2017\2017-10-03__Nir-Sayag__R3417309113 - הדפסת חשבונית מרכזת.pdf,FORMAT_UNKNOWN,9,3922101,SYSTEM  לבן1  מודולVIRNA מסגרת,20.00,unit,,,,MEDIUM,doc_ref=R5117333432; single_line
,,main_invoices\2017\2017-10-03__Nir-Sayag__R3417309113 - הדפסת חשבונית מרכזת.pdf,FORMAT_UNKNOWN,9,3922102,SYSTEM  לבן2  מודולVIRNA מסגרת,20.00,unit,,,,MEDIUM,doc_ref=R5117333432; single_line
,,main_invoices\2017\2017-10-03__Nir-Sayag__R3417309113 - הדפסת חשבונית מרכזת.pdf,FORMAT_UNKNOWN,9,3922103,SYSTEM  לבן3  מודולVIRNA מסגרת,20.00,unit,,,,MEDIUM,doc_ref=R5117333432; single_line
,,main_invoices\2017\2017-10-03__Nir-Sayag__R3417309113 - הדפסת חשבונית מרכזת.pdf,FORMAT_UNKNOWN,9,3922104,SYSTEM  לבן4  מודולVIRNA מסגרת,20.00,unit,,,,MEDIUM,doc_ref=R5117333432; single_line
,,main_invoices\2017\2017-10-03__Nir-Sayag__R3417309113 - הדפסת חשבונית מרכזת.pdf,FORMAT_UNKNOWN,9,992200099,"מ""מ קשיח5.5-6.0  מטר50 סטלבנד",1.00,meter,,,,MEDIUM,doc_ref=R5117333505; single_line
,,main_invoices\2017\2017-10-03__Nir-Sayag__R3417309113 - הדפסת חשבונית מרכזת.pdf,FORMAT_UNKNOWN,9,99688762,שקע+ 'ניתוק אוט+SM-2/U2 מזגנית,5.00,unit,,,,MEDIUM,doc_ref=R5117333530; single_line
,,main_invoices\2017\2017-10-03__Nir-Sayag__R3417309113 - הדפסת חשבונית מרכזת.pdf,FORMAT_UNKNOWN,9,3921220,GEWISS SYS BLACK שקע כח,6.00,unit,,,,MEDIUM,doc_ref=R5117333651; single_line
,,main_invoices\2017\2017-10-03__Nir-Sayag__R3417309113 - הדפסת חשבונית מרכזת.pdf,FORMAT_UNKNOWN,9,3922114,VIRNA  שחור4  מודולSYS מסגרת,3.00,unit,,,,MEDIUM,doc_ref=R5117333651; single_line
,,main_invoices\2017\2017-10-03__Nir-Sayag__R3417309113 - הדפסת חשבונית מרכזת.pdf,FORMAT_UNKNOWN,9,99070005,( סמ12x10x7  )קופ' גדולה3X32A 'פקט בקופ,1.00,unit,,,,MEDIUM,doc_ref=R5117333708; single_line
,,main_invoices\2017\2017-10-03__Nir-Sayag__R3417309113 - הדפסת חשבונית מרכזת.pdf,FORMAT_UNKNOWN,9,3922106,SYSTEM  לבן6  מודולVIRNA מסגרת,6.00,unit,,,,MEDIUM,doc_ref=R5117333708; single_line
,,main_invoices\2017\2017-10-03__Nir-Sayag__R3417309113 - הדפסת חשבונית מרכזת.pdf,FORMAT_UNKNOWN,9,3922101,SYSTEM  לבן1  מודולVIRNA מסגרת,20.00,unit,,,,MEDIUM,doc_ref=R5117333708; single_line
,,main_invoices\2017\2017-10-03__Nir-Sayag__R3417309113 - הדפסת חשבונית מרכזת.pdf,FORMAT_UNKNOWN,9,3922102,SYSTEM  לבן2  מודולVIRNA מסגרת,20.00,unit,,,,MEDIUM,doc_ref=R5117333708; single_line
,,main_invoices\2017\2017-10-03__Nir-Sayag__R3417309113 - הדפסת חשבונית מרכזת.pdf,FORMAT_UNKNOWN,9,3922103,SYSTEM  לבן3  מודולVIRNA מסגרת,20.00,unit,,,,MEDIUM,doc_ref=R5117333708; single_line
,,main_invoices\2017\2017-10-03__Nir-Sayag__R3417309113 - הדפסת חשבונית מרכזת.pdf,FORMAT_UNKNOWN,9,3922104,SYSTEM  לבן4  מודולVIRNA מסגרת,20.00,unit,,,,MEDIUM,doc_ref=R5117333708; single_line
,,main_invoices\2017\2017-10-03__Nir-Sayag__R3417309113 - הדפסת חשבונית מרכזת.pdf,FORMAT_UNKNOWN,9,99910004,"""מתנתק"" תקןLSA פס קרונה",1.00,unit,,,,MEDIUM,doc_ref=R5117333708; single_line
,,main_invoices\2017\2017-10-03__Nir-Sayag__R3417309113 - הדפסת חשבונית מרכזת.pdf,FORMAT_UNKNOWN,9,99910010,זוג10-אמבטיה ל,1.00,unit,,,,MEDIUM,doc_ref=R5117333708; single_line
,,main_invoices\2017\2017-10-03__Nir-Sayag__R3417309113 - הדפסת חשבונית מרכזת.pdf,FORMAT_UNKNOWN,9,1050020,!!! בלדח דקור' קומפלט תקני,10.00,unit,,,,MEDIUM,doc_ref=R5117333708; single_line
,,main_invoices\2017\2017-10-03__Nir-Sayag__R3417309113 - הדפסת חשבונית מרכזת.pdf,FORMAT_UNKNOWN,9,3944003,IP-44  כניסות+ 80*80*40 קופ' סעף,5.00,unit,,,,MEDIUM,doc_ref=R5117333708; single_line
,,main_invoices\2017\2017-10-03__Nir-Sayag__R3417309113 - הדפסת חשבונית מרכזת.pdf,FORMAT_UNKNOWN,9,8400030,פתחים4 תקן 20 קופ' רון,5.00,unit,,,,MEDIUM,doc_ref=R5117333708; single_line
,,main_invoices\2017\2017-10-03__Nir-Sayag__R3417309113 - הדפסת חשבונית מרכזת.pdf,FORMAT_UNKNOWN,9,3920560,TOP  לבן2P 1-0-2 מפסק דו כווני,2.00,unit,,,,MEDIUM,doc_ref=R5117333708; single_line
,,main_invoices\2017\2017-10-03__Nir-Sayag__R3417309113 - הדפסת חשבונית מרכזת.pdf,FORMAT_UNKNOWN,9,833005,3009 פעמון גונג מכני דגם,1.00,unit,,,,MEDIUM,doc_ref=R5117333708; single_line
,,main_invoices\2017\2017-10-03__Nir-Sayag__R3417309113 - הדפסת חשבונית מרכזת.pdf,FORMAT_UNKNOWN,9,8400074,"יחידות12 מסתם לח""א ללוחות חשמל",2.00,unit,,,,MEDIUM,doc_ref=R5117333708; single_line
,,main_invoices\2017\2017-10-03__Nir-Sayag__R3417309113 - הדפסת חשבונית מרכזת.pdf,FORMAT_UNKNOWN,9,99221070,"ממ""ר2.5 מהדק לפס",2.00,unit,,,,MEDIUM,doc_ref=R5117333708; single_line
,,main_invoices\2017\2017-10-03__Nir-Sayag__R3417309113 - הדפסת חשבונית מרכזת.pdf,FORMAT_UNKNOWN,9,3924202,GW........ מקום4 מתאם למסגרת,4.00,unit,,,,MEDIUM,doc_ref=R5117333810; single_line
,,main_invoices\2017\2017-10-03__Nir-Sayag__R3417309113 - הדפסת חשבונית מרכזת.pdf,FORMAT_UNKNOWN,9,3920220,GW  לבן16A 250V שקע ישראלי,10.00,unit,,,,MEDIUM,doc_ref=R5117333810; single_line
,,main_invoices\2017\2017-10-03__Nir-Sayag__R3417309113 - הדפסת חשבונית מרכזת.pdf,FORMAT_UNKNOWN,9,3924201,GW........ מקום3 מתאם למסגרת,1.00,unit,,,,MEDIUM,doc_ref=R5117333810; single_line
,,main_invoices\2017\2017-10-03__Nir-Sayag__R3417309113 - הדפסת חשבונית מרכזת.pdf,FORMAT_UNKNOWN,9,39202283,קואקס לבן- GW  דמוי- TV שקע,2.00,unit,,,,MEDIUM,doc_ref=R5117333810; single_line
,,main_invoices\2017\2017-10-03__Nir-Sayag__R3417309113 - הדפסת חשבונית מרכזת.pdf,FORMAT_UNKNOWN,9,84001,מודול לאביזרי גוויס1 דמי לבן,1.00,unit,,,,MEDIUM,doc_ref=R5117333810; single_line
,,main_invoices\2017\2017-10-03__Nir-Sayag__R3417309113 - הדפסת חשבונית מרכזת.pdf,FORMAT_UNKNOWN,9,15170043,( יח12  )שורה של2 ' מסTRIDONIC מהדק גמיש,10.00,unit,,,,MEDIUM,doc_ref=R5117333810; single_line
,,main_invoices\2017\2017-10-03__Nir-Sayag__R3417309113 - הדפסת חשבונית מרכזת.pdf,FORMAT_UNKNOWN,9,99565256,4X40 בורג סיבית,100.00,unit,,,,MEDIUM,doc_ref=R5117333810; single_line
,,main_invoices\2017\2017-10-03__Nir-Sayag__R3417309113 - הדפסת חשבונית מרכזת.pdf,FORMAT_UNKNOWN,9,84001,מודול לאביזרי גוויס1 דמי לבן,9.00,unit,,,,MEDIUM,doc_ref=R5117333814; single_line
,,main_invoices\2017\2017-10-03__Nir-Sayag__R3417309113 - הדפסת חשבונית מרכזת.pdf,FORMAT_UNKNOWN,9,1113354,קומפ240  עדJM240B לוחץ הידראולי,1.00,unit,,,,MEDIUM,doc_ref=R5117333850; single_line
,,main_invoices\2017\2017-10-03__Nir-Sayag__R3417309113 - הדפסת חשבונית מרכזת.pdf,FORMAT_UNKNOWN,9,992200102,"מ""מ7  מטר מסולסל50 סטלבנד שבלול",-1.00,meter,,,,MEDIUM,doc_ref=R1517305028; single_line
,,main_invoices\2017\2017-10-03__Nir-Sayag__R3417309113 - הדפסת חשבונית מרכזת.pdf,FORMAT_UNKNOWN,9,6600552,220V  סליל1NO ממסר צעד,1.00,unit,,,,MEDIUM,doc_ref=R5117333907; single_line
,,main_invoices\2017\2017-10-03__Nir-Sayag__R3417309113 - הדפסת חשבונית מרכזת.pdf,FORMAT_UNKNOWN,9,3920603,( )ללא נורהGW דפיוזר סימון שטוחה אדום,3.00,unit,,,,MEDIUM,doc_ref=R5117333907; single_line
,,main_invoices\2017\2017-10-03__Nir-Sayag__R3417309113 - הדפסת חשבונית מרכזת.pdf,FORMAT_UNKNOWN,9,840001801,מודול לגבס ללא מחיצות3 קופ תקן פטנט,1.00,unit,,,,MEDIUM,doc_ref=R5117333907; single_line
,,main_invoices\2017\2017-10-03__Nir-Sayag__R3417309113 - הדפסת חשבונית מרכזת.pdf,FORMAT_UNKNOWN,10,3924201,GW........ מקום3 מתאם למסגרת,1.00,unit,,,,MEDIUM,doc_ref=R5117333907; single_line
,,main_invoices\2017\2017-10-03__Nir-Sayag__R3417309113 - הדפסת חשבונית מרכזת.pdf,FORMAT_UNKNOWN,10,3922501,TOP  מודו' לבן1 מסגרת,1.00,unit,,,,MEDIUM,doc_ref=R5117333907; single_line
,,main_invoices\2017\2017-10-03__Nir-Sayag__R3417309113 - הדפסת חשבונית מרכזת.pdf,FORMAT_UNKNOWN,10,3920515,TOP נ.סימון לבן+ קוטבי1 NO לוחץ,1.00,unit,,,,MEDIUM,doc_ref=R5117333907; single_line
,,main_invoices\2017\2017-10-03__Nir-Sayag__R3417309113 - הדפסת חשבונית מרכזת.pdf,FORMAT_UNKNOWN,10,3960020,GW IP44 5*32  ניידCEE תקע,1.00,unit,,,,MEDIUM,doc_ref=R5117334224; single_line
,,main_invoices\2017\2017-10-03__Nir-Sayag__R3417309113 - הדפסת חשבונית מרכזת.pdf,FORMAT_UNKNOWN,10,3962020,GW IP44 5*32  ניידCEE שקע,1.00,unit,,,,MEDIUM,doc_ref=R5117334224; single_line
,,main_invoices\2017\2017-10-03__Nir-Sayag__R3417309113 - הדפסת חשבונית מרכזת.pdf,FORMAT_UNKNOWN,10,2400076,SDS-PLUS 8*50/110 מקדח,2.00,unit,,,,MEDIUM,doc_ref=R5117334224; single_line
,,main_invoices\2017\2017-10-03__Nir-Sayag__R3417309113 - הדפסת חשבונית מרכזת.pdf,FORMAT_UNKNOWN,10,99565657,3/16 שייבות,50.00,unit,,,,MEDIUM,doc_ref=R5117334224; single_line
,,main_invoices\2017\2017-10-03__Nir-Sayag__R3417309113 - הדפסת חשבונית מרכזת.pdf,FORMAT_UNKNOWN,10,99510260,לבן/שחור12X7 סרט דיימו פוליאסטר,1.00,unit,,,,MEDIUM,doc_ref=R5117334224; single_line
,,main_invoices\2017\2017-10-03__Nir-Sayag__R3417309113 - הדפסת חשבונית מרכזת.pdf,FORMAT_UNKNOWN,10,994500300,"ממ כחול32 1-1/4"" שרוול מתכווץ",4.00,unit,,,,MEDIUM,doc_ref=R5117334224; single_line
,,main_invoices\2017\2017-10-03__Nir-Sayag__R3417309113 - הדפסת חשבונית מרכזת.pdf,FORMAT_UNKNOWN,10,73275312,CVS250B TM200D 3P3D 25KA מנתק,1.00,unit,,,,MEDIUM,doc_ref=R5117334501; single_line
,,main_invoices\2017\2017-10-03__Nir-Sayag__R3417309113 - הדפסת חשבונית מרכזת.pdf,FORMAT_UNKNOWN,10,7340538,NSX100-630 220-240VAC סליל הפסקה,1.00,unit,,,,MEDIUM,doc_ref=R5117334501; single_line
,,main_invoices\2017\2017-10-03__Nir-Sayag__R3417309113 - הדפסת חשבונית מרכזת.pdf,FORMAT_UNKNOWN,10,8400039,70 מכסה פלסטיק לקופסא,10.00,unit,,,,MEDIUM,doc_ref=R5117334663; single_line
,,main_invoices\2017\2017-10-03__Nir-Sayag__R3417309113 - הדפסת חשבונית מרכזת.pdf,FORMAT_UNKNOWN,10,1531028,2A USB  שקעים2 + ' מ1  כבל+ 5 רב שקע,3.00,unit,,,,MEDIUM,doc_ref=R5117334663; single_line
,,main_invoices\2017\2017-10-03__Nir-Sayag__R3417309113 - הדפסת חשבונית מרכזת.pdf,FORMAT_UNKNOWN,10,1531025,3.1A USB  שקעים2 + ' מ1  כבל+ 3 רב שקע,3.00,unit,,,,MEDIUM,doc_ref=R5117334663; single_line
,,main_invoices\2017\2017-10-03__Nir-Sayag__R3417309113 - הדפסת חשבונית מרכזת.pdf,FORMAT_UNKNOWN,10,1531020,מפסק+ כבל+RS-10 רב שקע,2.00,unit,,,,MEDIUM,doc_ref=R5117334663; single_line
,,main_invoices\2017\2017-10-03__Nir-Sayag__R3417309113 - הדפסת חשבונית מרכזת.pdf,FORMAT_UNKNOWN,10,1524012,T-3 תקע משולש,10.00,unit,,,,MEDIUM,doc_ref=R5117334663; single_line
,,main_invoices\2017\2017-10-03__Nir-Sayag__R3417309113 - הדפסת חשבונית מרכזת.pdf,FORMAT_UNKNOWN,10,63301959,70*10 נ.כ אלומ' מובדל,1.00,unit,,,,MEDIUM,doc_ref=R5117334669; single_line
,,main_invoices\2017\2017-10-03__Nir-Sayag__R3417309113 - הדפסת חשבונית מרכזת.pdf,FORMAT_UNKNOWN,10,63301958,50*10 נ.כ אלומ' מובדל,1.00,unit,,,,MEDIUM,doc_ref=R5117334669; single_line
,,main_invoices\2017\2017-10-03__Nir-Sayag__R3417309113 - הדפסת חשבונית מרכזת.pdf,FORMAT_UNKNOWN,10,73275310,CVS160B TM160D 3P3D 25KA מנתק,1.00,unit,,,,MEDIUM,doc_ref=R5117334669; single_line
,,main_invoices\2017\2017-10-03__Nir-Sayag__R3417309113 - הדפסת חשבונית מרכזת.pdf,FORMAT_UNKNOWN,10,99220111,"(' מ""מ )יח50 סופיות מבודדות",12.00,unit,,,,MEDIUM,doc_ref=R5117334669; single_line
,,main_invoices\2017\2017-10-03__Nir-Sayag__R3417309113 - הדפסת חשבונית מרכזת.pdf,FORMAT_UNKNOWN,10,73275312,CVS250B TM200D 3P3D 25KA מנתק,-1.00,unit,,,,MEDIUM,doc_ref=R1517305137; single_line
,,main_invoices\2017\2017-10-03__Nir-Sayag__R3417309113 - הדפסת חשבונית מרכזת.pdf,FORMAT_UNKNOWN,10,7340505,NSX100B-TM80 3P 25KA מפסק,-1.00,unit,,,,MEDIUM,doc_ref=R1517305137; single_line
,,main_invoices\2017\2017-10-03__Nir-Sayag__R3417309113 - הדפסת חשבונית מרכזת.pdf,FORMAT_UNKNOWN,10,7340526,"ממ""ר1.5-95 3P מחברים מהירים",-8.00,unit,,,,MEDIUM,doc_ref=R1517305138; single_line
,,main_invoices\2017\2017-10-03__Nir-Sayag__R3417309113 - הדפסת חשבונית מרכזת.pdf,FORMAT_UNKNOWN,10,7340528,"ממ""ר120-180 3P מחברים מהירים",-10.00,unit,,,,MEDIUM,doc_ref=R1517305138; single_line
,,main_invoices\2017\2017-10-03__Nir-Sayag__R3417309113 - הדפסת חשבונית מרכזת.pdf,FORMAT_UNKNOWN,10,1313420,"5X16  מגע ""שוקו""עה""ט5 שקע",1.00,unit,,,,MEDIUM,doc_ref=P5117443149; single_line
,,main_invoices\2017\2017-10-03__Nir-Sayag__R3417309113 - הדפסת חשבונית מרכזת.pdf,FORMAT_UNKNOWN,10,3850204,4000K 12W 170  לד עגולVEGA חיצוני,1.00,unit,,,,MEDIUM,doc_ref=P5117443149; single_line
,,main_invoices\2017\2017-10-03__Nir-Sayag__R3417309113 - הדפסת חשבונית מרכזת.pdf,FORMAT_UNKNOWN,10,99565266,4.5X50 בורג סיבית,500.00,unit,,,,MEDIUM,doc_ref=R5117334789; single_line
,,main_invoices\2017\2017-10-03__Nir-Sayag__R3417309113 - הדפסת חשבונית מרכזת.pdf,FORMAT_UNKNOWN,10,995651357,CA-38 / CC-38 חותך ומקלף כבלים,1.00,unit,,,,MEDIUM,doc_ref=R5117334914; single_line
,,main_invoices\2017\2017-10-03__Nir-Sayag__R3417309113 - הדפסת חשבונית מרכזת.pdf,FORMAT_UNKNOWN,10,995650350,( )צד רךIRWIN תיק כלי עבודה מקצועי גדול,2.00,unit,,,,MEDIUM,doc_ref=R5117334914; single_line
,,main_invoices\2017\2017-10-03__Nir-Sayag__R3417309113 - הדפסת חשבונית מרכזת.pdf,FORMAT_UNKNOWN,10,9956513582,CA-22 חותך ומקלף כבלים,1.00,unit,,,,MEDIUM,doc_ref=R5117334914; single_line
,,main_invoices\2017\2017-10-03__Nir-Sayag__R3417309113 - הדפסת חשבונית מרכזת.pdf,FORMAT_UNKNOWN,10,995650531,EXL  צהובOLFA סכין רחבה,1.00,unit,,,,MEDIUM,doc_ref=R5117334914; single_line
,,main_invoices\2017\2017-10-03__Nir-Sayag__R3417309113 - הדפסת חשבונית מרכזת.pdf,FORMAT_UNKNOWN,11,99565055,ZI-2010  סטנדרטי מוגןZICO טסטר,1.00,unit,,,,MEDIUM,doc_ref=R5117334914; single_line
,,main_invoices\2017\2017-10-03__Nir-Sayag__R3417309113 - הדפסת חשבונית מרכזת.pdf,FORMAT_UNKNOWN,11,99566007,VDE 1000V 200 פלייר שפיץ מכופף,1.00,unit,,,,MEDIUM,doc_ref=R5117334914; single_line
,,main_invoices\2017\2017-10-03__Nir-Sayag__R3417309113 - הדפסת חשבונית מרכזת.pdf,FORMAT_UNKNOWN,11,99565065,מגן גומי+  מטר איכותי5 מטר,1.00,meter,,,,MEDIUM,doc_ref=R5117334914; single_line
,,main_invoices\2017\2017-10-03__Nir-Sayag__R3417309113 - הדפסת חשבונית מרכזת.pdf,FORMAT_UNKNOWN,11,4951327742,"8  ממ""ר חור10 נ.כ נחושת",25.00,unit,,,,MEDIUM,doc_ref=R5117334914; single_line
,,main_invoices\2017\2017-10-03__Nir-Sayag__R3417309113 - הדפסת חשבונית מרכזת.pdf,FORMAT_UNKNOWN,11,4951327752,"8  ממ""ר חור16 נ.כ נחושת",10.00,unit,,,,MEDIUM,doc_ref=R5117334914; single_line
,,main_invoices\2017\2017-10-03__Nir-Sayag__R3417309113 - הדפסת חשבונית מרכזת.pdf,FORMAT_UNKNOWN,11,695384100,OS-LEDV 100W/840 IP65 פנס הצפה שחור,-1.00,unit,,,,MEDIUM,doc_ref=R1517305173; single_line
,,main_invoices\2017\2017-10-03__Nir-Sayag__R3417309113 - הדפסת חשבונית מרכזת.pdf,FORMAT_UNKNOWN,11,995650350,( )צד רךIRWIN תיק כלי עבודה מקצועי גדול,1.00,unit,,,,MEDIUM,doc_ref=R5117335284; single_line
,,main_invoices\2017\2017-10-03__Nir-Sayag__R3417309113 - הדפסת חשבונית מרכזת.pdf,FORMAT_UNKNOWN,11,7327405,iID 2P 40A 30mA A-type מפסק פחת,1.00,unit,,,,MEDIUM,doc_ref=R5117335284; single_line
,,main_invoices\2017\2017-10-03__Nir-Sayag__R3417309113 - הדפסת חשבונית מרכזת.pdf,FORMAT_UNKNOWN,11,7327003,K60N 1P 16A 6kA C מאמט אופיין,12.00,unit,,,,MEDIUM,doc_ref=R5117335284; single_line
,,main_invoices\2017\2017-10-03__Nir-Sayag__R3417309113 - הדפסת חשבונית מרכזת.pdf,FORMAT_UNKNOWN,11,90019,(100) SAPISELCO 250 3.5 חבק לבן,5.00,unit,,,,MEDIUM,doc_ref=R5117335284; single_line
,,main_invoices\2017\2017-10-03__Nir-Sayag__R3417309113 - הדפסת חשבונית מרכזת.pdf,FORMAT_UNKNOWN,11,99070005,( סמ12x10x7  )קופ' גדולה3X32A 'פקט בקופ,-1.00,unit,,,,MEDIUM,doc_ref=R1517305231; single_line
,,main_invoices\2017\2017-10-03__Nir-Sayag__R3417309113 - הדפסת חשבונית מרכזת.pdf,FORMAT_UNKNOWN,11,3921220,GEWISS SYS BLACK שקע כח,5.00,unit,,,,MEDIUM,doc_ref=R5117335480; single_line
,,main_invoices\2017\2017-10-03__Nir-Sayag__R3417309113 - הדפסת חשבונית מרכזת.pdf,FORMAT_UNKNOWN,11,99070005,( סמ12x10x7  )קופ' גדולה3X32A 'פקט בקופ,2.00,unit,,,,MEDIUM,doc_ref=R5117335500; single_line
,,main_invoices\2017\2017-10-03__Nir-Sayag__R3417309113 - הדפסת חשבונית מרכזת.pdf,FORMAT_UNKNOWN,11,3920905,GW ממ30  לבן24V נורה פיוז,4.00,unit,,,,MEDIUM,doc_ref=R5117335557; single_line
,,main_invoices\2017\2017-10-03__Nir-Sayag__R3417309113 - הדפסת חשבונית מרכזת.pdf,FORMAT_UNKNOWN,11,29103815,כבל+ 12VDC 5A/60W ספק כח לד,1.00,unit,,,,MEDIUM,doc_ref=R5117335628; single_line
,,main_invoices\2017\2017-10-03__Nir-Sayag__R3417309113 - הדפסת חשבונית מרכזת.pdf,FORMAT_UNKNOWN,11,4611302,6.5K  מוגן5050  לד60 (' מ5) פס,1.00,unit,,,,MEDIUM,doc_ref=R5117335628; single_line
,,main_invoices\2017\2017-10-03__Nir-Sayag__R3417309113 - הדפסת חשבונית מרכזת.pdf,FORMAT_UNKNOWN,11,15170043,( יח12  )שורה של2 ' מסTRIDONIC מהדק גמיש,1.00,unit,,,,MEDIUM,doc_ref=R5117335628; single_line
,,main_invoices\2017\2017-10-03__Nir-Sayag__R3417309113 - הדפסת חשבונית מרכזת.pdf,FORMAT_UNKNOWN,11,833005,3009 פעמון גונג מכני דגם,1.00,unit,,,,MEDIUM,doc_ref=R5117335628; single_line
,,main_invoices\2017\2017-10-03__Nir-Sayag__R3417309113 - הדפסת חשבונית מרכזת.pdf,FORMAT_UNKNOWN,11,39202283,קואקס לבן- GW  דמוי- TV שקע,4.00,unit,,,,MEDIUM,doc_ref=R5117335628; single_line
,,main_invoices\2017\2017-10-03__Nir-Sayag__R3417309113 - הדפסת חשבונית מרכזת.pdf,FORMAT_UNKNOWN,11,8400039,70 מכסה פלסטיק לקופסא,2.00,unit,,,,MEDIUM,doc_ref=R5117335628; single_line
,,main_invoices\2017\2017-10-03__Nir-Sayag__R3417309113 - הדפסת חשבונית מרכזת.pdf,FORMAT_UNKNOWN,11,495132774,"6  ממ""ר חור10 נ.כ נחושת",2.00,unit,,,,MEDIUM,doc_ref=R5117335628; single_line
,,main_invoices\2017\2017-10-03__Nir-Sayag__R3417309113 - הדפסת חשבונית מרכזת.pdf,FORMAT_UNKNOWN,11,4951327742,"8  ממ""ר חור10 נ.כ נחושת",3.00,unit,,,,MEDIUM,doc_ref=R5117335628; single_line
,,main_invoices\2017\2017-10-03__Nir-Sayag__R3417309113 - הדפסת חשבונית מרכזת.pdf,FORMAT_UNKNOWN,11,99130907,דרגות3 תנור אמבטיה אינפרא,1.00,unit,,,,MEDIUM,doc_ref=R5117335628; single_line
,,main_invoices\2017\2017-10-03__Nir-Sayag__R3417309113 - הדפסת חשבונית מרכזת.pdf,FORMAT_UNKNOWN,11,99565656,1/4 שייבות,200.00,unit,,,,MEDIUM,doc_ref=R5117335637; single_line
,,main_invoices\2017\2017-10-03__Nir-Sayag__R3417309113 - הדפסת חשבונית מרכזת.pdf,FORMAT_UNKNOWN,11,3921220,GEWISS SYS BLACK שקע כח,1.00,unit,,,,MEDIUM,doc_ref=R5117335652; single_line
,,main_invoices\2017\2017-10-03__Nir-Sayag__R3417309113 - הדפסת חשבונית מרכזת.pdf,FORMAT_UNKNOWN,11,3922114,VIRNA  שחור4  מודולSYS מסגרת,3.00,unit,,,,MEDIUM,doc_ref=R5117335652; single_line
,,main_invoices\2017\2017-10-03__Nir-Sayag__R3417309113 - הדפסת חשבונית מרכזת.pdf,FORMAT_UNKNOWN,11,99130907,דרגות3 תנור אמבטיה אינפרא,-1.00,unit,,,,MEDIUM,doc_ref=R1517305299; single_line
,,main_invoices\2017\2017-10-03__Nir-Sayag__R3417309113 - הדפסת חשבונית מרכזת.pdf,FORMAT_UNKNOWN,13,840001800,"מודול תה""ט ללא מחיצות3 קופ' תקן",40.00,unit,,,,MEDIUM,doc_ref=R5117333211; single_line
,,main_invoices\2017\2017-10-03__Nir-Sayag__R3417309113 - הדפסת חשבונית מרכזת.pdf,FORMAT_UNKNOWN,13,8400005,תקן70 'קופ,20.00,unit,,,,MEDIUM,doc_ref=R5117333211; single_line
,,main_invoices\2017\2017-10-03__Nir-Sayag__R3417309113 - הדפסת חשבונית מרכזת.pdf,FORMAT_UNKNOWN,13,84000791,( חדש20) 16 צינור מופה אדום,10.00,unit,,,,MEDIUM,doc_ref=R5117333429; single_line
,,main_invoices\2017\2017-10-03__Nir-Sayag__R3417309113 - הדפסת חשבונית מרכזת.pdf,FORMAT_UNKNOWN,13,84000791,( חדש20) 16 צינור מופה אדום,10.00,unit,,,,MEDIUM,doc_ref=R5117334913; single_line
,,main_invoices\2017\2017-10-03__Nir-Sayag__R3417309113 - הדפסת חשבונית מרכזת.pdf,FORMAT_UNKNOWN,13,695220104,SUPER N N-4 קופסא,6.00,unit,,,,MEDIUM,doc_ref=R5117335756; single_line
,,main_invoices\2017\2017-10-03__Nir-Sayag__R3417309113 - הדפסת חשבונית מרכזת.pdf,FORMAT_UNKNOWN,13,695240004,NB4  גובה לבןN - ניסקול,1.00,unit,,,,MEDIUM,doc_ref=R5117335756; single_line
,,main_invoices\2017\2017-10-03__Nir-Sayag__R3417309113 - הדפסת חשבונית מרכזת.pdf,FORMAT_UNKNOWN,14,99761110,' יח5.00 חלק80*80*50  אפור אטוםD-8,2.00,unit,50.00,50.00,2,HIGH,doc_ref=R5117333125
,,main_invoices\2017\2017-10-03__Nir-Sayag__R3417309113 - הדפסת חשבונית מרכזת.pdf,FORMAT_UNKNOWN,14,99761104,' יח1.00 100*100*50 פטמות+ קופ' אטומהD-1P,,,6.00,,24,HIGH,doc_ref=R5117336036
,,main_invoices\2017\2017-10-03__Nir-Sayag__R3417309113 - הדפסת חשבונית מרכזת.pdf,FORMAT_UNKNOWN,14,99761110,' יח5.00 חלק80*80*50  אפור אטוםD-8,,,50.00,50.00,25,HIGH,doc_ref=R5117336036
,,main_invoices\2017\2017-10-03__Nir-Sayag__R3417309113 - הדפסת חשבונית מרכזת.pdf,FORMAT_UNKNOWN,14,99070005,( סמ12x10x7  )קופ' גדולה3X32A 'פקט בקופ,4.00,unit,,,,MEDIUM,doc_ref=R5117333125; single_line
,,main_invoices\2017\2017-10-03__Nir-Sayag__R3417309113 - הדפסת חשבונית מרכזת.pdf,FORMAT_UNKNOWN,14,695220621,SUPER NW-1 שקע כח מוגן מים,1.00,unit,,,,MEDIUM,doc_ref=R5117333125; single_line
,,main_invoices\2017\2017-10-03__Nir-Sayag__R3417309113 - הדפסת חשבונית מרכזת.pdf,FORMAT_UNKNOWN,14,80145049,"(' יח3) 8X4 "" ""הארקה לא לפרקPVC מדבקה",2.00,unit,,,,MEDIUM,doc_ref=R5117333125; single_line
,,main_invoices\2017\2017-10-03__Nir-Sayag__R3417309113 - הדפסת חשבונית מרכזת.pdf,FORMAT_UNKNOWN,14,99761218,"מקום תה""ט ריקה8 D-18 'קופ",1.00,unit,,,,MEDIUM,doc_ref=R5117333125; single_line
,,main_invoices\2017\2017-10-03__Nir-Sayag__R3417309113 - הדפסת חשבונית מרכזת.pdf,FORMAT_UNKNOWN,14,99761232,D-.. זוג שקעי כח לקופסא,3.00,unit,,,,MEDIUM,doc_ref=R5117333125; single_line
,,main_invoices\2017\2017-10-03__Nir-Sayag__R3417309113 - הדפסת חשבונית מרכזת.pdf,FORMAT_UNKNOWN,14,695110107,סוללת גיבוי+ 230V גלאי עשן תקני,4.00,unit,,,,MEDIUM,doc_ref=R5117333125; single_line
,,main_invoices\2017\2017-10-03__Nir-Sayag__R3417309113 - הדפסת חשבונית מרכזת.pdf,FORMAT_UNKNOWN,14,3924211,GEWISS  מוד' לבן3 מסגרת אטומה,4.00,unit,,,,MEDIUM,doc_ref=R5117333125; single_line
,,main_invoices\2017\2017-10-03__Nir-Sayag__R3417309113 - הדפסת חשבונית מרכזת.pdf,FORMAT_UNKNOWN,14,840005211,PW6 195*149*75 מכסה+קופ' סעף לגבס,1.00,unit,,,,MEDIUM,doc_ref=R5117333125; single_line
,,main_invoices\2017\2017-10-03__Nir-Sayag__R3417309113 - הדפסת חשבונית מרכזת.pdf,FORMAT_UNKNOWN,14,22293007,V86/1STU 240V שעון פיקוד ללא רזרבה,1.00,unit,,,,MEDIUM,doc_ref=R5117333209; single_line
,,main_invoices\2017\2017-10-03__Nir-Sayag__R3417309113 - הדפסת חשבונית מרכזת.pdf,FORMAT_UNKNOWN,14,3962482,GW IP44 5*16 90  עהטCEE שקע,2.00,unit,,,,MEDIUM,doc_ref=R5117333209; single_line
,,main_invoices\2017\2017-10-03__Nir-Sayag__R3417309113 - הדפסת חשבונית מרכזת.pdf,FORMAT_UNKNOWN,14,8400039,70 מכסה פלסטיק לקופסא,20.00,unit,,,,MEDIUM,doc_ref=R5117334016; single_line
,,main_invoices\2017\2017-10-03__Nir-Sayag__R3417309113 - הדפסת חשבונית מרכזת.pdf,FORMAT_UNKNOWN,14,39202283,קואקס לבן- GW  דמוי- TV שקע,15.00,unit,,,,MEDIUM,doc_ref=R5117334016; single_line
,,main_invoices\2017\2017-10-03__Nir-Sayag__R3417309113 - הדפסת חשבונית מרכזת.pdf,FORMAT_UNKNOWN,14,839514,מסוכך לגוויסRJ-45 שקע,15.00,unit,,,,MEDIUM,doc_ref=R5117334016; single_line
,,main_invoices\2017\2017-10-03__Nir-Sayag__R3417309113 - הדפסת חשבונית מרכזת.pdf,FORMAT_UNKNOWN,14,15170061,פלסטי א.נתך4 מהדק מס,10.00,unit,,,,MEDIUM,doc_ref=R5117334016; single_line
,,main_invoices\2017\2017-10-03__Nir-Sayag__R3417309113 - הדפסת חשבונית מרכזת.pdf,FORMAT_UNKNOWN,14,833005,3009 פעמון גונג מכני דגם,1.00,unit,,,,MEDIUM,doc_ref=R5117335158; single_line
,,main_invoices\2017\2017-10-03__Nir-Sayag__R3417309113 - הדפסת חשבונית מרכזת.pdf,FORMAT_UNKNOWN,14,99910004,"""מתנתק"" תקןLSA פס קרונה",3.00,unit,,,,MEDIUM,doc_ref=R5117335158; single_line
,,main_invoices\2017\2017-10-03__Nir-Sayag__R3417309113 - הדפסת חשבונית מרכזת.pdf,FORMAT_UNKNOWN,14,99910010,זוג10-אמבטיה ל,1.00,unit,,,,MEDIUM,doc_ref=R5117335158; single_line
,,main_invoices\2017\2017-10-03__Nir-Sayag__R3417309113 - הדפסת חשבונית מרכזת.pdf,FORMAT_UNKNOWN,14,99910012,זוג20-אמבטיה ל,1.00,unit,,,,MEDIUM,doc_ref=R5117335158; single_line
,,main_invoices\2017\2017-10-03__Nir-Sayag__R3417309113 - הדפסת חשבונית מרכזת.pdf,FORMAT_UNKNOWN,14,99761118,154*114*70  אפור חלק אטוםD-24 קופסא,5.00,unit,,,,MEDIUM,doc_ref=R5117336036; single_line
,,main_invoices\2017\2017-10-03__Nir-Sayag__R3417309113 - הדפסת חשבונית מרכזת.pdf,FORMAT_UNKNOWN,14,99761114,חלק190*150*80  אפור אטוםD-2 קופסא,1.00,unit,,,,MEDIUM,doc_ref=R5117336036; single_line
,,main_invoices\2017\2017-10-03__Nir-Sayag__R3417309113 - הדפסת חשבונית מרכזת.pdf,FORMAT_UNKNOWN,14,997611131,190*150*100 פטמות+ אטוםD-2P קופסא,1.00,unit,,,,MEDIUM,doc_ref=R5117336036; single_line
,,main_invoices\2017\2017-10-03__Nir-Sayag__R3417309113 - הדפסת חשבונית מרכזת.pdf,FORMAT_UNKNOWN,14,4932202,ברגים7 4*40*200 פס השוואה,1.00,unit,,,,MEDIUM,doc_ref=R5117336036; single_line
,,main_invoices\2017\2017-10-03__Nir-Sayag__R3417309113 - הדפסת חשבונית מרכזת.pdf,FORMAT_UNKNOWN,14,2818151,3112 פס השוואה פוטנ' קומתי,1.00,unit,,,,MEDIUM,doc_ref=R5117336036; single_line
,,main_invoices\2017\2017-10-03__Nir-Sayag__R3417309113 - הדפסת חשבונית מרכזת.pdf,FORMAT_UNKNOWN,14,2818153,3114 פס השוואה למבנה קטן,1.00,unit,,,,MEDIUM,doc_ref=R5117336036; single_line
,,main_invoices\2017\2017-10-03__Nir-Sayag__R3417309113 - הדפסת חשבונית מרכזת.pdf,FORMAT_UNKNOWN,14,21018,20/6 שרוול מתכווץ עם דבק,1.00,unit,,,,MEDIUM,doc_ref=R5117336036; single_line
,,main_invoices\2017\2017-10-03__Nir-Sayag__R3417309113 - הדפסת חשבונית מרכזת.pdf,FORMAT_UNKNOWN,14,21017,2/8 שרוול מתכווץ עם דבק,1.00,unit,,,,MEDIUM,doc_ref=R5117336036; single_line
,,main_invoices\2018\2018-08-30__Mira-Yarimi__P5118435784.pdf,FORMAT_A_2017_2018,1,99761102,80*80*50 פטמות+ קופ' אטומהD-8P,10.00,unit,,,,MEDIUM,doc_ref=R1018318066; single_line
,,main_invoices\2018\2018-08-30__Mira-Yarimi__P5118435784.pdf,FORMAT_A_2017_2018,1,8400061,20 קשת רון,10.00,unit,,,,MEDIUM,doc_ref=R1018318066; single_line
27/11/18,,main_invoices\2018\2018-12-09__Nir-Sayag__p0414400593.pdf,FORMAT_B_2019_2021,1,3101033083,1W AWEX 160Lm ג.ת חרום שקוע כפתור2,1.00,unit,,,,MEDIUM,doc_ref=R5118336530; single_line
27/11/18,,main_invoices\2018\2018-12-09__Nir-Sayag__p3285200593.pdf,FORMAT_B_2019_2021,1,99761232,D-.. זוג שקעי כח לבן לקופסא,20.00,unit,,,,MEDIUM,doc_ref=R5118337997; single_line
27/11/18,,main_invoices\2018\2018-12-09__Nir-Sayag__p3285200593.pdf,FORMAT_B_2019_2021,1,15170043,( יח12  )שורה של2 ' מסTRIDONIC מהדק גמיש,1.00,unit,,,,MEDIUM,doc_ref=R5118337997; single_line
27/11/18,,main_invoices\2018\2018-12-09__Nir-Sayag__p3285200593.pdf,FORMAT_B_2019_2021,1,99565123,מטר מגנטי מקצועי5 מטר,1.00,meter,,,,MEDIUM,doc_ref=R5118337997; single_line
27/11/18,,main_invoices\2018\2018-12-09__Nir-Sayag__p3285200593.pdf,FORMAT_B_2019_2021,1,997238155,( מהדקים12  )שורה של1 'מהדק פחית מס,3.00,unit,,,,MEDIUM,doc_ref=R5118338213; single_line
27/11/18,,main_invoices\2018\2018-12-09__Nir-Sayag__p3285200593.pdf,FORMAT_B_2019_2021,1,997238165,( מהדקים12  )שורה של2 'מהדק פחית מס,3.00,unit,,,,MEDIUM,doc_ref=R5118338213; single_line
27/11/18,,main_invoices\2018\2018-12-09__Nir-Sayag__p3285200593.pdf,FORMAT_B_2019_2021,1,3942201,(GW42216  )ללא פטישGEWISS 10A לוחץ חרום,1.00,unit,,,,MEDIUM,doc_ref=R5118338541; single_line
27/11/18,,main_invoices\2018\2018-12-09__Nir-Sayag__p3285200593.pdf,FORMAT_B_2019_2021,1,3942216,GEWISS פטיש עם כבל בטחון,1.00,unit,,,,MEDIUM,doc_ref=R5118338541; single_line
27/11/18,,main_invoices\2018\2018-12-09__Nir-Sayag__p3285200593.pdf,FORMAT_B_2019_2021,1,495124010,"ממ""ר10 מהדק קנדי",10.00,unit,,,,MEDIUM,doc_ref=R5118338934; single_line
27/11/18,,main_invoices\2018\2018-12-09__Nir-Sayag__p3285200593.pdf,FORMAT_B_2019_2021,1,99761215,"מקום עה""ט ריקה6 D-17 'קופ",2.00,unit,,,,MEDIUM,doc_ref=R5118339912; single_line
27/11/18,,main_invoices\2018\2018-12-09__Nir-Sayag__p2764000593.pdf,FORMAT_B_2019_2021,1,3920220,GW  לבן16A 250V שקע ישראלי,80.00,unit,,,,MEDIUM,doc_ref=R5118336722; single_line
27/11/18,,main_invoices\2018\2018-12-09__Nir-Sayag__p2764000593.pdf,FORMAT_B_2019_2021,1,84001,מודול לאביזרי גוויס1 דמי לבן,50.00,unit,,,,MEDIUM,doc_ref=R5118336722; single_line
27/11/18,,main_invoices\2018\2018-12-09__Nir-Sayag__p2764000593.pdf,FORMAT_B_2019_2021,1,3920504,TOP נ.סימון לבן+מפ' דו קוטבי,10.00,unit,,,,MEDIUM,doc_ref=R5118336722; single_line
27/11/18,,main_invoices\2018\2018-12-09__Nir-Sayag__p2764000593.pdf,FORMAT_B_2019_2021,1,3920576,TOP מפ' משנה כוון/חילוף לבן,10.00,unit,,,,MEDIUM,doc_ref=R5118336722; single_line
27/11/18,,main_invoices\2018\2018-12-09__Nir-Sayag__p2764000593.pdf,FORMAT_B_2019_2021,1,3920571,TOP  לבן16A מפ' חד קוטבי,20.00,unit,,,,MEDIUM,doc_ref=R5118336722; single_line
27/11/18,,main_invoices\2018\2018-12-09__Nir-Sayag__p2764000593.pdf,FORMAT_B_2019_2021,1,3924201,GW........ מקום3 מתאם למסגרת,50.00,unit,,,,MEDIUM,doc_ref=R5118336722; single_line
27/11/18,,main_invoices\2018\2018-12-09__Nir-Sayag__p2764000593.pdf,FORMAT_B_2019_2021,1,3924202,GW........ מקום4 מתאם למסגרת,20.00,unit,,,,MEDIUM,doc_ref=R5118336722; single_line
27/11/18,,main_invoices\2018\2018-12-09__Nir-Sayag__p2764000593.pdf,FORMAT_B_2019_2021,1,2400074,SDS-PLUS 7*50/110 מקדח,1.00,unit,,,,MEDIUM,doc_ref=R5118336722; single_line
27/11/18,,main_invoices\2018\2018-12-09__Nir-Sayag__p2764000593.pdf,FORMAT_B_2019_2021,1,2400076,SDS-PLUS 8*50/110 מקדח,1.00,unit,,,,MEDIUM,doc_ref=R5118336722; single_line
27/11/18,,main_invoices\2018\2018-12-09__Nir-Sayag__p2764000593.pdf,FORMAT_B_2019_2021,1,6601165,KD190 פס גישור חד פזי מזלג,4.00,unit,,,,MEDIUM,doc_ref=R5118337019; single_line
27/11/18,,main_invoices\2018\2018-12-09__Nir-Sayag__p2764000593.pdf,FORMAT_B_2019_2021,1,696444021,80A  תלת פאזי מזלגR.S.T פס,4.00,unit,,,,MEDIUM,doc_ref=R5118337019; single_line
27/11/18,,main_invoices\2018\2018-12-09__Nir-Sayag__p2764000593.pdf,FORMAT_B_2019_2021,1,84000791,( חדש20) 16 צינור מופה אדום,5.00,unit,,,,MEDIUM,doc_ref=R5118337019; single_line
27/11/18,,main_invoices\2018\2018-12-09__Nir-Sayag__p2764000593.pdf,FORMAT_B_2019_2021,1,99761555,"A-T-24 לוח תקשורת תה""ט ללא בסיס",3.00,unit,,,,MEDIUM,doc_ref=R5118337019; single_line
27/11/18,,main_invoices\2018\2018-12-09__Nir-Sayag__p2764000593.pdf,FORMAT_B_2019_2021,1,3922451,"GW  מוד' לבן3  מ""מCOM מסגרת",10.00,unit,,,,MEDIUM,doc_ref=R5118337019; single_line
27/11/18,,main_invoices\2018\2018-12-09__Nir-Sayag__p2764000593.pdf,FORMAT_B_2019_2021,1,3924201,GW........ מקום3 מתאם למסגרת,50.00,unit,,,,MEDIUM,doc_ref=R5118337019; single_line
27/11/18,,main_invoices\2018\2018-12-09__Nir-Sayag__p2764000593.pdf,FORMAT_B_2019_2021,1,3920220,GW  לבן16A 250V שקע ישראלי,40.00,unit,,,,MEDIUM,doc_ref=R5118337019; single_line
27/11/18,,main_invoices\2018\2018-12-09__Nir-Sayag__p2764000593.pdf,FORMAT_B_2019_2021,1,3920571,TOP  לבן16A מפ' חד קוטבי,10.00,unit,,,,MEDIUM,doc_ref=R5118337019; single_line
27/11/18,,main_invoices\2018\2018-12-09__Nir-Sayag__p2764000593.pdf,FORMAT_B_2019_2021,1,3920504,TOP נ.סימון לבן+מפ' דו קוטבי,5.00,unit,,,,MEDIUM,doc_ref=R5118337019; single_line
27/11/18,,main_invoices\2018\2018-12-09__Nir-Sayag__p2764000593.pdf,FORMAT_B_2019_2021,1,3920515,TOP נ.סימון לבן+ קוטבי1 NO לוחץ,5.00,unit,,,,MEDIUM,doc_ref=R5118337019; single_line
27/11/18,,main_invoices\2018\2018-12-09__Nir-Sayag__p2764000593.pdf,FORMAT_B_2019_2021,1,99761552,"36-לוח תה""ט ללא בסיס ל",3.00,unit,,,,MEDIUM,doc_ref=R5118337019; single_line
27/11/18,,main_invoices\2018\2018-12-09__Nir-Sayag__p2764000593.pdf,FORMAT_B_2019_2021,1,84001,מודול לאביזרי גוויס1 דמי לבן,30.00,unit,,,,MEDIUM,doc_ref=R5118337019; single_line
27/11/18,,main_invoices\2018\2018-12-09__Nir-Sayag__p2764000593.pdf,FORMAT_B_2019_2021,1,8400074,"יחידות12 מסתם לח""א ללוחות חשמל",10.00,unit,,,,MEDIUM,doc_ref=R5118337019; single_line
27/11/18,,main_invoices\2018\2018-12-09__Nir-Sayag__p2764000593.pdf,FORMAT_B_2019_2021,1,3992006,"1P 10A 6kA C GEWISS מאמ""ת",30.00,unit,,,,MEDIUM,doc_ref=R5118337019; single_line
27/11/18,,main_invoices\2018\2018-12-09__Nir-Sayag__p2764000593.pdf,FORMAT_B_2019_2021,1,3992007,"1P 16A 6kA C GEWISS מאמ""ת",60.00,unit,,,,MEDIUM,doc_ref=R5118337019; single_line
27/11/18,,main_invoices\2018\2018-12-09__Nir-Sayag__p2764000593.pdf,FORMAT_B_2019_2021,1,6601165,KD190 פס גישור חד פזי מזלג,-4.00,unit,,,,MEDIUM,doc_ref=R1518305625; single_line
27/11/18,,main_invoices\2018\2018-12-09__Nir-Sayag__p2764000593.pdf,FORMAT_B_2019_2021,1,99761555,"A-T-24 לוח תקשורת תה""ט ללא בסיס",7.00,unit,,,,MEDIUM,doc_ref=P5118445586; single_line
27/11/18,,main_invoices\2018\2018-12-09__Nir-Sayag__p2764000593.pdf,FORMAT_B_2019_2021,1,833001,תקני73 פעמון זמזם ביתי,10.00,unit,,,,MEDIUM,doc_ref=P5118445586; single_line
27/11/18,,main_invoices\2018\2018-12-09__Nir-Sayag__p2764000593.pdf,FORMAT_B_2019_2021,1,3920521,TOP  חיצים לבן1-0-2 NO לוחץ,5.00,unit,,,,MEDIUM,doc_ref=R5118337213; single_line
27/11/18,,main_invoices\2018\2018-12-09__Nir-Sayag__p2764000593.pdf,FORMAT_B_2019_2021,1,1109806,"ממ""ר2.5 תקע+ מהדקי שקע12 פס",3.00,unit,,,,MEDIUM,doc_ref=R5118337213; single_line
27/11/18,,main_invoices\2018\2018-12-09__Nir-Sayag__p2764000593.pdf,FORMAT_B_2019_2021,1,99220106,"(100)  מ""מ6.0 סופיות מבודדת",2.00,unit,,,,MEDIUM,doc_ref=R5118337213; single_line
27/11/18,,main_invoices\2018\2018-12-09__Nir-Sayag__p2764000593.pdf,FORMAT_B_2019_2021,1,992201010,"(200)  מ""מ0.75 סופיות מבודדת",2.00,unit,,,,MEDIUM,doc_ref=R5118337213; single_line
27/11/18,,main_invoices\2018\2018-12-09__Nir-Sayag__p2764000593.pdf,FORMAT_B_2019_2021,1,695331907,ללא נורהPOP IP-54 ג.ת,6.00,unit,,,,MEDIUM,doc_ref=R5118337519; single_line
27/11/18,,main_invoices\2018\2018-12-09__Nir-Sayag__p2764000593.pdf,FORMAT_B_2019_2021,1,8400061,20 קשת רון,20.00,unit,,,,MEDIUM,doc_ref=R5118337519; single_line
27/11/18,,main_invoices\2018\2018-12-09__Nir-Sayag__p2764000593.pdf,FORMAT_B_2019_2021,1,99761218,"מקום תה""ט ריקה8 D-18 'קופ",1.00,unit,,,,MEDIUM,doc_ref=R5118337519; single_line
27/11/18,,main_invoices\2018\2018-12-09__Nir-Sayag__p2764000593.pdf,FORMAT_B_2019_2021,2,695110107,סוללת גיבוי+ 230V גלאי עשן ארופאי תקני,4.00,unit,,,,MEDIUM,doc_ref=R5118339417; single_line
27/11/18,,main_invoices\2018\2018-12-09__Nir-Sayag__p2764000593.pdf,FORMAT_B_2019_2021,2,167019,VEGA 9V סוללה,5.00,unit,,,,MEDIUM,doc_ref=R5118339417; single_line
27/11/18,,main_invoices\2018\2018-12-09__Nir-Sayag__p2764000593.pdf,FORMAT_B_2019_2021,2,995651923,' יח7 סט אלן אולר מיקצועי,1.00,unit,,,,MEDIUM,doc_ref=R5118339417; single_line
27/11/18,,main_invoices\2018\2018-12-09__Nir-Sayag__p2764000593.pdf,FORMAT_B_2019_2021,2,995657431,9/L כפפות שחורות לחשמלאים,12.00,unit,,,,MEDIUM,doc_ref=R5118339417; single_line
27/11/18,,main_invoices\2018\2018-12-09__Nir-Sayag__p2764000593.pdf,FORMAT_B_2019_2021,2,90020,(100) SAPISELCO 280 4.5 חבק לבן,5.00,unit,,,,MEDIUM,doc_ref=R5118339607; single_line
27/11/18,,main_invoices\2018\2018-12-09__Nir-Sayag__p2764000593.pdf,FORMAT_B_2019_2021,2,4610429,5x16  ניידCEE תקע,1.00,unit,,,,MEDIUM,doc_ref=R5118339607; single_line
27/11/18,,main_invoices\2018\2018-12-09__Nir-Sayag__p2764000593.pdf,FORMAT_B_2019_2021,2,15170053,( יח12  )שורה של3 ' מסTRIDONIC מהדק גמיש,1.00,unit,,,,MEDIUM,doc_ref=R5118339607; single_line
27/11/18,,main_invoices\2018\2018-12-09__Nir-Sayag__p2764000593.pdf,FORMAT_B_2019_2021,2,997238155,( מהדקים12  )שורה של1 'מהדק פחית מס,1.00,unit,,,,MEDIUM,doc_ref=R5118339607; single_line
27/11/18,,main_invoices\2018\2018-12-09__Nir-Sayag__p2764000593.pdf,FORMAT_B_2019_2021,2,99220106,"(100)  מ""מ6.0 סופיות מבודדת",2.00,unit,,,,MEDIUM,doc_ref=R5118339607; single_line
27/11/18,,main_invoices\2018\2018-12-09__Nir-Sayag__p2764000593.pdf,FORMAT_B_2019_2021,2,3920220,GW  לבן16A 250V שקע ישראלי,40.00,unit,,,,MEDIUM,doc_ref=R5118339607; single_line
27/11/18,,main_invoices\2018\2018-12-09__Nir-Sayag__p2764000593.pdf,FORMAT_B_2019_2021,2,1050020,!!! בלדח דקור' קומפלט תקני,20.00,unit,,,,MEDIUM,doc_ref=R5118339607; single_line
27/11/18,,main_invoices\2018\2018-12-09__Nir-Sayag__p2764000593.pdf,FORMAT_B_2019_2021,2,3924201,GW........ מקום3 מתאם למסגרת,30.00,unit,,,,MEDIUM,doc_ref=R5118339607; single_line
27/11/18,,main_invoices\2018\2018-12-09__Nir-Sayag__p2764000593.pdf,FORMAT_B_2019_2021,2,3922451,"GW  מוד' לבן3  מ""מCOM מסגרת",10.00,unit,,,,MEDIUM,doc_ref=R5118339607; single_line
27/11/18,,main_invoices\2018\2018-12-09__Nir-Sayag__p2764000593.pdf,FORMAT_B_2019_2021,2,3920571,TOP  לבן16A מפ' חד קוטבי,10.00,unit,,,,MEDIUM,doc_ref=R5118339607; single_line
27/11/18,,main_invoices\2018\2018-12-09__Nir-Sayag__p2764000593.pdf,FORMAT_B_2019_2021,2,3920576,TOP מפ' משנה כוון/חילוף לבן,10.00,unit,,,,MEDIUM,doc_ref=R5118339607; single_line
27/11/18,,main_invoices\2018\2018-12-09__Nir-Sayag__p2764000593.pdf,FORMAT_B_2019_2021,2,3992007,"1P 16A 6kA C GEWISS מאמ""ת",6.00,unit,,,,MEDIUM,doc_ref=R5118339712; single_line
27/11/18,,main_invoices\2018\2018-12-09__Nir-Sayag__p2764000593.pdf,FORMAT_B_2019_2021,2,3992006,"1P 10A 6kA C GEWISS מאמ""ת",12.00,unit,,,,MEDIUM,doc_ref=R5118339712; single_line
27/11/18,,main_invoices\2018\2018-12-09__Nir-Sayag__p2764000593.pdf,FORMAT_B_2019_2021,2,3922103,SYSTEM  לבן3  מודולVIRNA מסגרת,3.00,unit,,,,MEDIUM,doc_ref=R5118339712; single_line
27/11/18,,main_invoices\2018\2018-12-09__Nir-Sayag__p2764000593.pdf,FORMAT_B_2019_2021,2,995650432,"ס""מ40 פלס מגנטי",1.00,unit,,,,MEDIUM,doc_ref=R5118339712; single_line
27/06/19,,main_invoices\2019\2019-07-09__ניר-סאייג__R3419306700 - הדפסת חשבונית מרכזת.pdf,FORMAT_B_2019_2021,1,990861058,CW 8W שקוע/צמוד חומה בזלת ירושלים,-1.00,unit,,,,MEDIUM,doc_ref=R1519302735; single_line
27/06/19,,main_invoices\2019\2019-07-09__ניר-סאייג__R3419306700 - הדפסת חשבונית מרכזת.pdf,FORMAT_B_2019_2021,1,3850220,6500K 18W 225X225  לד מרובעVEGA חיצוני,-1.00,unit,,,,MEDIUM,doc_ref=R1519302836; single_line
27/06/19,,main_invoices\2019\2019-07-09__ניר-סאייג__R3419306700 - הדפסת חשבונית מרכזת.pdf,FORMAT_B_2019_2021,1,3850120,6500K 18W 225X225  לד מרובעVEGA שקוע,-1.00,unit,,,,MEDIUM,doc_ref=R1519302836; single_line
27/06/19,,main_invoices\2019\2019-07-09__ניר-סאייג__R3419306700 - הדפסת חשבונית מרכזת.pdf,FORMAT_B_2019_2021,1,38500562,CW  ממ115-120  קוטר6-7W לד עגולVEGA שקוע,-1.00,unit,,,,MEDIUM,doc_ref=R1519302836; single_line
27/06/19,,main_invoices\2019\2019-07-09__ניר-סאייג__R3419306700 - הדפסת חשבונית מרכזת.pdf,FORMAT_B_2019_2021,1,3850242,"לבן55W CW  מ""מ500  עגולVEGA חיצוני לד",1.00,unit,,,,MEDIUM,doc_ref=R5119320399; single_line
27/06/19,,main_invoices\2019\2019-07-09__ניר-סאייג__R3419306700 - הדפסת חשבונית מרכזת.pdf,FORMAT_B_2019_2021,1,3850206,2700K 18W 225  לד עגולVEGA חיצוני,3.00,unit,,,,MEDIUM,doc_ref=R5119320399; single_line
27/06/19,,main_invoices\2019\2019-07-09__ניר-סאייג__R3419306700 - הדפסת חשבונית מרכזת.pdf,FORMAT_B_2019_2021,1,99322761,LED 2X3W מישל קטן,1.00,unit,,,,MEDIUM,doc_ref=R5119320399; single_line
27/06/19,,main_invoices\2019\2019-07-09__ניר-סאייג__R3419306700 - הדפסת חשבונית מרכזת.pdf,FORMAT_B_2019_2021,1,3830881,VEGA CW 24w  אפורM סטארפלסט,1.00,unit,,,,MEDIUM,doc_ref=R5119320399; single_line
27/06/19,,main_invoices\2019\2019-07-09__ניר-סאייג__R3419306700 - הדפסת חשבונית מרכזת.pdf,FORMAT_B_2019_2021,1,993189191,"ס""מ60 WW 18-20W גלשן",1.00,unit,,,,MEDIUM,doc_ref=R5119320399; single_line
27/06/19,,main_invoices\2019\2019-07-09__ניר-סאייג__R3419306700 - הדפסת חשבונית מרכזת.pdf,FORMAT_B_2019_2021,1,3850210,4000K 30W 300  לד עגולVEGA חיצוני,4.00,unit,,,,MEDIUM,doc_ref=R5119320399; single_line
27/06/19,,main_invoices\2019\2019-07-09__ניר-סאייג__R3419306700 - הדפסת חשבונית מרכזת.pdf,FORMAT_B_2019_2021,1,3850201,4000K 6W 120  לד עגולVEGA חיצוני,4.00,unit,,,,MEDIUM,doc_ref=R5119320399; single_line
27/06/19,,main_invoices\2019\2019-07-09__ניר-סאייג__R3419306700 - הדפסת חשבונית מרכזת.pdf,FORMAT_B_2019_2021,1,3850248,"שחור45W CW  מ""מ400  עגולVEGA חיצוני לד",2.00,unit,,,,MEDIUM,doc_ref=R5119320399; single_line
27/06/19,,main_invoices\2019\2019-07-09__ניר-סאייג__R3419306700 - הדפסת חשבונית מרכזת.pdf,FORMAT_B_2019_2021,1,3850248,"שחור45W CW  מ""מ400  עגולVEGA חיצוני לד",-2.00,unit,,,,MEDIUM,doc_ref=R1519302907; single_line
27/06/19,,main_invoices\2019\2019-07-09__ניר-סאייג__R3419306700 - הדפסת חשבונית מרכזת.pdf,FORMAT_B_2019_2021,1,99470016,"( ק""ג1) גבס",3.00,unit,,,,MEDIUM,doc_ref=R5119320566; single_line
27/06/19,,main_invoices\2019\2019-07-09__ניר-סאייג__R3419306700 - הדפסת חשבונית מרכזת.pdf,FORMAT_B_2019_2021,1,3850201,4000K 6W 120  לד עגולVEGA חיצוני,-1.00,unit,,,,MEDIUM,doc_ref=R1519303084; single_line
27/06/19,,main_invoices\2019\2019-07-09__ניר-סאייג__R3419306700 - הדפסת חשבונית מרכזת.pdf,FORMAT_B_2019_2021,1,3850206,2700K 18W 225  לד עגולVEGA חיצוני,-1.00,unit,,,,MEDIUM,doc_ref=R1519303084; single_line
27/06/19,,main_invoices\2019\2019-07-09__ניר-סאייג__R3419306700 - הדפסת חשבונית מרכזת.pdf,FORMAT_B_2019_2021,1,3830881,VEGA CW 24w  אפורM סטארפלסט,-1.00,unit,,,,MEDIUM,doc_ref=R1519303084; single_line
27/06/19,,main_invoices\2019\2019-07-09__ניר-סאייג__R3419306700 - הדפסת חשבונית מרכזת.pdf,FORMAT_B_2019_2021,1,210485,או מונוג'לONE GEL תרמיל ג'ל מבודד,-2.00,unit,,,,MEDIUM,doc_ref=R1519303095; single_line
27/06/19,,main_invoices\2019\2019-07-09__ניר-סאייג__R3419306700 - הדפסת חשבונית מרכזת.pdf,FORMAT_B_2019_2021,1,4610405,5x16  לקירCEE שקע,2.00,unit,,,,MEDIUM,doc_ref=R5119321624; single_line
27/06/19,,main_invoices\2019\2019-07-09__ניר-סאייג__R3419306700 - הדפסת חשבונית מרכזת.pdf,FORMAT_B_2019_2021,1,990200704,אור קר5W לילי שקוע לבן עגול קטן פלסטיק,-1.00,unit,,,,MEDIUM,doc_ref=R1519303172; single_line
27/06/19,,main_invoices\2019\2019-07-09__ניר-סאייג__R3419306700 - הדפסת חשבונית מרכזת.pdf,FORMAT_B_2019_2021,1,3830878,VEGA DL 15w  לבןS סטארפלסט,-1.00,unit,,,,MEDIUM,doc_ref=R1519303172; single_line
27/06/19,,main_invoices\2019\2019-07-09__ניר-סאייג__R3419306700 - הדפסת חשבונית מרכזת.pdf,FORMAT_B_2019_2021,1,9902001930,שחור8W WW בלה טרימלס עגול גדול פלסטיק,-2.00,unit,,,,MEDIUM,doc_ref=R1519303172; single_line
27/06/19,,main_invoices\2019\2019-07-09__ניר-סאייג__R3419306700 - הדפסת חשבונית מרכזת.pdf,FORMAT_B_2019_2021,1,3104033083,"150Lm 3H  עה""טAWEX בדיקה עצמית+ג.ת. חרום2",-2.00,unit,,,,MEDIUM,doc_ref=R1519303172; single_line
27/06/19,,main_invoices\2019\2019-07-09__ניר-סאייג__R3419306700 - הדפסת חשבונית מרכזת.pdf,FORMAT_B_2019_2021,1,383014,אור ירוק10W VEGA NOTE1 פ.הצפה שחור,-1.00,unit,,,,MEDIUM,doc_ref=R1519303172; single_line
27/06/19,,main_invoices\2019\2019-07-09__ניר-סאייג__R3419306700 - הדפסת חשבונית מרכזת.pdf,FORMAT_B_2019_2021,1,3830685,IP65 6.5K 18W XL  גבע עגולVEGA פלפון,-1.00,unit,,,,MEDIUM,doc_ref=R1519303172; single_line
27/06/19,,main_invoices\2019\2019-07-09__ניר-סאייג__R3419306700 - הדפסת חשבונית מרכזת.pdf,FORMAT_B_2019_2021,1,3830681,IP54 6.5K 14W M  גבע אובליVEGA פלפון,-1.00,unit,,,,MEDIUM,doc_ref=R1519303172; single_line
,R3518300613,main_invoices\2019\2019-01-13__Keren-Inao__p3845601787.pdf,FORMAT_A_2017_2018,1,,,,,,,,LOW,no line items matched heuristic parser
31/12/18,,main_invoices\2019\2019-01-03__Nir-Sayag__p1773200597.pdf,FORMAT_B_2019_2021,1,99761102,' יח5.00 80*80*50 פטמות+ קופ' אטומהD-8P,,,60.00,60.00,40,HIGH,doc_ref=R5118340859
31/12/18,,main_invoices\2019\2019-01-03__Nir-Sayag__p1773200597.pdf,FORMAT_B_2019_2021,1,4931103,"3/4"" מ.מרחק",100.00,unit,,,,MEDIUM,doc_ref=R5118340655; single_line
31/12/18,,main_invoices\2019\2019-01-03__Nir-Sayag__p1773200597.pdf,FORMAT_B_2019_2021,1,38305974,אפורDL 30W SMD VEGA DORF פ.הצפה לד,1.00,unit,,,,MEDIUM,doc_ref=R5118340778; single_line
31/12/18,,main_invoices\2019\2019-01-03__Nir-Sayag__p1773200597.pdf,FORMAT_B_2019_2021,1,695321405,שקוף60W נורה ליבון,20.00,unit,,,,MEDIUM,doc_ref=R5118340778; single_line
31/12/18,,main_invoices\2019\2019-01-03__Nir-Sayag__p1773200597.pdf,FORMAT_B_2019_2021,1,21048,EVIK ג'ל השחלה,3.00,unit,,,,MEDIUM,doc_ref=R5118340778; single_line
31/12/18,,main_invoices\2019\2019-01-03__Nir-Sayag__p1773200597.pdf,FORMAT_B_2019_2021,1,3920220,GW  לבן16A 250V שקע ישראלי,20.00,unit,,,,MEDIUM,doc_ref=R5118340778; single_line
31/12/18,,main_invoices\2019\2019-01-03__Nir-Sayag__p1773200597.pdf,FORMAT_B_2019_2021,1,3920571,TOP  לבן16A מפ' חד קוטבי,10.00,unit,,,,MEDIUM,doc_ref=R5118340778; single_line
31/12/18,,main_invoices\2019\2019-01-03__Nir-Sayag__p1773200597.pdf,FORMAT_B_2019_2021,1,3920576,TOP מפ' משנה כוון/חילוף לבן,10.00,unit,,,,MEDIUM,doc_ref=R5118340778; single_line
31/12/18,,main_invoices\2019\2019-01-03__Nir-Sayag__p1773200597.pdf,FORMAT_B_2019_2021,1,3920504,TOP נ.סימון לבן+מפ' דו קוטבי,5.00,unit,,,,MEDIUM,doc_ref=R5118340778; single_line
31/12/18,,main_invoices\2019\2019-01-03__Nir-Sayag__p1773200597.pdf,FORMAT_B_2019_2021,1,3920521,TOP  חיצים לבן1-0-2 NO לוחץ,5.00,unit,,,,MEDIUM,doc_ref=R5118340778; single_line
31/12/18,,main_invoices\2019\2019-01-03__Nir-Sayag__p1773200597.pdf,FORMAT_B_2019_2021,1,3920515,TOP נ.סימון לבן+ קוטבי1 NO לוחץ,5.00,unit,,,,MEDIUM,doc_ref=R5118340778; single_line
31/12/18,,main_invoices\2019\2019-01-03__Nir-Sayag__p1773200597.pdf,FORMAT_B_2019_2021,1,1516202,NEW פוקוס מפסק כפול,5.00,unit,,,,MEDIUM,doc_ref=R5118340778; single_line
31/12/18,,main_invoices\2019\2019-01-03__Nir-Sayag__p1773200597.pdf,FORMAT_B_2019_2021,1,1516201,NEW פוקוס מפסק יחיד,5.00,unit,,,,MEDIUM,doc_ref=R5118340778; single_line
31/12/18,,main_invoices\2019\2019-01-03__Nir-Sayag__p1773200597.pdf,FORMAT_B_2019_2021,1,1516209,"NEW פוקוס שקע כח תה""ט",10.00,unit,,,,MEDIUM,doc_ref=R5118340778; single_line
31/12/18,,main_invoices\2019\2019-01-03__Nir-Sayag__p1773200597.pdf,FORMAT_B_2019_2021,1,1516207,NEW פוקוס לחצן חדיש מואר,10.00,unit,,,,MEDIUM,doc_ref=R5118340778; single_line
31/12/18,,main_invoices\2019\2019-01-03__Nir-Sayag__p1773200597.pdf,FORMAT_B_2019_2021,1,992201010,"(200)  מ""מ0.75 סופיות מבודדת",2.00,unit,,,,MEDIUM,doc_ref=R5118340778; single_line
31/12/18,,main_invoices\2019\2019-01-03__Nir-Sayag__p1773200597.pdf,FORMAT_B_2019_2021,1,1515038,אטום55 שקע כח-פאר מ.מ,8.00,unit,,,,MEDIUM,doc_ref=R5118340778; single_line
31/12/18,,main_invoices\2019\2019-01-03__Nir-Sayag__p1773200597.pdf,FORMAT_B_2019_2021,1,3924201,GW........ מקום3 מתאם למסגרת,20.00,unit,,,,MEDIUM,doc_ref=R5118340778; single_line
31/12/18,,main_invoices\2019\2019-01-03__Nir-Sayag__p1773200597.pdf,FORMAT_B_2019_2021,1,3924202,GW........ מקום4 מתאם למסגרת,10.00,unit,,,,MEDIUM,doc_ref=R5118340778; single_line
31/12/18,,main_invoices\2019\2019-01-03__Nir-Sayag__p1773200597.pdf,FORMAT_B_2019_2021,1,1109806,"ממ""ר2.5 תקע+ מהדקי שקע12 פס",3.00,unit,,,,MEDIUM,doc_ref=R5118340778; single_line
31/12/18,,main_invoices\2019\2019-01-03__Nir-Sayag__p1773200597.pdf,FORMAT_B_2019_2021,1,99150596,8*1.5/2.5 מהדק חיבור מהיר,100.00,unit,,,,MEDIUM,doc_ref=R5118340778; single_line
31/12/18,,main_invoices\2019\2019-01-03__Nir-Sayag__p1773200597.pdf,FORMAT_B_2019_2021,1,99150592,5*1.5/2.5 מהדק חיבור מהיר,200.00,unit,,,,MEDIUM,doc_ref=R5118340778; single_line
31/12/18,,main_invoices\2019\2019-01-03__Nir-Sayag__p1773200597.pdf,FORMAT_B_2019_2021,1,8400039,70 מכסה פלסטיק לקופסא,30.00,unit,,,,MEDIUM,doc_ref=R5118340778; single_line
31/12/18,,main_invoices\2019\2019-01-03__Nir-Sayag__p1773200597.pdf,FORMAT_B_2019_2021,1,3922103,SYSTEM  לבן3  מודולVIRNA מסגרת,10.00,unit,,,,MEDIUM,doc_ref=R5118340778; single_line
31/12/18,,main_invoices\2019\2019-01-03__Nir-Sayag__p1773200597.pdf,FORMAT_B_2019_2021,1,3922101,SYSTEM  לבן1  מודולVIRNA מסגרת,10.00,unit,,,,MEDIUM,doc_ref=R5118340778; single_line
31/12/18,,main_invoices\2019\2019-01-03__Nir-Sayag__p1773200597.pdf,FORMAT_B_2019_2021,1,3922104,SYSTEM  לבן4  מודולVIRNA מסגרת,5.00,unit,,,,MEDIUM,doc_ref=R5118340778; single_line
31/12/18,,main_invoices\2019\2019-01-03__Nir-Sayag__p1773200597.pdf,FORMAT_B_2019_2021,1,99470016,"( ק""ג1) גבס",2.00,unit,,,,MEDIUM,doc_ref=R5118340778; single_line
31/12/18,,main_invoices\2019\2019-01-03__Nir-Sayag__p1773200597.pdf,FORMAT_B_2019_2021,1,3992007,"1P 16A 6kA C GEWISS מאמ""ת",5.00,unit,,,,MEDIUM,doc_ref=R5118340859; single_line
31/12/18,,main_invoices\2019\2019-01-03__Nir-Sayag__p1773200597.pdf,FORMAT_B_2019_2021,1,3992010,"1P 32A 6kA C GEWISS מאמ""ת",1.00,unit,,,,MEDIUM,doc_ref=R5118340859; single_line
31/12/18,,main_invoices\2019\2019-01-03__Nir-Sayag__p1773200597.pdf,FORMAT_B_2019_2021,2,99761546,"תה""טAA-12 בסיס בלבד ללוח",1.00,unit,,,,MEDIUM,doc_ref=R5118341166; single_line
31/12/18,,main_invoices\2019\2019-01-03__Nir-Sayag__p1773200597.pdf,FORMAT_B_2019_2021,2,156024,מוגן מים שקוףNK-1 שקע,1.00,unit,,,,MEDIUM,doc_ref=R5118341552; single_line
31/12/18,,main_invoices\2019\2019-01-03__Nir-Sayag__p1773200597.pdf,FORMAT_B_2019_2021,2,3922451,"GW  מוד' לבן3  מ""מCOM מסגרת",14.00,unit,,,,MEDIUM,doc_ref=R5118341552; single_line
31/12/18,,main_invoices\2019\2019-01-03__Nir-Sayag__p1773200597.pdf,FORMAT_B_2019_2021,2,695220521,SUPER N-1 שקע כח,1.00,unit,,,,MEDIUM,doc_ref=R5118341553; single_line
31/12/18,,main_invoices\2019\2019-01-03__Nir-Sayag__p1773200597.pdf,FORMAT_B_2019_2021,2,997615501,"תה""ט48 בסיס ללוח",1.00,unit,,,,MEDIUM,doc_ref=R5118341798; single_line
31/12/18,,main_invoices\2019\2019-01-03__Nir-Sayag__p1773200597.pdf,FORMAT_B_2019_2021,2,997615482,"גב עץ+ 36 בסיס תה""ט ללוח תקשורת",1.00,unit,,,,MEDIUM,doc_ref=R5118341798; single_line
31/12/18,,main_invoices\2019\2019-01-03__Nir-Sayag__p1773200597.pdf,FORMAT_B_2019_2021,2,15170043,)שורה ש2 ' מסTRIDONIC מהדק גמיש,10.00,unit,,,,MEDIUM,doc_ref=R5118341798; single_line
31/12/18,,main_invoices\2019\2019-01-03__Nir-Sayag__p1773200597.pdf,FORMAT_B_2019_2021,2,22293007,6/1STU 240V שעון פיקוד ללא רזרבה,1.00,unit,,,,MEDIUM,doc_ref=R5118341798; single_line
31/12/18,,main_invoices\2019\2019-01-03__Nir-Sayag__p1773200597.pdf,FORMAT_B_2019_2021,2,222930073,V86/1QRTU 240V רזרבה+שעון פיקוד,1.00,unit,,,,MEDIUM,doc_ref=R5118341798; single_line
31/12/18,,main_invoices\2019\2019-01-03__Nir-Sayag__p1773200597.pdf,FORMAT_B_2019_2021,2,156017,"עה""טNK שקע למזגן",1.00,unit,,,,MEDIUM,doc_ref=R5118341941; single_line
31/12/18,,main_invoices\2019\2019-01-03__Nir-Sayag__p1773200597.pdf,FORMAT_B_2019_2021,2,1630006,) 20/25  בודדELEMATIC שלה פלסטיק,1.00,unit,,,,MEDIUM,doc_ref=R5118341989; single_line
31/12/18,,main_invoices\2019\2019-01-03__Nir-Sayag__p1773200597.pdf,FORMAT_B_2019_2021,2,8400062,25 קשת רון,10.00,unit,,,,MEDIUM,doc_ref=R5118341989; single_line
31/12/18,,main_invoices\2019\2019-01-03__Nir-Sayag__p1773200597.pdf,FORMAT_B_2019_2021,2,99470016,"( ק""ג1) גבס",5.00,unit,,,,MEDIUM,doc_ref=R5118342102; single_line
31/12/18,,main_invoices\2019\2019-01-03__Nir-Sayag__p1773200597.pdf,FORMAT_B_2019_2021,2,161004,"VEGA 1X10C 6KA ח""א",10.00,unit,,,,MEDIUM,doc_ref=R5118342102; single_line
31/12/18,,main_invoices\2019\2019-01-03__Nir-Sayag__p1773200597.pdf,FORMAT_B_2019_2021,2,161006,"VEGA 1X20C 6KA ח""א",1.00,unit,,,,MEDIUM,doc_ref=R5118342102; single_line
31/12/18,,main_invoices\2019\2019-01-03__Nir-Sayag__p1773200597.pdf,FORMAT_B_2019_2021,2,3924201,GW........ מקום3 מתאם למסגרת,20.00,unit,,,,MEDIUM,doc_ref=R5118342102; single_line
31/12/18,,main_invoices\2019\2019-01-03__Nir-Sayag__p1773200597.pdf,FORMAT_B_2019_2021,2,39202283,קואקס לבן- GW  דמוי- TV שקע,3.00,unit,,,,MEDIUM,doc_ref=R5118342102; single_line
31/12/18,,main_invoices\2019\2019-01-03__Nir-Sayag__p1773200597.pdf,FORMAT_B_2019_2021,2,839514,מסוכך לגוויסRJ-45 שקע,3.00,unit,,,,MEDIUM,doc_ref=R5118342102; single_line
31/12/18,,main_invoices\2019\2019-01-03__Nir-Sayag__p1773200597.pdf,FORMAT_B_2019_2021,2,3920571,TOP  לבן16A מפ' חד קוטבי,5.00,unit,,,,MEDIUM,doc_ref=R5118342102; single_line
31/12/18,,main_invoices\2019\2019-01-03__Nir-Sayag__p1773200597.pdf,FORMAT_B_2019_2021,2,3920576,TOP מפ' משנה כוון/חילוף לבן,5.00,unit,,,,MEDIUM,doc_ref=R5118342102; single_line
31/12/18,,main_invoices\2019\2019-01-03__Nir-Sayag__p1773200597.pdf,FORMAT_B_2019_2021,2,3920220,GW  לבן16A 250V שקע ישראלי,10.00,unit,,,,MEDIUM,doc_ref=R5118342102; single_line
31/12/18,,main_invoices\2019\2019-01-03__Nir-Sayag__p1773200597.pdf,FORMAT_B_2019_2021,2,161004,"VEGA 1X10C 6KA ח""א",-7.00,unit,,,,MEDIUM,doc_ref=R1518306524; single_line
31/12/18,,main_invoices\2019\2019-01-03__Nir-Sayag__p1773200597.pdf,FORMAT_B_2019_2021,2,8400004,תקן55 'קופ,10.00,unit,,,,MEDIUM,doc_ref=R5118342988; single_line
31/12/18,,main_invoices\2019\2019-01-03__Nir-Sayag__p1773200597.pdf,FORMAT_B_2019_2021,2,156024,מוגן מים שקוףNK-1 שקע,1.00,unit,,,,MEDIUM,doc_ref=R5118342988; single_line
31/12/18,,main_invoices\2019\2019-01-03__Nir-Sayag__p1773200597.pdf,FORMAT_B_2019_2021,2,69644407,i-Test Pro בודק שקע ישראלי,1.00,unit,,,,MEDIUM,doc_ref=R5118342988; single_line
31/12/18,,main_invoices\2019\2019-01-03__Nir-Sayag__p1773200597.pdf,FORMAT_B_2019_2021,2,840001801,מודול לגבס ללא מח3 קופ תקן פטנט,40.00,unit,,,,MEDIUM,doc_ref=R5118343071; single_line
31/12/18,,main_invoices\2019\2019-01-03__Nir-Sayag__p1773200597.pdf,FORMAT_B_2019_2021,2,840001811,מודול לגבס ללא מח4 קופ תקן פטנט,20.00,unit,,,,MEDIUM,doc_ref=R5118343238; single_line
31/12/18,,main_invoices\2019\2019-01-03__Nir-Sayag__p1773200597.pdf,FORMAT_B_2019_2021,3,840001801,מודול לגבס ללא מח3 קופ תקן פטנט,240.00,unit,,,,MEDIUM,doc_ref=R5118343432; single_line
31/12/18,,main_invoices\2019\2019-01-03__Nir-Sayag__p1773200597.pdf,FORMAT_B_2019_2021,3,99470016,"( ק""ג1) גבס",5.00,unit,,,,MEDIUM,doc_ref=R5118343495; single_line
31/12/18,,main_invoices\2019\2019-01-03__Nir-Sayag__p1773200597.pdf,FORMAT_B_2019_2021,3,3924202,GW........ מקום4 מתאם למסגרת,40.00,unit,,,,MEDIUM,doc_ref=R5118343779; single_line
31/12/18,,main_invoices\2019\2019-01-03__Nir-Sayag__p1773200597.pdf,FORMAT_B_2019_2021,3,3924201,GW........ מקום3 מתאם למסגרת,300.00,unit,,,,MEDIUM,doc_ref=R5118343779; single_line
31/12/18,,main_invoices\2019\2019-01-03__Nir-Sayag__p1773200597.pdf,FORMAT_B_2019_2021,3,3920220,GW  לבן16A 250V שקע ישראלי,120.00,unit,,,,MEDIUM,doc_ref=R5118343779; single_line
31/12/18,,main_invoices\2019\2019-01-03__Nir-Sayag__p1773200597.pdf,FORMAT_B_2019_2021,3,3920571,TOP  לבן16A מפ' חד קוטבי,80.00,unit,,,,MEDIUM,doc_ref=R5118343779; single_line
31/12/18,,main_invoices\2019\2019-01-03__Nir-Sayag__p1773200597.pdf,FORMAT_B_2019_2021,3,3920576,TOP מפ' משנה כוון/חילוף לבן,30.00,unit,,,,MEDIUM,doc_ref=R5118343779; single_line
31/12/18,,main_invoices\2019\2019-01-03__Nir-Sayag__p1773200597.pdf,FORMAT_B_2019_2021,3,3920521,TOP  חיצים לבן1-0-2 NO לוחץ,30.00,unit,,,,MEDIUM,doc_ref=R5118343779; single_line
31/12/18,,main_invoices\2019\2019-01-03__Nir-Sayag__p1773200597.pdf,FORMAT_B_2019_2021,3,3920504,TOP נ.סימון לבן+מפ' דו קוטבי,5.00,unit,,,,MEDIUM,doc_ref=R5118343779; single_line
31/12/18,,main_invoices\2019\2019-01-03__Nir-Sayag__p1773200597.pdf,FORMAT_B_2019_2021,3,39202283,קואקס לבן- GW  דמוי- TV שקע,40.00,unit,,,,MEDIUM,doc_ref=R5118343779; single_line
31/12/18,,main_invoices\2019\2019-01-03__Nir-Sayag__p1773200597.pdf,FORMAT_B_2019_2021,3,997615531,"48-לוח תה""ט ללא בסיס ל",1.00,unit,,,,MEDIUM,doc_ref=R5118343779; single_line
31/12/18,,main_invoices\2019\2019-01-03__Nir-Sayag__p1773200597.pdf,FORMAT_B_2019_2021,3,99761557,"A-T-36 לוח תקשורת תה""ט ללא בסיס",3.00,unit,,,,MEDIUM,doc_ref=R5118343779; single_line
31/12/18,,main_invoices\2019\2019-01-03__Nir-Sayag__p1773200597.pdf,FORMAT_B_2019_2021,3,3992006,"1P 10A 6kA C GEWISS מאמ""ת",24.00,unit,,,,MEDIUM,doc_ref=R5118343779; single_line
31/12/18,,main_invoices\2019\2019-01-03__Nir-Sayag__p1773200597.pdf,FORMAT_B_2019_2021,3,3992007,"1P 16A 6kA C GEWISS מאמ""ת",24.00,unit,,,,MEDIUM,doc_ref=R5118343779; single_line
31/12/18,,main_invoices\2019\2019-01-03__Nir-Sayag__p1773200597.pdf,FORMAT_B_2019_2021,3,3920579,TOP  לבן10A מפ' מצליב,10.00,unit,,,,MEDIUM,doc_ref=R5118343969; single_line
31/12/18,,main_invoices\2019\2019-01-03__Nir-Sayag__p1773200597.pdf,FORMAT_B_2019_2021,3,99070005,3X32A 'פקט בקופ,4.00,unit,,,,MEDIUM,doc_ref=R5118343969; single_line
31/12/18,,main_invoices\2019\2019-01-03__Nir-Sayag__p1773200597.pdf,FORMAT_B_2019_2021,3,833001,תקני73 פעמון זמזם ביתי,4.00,unit,,,,MEDIUM,doc_ref=R5118343969; single_line
31/12/18,,main_invoices\2019\2019-01-03__Nir-Sayag__p1773200597.pdf,FORMAT_B_2019_2021,3,3922451,"GW  מוד' לבן3  מ""מCOM מסגרת",20.00,unit,,,,MEDIUM,doc_ref=R5118343969; single_line
31/12/18,,main_invoices\2019\2019-01-03__Nir-Sayag__p1773200597.pdf,FORMAT_B_2019_2021,3,84000791,( חדש20) 16 צינור מופה אדום,10.00,unit,,,,MEDIUM,doc_ref=R5118343969; single_line
29/03/19,R3419302836,main_invoices\2019\2019-04-11__Keren-Inao__p2368000013.pdf,FORMAT_A_2017_2018,1,695321405,שקוף60W נורה ליבון,10.00,unit,,,,MEDIUM,doc_ref=R5119309983; single_line
31/12/18,,main_invoices\2019\2019-01-03__Nir-Sayag__p2424400597.pdf,FORMAT_B_2019_2021,1,695220104,SUPER N N-4 קופסא,6.00,unit,,,,MEDIUM,doc_ref=R5118340265; single_line
31/12/18,,main_invoices\2019\2019-01-03__Nir-Sayag__p2424400597.pdf,FORMAT_B_2019_2021,1,695220621,SUPER NW-1 שקע כח מוגן מים,1.00,unit,,,,MEDIUM,doc_ref=R5118340265; single_line
31/12/18,,main_invoices\2019\2019-01-03__Nir-Sayag__p2424400597.pdf,FORMAT_B_2019_2021,1,993189190,"ס""מ60 DL 18-20W גלשן",1.00,unit,,,,MEDIUM,doc_ref=R5118340265; single_line
31/12/18,,main_invoices\2019\2019-01-03__Nir-Sayag__p2424400597.pdf,FORMAT_B_2019_2021,1,3920571,TOP  לבן16A מפ' חד קוטבי,1.00,unit,,,,MEDIUM,doc_ref=R5118340486; single_line
31/12/18,,main_invoices\2019\2019-01-03__Nir-Sayag__p2424400597.pdf,FORMAT_B_2019_2021,1,3927043,"מקום עה""ט מ.מים3 קומבי",1.00,unit,,,,MEDIUM,doc_ref=R5118340486; single_line
31/12/18,,main_invoices\2019\2019-01-03__Nir-Sayag__p2424400597.pdf,FORMAT_B_2019_2021,1,4610470,CEE 3x16  של3 מפצל,1.00,unit,,,,MEDIUM,doc_ref=R5118340592; single_line
31/12/18,,main_invoices\2019\2019-01-03__Nir-Sayag__p2424400597.pdf,FORMAT_B_2019_2021,1,9956500153,"עם סוגרים נירוסטה16"" ארגז כלים",1.00,unit,,,,MEDIUM,doc_ref=R5118340997; single_line
31/12/18,,main_invoices\2019\2019-01-03__Nir-Sayag__p2424400597.pdf,FORMAT_B_2019_2021,1,3924211,GEWISS  מוד' לבן3 מסגרת אטומה,1.00,unit,,,,MEDIUM,doc_ref=R5118341167; single_line
31/12/18,,main_invoices\2019\2019-01-03__Nir-Sayag__p2424400597.pdf,FORMAT_B_2019_2021,1,993189190,"ס""מ60 DL 18-20W גלשן",-1.00,unit,,,,MEDIUM,doc_ref=R1518306322; single_line
31/12/18,,main_invoices\2019\2019-01-03__Nir-Sayag__p2424400597.pdf,FORMAT_B_2019_2021,1,9954013,' יח12  מארזAA  אלקלייןGP סוללה,3.00,unit,,,,MEDIUM,doc_ref=R5118343497; single_line
31/12/18,,main_invoices\2019\2019-01-03__Nir-Sayag__p2424400597.pdf,FORMAT_B_2019_2021,1,9566104292,לגבסWERA ביט כחול מקצועי9,10.00,unit,,,,MEDIUM,doc_ref=R5118343497; single_line
31/12/18,,main_invoices\2019\2019-01-03__Nir-Sayag__p2424400597.pdf,FORMAT_B_2019_2021,1,992200099,"מ""מ קשיח5.5-6.0  מטר50 סטלבנד",2.00,meter,,,,MEDIUM,doc_ref=R5118343968; single_line
31/12/18,,main_invoices\2019\2019-01-03__Nir-Sayag__p2424400597.pdf,FORMAT_B_2019_2021,1,99565213,(12) כחול-גיר סימון שמן,1.00,unit,,,,MEDIUM,doc_ref=R5118344148; single_line
27/01/19,,main_invoices\2019\2019-02-06__Nir-Sayag__p1511600593.pdf,FORMAT_B_2019_2021,1,2400089,SDS-PLUS 22*400/460 מקדח,1.00,unit,,,,MEDIUM,doc_ref=R5119300265; single_line
27/01/19,,main_invoices\2019\2019-02-06__Nir-Sayag__p1511600593.pdf,FORMAT_B_2019_2021,1,2400076,SDS-PLUS 8*50/110 מקדח,2.00,unit,,,,MEDIUM,doc_ref=R5119300265; single_line
27/01/19,,main_invoices\2019\2019-02-06__Nir-Sayag__p1511600593.pdf,FORMAT_B_2019_2021,1,2400074,SDS-PLUS 7*50/110 מקדח,2.00,unit,,,,MEDIUM,doc_ref=R5119300265; single_line
27/01/19,,main_invoices\2019\2019-02-06__Nir-Sayag__p1511600593.pdf,FORMAT_B_2019_2021,1,90020,(100) SAPISELCO 280 4.5 חבק לבן,5.00,unit,,,,MEDIUM,doc_ref=R5119300623; single_line
27/01/19,,main_invoices\2019\2019-02-06__Nir-Sayag__p1511600593.pdf,FORMAT_B_2019_2021,1,8400062,25 קשת רון,5.00,unit,,,,MEDIUM,doc_ref=R5119300623; single_line
27/01/19,,main_invoices\2019\2019-02-06__Nir-Sayag__p1511600593.pdf,FORMAT_B_2019_2021,1,84000184,מודול לקיר גבס פטנט ללא ברגים6 'קופ,1.00,unit,,,,MEDIUM,doc_ref=R5119300623; single_line
27/01/19,,main_invoices\2019\2019-02-06__Nir-Sayag__p1511600593.pdf,FORMAT_B_2019_2021,1,3927043,"מקום עה""ט מ.מים3 קומבי",1.00,unit,,,,MEDIUM,doc_ref=R5119300623; single_line
27/01/19,,main_invoices\2019\2019-02-06__Nir-Sayag__p1511600593.pdf,FORMAT_B_2019_2021,1,1630006,(' יח100) 20/25  בודדELEMATIC שלה פלסטיק,2.00,unit,,,,MEDIUM,doc_ref=R5119300625; single_line
27/01/19,,main_invoices\2019\2019-02-06__Nir-Sayag__p1511600593.pdf,FORMAT_B_2019_2021,1,21048,EVIK ג'ל השחלה,1.00,unit,,,,MEDIUM,doc_ref=R5119300641; single_line
27/01/19,,main_invoices\2019\2019-02-06__Nir-Sayag__p1511600593.pdf,FORMAT_B_2019_2021,1,3700307,שחור160 מופה,1.00,unit,,,,MEDIUM,doc_ref=R5119300641; single_line
27/01/19,,main_invoices\2019\2019-02-06__Nir-Sayag__p1511600593.pdf,FORMAT_B_2019_2021,1,84001,מודול לאביזרי גוויס1 דמי לבן,500.00,unit,,,,MEDIUM,doc_ref=R5119300663; single_line
27/01/19,,main_invoices\2019\2019-02-06__Nir-Sayag__p1511600593.pdf,FORMAT_B_2019_2021,1,99761557,"A-T-36 לוח תקשורת תה""ט ללא בסיס",1.00,unit,,,,MEDIUM,doc_ref=R5119300718; single_line
27/01/19,,main_invoices\2019\2019-02-06__Nir-Sayag__p1511600593.pdf,FORMAT_B_2019_2021,1,696444021,80A  תלת פאזי מזלגR.S.T פס,1.00,unit,,,,MEDIUM,doc_ref=R5119300718; single_line
27/01/19,,main_invoices\2019\2019-02-06__Nir-Sayag__p1511600593.pdf,FORMAT_B_2019_2021,1,99221070,"ממ""ר2.5 מהדק לפס",10.00,unit,,,,MEDIUM,doc_ref=R5119300718; single_line
27/01/19,,main_invoices\2019\2019-02-06__Nir-Sayag__p1511600593.pdf,FORMAT_B_2019_2021,1,8400074,"יחידות12 מסתם לח""א ללוחות חשמל",2.00,unit,,,,MEDIUM,doc_ref=R5119300718; single_line
27/01/19,,main_invoices\2019\2019-02-06__Nir-Sayag__p1511600593.pdf,FORMAT_B_2019_2021,1,7327002,K60N 1P 10A 6kA C מאמט אופיין,12.00,unit,,,,MEDIUM,doc_ref=R5119300718; single_line
27/01/19,,main_invoices\2019\2019-02-06__Nir-Sayag__p1511600593.pdf,FORMAT_B_2019_2021,1,7327003,K60N 1P 16A 6kA C מאמט אופיין,12.00,unit,,,,MEDIUM,doc_ref=R5119300718; single_line
27/01/19,,main_invoices\2019\2019-02-06__Nir-Sayag__p1511600593.pdf,FORMAT_B_2019_2021,1,73274115,iID 4P 40A 30mA typeA מ.פחת ביתי,1.00,unit,,,,MEDIUM,doc_ref=R5119300718; single_line
27/01/19,,main_invoices\2019\2019-02-06__Nir-Sayag__p1511600593.pdf,FORMAT_B_2019_2021,1,7327025,K60N 3P 25A 6kA C מאמט אופיין,1.00,unit,,,,MEDIUM,doc_ref=R5119300718; single_line
27/01/19,,main_invoices\2019\2019-02-06__Nir-Sayag__p1511600593.pdf,FORMAT_B_2019_2021,1,7327023,K60N 3P 16A 6kA C מאמט אופיין,1.00,unit,,,,MEDIUM,doc_ref=R5119300718; single_line
27/01/19,,main_invoices\2019\2019-02-06__Nir-Sayag__p1511600593.pdf,FORMAT_B_2019_2021,1,8400039,70 מכסה פלסטיק לקופסא,10.00,unit,,,,MEDIUM,doc_ref=R5119300727; single_line
27/01/19,,main_invoices\2019\2019-02-06__Nir-Sayag__p1511600593.pdf,FORMAT_B_2019_2021,1,6950020681,SUPER NW-1 (שקע כח מוגן מים )חדש,2.00,unit,,,,MEDIUM,doc_ref=R5119300727; single_line
27/01/19,,main_invoices\2019\2019-02-06__Nir-Sayag__p1511600593.pdf,FORMAT_B_2019_2021,1,3922103,SYSTEM  לבן3  מודולVIRNA מסגרת,1.00,unit,,,,MEDIUM,doc_ref=R5119300727; single_line
27/01/19,,main_invoices\2019\2019-02-06__Nir-Sayag__p1511600593.pdf,FORMAT_B_2019_2021,1,1050020,!!! בלדח דקור' קומפלט תקני,20.00,unit,,,,MEDIUM,doc_ref=R5119300727; single_line
27/01/19,,main_invoices\2019\2019-02-06__Nir-Sayag__p1511600593.pdf,FORMAT_B_2019_2021,1,99565002,"מ""מ לחיתוך ברזל4.5X1.6 דיסק",10.00,unit,,,,MEDIUM,doc_ref=R5119300727; single_line
27/01/19,,main_invoices\2019\2019-02-06__Nir-Sayag__p1511600593.pdf,FORMAT_B_2019_2021,1,3962482,GW IP44 5*16 90  עהטCEE שקע,1.00,unit,,,,MEDIUM,doc_ref=R5119300727; single_line
27/01/19,,main_invoices\2019\2019-02-06__Nir-Sayag__p1511600593.pdf,FORMAT_B_2019_2021,1,99221087,"ממ""ר10 מהדק לפס",20.00,unit,,,,MEDIUM,doc_ref=R5119301509; single_line
27/01/19,,main_invoices\2019\2019-02-06__Nir-Sayag__p1511600593.pdf,FORMAT_B_2019_2021,2,99221090,"ממ""ר2.5/10 דופן למהדק",20.00,unit,,,,MEDIUM,doc_ref=R5119301509; single_line
27/01/19,,main_invoices\2019\2019-02-06__Nir-Sayag__p1511600593.pdf,FORMAT_B_2019_2021,2,992210891,"ממ""ר10 מהדק צ/י להארקה",25.00,unit,,,,MEDIUM,doc_ref=R5119301509; single_line
27/01/19,,main_invoices\2019\2019-02-06__Nir-Sayag__p1511600593.pdf,FORMAT_B_2019_2021,2,99221089,"ממ""ר6.0 מהדק צ/י להארקה",15.00,unit,,,,MEDIUM,doc_ref=R5119301509; single_line
27/01/19,,main_invoices\2019\2019-02-06__Nir-Sayag__p1511600593.pdf,FORMAT_B_2019_2021,2,99221082,"ממ""ר4.0 מהדק צ/י להארקה",2.00,unit,,,,MEDIUM,doc_ref=R5119301509; single_line
27/01/19,,main_invoices\2019\2019-02-06__Nir-Sayag__p1511600593.pdf,FORMAT_B_2019_2021,2,99221070,"ממ""ר2.5 מהדק לפס",25.00,unit,,,,MEDIUM,doc_ref=R5119301509; single_line
27/01/19,,main_invoices\2019\2019-02-06__Nir-Sayag__p1511600593.pdf,FORMAT_B_2019_2021,2,99221073,"ממ""ר4.0 מהדק לפס",25.00,unit,,,,MEDIUM,doc_ref=R5119301509; single_line
27/01/19,,main_invoices\2019\2019-02-06__Nir-Sayag__p1511600593.pdf,FORMAT_B_2019_2021,2,99221084,"ממ""ר6.0 מהדק לפס",25.00,unit,,,,MEDIUM,doc_ref=R5119301509; single_line
27/01/19,,main_invoices\2019\2019-02-06__Nir-Sayag__p1511600593.pdf,FORMAT_B_2019_2021,2,99221071,"ממ""ר2.5 מהדק כחול לפס",25.00,unit,,,,MEDIUM,doc_ref=R5119301509; single_line
27/01/19,,main_invoices\2019\2019-02-06__Nir-Sayag__p1511600593.pdf,FORMAT_B_2019_2021,2,99221074,"ממ""ר4.0 מהדק כחול לפס",25.00,unit,,,,MEDIUM,doc_ref=R5119301509; single_line
27/01/19,,main_invoices\2019\2019-02-06__Nir-Sayag__p1511600593.pdf,FORMAT_B_2019_2021,2,99221085,"ממ""ר6.0 מהדק כחול לפס",15.00,unit,,,,MEDIUM,doc_ref=R5119301509; single_line
27/01/19,,main_invoices\2019\2019-02-06__Nir-Sayag__p1511600593.pdf,FORMAT_B_2019_2021,2,9411003,3D 4K*2K 60Hz 1080p  מטר5  איכותHDMI כבל,1.00,meter,,,,MEDIUM,doc_ref=R5119301611; single_line
27/01/19,,main_invoices\2019\2019-02-06__Nir-Sayag__p1511600593.pdf,FORMAT_B_2019_2021,2,99638232,"47"" זרוע דו מפרקית עד",1.00,unit,,,,MEDIUM,doc_ref=R5119301611; single_line
27/01/19,,main_invoices\2019\2019-02-06__Nir-Sayag__p1511600593.pdf,FORMAT_B_2019_2021,2,99638213,"SP-2 52"" מתאם עד+זרוע דו מפרקית",1.00,unit,,,,MEDIUM,doc_ref=R5119301683; single_line
27/01/19,,main_invoices\2019\2019-02-06__Nir-Sayag__p1511600593.pdf,FORMAT_B_2019_2021,2,90018,(100) SAPISELCO 250 4.5 חבק לבן,3.00,unit,,,,MEDIUM,doc_ref=R5119301685; single_line
27/01/19,,main_invoices\2019\2019-02-06__Nir-Sayag__p1511600593.pdf,FORMAT_B_2019_2021,2,2400089,SDS-PLUS 22*400/460 מקדח,1.00,unit,,,,MEDIUM,doc_ref=R5119301862; single_line
27/01/19,,main_invoices\2019\2019-02-06__Nir-Sayag__p1511600593.pdf,FORMAT_B_2019_2021,2,3850219,4000K 18W 225X225  לד מרובעVEGA חיצוני,1.00,unit,,,,MEDIUM,doc_ref=R5119302046; single_line
27/01/19,,main_invoices\2019\2019-02-06__Nir-Sayag__p1511600593.pdf,FORMAT_B_2019_2021,2,167012,LR6 AA  גודלVEGA  סוללות10 מארז,2.00,unit,,,,MEDIUM,doc_ref=R5119302046; single_line
27/01/19,,main_invoices\2019\2019-02-06__Nir-Sayag__p1511600593.pdf,FORMAT_B_2019_2021,2,167015,LR03 AAA  גודלVEGA  סוללות10 מארז,2.00,unit,,,,MEDIUM,doc_ref=R5119302046; single_line
27/01/19,,main_invoices\2019\2019-02-06__Nir-Sayag__p1511600593.pdf,FORMAT_B_2019_2021,2,6600104,220VAC אוטומט חדר מדרגות,2.00,unit,,,,MEDIUM,doc_ref=R5119302278; single_line
27/01/19,,main_invoices\2019\2019-02-06__Nir-Sayag__p1511600593.pdf,FORMAT_B_2019_2021,2,99221070,"ממ""ר2.5 מהדק לפס",5.00,unit,,,,MEDIUM,doc_ref=R5119302278; single_line
27/01/19,,main_invoices\2019\2019-02-06__Nir-Sayag__p1511600593.pdf,FORMAT_B_2019_2021,2,6600104,220VAC אוטומט חדר מדרגות,-2.00,unit,,,,MEDIUM,doc_ref=R1519300309; single_line
27/01/19,,main_invoices\2019\2019-02-06__Nir-Sayag__p1511600593.pdf,FORMAT_B_2019_2021,2,9411000,3D 4K*2K 60Hz 1080p  מטר1  איכותHDMI כבל,1.00,meter,,,,MEDIUM,doc_ref=R5119302433; single_line
27/01/19,,main_invoices\2019\2019-02-06__Nir-Sayag__p1511600593.pdf,FORMAT_B_2019_2021,2,38502393,4K  ממ400  פוליקרבו28W VEGA פלפון לד לבן,1.00,unit,,,,MEDIUM,doc_ref=R5119302433; single_line
27/01/19,,main_invoices\2019\2019-02-06__Nir-Sayag__p1511600593.pdf,FORMAT_B_2019_2021,2,38502393,4K  ממ400  פוליקרבו28W VEGA פלפון לד לבן,-1.00,unit,,,,MEDIUM,doc_ref=R1519300306; single_line
27/01/19,,main_invoices\2019\2019-02-06__Nir-Sayag__p1511600593.pdf,FORMAT_B_2019_2021,2,3850241,"לבן45W DL  מ""מ400  עגולVEGA חיצוני",1.00,unit,,,,MEDIUM,doc_ref=R5119302435; single_line
27/01/19,,main_invoices\2019\2019-02-06__Nir-Sayag__p1511600593.pdf,FORMAT_B_2019_2021,2,9956513582,CA-22 חותך ומקלף כבלים,1.00,unit,,,,MEDIUM,doc_ref=R5119302447; single_line
27/01/19,,main_invoices\2019\2019-02-06__Nir-Sayag__p1511600593.pdf,FORMAT_B_2019_2021,2,28180511,"ח""א גב סגור12-14 לוח עה""ט עבור",1.00,unit,,,,MEDIUM,doc_ref=R5119302883; single_line
27/01/19,,main_invoices\2019\2019-02-06__Nir-Sayag__p1511600593.pdf,FORMAT_B_2019_2021,2,4932503,"מ""מ18 אלקטרודה להארקה",10.00,unit,,,,MEDIUM,doc_ref=R5119302883; single_line
27/01/19,,main_invoices\2019\2019-02-06__Nir-Sayag__p1511600593.pdf,FORMAT_B_2019_2021,2,4932505,"מ""מ18 'מהדק טבעת )גדול( לאלק",4.00,unit,,,,MEDIUM,doc_ref=R5119302883; single_line
27/01/19,,main_invoices\2019\2019-02-06__Nir-Sayag__p1511600593.pdf,FORMAT_B_2019_2021,2,4951327743,"10  ממ""ר חור10 נ.כ נחושת",10.00,unit,,,,MEDIUM,doc_ref=R5119302883; single_line
27/01/19,,main_invoices\2019\2019-02-06__Nir-Sayag__p1511600593.pdf,FORMAT_B_2019_2021,2,4951327753,"10  ממ""ר חור16 נ.כ נחושת",10.00,unit,,,,MEDIUM,doc_ref=R5119302883; single_line
27/01/19,,main_invoices\2019\2019-02-06__Nir-Sayag__p1511600593.pdf,FORMAT_B_2019_2021,2,7327005,K60N 1P 25A 6kA C מאמט אופיין,1.00,unit,,,,MEDIUM,doc_ref=R5119302883; single_line
27/01/19,,main_invoices\2019\2019-02-06__Nir-Sayag__p1511600593.pdf,FORMAT_B_2019_2021,2,7327002,K60N 1P 10A 6kA C מאמט אופיין,12.00,unit,,,,MEDIUM,doc_ref=R5119302883; single_line
27/01/19,,main_invoices\2019\2019-02-06__Nir-Sayag__p1511600593.pdf,FORMAT_B_2019_2021,2,73274055,iID 2P 40A 30mA typeA מ.פחת ביתי,1.00,unit,,,,MEDIUM,doc_ref=R5119302883; single_line
27/01/19,,main_invoices\2019\2019-02-06__Nir-Sayag__p1511600593.pdf,FORMAT_B_2019_2021,3,99761504,' יח1.00 ח.א24- חלון ל+ BDI-4-130,,,60.00,60.00,91,HIGH,doc_ref=R5119302883
27/01/19,,main_invoices\2019\2019-02-06__Nir-Sayag__p1511600593.pdf,FORMAT_B_2019_2021,3,4314100,10X8/8X6ממר לפליז35 מהדק כניסה,4.00,unit,,,,MEDIUM,doc_ref=R5119302883; single_line
27/01/19,,main_invoices\2019\2019-02-06__Nir-Sayag__p1511600593.pdf,FORMAT_B_2019_2021,3,99761416,"250*180*130  ח""א12-חלון ל+D-3'קופ",1.00,unit,,,,MEDIUM,doc_ref=R5119302883; single_line
27/01/19,,main_invoices\2019\2019-02-06__Nir-Sayag__p1511600593.pdf,FORMAT_B_2019_2021,3,99221087,"ממ""ר10 מהדק לפס",4.00,unit,,,,MEDIUM,doc_ref=R5119302883; single_line
27/01/19,,main_invoices\2019\2019-02-06__Nir-Sayag__p1511600593.pdf,FORMAT_B_2019_2021,3,99221090,"ממ""ר2.5/10 דופן למהדק",1.00,unit,,,,MEDIUM,doc_ref=R5119302883; single_line
27/01/19,,main_invoices\2019\2019-02-06__Nir-Sayag__p1511600593.pdf,FORMAT_B_2019_2021,3,99110337,WL-01 פנס יד דגם פלקון,4.00,unit,,,,MEDIUM,doc_ref=R5119302883; single_line
27/01/19,,main_invoices\2019\2019-02-06__Nir-Sayag__p1511600593.pdf,FORMAT_B_2019_2021,3,904003,3X1.5  מטר3 כבל מאריך,2.00,meter,,,,MEDIUM,doc_ref=R5119302883; single_line
27/01/19,,main_invoices\2019\2019-02-06__Nir-Sayag__p1511600593.pdf,FORMAT_B_2019_2021,3,4931103,"3/4"" מ.מרחק",100.00,unit,,,,MEDIUM,doc_ref=R5119303019; single_line
27/01/19,,main_invoices\2019\2019-02-06__Nir-Sayag__p1511600593.pdf,FORMAT_B_2019_2021,3,15170043,( יח12  )שורה של2 ' מסTRIDONIC מהדק גמיש,10.00,unit,,,,MEDIUM,doc_ref=P5119403699; single_line
27/01/19,,main_invoices\2019\2019-02-06__Nir-Sayag__p1511600593.pdf,FORMAT_B_2019_2021,3,8400005,תקן70 'קופ,3.00,unit,,,,MEDIUM,doc_ref=P5119403710; single_line
27/01/19,,main_invoices\2019\2019-02-06__Nir-Sayag__p1511600593.pdf,FORMAT_B_2019_2021,3,80142801,"PVC 12X8 ""שלט קשיח ""הארקה לא לנתק",4.00,unit,,,,MEDIUM,doc_ref=P5119403712; single_line
27/01/19,,main_invoices\2019\2019-02-06__Nir-Sayag__p1511600593.pdf,FORMAT_B_2019_2021,3,99597006,(330) WD - 40 תרסיס,1.00,unit,,,,MEDIUM,doc_ref=P5119403882; single_line
27/01/19,,main_invoices\2019\2019-02-06__Nir-Sayag__p1511600593.pdf,FORMAT_B_2019_2021,3,161061,VEGA A  דגם2X40A 30MA ממסר פחת,2.00,unit,,,,MEDIUM,doc_ref=R5119303454; single_line
27/01/19,,main_invoices\2019\2019-02-06__Nir-Sayag__p1511600593.pdf,FORMAT_B_2019_2021,3,840001800,"מודול תה""ט ללא מחיצות3 קופ' תקן",3.00,unit,,,,MEDIUM,doc_ref=R5119303454; single_line
27/01/19,,main_invoices\2019\2019-02-06__Nir-Sayag__p1511600593.pdf,FORMAT_B_2019_2021,3,99565213,(12) כחול-גיר סימון שמן,1.00,unit,,,,MEDIUM,doc_ref=R5119303454; single_line
27/01/19,,main_invoices\2019\2019-02-06__Nir-Sayag__p1511600593.pdf,FORMAT_B_2019_2021,3,3962488,GW IP44 3*32 90  עהטCEE שקע,1.00,unit,,,,MEDIUM,doc_ref=R5119303611; single_line
27/01/19,,main_invoices\2019\2019-02-06__Nir-Sayag__p1511600593.pdf,FORMAT_B_2019_2021,3,3962482,GW IP44 5*16 90  עהטCEE שקע,1.00,unit,,,,MEDIUM,doc_ref=R5119303611; single_line
27/01/19,,main_invoices\2019\2019-02-06__Nir-Sayag__p1511600593.pdf,FORMAT_B_2019_2021,3,99721814,RPGNP1  אוGNP1 3P ממסר גנרטור,1.00,unit,,,,MEDIUM,doc_ref=R5119303670; single_line
29/03/20,,main_invoices\2020\2020-05-26__Eran-Yosef__R3420301565 - הדפסת חשבונית מרכזת.pdf,FORMAT_B_2019_2021,1,99761102,' יח20.00 80*80*50 פטמות+ קופ' אטומהD-8P,,,58.00,58.00,12,HIGH,doc_ref=P5120409472
29/03/20,,main_invoices\2020\2020-05-26__Eran-Yosef__R3420301565 - הדפסת חשבונית מרכזת.pdf,FORMAT_B_2019_2021,1,161062,VEGA A  דגם4X40A 30MA ממסר פחת,1.00,unit,,,,MEDIUM,doc_ref=P5120407961; single_line
29/03/20,,main_invoices\2020\2020-05-26__Eran-Yosef__R3420301565 - הדפסת חשבונית מרכזת.pdf,FORMAT_B_2019_2021,1,997620115,VEGA  ציוד+ 516.210 'קופ,1.00,unit,,,,MEDIUM,doc_ref=P5120407961; single_line
29/03/20,,main_invoices\2020\2020-05-26__Eran-Yosef__R3420301565 - הדפסת חשבונית מרכזת.pdf,FORMAT_B_2019_2021,1,3922501,TOP  מוד' לבן1 מסגרת,8.00,unit,,,,MEDIUM,doc_ref=P5120407961; single_line
29/03/20,,main_invoices\2020\2020-05-26__Eran-Yosef__R3420301565 - הדפסת חשבונית מרכזת.pdf,FORMAT_B_2019_2021,1,3922502,TOP  מוד' לבן2 מסגרת,3.00,unit,,,,MEDIUM,doc_ref=P5120407961; single_line
29/03/20,,main_invoices\2020\2020-05-26__Eran-Yosef__R3420301565 - הדפסת חשבונית מרכזת.pdf,FORMAT_B_2019_2021,1,3910051,מודול לבן1 מפסק מחליף-קורוס,12.00,unit,,,,MEDIUM,doc_ref=P5120407961; single_line
29/03/20,,main_invoices\2020\2020-05-26__Eran-Yosef__R3420301565 - הדפסת חשבונית מרכזת.pdf,FORMAT_B_2019_2021,1,839514,מסוכך לגוויסRJ-45 שקע,2.00,unit,,,,MEDIUM,doc_ref=P5120407961; single_line
29/03/20,,main_invoices\2020\2020-05-26__Eran-Yosef__R3420301565 - הדפסת חשבונית מרכזת.pdf,FORMAT_B_2019_2021,1,3910883,230V 0.6W נורית סימון לד אדום,2.00,unit,,,,MEDIUM,doc_ref=P5120407961; single_line
29/03/20,,main_invoices\2020\2020-05-26__Eran-Yosef__R3420301565 - הדפסת חשבונית מרכזת.pdf,FORMAT_B_2019_2021,1,39202283,קואקס לבן- GW  דמוי- TV שקע,2.00,unit,,,,MEDIUM,doc_ref=P5120407961; single_line
29/03/20,,main_invoices\2020\2020-05-26__Eran-Yosef__R3420301565 - הדפסת חשבונית מרכזת.pdf,FORMAT_B_2019_2021,1,3910133,מודול לבן1 לחצן מואר-קורוס,1.00,unit,,,,MEDIUM,doc_ref=P5120407961; single_line
29/03/20,,main_invoices\2020\2020-05-26__Eran-Yosef__R3420301565 - הדפסת חשבונית מרכזת.pdf,FORMAT_B_2019_2021,1,3910005,מוד' לבן1  קטבי מואר2 'מפ-קורוס,1.00,unit,,,,MEDIUM,doc_ref=P5120407961; single_line
29/03/20,,main_invoices\2020\2020-05-26__Eran-Yosef__R3420301565 - הדפסת חשבונית מרכזת.pdf,FORMAT_B_2019_2021,1,99150592,5*1.5/2.5 מהדק חיבור מהיר,200.00,unit,,,,MEDIUM,doc_ref=P5120409472; single_line
29/03/20,,main_invoices\2020\2020-05-26__Eran-Yosef__R3420301565 - הדפסת חשבונית מרכזת.pdf,FORMAT_B_2019_2021,1,99060003,('יח100) 16/20 שלה פלס' בודד,5.00,unit,,,,MEDIUM,doc_ref=P5120409472; single_line
29/03/20,,main_invoices\2020\2020-05-26__Eran-Yosef__R3420301565 - הדפסת חשבונית מרכזת.pdf,FORMAT_B_2019_2021,1,3916803,מודול3- ו2- מתאם ל- קורוס,60.00,unit,,,,MEDIUM,doc_ref=P5120409521; single_line
29/03/20,,main_invoices\2020\2020-05-26__Eran-Yosef__R3420301565 - הדפסת חשבונית מרכזת.pdf,FORMAT_B_2019_2021,1,3910001,מודול לבן1 מפסק יחיד-קורוס,24.00,unit,,,,MEDIUM,doc_ref=P5120409521; single_line
29/03/20,,main_invoices\2020\2020-05-26__Eran-Yosef__R3420301565 - הדפסת חשבונית מרכזת.pdf,FORMAT_B_2019_2021,1,3910281,מודול לבן2 שקע כח ישראלי-קורוס,5.00,unit,,,,MEDIUM,doc_ref=P5120409521; single_line
29/03/20,,main_invoices\2020\2020-05-26__Eran-Yosef__R3420301565 - הדפסת חשבונית מרכזת.pdf,FORMAT_B_2019_2021,1,3830123,לקירVEGA ארמטורה,40.00,unit,,,,MEDIUM,doc_ref=P5120409521; single_line
29/03/20,,main_invoices\2020\2020-05-26__Eran-Yosef__R3420301565 - הדפסת חשבונית מרכזת.pdf,FORMAT_B_2019_2021,1,1050020,!!! בלדח דקור' קומפלט תקני,20.00,unit,,,,MEDIUM,doc_ref=P5120409521; single_line
29/03/20,,main_invoices\2020\2020-05-26__Eran-Yosef__R3420301565 - הדפסת חשבונית מרכזת.pdf,FORMAT_B_2019_2021,1,695220106,SUPER N N-6 קופסא,1.00,unit,,,,MEDIUM,doc_ref=P5120409521; single_line
29/03/20,,main_invoices\2020\2020-05-26__Eran-Yosef__R3420301565 - הדפסת חשבונית מרכזת.pdf,FORMAT_B_2019_2021,2,99761102,' יח35.00 80*80*50 פטמות+ קופ' אטומהD-8P,,,58.00,58.00,127.60,HIGH,doc_ref=P5120408289
29/03/20,,main_invoices\2020\2020-05-26__Eran-Yosef__R3420301565 - הדפסת חשבונית מרכזת.pdf,FORMAT_B_2019_2021,2,99761102,' יח20.00 80*80*50 פטמות+ קופ' אטומהD-8P,,,58.00,58.00,24,HIGH,doc_ref=P5120409692
29/03/20,,main_invoices\2020\2020-05-26__Eran-Yosef__R3420301565 - הדפסת חשבונית מרכזת.pdf,FORMAT_B_2019_2021,2,99070005,3X32A 'פקט בקופ,1.00,unit,,,,MEDIUM,doc_ref=P5120408289; single_line
29/03/20,,main_invoices\2020\2020-05-26__Eran-Yosef__R3420301565 - הדפסת חשבונית מרכזת.pdf,FORMAT_B_2019_2021,2,15170043,( יח12  )שורה של2 ' מסTRIDONIC מהדק גמיש,20.00,unit,,,,MEDIUM,doc_ref=P5120408289; single_line
29/03/20,,main_invoices\2020\2020-05-26__Eran-Yosef__R3420301565 - הדפסת חשבונית מרכזת.pdf,FORMAT_B_2019_2021,2,99150592,5*1.5/2.5 מהדק חיבור מהיר,200.00,unit,,,,MEDIUM,doc_ref=P5120408289; single_line
29/03/20,,main_invoices\2020\2020-05-26__Eran-Yosef__R3420301565 - הדפסת חשבונית מרכזת.pdf,FORMAT_B_2019_2021,2,99150591,3*1.5/2.5 מהדק חיבור מהיר,50.00,unit,,,,MEDIUM,doc_ref=P5120408289; single_line
29/03/20,,main_invoices\2020\2020-05-26__Eran-Yosef__R3420301565 - הדפסת חשבונית מרכזת.pdf,FORMAT_B_2019_2021,2,99150591,3*1.5/2.5 מהדק חיבור מהיר,50.00,unit,,,,MEDIUM,doc_ref=P5120408292; single_line
29/03/20,,main_invoices\2020\2020-05-26__Eran-Yosef__R3420301565 - הדפסת חשבונית מרכזת.pdf,FORMAT_B_2019_2021,2,21048,EVIK ג'ל השחלה,2.00,unit,,,,MEDIUM,doc_ref=R5120306523; single_line
29/03/20,,main_invoices\2020\2020-05-26__Eran-Yosef__R3420301565 - הדפסת חשבונית מרכזת.pdf,FORMAT_B_2019_2021,2,1109806,"ממ""ר2.5 תקע+ מהדקי שקע12 פס",13.00,unit,,,,MEDIUM,doc_ref=P5120409692; single_line
29/03/20,,main_invoices\2020\2020-05-26__Eran-Yosef__R3420301565 - הדפסת חשבונית מרכזת.pdf,FORMAT_B_2019_2021,2,992201010,"מ""מ0.75  סופיות מבודדת200 מארז",1.00,unit,,,,MEDIUM,doc_ref=P5120409692; single_line
29/03/20,,main_invoices\2020\2020-05-26__Eran-Yosef__R3420301565 - הדפסת חשבונית מרכזת.pdf,FORMAT_B_2019_2021,2,3920560,TOP  לבן2P 1-0-2 מפסק דו כווני,30.00,unit,,,,MEDIUM,doc_ref=P5120409692; single_line
29/03/20,,main_invoices\2020\2020-05-26__Eran-Yosef__R3420301565 - הדפסת חשבונית מרכזת.pdf,FORMAT_B_2019_2021,2,3992069,"3P 25A 6kA C GEWISS מאמ""ת",1.00,unit,,,,MEDIUM,doc_ref=P5120409837; single_line
29/03/20,,main_invoices\2020\2020-05-26__Eran-Yosef__R3420301565 - הדפסת חשבונית מרכזת.pdf,FORMAT_B_2019_2021,2,190001,תקן55 קופסה,50.00,unit,,,,MEDIUM,doc_ref=P5120409837; single_line
29/03/20,,main_invoices\2020\2020-05-26__Eran-Yosef__R3420301565 - הדפסת חשבונית מרכזת.pdf,FORMAT_B_2019_2021,2,84000791,( חדש20) 16 צינור מופה צבעוני,10.00,unit,,,,MEDIUM,doc_ref=M5120013171; single_line
29/03/20,,main_invoices\2020\2020-05-26__Eran-Yosef__R3420301565 - הדפסת חשבונית מרכזת.pdf,FORMAT_B_2019_2021,4,3990226,"1P 10A+NA 6kA C  מודול1 GEWISS מאמ""ת",1.00,unit,,,,MEDIUM,doc_ref=P5120409716; single_line
29/03/20,,main_invoices\2020\2020-05-26__Eran-Yosef__R3420301565 - הדפסת חשבונית מרכזת.pdf,FORMAT_B_2019_2021,4,3992067,"3P 16A 6kA C GEWISS מאמ""ת",2.00,unit,,,,MEDIUM,doc_ref=P5120409986; single_line
29/03/20,,main_invoices\2020\2020-05-26__Eran-Yosef__R3420301565 - הדפסת חשבונית מרכזת.pdf,FORMAT_B_2019_2021,4,3920504,TOP נ.סימון לבן+מפ' דו קוטבי,5.00,unit,,,,MEDIUM,doc_ref=P5120409986; single_line
29/03/20,,main_invoices\2020\2020-05-26__Eran-Yosef__R3420301565 - הדפסת חשבונית מרכזת.pdf,FORMAT_B_2019_2021,4,3920571,מודול1 מפסק יחיד,10.00,unit,,,,MEDIUM,doc_ref=P5120409986; single_line
29/03/20,,main_invoices\2020\2020-05-26__Eran-Yosef__R3420301565 - הדפסת חשבונית מרכזת.pdf,FORMAT_B_2019_2021,4,3920576,TOP מפ' משנה כוון/חילוף לבן,5.00,unit,,,,MEDIUM,doc_ref=P5120409986; single_line
29/03/20,,main_invoices\2020\2020-05-26__Eran-Yosef__R3420301565 - הדפסת חשבונית מרכזת.pdf,FORMAT_B_2019_2021,4,3920220,GW  לבן16A 250V שקע ישראלי,20.00,unit,,,,MEDIUM,doc_ref=P5120409986; single_line
29/03/20,,main_invoices\2020\2020-05-26__Eran-Yosef__R3420301565 - הדפסת חשבונית מרכזת.pdf,FORMAT_B_2019_2021,4,3920521,TOP  חיצים לבן1-0-2 NO לוחץ,15.00,unit,,,,MEDIUM,doc_ref=P5120409986; single_line
29/03/20,,main_invoices\2020\2020-05-26__Eran-Yosef__R3420301565 - הדפסת חשבונית מרכזת.pdf,FORMAT_B_2019_2021,5,90020,(100) SAPISELCO 280 4.5 חבק לבן,5.00,unit,,,,MEDIUM,doc_ref=P5120407573; single_line
29/03/20,,main_invoices\2020\2020-05-26__Eran-Yosef__R3420301565 - הדפסת חשבונית מרכזת.pdf,FORMAT_B_2019_2021,6,3700304,שחור50 מופה,2.00,unit,,,,MEDIUM,doc_ref=M5120010135; single_line
29/03/20,,main_invoices\2020\2020-05-26__Eran-Yosef__R3420301565 - הדפסת חשבונית מרכזת.pdf,FORMAT_B_2019_2021,6,8400005,תקן70 'קופ,100.00,unit,,,,MEDIUM,doc_ref=M5120010135; single_line
29/03/20,,main_invoices\2020\2020-05-26__Eran-Yosef__R3420301565 - הדפסת חשבונית מרכזת.pdf,FORMAT_B_2019_2021,6,8400004,תקן55 'קופ,50.00,unit,,,,MEDIUM,doc_ref=M5120010135; single_line
29/03/20,,main_invoices\2020\2020-05-26__Eran-Yosef__R3420301565 - הדפסת חשבונית מרכזת.pdf,FORMAT_B_2019_2021,6,21048,EVIK ג'ל השחלה,3.00,unit,,,,MEDIUM,doc_ref=M5120010135; single_line
29/03/20,,main_invoices\2020\2020-05-26__Eran-Yosef__R3420301565 - הדפסת חשבונית מרכזת.pdf,FORMAT_B_2019_2021,6,840001815,"מודול תה""ט עמוקה3 'קופ",100.00,unit,,,,MEDIUM,doc_ref=M5120010135; single_line
29/03/20,,main_invoices\2020\2020-05-26__Eran-Yosef__R3420301565 - הדפסת חשבונית מרכזת.pdf,FORMAT_B_2019_2021,6,84000791,( חדש20) 16 צינור מופה צבעוני,50.00,unit,,,,MEDIUM,doc_ref=M5120010135; single_line
29/03/20,,main_invoices\2020\2020-05-26__Eran-Yosef__R3420301565 - הדפסת חשבונית מרכזת.pdf,FORMAT_B_2019_2021,6,99565002,"מ""מ לחיתוך ברזל4.5X1/6 דיסק",100.00,unit,,,,MEDIUM,doc_ref=P5120408291; single_line
29/03/20,,main_invoices\2020\2020-05-26__Eran-Yosef__R3420301565 - הדפסת חשבונית מרכזת.pdf,FORMAT_B_2019_2021,6,695220104,SUPER N N-4 קופסא,3.00,unit,,,,MEDIUM,doc_ref=P5120408291; single_line
29/03/20,,main_invoices\2020\2020-05-26__Eran-Yosef__R3420301565 - הדפסת חשבונית מרכזת.pdf,FORMAT_B_2019_2021,6,4610425,3x16  ניידCEE תקע,2.00,unit,,,,MEDIUM,doc_ref=P5120408291; single_line
29/03/20,,main_invoices\2020\2020-05-26__Eran-Yosef__R3420301565 - הדפסת חשבונית מרכזת.pdf,FORMAT_B_2019_2021,6,840001814,"מודול תה""ט עמוקה4 'קופ",20.00,unit,,,,MEDIUM,doc_ref=P5120408291; single_line
29/03/20,,main_invoices\2020\2020-05-26__Eran-Yosef__R3420301565 - הדפסת חשבונית מרכזת.pdf,FORMAT_B_2019_2021,6,997615501,"תה""ט48 בסיס ללוח",4.00,unit,,,,MEDIUM,doc_ref=P5120408291; single_line
29/03/20,,main_invoices\2020\2020-05-26__Eran-Yosef__R3420301565 - הדפסת חשבונית מרכזת.pdf,FORMAT_B_2019_2021,6,997615482,"גב עץ+ 36 בסיס תה""ט ללוח תקשורת",4.00,unit,,,,MEDIUM,doc_ref=P5120408291; single_line
29/03/20,,main_invoices\2020\2020-05-26__Eran-Yosef__R3420301565 - הדפסת חשבונית מרכזת.pdf,FORMAT_B_2019_2021,6,21048,EVIK ג'ל השחלה,2.00,unit,,,,MEDIUM,doc_ref=P5120408931; single_line
29/03/20,,main_invoices\2020\2020-05-26__Eran-Yosef__R3420301565 - הדפסת חשבונית מרכזת.pdf,FORMAT_B_2019_2021,6,840001800,"מודול תה""ט ללא מחיצות3 קופ' תקן",250.00,unit,,,,MEDIUM,doc_ref=M5120011164; single_line
29/03/20,,main_invoices\2020\2020-05-26__Eran-Yosef__R3420301565 - הדפסת חשבונית מרכזת.pdf,FORMAT_B_2019_2021,7,8400010,( חדש20) 16  יציאות8 קופ' שוודית,100.00,unit,,,,MEDIUM,doc_ref=M5120011164; single_line
29/03/20,,main_invoices\2020\2020-05-26__Eran-Yosef__R3420301565 - הדפסת חשבונית מרכזת.pdf,FORMAT_B_2019_2021,7,5974010,"ס""מ60 תוף קוטר עד",1.00,unit,,,,MEDIUM,doc_ref=M5120011207; single_line
29/03/20,,main_invoices\2020\2020-05-26__Eran-Yosef__R3420301565 - הדפסת חשבונית מרכזת.pdf,FORMAT_B_2019_2021,7,839513,"מסוכך קיסטון ע""הטRJ-45 שקע",2.00,unit,,,,MEDIUM,doc_ref=P5120409140; single_line
29/03/20,,main_invoices\2020\2020-05-26__Eran-Yosef__R3420301565 - הדפסת חשבונית מרכזת.pdf,FORMAT_B_2019_2021,7,3922101,SYSTEM  לבן1  מודולVIRNA מסגרת,6.00,unit,,,,MEDIUM,doc_ref=P5120409140; single_line
29/03/20,,main_invoices\2020\2020-05-26__Eran-Yosef__R3420301565 - הדפסת חשבונית מרכזת.pdf,FORMAT_B_2019_2021,7,21048,EVIK ג'ל השחלה,5.00,unit,,,,MEDIUM,doc_ref=P5120409140; single_line
29/03/20,,main_invoices\2020\2020-05-26__Eran-Yosef__R3420301565 - הדפסת חשבונית מרכזת.pdf,FORMAT_B_2019_2021,7,2400183,ALPEN 22*450 מקדח לפטישון ראש צלב,1.00,unit,,,,MEDIUM,doc_ref=P5120409140; single_line
29/03/20,,main_invoices\2020\2020-05-26__Eran-Yosef__R3420301565 - הדפסת חשבונית מרכזת.pdf,FORMAT_B_2019_2021,7,2400180,ALPEN 16*450 מקדח לפטישון ראש צלב,1.00,unit,,,,MEDIUM,doc_ref=P5120409140; single_line
29/03/20,,main_invoices\2020\2020-05-26__Eran-Yosef__R3420301565 - הדפסת חשבונית מרכזת.pdf,FORMAT_B_2019_2021,7,8400005,תקן70 'קופ,100.00,unit,,,,MEDIUM,doc_ref=M5120012884; single_line
29/03/20,,main_invoices\2020\2020-05-26__Eran-Yosef__R3420301565 - הדפסת חשבונית מרכזת.pdf,FORMAT_B_2019_2021,7,840001800,"מודול תה""ט ללא מחיצות3 קופ' תקן",250.00,unit,,,,MEDIUM,doc_ref=M5120012884; single_line
29/03/20,,main_invoices\2020\2020-05-26__Eran-Yosef__R3420301565 - הדפסת חשבונית מרכזת.pdf,FORMAT_B_2019_2021,7,840001815,"מודול תה""ט עמוקה3 'קופ",100.00,unit,,,,MEDIUM,doc_ref=M5120012884; single_line
29/03/20,,main_invoices\2020\2020-05-26__Eran-Yosef__R3420301565 - הדפסת חשבונית מרכזת.pdf,FORMAT_B_2019_2021,7,8400004,תקן55 'קופ,50.00,unit,,,,MEDIUM,doc_ref=M5120012884; single_line
29/03/20,,main_invoices\2020\2020-05-26__Eran-Yosef__R3420301565 - הדפסת חשבונית מרכזת.pdf,FORMAT_B_2019_2021,7,997615501,"תה""ט48 בסיס ללוח",4.00,unit,,,,MEDIUM,doc_ref=P5120410388; single_line
29/03/20,,main_invoices\2020\2020-05-26__Eran-Yosef__R3420301565 - הדפסת חשבונית מרכזת.pdf,FORMAT_B_2019_2021,7,997615482,"גב עץ+ 36 בסיס תה""ט ללוח תקשורת",2.00,unit,,,,MEDIUM,doc_ref=P5120410388; single_line
29/03/20,,main_invoices\2020\2020-05-26__Eran-Yosef__R3420301565 - הדפסת חשבונית מרכזת.pdf,FORMAT_B_2019_2021,7,99761216,"מקום תה""ט ריקה6 D-17 'קופ",4.00,unit,,,,MEDIUM,doc_ref=P5120410388; single_line
29/03/20,,main_invoices\2020\2020-05-26__Eran-Yosef__R3420301565 - הדפסת חשבונית מרכזת.pdf,FORMAT_B_2019_2021,7,99060006,('יח100) 16/20 שלה פלס' כפול,10.00,unit,,,,MEDIUM,doc_ref=M5120013106; single_line
29/03/20,,main_invoices\2020\2020-05-26__Eran-Yosef__R3420301565 - הדפסת חשבונית מרכזת.pdf,FORMAT_B_2019_2021,7,99060003,('יח100) 16/20 שלה פלס' בודד,20.00,unit,,,,MEDIUM,doc_ref=M5120013106; single_line
29/03/20,,main_invoices\2020\2020-05-26__Eran-Yosef__R3420301565 - הדפסת חשבונית מרכזת.pdf,FORMAT_B_2019_2021,8,15170043,( יח12  )שורה של2 ' מסTRIDONIC מהדק גמיש,10.00,unit,,,,MEDIUM,doc_ref=P5120410120; single_line
29/03/20,,main_invoices\2020\2020-05-26__Eran-Yosef__R3420301565 - הדפסת חשבונית מרכזת.pdf,FORMAT_B_2019_2021,8,3962042,GW IP67 5*32  ניידCEE שקע,1.00,unit,,,,MEDIUM,doc_ref=P5120410120; single_line
29/03/20,,main_invoices\2020\2020-05-26__Eran-Yosef__R3420301565 - הדפסת חשבונית מרכזת.pdf,FORMAT_B_2019_2021,8,99761416,"250*180*130  ח""א12-חלון ל+D-3'קופ",1.00,unit,,,,MEDIUM,doc_ref=P5120410120; single_line
29/03/20,,main_invoices\2020\2020-05-26__Eran-Yosef__R3420301565 - הדפסת חשבונית מרכזת.pdf,FORMAT_B_2019_2021,8,161004,"VEGA 1X10C 6KA ח""א",2.00,unit,,,,MEDIUM,doc_ref=P5120410120; single_line
29/03/20,,main_invoices\2020\2020-05-26__Eran-Yosef__R3420301565 - הדפסת חשבונית מרכזת.pdf,FORMAT_B_2019_2021,8,161005,"VEGA 1X16C 6KA ח""א",2.00,unit,,,,MEDIUM,doc_ref=P5120410120; single_line
29/03/20,,main_invoices\2020\2020-05-26__Eran-Yosef__R3420301565 - הדפסת חשבונית מרכזת.pdf,FORMAT_B_2019_2021,8,161006,"VEGA 1X20C 6KA ח""א",1.00,unit,,,,MEDIUM,doc_ref=P5120410120; single_line
29/03/20,,main_invoices\2020\2020-05-26__Eran-Yosef__R3420301565 - הדפסת חשבונית מרכזת.pdf,FORMAT_B_2019_2021,8,99470016,"( ק""ג1) גבס",5.00,unit,,,,MEDIUM,doc_ref=P5120410120; single_line
29/03/20,,main_invoices\2020\2020-05-26__Eran-Yosef__R3420301565 - הדפסת חשבונית מרכזת.pdf,FORMAT_B_2019_2021,8,99221091,"ממ""ר16 מהדק לפס",4.00,unit,,,,MEDIUM,doc_ref=P5120410208; single_line
29/03/20,,main_invoices\2020\2020-05-26__Eran-Yosef__R3420301565 - הדפסת חשבונית מרכזת.pdf,FORMAT_B_2019_2021,8,99221092,"ממ""ר16 מהדק כחול לפס",1.00,unit,,,,MEDIUM,doc_ref=P5120410208; single_line
29/03/20,,main_invoices\2020\2020-05-26__Eran-Yosef__R3420301565 - הדפסת חשבונית מרכזת.pdf,FORMAT_B_2019_2021,9,99761102,' יח1.00 80*80*50 פטמות+ קופ' אטומהD-8P,,,58.00,58.00,13,HIGH,doc_ref=P5120409206
29/03/20,,main_invoices\2020\2020-05-26__Eran-Yosef__R3420301565 - הדפסת חשבונית מרכזת.pdf,FORMAT_B_2019_2021,9,3830391,12K Lm 6.5K 150W VEGA NOTE1 פ.הצפה לבן,2.00,unit,,,,MEDIUM,doc_ref=P5120407584; single_line
29/03/20,,main_invoices\2020\2020-05-26__Eran-Yosef__R3420301565 - הדפסת חשבונית מרכזת.pdf,FORMAT_B_2019_2021,9,9956513582,CA-22 חותך ומקלף כבלים,1.00,unit,,,,MEDIUM,doc_ref=P5120407706; single_line
29/03/20,,main_invoices\2020\2020-05-26__Eran-Yosef__R3420301565 - הדפסת חשבונית מרכזת.pdf,FORMAT_B_2019_2021,9,99610611,KAPRO /GPT  שלבים4 סולם עץ תקני,1.00,unit,,,,MEDIUM,doc_ref=P5120407706; single_line
29/03/20,,main_invoices\2020\2020-05-26__Eran-Yosef__R3420301565 - הדפסת חשבונית מרכזת.pdf,FORMAT_B_2019_2021,9,2400076,IRWIN SDS-PLUS 8*50/110 מקדח לפטישון,5.00,unit,,,,MEDIUM,doc_ref=P5120408121; single_line
29/03/20,,main_invoices\2020\2020-05-26__Eran-Yosef__R3420301565 - הדפסת חשבונית מרכזת.pdf,FORMAT_B_2019_2021,9,99565002,"מ""מ לחיתוך ברזל4.5X1/6 דיסק",10.00,unit,,,,MEDIUM,doc_ref=P5120408121; single_line
29/03/20,,main_invoices\2020\2020-05-26__Eran-Yosef__R3420301565 - הדפסת חשבונית מרכזת.pdf,FORMAT_B_2019_2021,9,99610612,KAPRO /GPT  שלבים5 סולם עץ תקני,1.00,unit,,,,MEDIUM,doc_ref=P5120408525; single_line
29/03/20,,main_invoices\2020\2020-05-26__Eran-Yosef__R3420301565 - הדפסת חשבונית מרכזת.pdf,FORMAT_B_2019_2021,9,99610615,KAPRO /GPT  שלבים6 סולם עץ תקני,1.00,unit,,,,MEDIUM,doc_ref=P5120408525; single_line
29/03/20,,main_invoices\2020\2020-05-26__Eran-Yosef__R3420301565 - הדפסת חשבונית מרכזת.pdf,FORMAT_B_2019_2021,9,21048,EVIK ג'ל השחלה,2.00,unit,,,,MEDIUM,doc_ref=P5120408938; single_line
29/03/20,,main_invoices\2020\2020-05-26__Eran-Yosef__R3420301565 - הדפסת חשבונית מרכזת.pdf,FORMAT_B_2019_2021,9,495133003,DIN 8.5 קדח-16 נ.כ,10.00,unit,,,,MEDIUM,doc_ref=P5120409206; single_line
29/03/20,,main_invoices\2020\2020-05-26__Eran-Yosef__R3420301565 - הדפסת חשבונית מרכזת.pdf,FORMAT_B_2019_2021,9,495133004,DIN 8.5 קדח-25 נ.כ,10.00,unit,,,,MEDIUM,doc_ref=P5120409206; single_line
29/03/20,,main_invoices\2020\2020-05-26__Eran-Yosef__R3420301565 - הדפסת חשבונית מרכזת.pdf,FORMAT_B_2019_2021,9,3910281,מודול לבן2 שקע כח ישראלי-קורוס,48.00,unit,,,,MEDIUM,doc_ref=P5120409206; single_line
29/03/20,,main_invoices\2020\2020-05-26__Eran-Yosef__R3420301565 - הדפסת חשבונית מרכזת.pdf,FORMAT_B_2019_2021,9,3910051,מודול לבן1 מפסק מחליף-קורוס,24.00,unit,,,,MEDIUM,doc_ref=P5120409206; single_line
29/03/20,,main_invoices\2020\2020-05-26__Eran-Yosef__R3420301565 - הדפסת חשבונית מרכזת.pdf,FORMAT_B_2019_2021,9,3910408,מוד' לבן מקורי1 שקע טלפון בזק-קורוס,24.00,unit,,,,MEDIUM,doc_ref=P5120409206; single_line
29/03/20,,main_invoices\2020\2020-05-26__Eran-Yosef__R3420301565 - הדפסת חשבונית מרכזת.pdf,FORMAT_B_2019_2021,9,3910448,מוד' לבן מקורי1  נקב ישירTV שקע-קורוס,10.00,unit,,,,MEDIUM,doc_ref=P5120409206; single_line
29/03/20,,main_invoices\2020\2020-05-26__Eran-Yosef__R3420301565 - הדפסת חשבונית מרכזת.pdf,FORMAT_B_2019_2021,9,3910005,מוד' לבן1  קטבי מואר2 'מפ-קורוס,2.00,unit,,,,MEDIUM,doc_ref=P5120409206; single_line
29/03/20,,main_invoices\2020\2020-05-26__Eran-Yosef__R3420301565 - הדפסת חשבונית מרכזת.pdf,FORMAT_B_2019_2021,9,3916803,מודול3- ו2- מתאם ל- קורוס,24.00,unit,,,,MEDIUM,doc_ref=P5120409206; single_line
29/03/20,,main_invoices\2020\2020-05-26__Eran-Yosef__R3420301565 - הדפסת חשבונית מרכזת.pdf,FORMAT_B_2019_2021,9,3916804,מודול4- מתאם ל- קורוס,24.00,unit,,,,MEDIUM,doc_ref=P5120409206; single_line
29/03/20,,main_invoices\2020\2020-05-26__Eran-Yosef__R3420301565 - הדפסת חשבונית מרכזת.pdf,FORMAT_B_2019_2021,9,840001810,"מודול תה""ט ללא מחיצות4 קופ' תקן",200.00,unit,,,,MEDIUM,doc_ref=M5120011832; single_line
29/03/20,,main_invoices\2020\2020-05-26__Eran-Yosef__R3420301565 - הדפסת חשבונית מרכזת.pdf,FORMAT_B_2019_2021,9,99220107,"מ""מ10  סופיות מבודדת100 מארז",1.00,unit,,,,MEDIUM,doc_ref=P5120409522; single_line
29/03/20,,main_invoices\2020\2020-05-26__Eran-Yosef__R3420301565 - הדפסת חשבונית מרכזת.pdf,FORMAT_B_2019_2021,9,3992071,"3P 40A 6kA C GEWISS מאמ""ת",2.00,unit,,,,MEDIUM,doc_ref=P5120409522; single_line
29/03/20,,main_invoices\2020\2020-05-26__Eran-Yosef__R3420301565 - הדפסת חשבונית מרכזת.pdf,FORMAT_B_2019_2021,9,99070005,3X32A 'פקט בקופ,2.00,unit,,,,MEDIUM,doc_ref=P5120409582; single_line
29/03/20,,main_invoices\2020\2020-05-26__Eran-Yosef__R3420301565 - הדפסת חשבונית מרכזת.pdf,FORMAT_B_2019_2021,9,4610425,3x16  ניידCEE תקע,2.00,unit,,,,MEDIUM,doc_ref=P5120409582; single_line
29/03/20,,main_invoices\2020\2020-05-26__Eran-Yosef__R3420301565 - הדפסת חשבונית מרכזת.pdf,FORMAT_B_2019_2021,9,3922461,"GW  מוד' לבן4  מ""מCOM מסגרת",10.00,unit,,,,MEDIUM,doc_ref=P5120409582; single_line
29/03/20,,main_invoices\2020\2020-05-26__Eran-Yosef__R3420301565 - הדפסת חשבונית מרכזת.pdf,FORMAT_B_2019_2021,9,3922451,"GW  מוד' לבן3  מ""מCOM מסגרת",10.00,unit,,,,MEDIUM,doc_ref=P5120409582; single_line
29/03/20,,main_invoices\2020\2020-05-26__Eran-Yosef__R3420301565 - הדפסת חשבונית מרכזת.pdf,FORMAT_B_2019_2021,10,3920560,TOP  לבן2P 1-0-2 מפסק דו כווני,-30.00,unit,,,,MEDIUM,doc_ref=P1520401398; single_line
29/03/20,,main_invoices\2020\2020-05-26__Eran-Yosef__R3420301565 - הדפסת חשבונית מרכזת.pdf,FORMAT_B_2019_2021,10,3922461,"GW  מוד' לבן4  מ""מCOM מסגרת",-10.00,unit,,,,MEDIUM,doc_ref=P1520401398; single_line
29/03/20,,main_invoices\2020\2020-05-26__Eran-Yosef__R3420301565 - הדפסת חשבונית מרכזת.pdf,FORMAT_B_2019_2021,10,4951327742,"8  ממ""ר חור10 נ.כ נחושת",10.00,unit,,,,MEDIUM,doc_ref=P5120410122; single_line
29/03/20,,main_invoices\2020\2020-05-26__Eran-Yosef__R3420301565 - הדפסת חשבונית מרכזת.pdf,FORMAT_B_2019_2021,10,990800552,מטר צ/י20 סרט בידוד,1.00,meter,,,,MEDIUM,doc_ref=P5120410122; single_line
29/03/20,,main_invoices\2020\2020-05-26__Eran-Yosef__R3420301565 - הדפסת חשבונית מרכזת.pdf,FORMAT_B_2019_2021,10,3960042,IP67 5*32  ניידCEE תקע,1.00,unit,,,,MEDIUM,doc_ref=P5120410124; single_line
29/03/20,,main_invoices\2020\2020-05-26__Eran-Yosef__R3420301565 - הדפסת חשבונית מרכזת.pdf,FORMAT_B_2019_2021,10,99150592,5*1.5/2.5 מהדק חיבור מהיר,100.00,unit,,,,MEDIUM,doc_ref=P5120410124; single_line
29/03/20,,main_invoices\2020\2020-05-26__Eran-Yosef__R3420301565 - הדפסת חשבונית מרכזת.pdf,FORMAT_B_2019_2021,10,3962042,GW IP67 5*32  ניידCEE שקע,-1.00,unit,,,,MEDIUM,doc_ref=P1520401416; single_line
29/03/20,,main_invoices\2020\2020-05-26__Eran-Yosef__R3420301565 - הדפסת חשבונית מרכזת.pdf,FORMAT_B_2019_2021,10,162006,VEGA 230V 2X25A 2NO מגען מודולרי,1.00,unit,,,,MEDIUM,doc_ref=P5120410390; single_line
29/03/20,,main_invoices\2020\2020-05-26__Eran-Yosef__R3420301565 - הדפסת חשבונית מרכזת.pdf,FORMAT_B_2019_2021,10,22293007,V86/1STU 240V שעון פיקוד ללא רזרבה,1.00,unit,,,,MEDIUM,doc_ref=P5120410390; single_line
29/03/20,,main_invoices\2020\2020-05-26__Eran-Yosef__R3420301565 - הדפסת חשבונית מרכזת.pdf,FORMAT_B_2019_2021,10,997615481,"גב עץ+ 24 בסיס תה""ט ללוח תקשורת",1.00,unit,,,,MEDIUM,doc_ref=P5120410390; single_line
29/03/20,,main_invoices\2020\2020-05-26__Eran-Yosef__R3420301565 - הדפסת חשבונית מרכזת.pdf,FORMAT_B_2019_2021,10,99761550,"תה""ט36 בסיס ללוח",1.00,unit,,,,MEDIUM,doc_ref=P5120410390; single_line
27/02/20,,main_invoices\2020\2020-03-08__Eran-Yosef__Attachment.pdf,FORMAT_B_2019_2021,1,8400009,מקום ליציקה3 קופ' מלבנית ירוקה,-150.00,unit,,,,MEDIUM,doc_ref=P1520400562; single_line
27/02/20,,main_invoices\2020\2020-03-08__Eran-Yosef__Attachment.pdf,FORMAT_B_2019_2021,1,991370556,לבן יונדאי1.7 קומקום נירו' דגם חרמון,1.00,unit,,,,MEDIUM,doc_ref=P5120404772; single_line
27/02/20,,main_invoices\2020\2020-03-08__Eran-Yosef__Attachment.pdf,FORMAT_B_2019_2021,1,99565002,"מ""מ לחיתוך ברזל4.5X1/6 דיסק",20.00,unit,,,,MEDIUM,doc_ref=P5120404933; single_line
27/02/20,,main_invoices\2020\2020-03-08__Eran-Yosef__Attachment.pdf,FORMAT_B_2019_2021,1,1525027,מטר15 כבל מאריך+תוף,1.00,meter,,,,MEDIUM,doc_ref=P5120404934; single_line
27/02/20,,main_invoices\2020\2020-03-08__Eran-Yosef__Attachment.pdf,FORMAT_B_2019_2021,1,840001800,"מודול תה""ט ללא מחיצות3 קופ' תקן",250.00,unit,,,,MEDIUM,doc_ref=M5120005601; single_line
27/02/20,,main_invoices\2020\2020-03-08__Eran-Yosef__Attachment.pdf,FORMAT_B_2019_2021,1,8400004,תקן55 'קופ,10.00,unit,,,,MEDIUM,doc_ref=P5120405126; single_line
27/02/20,,main_invoices\2020\2020-03-08__Eran-Yosef__Attachment.pdf,FORMAT_B_2019_2021,1,4931615,"1.1/2"" אומגה כבד",2.00,unit,,,,MEDIUM,doc_ref=P5120405480; single_line
27/02/20,,main_invoices\2020\2020-03-08__Eran-Yosef__Attachment.pdf,FORMAT_B_2019_2021,1,99761548,"לבן תה""טAA-24 בסיס בלבד ללוח",-2.00,unit,,,,MEDIUM,doc_ref=P1520400786; single_line
27/02/20,,main_invoices\2020\2020-03-08__Eran-Yosef__Attachment.pdf,FORMAT_B_2019_2021,1,99565256,4X40 בורג סיבית,20.00,unit,,,,MEDIUM,doc_ref=P5120405804; single_line
27/02/20,,main_invoices\2020\2020-03-08__Eran-Yosef__Attachment.pdf,FORMAT_B_2019_2021,1,9956555051,4011 צדדי חזק במיוחד-דבק דו,1.00,unit,,,,MEDIUM,doc_ref=P5120405804; single_line
27/02/20,,main_invoices\2020\2020-03-08__Eran-Yosef__Attachment.pdf,FORMAT_B_2019_2021,1,99761548,"לבן תה""טAA-24 בסיס בלבד ללוח",1.00,unit,,,,MEDIUM,doc_ref=P5120405804; single_line
27/02/20,,main_invoices\2020\2020-03-08__Eran-Yosef__Attachment.pdf,FORMAT_B_2019_2021,1,38502393,4K  ממ400  פוליקרבו28W VEGA פלפון לד לבן,1.00,unit,,,,MEDIUM,doc_ref=P5120405994; single_line
27/02/20,,main_invoices\2020\2020-03-08__Eran-Yosef__Attachment.pdf,FORMAT_B_2019_2021,1,3830676,IP65 4K 24W XXL  גבע עגולVEGA פלפון,1.00,unit,,,,MEDIUM,doc_ref=P5120405994; single_line
27/02/20,,main_invoices\2020\2020-03-08__Eran-Yosef__Attachment.pdf,FORMAT_B_2019_2021,1,3992007,"1P 16A 6kA C GEWISS מאמ""ת",6.00,unit,,,,MEDIUM,doc_ref=P5120406336; single_line
27/02/20,,main_invoices\2020\2020-03-08__Eran-Yosef__Attachment.pdf,FORMAT_B_2019_2021,1,9956615011,WERA COMFORT 1000V 4.0X100 מברג,3.00,unit,,,,MEDIUM,doc_ref=P5120406336; single_line
27/02/20,,main_invoices\2020\2020-03-08__Eran-Yosef__Attachment.pdf,FORMAT_B_2019_2021,1,2101032432,"SH203 C  אופיין32A  תלת פאזי6KA מא""ז6",-1.00,unit,,,,MEDIUM,doc_ref=P1520400901; single_line
27/02/20,,main_invoices\2020\2020-03-08__Eran-Yosef__Attachment.pdf,FORMAT_B_2019_2021,1,3910001,מודול לבן1 מפסק יחיד-קורוס,-28.00,unit,,,,MEDIUM,doc_ref=P1520400902; single_line
27/02/20,,main_invoices\2020\2020-03-08__Eran-Yosef__Attachment.pdf,FORMAT_B_2019_2021,1,695220521,SUPER N-1 שקע כח,1.00,unit,,,,MEDIUM,doc_ref=P5120406752; single_line
27/02/20,,main_invoices\2020\2020-03-08__Eran-Yosef__Attachment.pdf,FORMAT_B_2019_2021,1,695220102,SUPER N N-2 קופסא,1.00,unit,,,,MEDIUM,doc_ref=P5120406752; single_line
27/02/20,,main_invoices\2020\2020-03-08__Eran-Yosef__Attachment.pdf,FORMAT_B_2019_2021,1,39202283,קואקס לבן- GW  דמוי- TV שקע,1.00,unit,,,,MEDIUM,doc_ref=P5120406752; single_line
27/02/20,,main_invoices\2020\2020-03-08__Eran-Yosef__Attachment.pdf,FORMAT_B_2019_2021,1,3916703,"מודול3  מסגרת מ""מ לבן- קורוס",1.00,unit,,,,MEDIUM,doc_ref=P5120406752; single_line
27/02/20,,main_invoices\2020\2020-03-08__Eran-Yosef__Attachment.pdf,FORMAT_B_2019_2021,1,4932203,ברגים17 4*40*400 פס השוואה,1.00,unit,,,,MEDIUM,doc_ref=P5120406752; single_line
27/02/20,,main_invoices\2020\2020-03-08__Eran-Yosef__Attachment.pdf,FORMAT_B_2019_2021,1,190049,מודול1 דמי גוויס,6.00,unit,,,,MEDIUM,doc_ref=P5120406752; single_line
27/02/20,,main_invoices\2020\2020-03-08__Eran-Yosef__Attachment.pdf,FORMAT_B_2019_2021,2,190199,"מ""מ תקשורת ירוק / אדום20 צינור מופה",10.00,unit,,,,MEDIUM,doc_ref=P5120407047; single_line
27/02/20,,main_invoices\2020\2020-03-08__Eran-Yosef__Attachment.pdf,FORMAT_B_2019_2021,2,99060003,('יח100) 16/20 שלה פלס' בודד,4.00,unit,,,,MEDIUM,doc_ref=P5120407047; single_line
27/02/20,,main_invoices\2020\2020-03-08__Eran-Yosef__Attachment.pdf,FORMAT_B_2019_2021,2,99060004,(' יח100) 23/25 שלה פלס' בודד,4.00,unit,,,,MEDIUM,doc_ref=P5120407047; single_line
27/02/20,,main_invoices\2020\2020-03-08__Eran-Yosef__Attachment.pdf,FORMAT_B_2019_2021,2,3992007,"1P 16A 6kA C GEWISS מאמ""ת",18.00,unit,,,,MEDIUM,doc_ref=P5120407047; single_line
27/02/20,,main_invoices\2020\2020-03-08__Eran-Yosef__Attachment.pdf,FORMAT_B_2019_2021,2,3992011,"1P 40A 6kA C GEWISS מאמ""ת",3.00,unit,,,,MEDIUM,doc_ref=P5120407047; single_line
27/02/20,,main_invoices\2020\2020-03-08__Eran-Yosef__Attachment.pdf,FORMAT_B_2019_2021,2,2400168,ALPEN 8*110 מקדח לפטישון ראש צלב,3.00,unit,,,,MEDIUM,doc_ref=P5120407047; single_line
27/02/20,,main_invoices\2020\2020-03-08__Eran-Yosef__Attachment.pdf,FORMAT_B_2019_2021,2,2400077,IRWIN SDS-PLUS 8*100/160 מקדח לפטישון,2.00,unit,,,,MEDIUM,doc_ref=P5120407047; single_line
27/02/20,,main_invoices\2020\2020-03-08__Eran-Yosef__Attachment.pdf,FORMAT_B_2019_2021,2,695220104,SUPER N N-4 קופסא,1.00,unit,,,,MEDIUM,doc_ref=P5120407057; single_line
27/02/20,,main_invoices\2020\2020-03-08__Eran-Yosef__Attachment.pdf,FORMAT_B_2019_2021,2,4610429,5x16  ניידCEE תקע,1.00,unit,,,,MEDIUM,doc_ref=P5120407411; single_line
27/02/20,,main_invoices\2020\2020-03-08__Eran-Yosef__Attachment.pdf,FORMAT_B_2019_2021,2,8400004,תקן55 'קופ,50.00,unit,,,,MEDIUM,doc_ref=P5120407411; single_line
27/02/20,,main_invoices\2020\2020-03-08__Eran-Yosef__Attachment.pdf,FORMAT_B_2019_2021,2,695220104,SUPER N N-4 קופסא,2.00,unit,,,,MEDIUM,doc_ref=P5120407411; single_line
27/02/20,,main_invoices\2020\2020-03-08__Eran-Yosef__Attachment.pdf,FORMAT_B_2019_2021,2,99220105,"(200)  מ""מ4.0 סופיות מבודדת",1.00,unit,,,,MEDIUM,doc_ref=P5120407411; single_line
27/02/20,,main_invoices\2020\2020-03-08__Eran-Yosef__Attachment.pdf,FORMAT_B_2019_2021,5,3944206,IP56 150*110*70 650° קופ' אטומה,5.00,unit,,,,MEDIUM,doc_ref=P5120403669; single_line
27/02/20,,main_invoices\2020\2020-03-08__Eran-Yosef__Attachment.pdf,FORMAT_B_2019_2021,5,15170053,( יח12  )שורה של3 ' מסTRIDONIC מהדק גמיש,2.00,unit,,,,MEDIUM,doc_ref=P5120403669; single_line
27/02/20,,main_invoices\2020\2020-03-08__Eran-Yosef__Attachment.pdf,FORMAT_B_2019_2021,5,840001814,"מודול תה""ט עמוקה4 'קופ",30.00,unit,,,,MEDIUM,doc_ref=P5120403804; single_line
27/02/20,,main_invoices\2020\2020-03-08__Eran-Yosef__Attachment.pdf,FORMAT_B_2019_2021,5,840001810,"מודול תה""ט ללא מחיצות4 קופ' תקן",50.00,unit,,,,MEDIUM,doc_ref=P5120403804; single_line
27/02/20,,main_invoices\2020\2020-03-08__Eran-Yosef__Attachment.pdf,FORMAT_B_2019_2021,5,8400009,מקום ליציקה3 קופ' מלבנית ירוקה,150.00,unit,,,,MEDIUM,doc_ref=M5120004205; single_line
27/02/20,,main_invoices\2020\2020-03-08__Eran-Yosef__Attachment.pdf,FORMAT_B_2019_2021,5,99761216,"מקום תה""ט ריקה6 D-17 'קופ",4.00,unit,,,,MEDIUM,doc_ref=P5120403867; single_line
27/02/20,,main_invoices\2020\2020-03-08__Eran-Yosef__Attachment.pdf,FORMAT_B_2019_2021,5,840001815,"מודול תה""ט עמוקה3 'קופ",150.00,unit,,,,MEDIUM,doc_ref=M5120004399; single_line
27/02/20,,main_invoices\2020\2020-03-08__Eran-Yosef__Attachment.pdf,FORMAT_B_2019_2021,5,840001800,"מודול תה""ט ללא מחיצות3 קופ' תקן",250.00,unit,,,,MEDIUM,doc_ref=M5120006011; single_line
27/02/20,,main_invoices\2020\2020-03-08__Eran-Yosef__Attachment.pdf,FORMAT_B_2019_2021,5,99060006,('יח100) 16/20 שלה פלס' כפול,20.00,unit,,,,MEDIUM,doc_ref=M5120007248; single_line
27/02/20,,main_invoices\2020\2020-03-08__Eran-Yosef__Attachment.pdf,FORMAT_B_2019_2021,5,99060003,('יח100) 16/20 שלה פלס' בודד,20.00,unit,,,,MEDIUM,doc_ref=M5120007248; single_line
27/02/20,,main_invoices\2020\2020-03-08__Eran-Yosef__Attachment.pdf,FORMAT_B_2019_2021,5,2101032432,"SH203 C  אופיין32A  תלת פאזי6KA מא""ז6",1.00,unit,,,,MEDIUM,doc_ref=P5120406346; single_line
27/02/20,,main_invoices\2020\2020-03-08__Eran-Yosef__Attachment.pdf,FORMAT_B_2019_2021,5,161046,"VEGA 3PX32C 6KA ח""א",1.00,unit,,,,MEDIUM,doc_ref=P5120406346; single_line
27/02/20,,main_invoices\2020\2020-03-08__Eran-Yosef__Attachment.pdf,FORMAT_B_2019_2021,5,8400005,תקן70 'קופ,50.00,unit,,,,MEDIUM,doc_ref=P5120406346; single_line
27/02/20,,main_invoices\2020\2020-03-08__Eran-Yosef__Attachment.pdf,FORMAT_B_2019_2021,5,5974030,"ס""מ80 תוף קוטר",1.00,unit,,,,MEDIUM,doc_ref=M5120007853; single_line
27/02/20,,main_invoices\2020\2020-03-08__Eran-Yosef__Attachment.pdf,FORMAT_B_2019_2021,5,190199,"מ""מ תקשורת ירוק / אדום20 צינור מופה",20.00,unit,,,,MEDIUM,doc_ref=P5120407160; single_line
27/02/20,,main_invoices\2020\2020-03-08__Eran-Yosef__Attachment.pdf,FORMAT_B_2019_2021,5,21048,EVIK ג'ל השחלה,2.00,unit,,,,MEDIUM,doc_ref=P5120407160; single_line
27/02/20,,main_invoices\2020\2020-03-08__Eran-Yosef__Attachment.pdf,FORMAT_B_2019_2021,7,161061,VEGA A  דגם2X40A 30MA ממסר פחת,4.00,unit,,,,MEDIUM,doc_ref=P5120404935; single_line
27/02/20,,main_invoices\2020\2020-03-08__Eran-Yosef__Attachment.pdf,FORMAT_B_2019_2021,7,167015,LR03 AAA  גודלVEGA  סוללות10 מארז,2.00,unit,,,,MEDIUM,doc_ref=P5120404935; single_line
27/02/20,,main_invoices\2020\2020-03-08__Eran-Yosef__Attachment.pdf,FORMAT_B_2019_2021,7,4951327743,"10  ממ""ר חור10 נ.כ נחושת",20.00,unit,,,,MEDIUM,doc_ref=P5120406845; single_line
27/02/20,,main_invoices\2020\2020-03-08__Eran-Yosef__Attachment.pdf,FORMAT_B_2019_2021,7,4932202,ברגים7 4*40*200 פס השוואה,1.00,unit,,,,MEDIUM,doc_ref=P5120406845; single_line
27/02/20,,main_invoices\2020\2020-03-08__Eran-Yosef__Attachment.pdf,FORMAT_B_2019_2021,7,997600200,חלק אפור שקוףBBI-3-130 'קופ,1.00,unit,,,,MEDIUM,doc_ref=P5120406845; single_line
27/02/20,,main_invoices\2020\2020-03-08__Eran-Yosef__Attachment.pdf,FORMAT_B_2019_2021,8,3910281,מודול לבן2 שקע כח ישראלי-קורוס,8.00,unit,,,,MEDIUM,doc_ref=P5120403660; single_line
27/02/20,,main_invoices\2020\2020-03-08__Eran-Yosef__Attachment.pdf,FORMAT_B_2019_2021,8,3910153,מודול לבן1 סימון פעמון+קורוס לחצן מואר,2.00,unit,,,,MEDIUM,doc_ref=P5120403660; single_line
27/02/20,,main_invoices\2020\2020-03-08__Eran-Yosef__Attachment.pdf,FORMAT_B_2019_2021,8,3830123,לקירVEGA ארמטורה,2.00,unit,,,,MEDIUM,doc_ref=P5120403660; single_line
27/02/20,,main_invoices\2020\2020-03-08__Eran-Yosef__Attachment.pdf,FORMAT_B_2019_2021,8,3830122,לתיקרהVEGA ארמטורה,2.00,unit,,,,MEDIUM,doc_ref=P5120403660; single_line
27/02/20,,main_invoices\2020\2020-03-08__Eran-Yosef__Attachment.pdf,FORMAT_B_2019_2021,8,906002,(100)  עגולNK4 קליפס,2.00,unit,,,,MEDIUM,doc_ref=P5120403660; single_line
27/02/20,,main_invoices\2020\2020-03-08__Eran-Yosef__Attachment.pdf,FORMAT_B_2019_2021,8,3910001,מודול לבן1 מפסק יחיד-קורוס,10.00,unit,,,,MEDIUM,doc_ref=P5120403808; single_line
27/02/20,,main_invoices\2020\2020-03-08__Eran-Yosef__Attachment.pdf,FORMAT_B_2019_2021,8,3910281,מודול לבן2 שקע כח ישראלי-קורוס,8.00,unit,,,,MEDIUM,doc_ref=P5120403808; single_line
27/02/20,,main_invoices\2020\2020-03-08__Eran-Yosef__Attachment.pdf,FORMAT_B_2019_2021,8,3916104,מודול4 לבן חלבי ONE מסגרת-קורוס,15.00,unit,,,,MEDIUM,doc_ref=P5120403808; single_line
27/02/20,,main_invoices\2020\2020-03-08__Eran-Yosef__Attachment.pdf,FORMAT_B_2019_2021,8,3910883,230V 0.6W נורית סימון לד אדום,20.00,unit,,,,MEDIUM,doc_ref=P5120404771; single_line
27/02/20,,main_invoices\2020\2020-03-08__Eran-Yosef__Attachment.pdf,FORMAT_B_2019_2021,8,385021,3W  כפתור שקועVEGA ג.ת. חרום,4.00,unit,,,,MEDIUM,doc_ref=P5120404771; single_line
27/02/20,,main_invoices\2020\2020-03-08__Eran-Yosef__Attachment.pdf,FORMAT_B_2019_2021,8,997600200,חלק אפור שקוףBBI-3-130 'קופ,3.00,unit,,,,MEDIUM,doc_ref=P5120404771; single_line
27/02/20,,main_invoices\2020\2020-03-08__Eran-Yosef__Attachment.pdf,FORMAT_B_2019_2021,8,3910195,מודול לבן1 דמי-קורוס,50.00,unit,,,,MEDIUM,doc_ref=P5120405297; single_line
27/02/20,,main_invoices\2020\2020-03-08__Eran-Yosef__Attachment.pdf,FORMAT_B_2019_2021,8,995450563,SM-3129  נטען קוברה10W פנס הצפה נייד לד,2.00,unit,,,,MEDIUM,doc_ref=P5120405461; single_line
27/02/20,,main_invoices\2020\2020-03-08__Eran-Yosef__Attachment.pdf,FORMAT_B_2019_2021,8,3830881,VEGA CW 24w  אפורM סטארפלסט,6.00,unit,,,,MEDIUM,doc_ref=P5120405461; single_line
27/02/20,,main_invoices\2020\2020-03-08__Eran-Yosef__Attachment.pdf,FORMAT_B_2019_2021,8,99060006,('יח100) 16/20 שלה פלס' כפול,4.00,unit,,,,MEDIUM,doc_ref=P5120406328; single_line
27/02/20,,main_invoices\2020\2020-03-08__Eran-Yosef__Attachment.pdf,FORMAT_B_2019_2021,8,8400004,תקן55 'קופ,20.00,unit,,,,MEDIUM,doc_ref=P5120406328; single_line
27/02/20,,main_invoices\2020\2020-03-08__Eran-Yosef__Attachment.pdf,FORMAT_B_2019_2021,8,3916104,מודול4 לבן חלבי ONE מסגרת-קורוס,8.00,unit,,,,MEDIUM,doc_ref=P5120406328; single_line
27/02/20,,main_invoices\2020\2020-03-08__Eran-Yosef__Attachment.pdf,FORMAT_B_2019_2021,8,3916101,מודול1 לבן ONE מסגרת-קורוס,15.00,unit,,,,MEDIUM,doc_ref=P5120406328; single_line
27/02/20,,main_invoices\2020\2020-03-08__Eran-Yosef__Attachment.pdf,FORMAT_B_2019_2021,8,2400074,IRWIN SDS-PLUS 7*50/110 מקדח לפטישון,2.00,unit,,,,MEDIUM,doc_ref=P5120406497; single_line
27/02/20,,main_invoices\2020\2020-03-08__Eran-Yosef__Attachment.pdf,FORMAT_B_2019_2021,8,3916704,"' מוד4  מסגרת מ""מ לבן- קורוס",1.00,unit,,,,MEDIUM,doc_ref=P5120406497; single_line
27/02/20,,main_invoices\2020\2020-03-08__Eran-Yosef__Attachment.pdf,FORMAT_B_2019_2021,8,3910281,מודול לבן2 שקע כח ישראלי-קורוס,14.00,unit,,,,MEDIUM,doc_ref=P5120406497; single_line
27/02/20,,main_invoices\2020\2020-03-08__Eran-Yosef__Attachment.pdf,FORMAT_B_2019_2021,8,3910001,מודול לבן1 מפסק יחיד-קורוס,30.00,unit,,,,MEDIUM,doc_ref=P5120406497; single_line
27/02/20,,main_invoices\2020\2020-03-08__Eran-Yosef__Attachment.pdf,FORMAT_B_2019_2021,8,167004,VEGA CR2032 סוללה ליתיום,4.00,unit,,,,MEDIUM,doc_ref=P5120406500; single_line
27/02/20,,main_invoices\2020\2020-03-08__Eran-Yosef__Attachment.pdf,FORMAT_B_2019_2021,8,3910195,מודול לבן1 דמי-קורוס,30.00,unit,,,,MEDIUM,doc_ref=P5120406500; single_line
27/02/20,,main_invoices\2020\2020-03-08__Eran-Yosef__Attachment.pdf,FORMAT_B_2019_2021,10,3924201,GW........ מקום3 מתאם למסגרת,5.00,unit,,,,MEDIUM,doc_ref=P5120405460; single_line
27/02/20,,main_invoices\2020\2020-03-08__Eran-Yosef__Attachment.pdf,FORMAT_B_2019_2021,10,3924202,GW........ מקום4 מתאם למסגרת,2.00,unit,,,,MEDIUM,doc_ref=P5120405460; single_line
27/02/20,,main_invoices\2020\2020-03-08__Eran-Yosef__Attachment.pdf,FORMAT_B_2019_2021,10,3922461,"GW  מוד' לבן4  מ""מCOM מסגרת",2.00,unit,,,,MEDIUM,doc_ref=P5120405460; single_line
27/02/20,,main_invoices\2020\2020-03-08__Eran-Yosef__Attachment.pdf,FORMAT_B_2019_2021,10,3920220,GW  לבן16A 250V שקע ישראלי,7.00,unit,,,,MEDIUM,doc_ref=P5120405460; single_line
27/02/20,,main_invoices\2020\2020-03-08__Eran-Yosef__Attachment.pdf,FORMAT_B_2019_2021,10,3920571,מודול1 מפסק יחיד,1.00,unit,,,,MEDIUM,doc_ref=P5120405460; single_line
27/02/20,,main_invoices\2020\2020-03-08__Eran-Yosef__Attachment.pdf,FORMAT_B_2019_2021,10,39202283,קואקס לבן- GW  דמוי- TV שקע,1.00,unit,,,,MEDIUM,doc_ref=P5120405460; single_line
27/02/20,,main_invoices\2020\2020-03-08__Eran-Yosef__Attachment.pdf,FORMAT_B_2019_2021,10,99761548,"לבן תה""טAA-24 בסיס בלבד ללוח",2.00,unit,,,,MEDIUM,doc_ref=P5120405460; single_line
27/02/20,,main_invoices\2020\2020-03-08__Eran-Yosef__Attachment.pdf,FORMAT_B_2019_2021,10,3992006,"1P 10A 6kA C GEWISS מאמ""ת",6.00,unit,,,,MEDIUM,doc_ref=P5120405990; single_line
27/02/20,,main_invoices\2020\2020-03-08__Eran-Yosef__Attachment.pdf,FORMAT_B_2019_2021,10,3992007,"1P 16A 6kA C GEWISS מאמ""ת",6.00,unit,,,,MEDIUM,doc_ref=P5120405990; single_line
27/02/20,,main_invoices\2020\2020-03-08__Eran-Yosef__Attachment.pdf,FORMAT_B_2019_2021,10,3992069,"3P 25A 6kA C GEWISS מאמ""ת",1.00,unit,,,,MEDIUM,doc_ref=P5120405990; single_line
27/02/20,,main_invoices\2020\2020-03-08__Eran-Yosef__Attachment.pdf,FORMAT_B_2019_2021,10,99220106,"(100)  מ""מ6.0 סופיות מבודדת",1.00,unit,,,,MEDIUM,doc_ref=P5120405990; single_line
27/02/20,,main_invoices\2020\2020-03-08__Eran-Yosef__Attachment.pdf,FORMAT_B_2019_2021,10,99060006,('יח100) 16/20 שלה פלס' כפול,5.00,unit,,,,MEDIUM,doc_ref=P5120405990; single_line
27/02/20,,main_invoices\2020\2020-03-08__Eran-Yosef__Attachment.pdf,FORMAT_B_2019_2021,10,99060003,('יח100) 16/20 שלה פלס' בודד,2.00,unit,,,,MEDIUM,doc_ref=P5120405990; single_line
27/02/20,,main_invoices\2020\2020-03-08__Eran-Yosef__Attachment.pdf,FORMAT_B_2019_2021,10,995655504,9312 נשמיה עם פילטר דגם,20.00,unit,,,,MEDIUM,doc_ref=P5120405990; single_line
27/02/20,,main_invoices\2020\2020-03-08__Eran-Yosef__Attachment.pdf,FORMAT_B_2019_2021,10,99761552,"תה""ט36-לוח ללא בסיס ל",1.00,unit,,,,MEDIUM,doc_ref=P5120407164; single_line
27/02/20,,main_invoices\2020\2020-03-08__Eran-Yosef__Attachment.pdf,FORMAT_B_2019_2021,10,99761555,"A-T-24 לוח תקשורת תה""ט ללא בסיס",1.00,unit,,,,MEDIUM,doc_ref=P5120407164; single_line
27/02/20,,main_invoices\2020\2020-03-08__Eran-Yosef__Attachment.pdf,FORMAT_B_2019_2021,10,3992006,"1P 10A 6kA C GEWISS מאמ""ת",18.00,unit,,,,MEDIUM,doc_ref=P5120407164; single_line
27/02/20,,main_invoices\2020\2020-03-08__Eran-Yosef__Attachment.pdf,FORMAT_B_2019_2021,10,3992007,"1P 16A 6kA C GEWISS מאמ""ת",18.00,unit,,,,MEDIUM,doc_ref=P5120407164; single_line
27/02/20,,main_invoices\2020\2020-03-08__Eran-Yosef__Attachment.pdf,FORMAT_B_2019_2021,10,1050020,!!! בלדח דקור' קומפלט תקני,20.00,unit,,,,MEDIUM,doc_ref=P5120407363; single_line
27/02/20,,main_invoices\2020\2020-03-08__Eran-Yosef__Attachment.pdf,FORMAT_B_2019_2021,10,9954073,7AH 12V מצבר,1.00,unit,,,,MEDIUM,doc_ref=P5120407363; single_line
27/02/20,,main_invoices\2020\2020-03-08__Eran-Yosef__Attachment.pdf,FORMAT_B_2019_2021,10,3916104,מודול4 לבן חלבי ONE מסגרת-קורוס,4.00,unit,,,,MEDIUM,doc_ref=P5120407363; single_line
27/02/20,,main_invoices\2020\2020-03-08__Eran-Yosef__Attachment.pdf,FORMAT_B_2019_2021,12,99761102,' יח30.00 80*80*50 פטמות+ קופ' אטומהD-8P,58.00,meter,58.00,58.00,1,HIGH,doc_ref=P5120403805
27/02/20,,main_invoices\2020\2020-03-08__Eran-Yosef__Attachment.pdf,FORMAT_B_2019_2021,12,99761102,' יח15.00 80*80*50 פטמות+ קופ' אטומהD-8P,,,58.00,58.00,15,HIGH,doc_ref=P5120405289
27/02/20,,main_invoices\2020\2020-03-08__Eran-Yosef__Attachment.pdf,FORMAT_B_2019_2021,12,99761102,' יח25.00 80*80*50 פטמות+ קופ' אטומהD-8P,,,58.00,58.00,21,HIGH,doc_ref=P5120405648
27/02/20,,main_invoices\2020\2020-03-08__Eran-Yosef__Attachment.pdf,FORMAT_B_2019_2021,12,990800553,מטר חום20 סרט בידוד,1.00,meter,,,,MEDIUM,doc_ref=P5120403805; single_line
27/02/20,,main_invoices\2020\2020-03-08__Eran-Yosef__Attachment.pdf,FORMAT_B_2019_2021,12,990800559,מטר חום כתום20 סרט בידוד,1.00,meter,,,,MEDIUM,doc_ref=P5120403805; single_line
27/02/20,,main_invoices\2020\2020-03-08__Eran-Yosef__Attachment.pdf,FORMAT_B_2019_2021,12,990800554,מטר כחול20 סרט בידוד,1.00,meter,,,,MEDIUM,doc_ref=P5120403805; single_line
27/02/20,,main_invoices\2020\2020-03-08__Eran-Yosef__Attachment.pdf,FORMAT_B_2019_2021,12,990800550,מטר חום שחור20 סרט בידוד,1.00,meter,,,,MEDIUM,doc_ref=P5120403805; single_line
27/02/20,,main_invoices\2020\2020-03-08__Eran-Yosef__Attachment.pdf,FORMAT_B_2019_2021,12,99060003,('יח100) 16/20 שלה פלס' בודד,5.00,unit,,,,MEDIUM,doc_ref=P5120403805; single_line
27/02/20,,main_invoices\2020\2020-03-08__Eran-Yosef__Attachment.pdf,FORMAT_B_2019_2021,12,990700021,ידית מנוף3X32-35A פקט בקופסא,3.00,unit,,,,MEDIUM,doc_ref=P5120403805; single_line
27/02/20,,main_invoices\2020\2020-03-08__Eran-Yosef__Attachment.pdf,FORMAT_B_2019_2021,12,695220521,SUPER N-1 שקע כח,3.00,unit,,,,MEDIUM,doc_ref=P5120403805; single_line
27/02/20,,main_invoices\2020\2020-03-08__Eran-Yosef__Attachment.pdf,FORMAT_B_2019_2021,12,995650276,4-12/20/32 סט מקדחים מדורג טיטניום,1.00,unit,,,,MEDIUM,doc_ref=P5120403868; single_line
27/02/20,,main_invoices\2020\2020-03-08__Eran-Yosef__Attachment.pdf,FORMAT_B_2019_2021,12,995657432,10/XL כפפות שחורות לחשמלאים,12.00,unit,,,,MEDIUM,doc_ref=P5120403868; single_line
27/02/20,,main_invoices\2020\2020-03-08__Eran-Yosef__Attachment.pdf,FORMAT_B_2019_2021,12,840001801,מודול לגבס ללא מחיצות3 קופ תקן פטנט,120.00,unit,,,,MEDIUM,doc_ref=P5120403868; single_line
27/02/20,,main_invoices\2020\2020-03-08__Eran-Yosef__Attachment.pdf,FORMAT_B_2019_2021,12,15170053,( יח12  )שורה של3 ' מסTRIDONIC מהדק גמיש,4.00,unit,,,,MEDIUM,doc_ref=P5120405289; single_line
27/02/20,,main_invoices\2020\2020-03-08__Eran-Yosef__Attachment.pdf,FORMAT_B_2019_2021,12,1050020,!!! בלדח דקור' קומפלט תקני,20.00,unit,,,,MEDIUM,doc_ref=P5120405289; single_line
27/02/20,,main_invoices\2020\2020-03-08__Eran-Yosef__Attachment.pdf,FORMAT_B_2019_2021,12,3830108,מ1  ב.נ כל20  מ' כבל21 גרלנדה מארז תקני,1.00,unit,,,,MEDIUM,doc_ref=P5120405289; single_line
27/02/20,,main_invoices\2020\2020-03-08__Eran-Yosef__Attachment.pdf,FORMAT_B_2019_2021,12,2400077,IRWIN SDS-PLUS 8*100/160 מקדח לפטישון,2.00,unit,,,,MEDIUM,doc_ref=P5120405648; single_line
27/02/20,,main_invoices\2020\2020-03-08__Eran-Yosef__Attachment.pdf,FORMAT_B_2019_2021,12,2400074,IRWIN SDS-PLUS 7*50/110 מקדח לפטישון,2.00,unit,,,,MEDIUM,doc_ref=P5120405648; single_line
27/02/20,,main_invoices\2020\2020-03-08__Eran-Yosef__Attachment.pdf,FORMAT_B_2019_2021,12,99060007,(' יח100) 23/25 שלה פלס' כפול,5.00,unit,,,,MEDIUM,doc_ref=P5120406334; single_line
27/02/20,,main_invoices\2020\2020-03-08__Eran-Yosef__Attachment.pdf,FORMAT_B_2019_2021,12,4611235063,E27 15W/DL ( נורות לד3) מארז,1.00,unit,,,,MEDIUM,doc_ref=P5120406334; single_line
27/02/20,,main_invoices\2020\2020-03-08__Eran-Yosef__Attachment.pdf,FORMAT_B_2019_2021,12,6112350613,E27 15W/WW ( נורות לד3) מארז4,1.00,unit,,,,MEDIUM,doc_ref=P5120406334; single_line
28/01/20,,main_invoices\2020\2020-02-10__ניר-סאייג__p1070800593.pdf,FORMAT_B_2019_2021,1,5974010,"ס""מ60 תוף קוטר עד",1.00,unit,,,,MEDIUM,doc_ref=M5120000677; single_line
28/01/20,,main_invoices\2020\2020-02-10__ניר-סאייג__p1070800593.pdf,FORMAT_B_2019_2021,1,99565002,"מ""מ לחיתוך ברזל4.5X1/6 דיסק",25.00,unit,,,,MEDIUM,doc_ref=P5120401426; single_line
28/01/20,,main_invoices\2020\2020-02-10__ניר-סאייג__p1070800593.pdf,FORMAT_B_2019_2021,1,15170043,( יח12  )שורה של2 ' מסTRIDONIC מהדק גמיש,10.00,unit,,,,MEDIUM,doc_ref=P5120401426; single_line
28/01/20,,main_invoices\2020\2020-02-10__ניר-סאייג__p1070800593.pdf,FORMAT_B_2019_2021,1,3916803,מודול3- ו2- מתאם ל- קורוס,36.00,unit,,,,MEDIUM,doc_ref=P5120401841; single_line
28/01/20,,main_invoices\2020\2020-02-10__ניר-סאייג__p1070800593.pdf,FORMAT_B_2019_2021,1,3916804,מודול4- מתאם ל- קורוס,24.00,unit,,,,MEDIUM,doc_ref=P5120401841; single_line
28/01/20,,main_invoices\2020\2020-02-10__ניר-סאייג__p1070800593.pdf,FORMAT_B_2019_2021,1,3910051,מודול לבן1 מפסק מחליף-קורוס,12.00,unit,,,,MEDIUM,doc_ref=P5120401841; single_line
28/01/20,,main_invoices\2020\2020-02-10__ניר-סאייג__p1070800593.pdf,FORMAT_B_2019_2021,1,3910281,מודול לבן2 שקע כח ישראלי-קורוס,48.00,unit,,,,MEDIUM,doc_ref=P5120401841; single_line
28/01/20,,main_invoices\2020\2020-02-10__ניר-סאייג__p1070800593.pdf,FORMAT_B_2019_2021,1,222930073,V86/1QRTU 240V רזרבה+שעון פיקוד,1.00,unit,,,,MEDIUM,doc_ref=P5120401995; single_line
28/01/20,,main_invoices\2020\2020-02-10__ניר-סאייג__p1070800593.pdf,FORMAT_B_2019_2021,1,99761301,"ח""א4  חלון ל+ D24 'קופ",1.00,unit,,,,MEDIUM,doc_ref=P5120401995; single_line
28/01/20,,main_invoices\2020\2020-02-10__ניר-סאייג__p1070800593.pdf,FORMAT_B_2019_2021,1,997615482,"גב עץ+ 36 בסיס תה""ט ללוח תקשורת",4.00,unit,,,,MEDIUM,doc_ref=P5120403491; single_line
28/01/20,,main_invoices\2020\2020-02-10__ניר-סאייג__p1070800593.pdf,FORMAT_B_2019_2021,1,9976202353,VEGA  ציוד4*40 פחת+516.2316 'קופ,5.00,unit,,,,MEDIUM,doc_ref=M5120003908; single_line
,,main_invoices\2020\2020-08-11__ניר-סאייג__p4008401536.pdf,FORMAT_B_2019_2021,1,9480019,"80""-32"" זרוע צמוד קיר ללא הטיה עד מידה",1.00,unit,,,,MEDIUM,doc_ref=P1520403164; single_line
26/11/20,,main_invoices\2020\2020-11-30__קרן-ממויה__p6121203901.pdf,FORMAT_B_2019_2021,1,3830123,לקירVEGA ארמטורה,100.00,unit,,,,MEDIUM,doc_ref=M5120063701; single_line
26/11/20,,main_invoices\2020\2020-11-30__קרן-ממויה__p6121203901.pdf,FORMAT_B_2019_2021,1,1050020,!!! בלדח דקור' קומפלט תקני,200.00,unit,,,,MEDIUM,doc_ref=M5120063701; single_line
26/11/20,,main_invoices\2020\2020-11-30__קרן-ממויה__p6121203901.pdf,FORMAT_B_2019_2021,1,3910195,מודול לבן1 דמי-קורוס,100.00,unit,,,,MEDIUM,doc_ref=M5120063908; single_line
26/11/20,,main_invoices\2020\2020-11-30__קרן-ממויה__p6121203901.pdf,FORMAT_B_2019_2021,1,3916704,"' מוד4  מסגרת מ""מ לבן- קורוס",10.00,unit,,,,MEDIUM,doc_ref=M5120064583; single_line
26/11/20,,main_invoices\2020\2020-11-30__קרן-ממויה__p6121203901.pdf,FORMAT_B_2019_2021,1,3916703,"מודול3  מסגרת מ""מ לבן- קורוס",48.00,unit,,,,MEDIUM,doc_ref=M5120064640; single_line
26/11/20,,main_invoices\2020\2020-11-30__קרן-ממויה__p6121203901.pdf,FORMAT_B_2019_2021,1,99150592,5*1.5/2.5 מהדק חיבור מהיר,500.00,unit,,,,MEDIUM,doc_ref=M5120066573; single_line
26/11/20,,main_invoices\2020\2020-11-30__קרן-ממויה__p6121203901.pdf,FORMAT_B_2019_2021,1,99150596,8*1.5/2.5 מהדק חיבור מהיר,300.00,unit,,,,MEDIUM,doc_ref=M5120066655; single_line
26/11/20,,main_invoices\2020\2020-11-30__קרן-ממויה__p6121203901.pdf,FORMAT_B_2019_2021,1,1050020,!!! בלדח דקור' קומפלט תקני,200.00,unit,,,,MEDIUM,doc_ref=M5120066655; single_line
26/11/20,,main_invoices\2020\2020-11-30__קרן-ממויה__p6121203901.pdf,FORMAT_B_2019_2021,1,3916704,"' מוד4  מסגרת מ""מ לבן- קורוס",5.00,unit,,,,MEDIUM,doc_ref=M5120068133; single_line
26/11/20,,main_invoices\2020\2020-11-30__קרן-ממויה__p6121203901.pdf,FORMAT_B_2019_2021,1,3910281,מודול לבן2 שקע כח ישראלי-קורוס,96.00,unit,,,,MEDIUM,doc_ref=M5120068133; single_line
26/11/20,,main_invoices\2020\2020-11-30__קרן-ממויה__p6121203901.pdf,FORMAT_B_2019_2021,1,99150592,5*1.5/2.5 מהדק חיבור מהיר,10.00,unit,,,,MEDIUM,doc_ref=M5120068133; single_line
26/11/20,,main_invoices\2020\2020-11-30__קרן-ממויה__p6121203901.pdf,FORMAT_B_2019_2021,1,3916703,"מודול3  מסגרת מ""מ לבן- קורוס",48.00,unit,,,,MEDIUM,doc_ref=M5120068262; single_line
26/11/20,,main_invoices\2020\2020-11-30__קרן-ממויה__p6121203901.pdf,FORMAT_B_2019_2021,1,1109806,"ממ""ר2.5 תקע+ מהדקי שקע12 פס",13.00,unit,,,,MEDIUM,doc_ref=M5120068262; single_line
26/11/20,,main_invoices\2020\2020-11-30__קרן-ממויה__p6121203901.pdf,FORMAT_B_2019_2021,1,99150596,8*1.5/2.5 מהדק חיבור מהיר,5.00,unit,,,,MEDIUM,doc_ref=M5120068262; single_line
27/04/21,,main_invoices\2021\2021-05-03__קרן-ממויה__(מסמך ממוחשב) הדפסת חשבונית מרכזת - R34212502845.pdf,FORMAT_B_2019_2021,1,9956505150,להבים3+ VEGA סכין מקצועי,1.00,unit,,,,MEDIUM,doc_ref=P51214005287; single_line
31/12/20,R3420309568,main_invoices\2021\2021-01-06__קרן-ממויה__p6522001470.pdf,FORMAT_A_2017_2018,1,,,,,,,,LOW,no line items matched heuristic parser
26/01/21,R34212500324,main_invoices\2021\2021-01-28__קרן-ממויה__p4827201847.pdf,FORMAT_A_2017_2018,1,1050020,!!! בלדח דקור' קומפלט תקני,30.00,unit,,,,MEDIUM,doc_ref=H51214400181; single_line
26/01/21,R34212500324,main_invoices\2021\2021-01-28__קרן-ממויה__p4827201847.pdf,FORMAT_A_2017_2018,1,3830123,לקירVEGA ארמטורה,15.00,unit,,,,MEDIUM,doc_ref=H51214400181; single_line
26/01/21,R34212500324,main_invoices\2021\2021-01-28__קרן-ממויה__p4827201847.pdf,FORMAT_A_2017_2018,1,3992006,"1P 10A 6kA C GEWISS מאמ""ת",5.00,unit,,,,MEDIUM,doc_ref=H51214400311; single_line
26/01/21,R34212500324,main_invoices\2021\2021-01-28__קרן-ממויה__p4827201847.pdf,FORMAT_A_2017_2018,1,3942201,(GW42216  )ללא פטישGEWISS 10A לוחץ חרום,1.00,unit,,,,MEDIUM,doc_ref=H51214400311; single_line
26/01/21,R34212500324,main_invoices\2021\2021-01-28__קרן-ממויה__p4827201847.pdf,FORMAT_A_2017_2018,1,99220106,"מ""מ6.0  סופיות מבודדת100 מארז",2.00,unit,,,,MEDIUM,doc_ref=H51214400311; single_line
,,main_invoices\2021\2021-08-26__ניר-סאייג__(מסמך ממוחשב) הדפסת חשבונית מרכזת - R3521250444.pdf,FORMAT_A_2017_2018,1,,,,,,,,LOW,no line items matched heuristic parser
25/03/21,R34212501757,main_invoices\2021\2021-03-31__קרן-ממויה__p2530001818.pdf,FORMAT_A_2017_2018,1,1800509,ניתן לחיתוךONKA  כתום4  פול10 גשר ננעץ,10.00,unit,,,,MEDIUM,doc_ref=R51212504249; single_line
25/03/21,R34212501757,main_invoices\2021\2021-03-31__קרן-ממויה__p2530001818.pdf,FORMAT_A_2017_2018,1,3991507,"1P 16A 6kA C GEWISS RB61 מאמ""ת דגם",1.00,unit,,,,MEDIUM,doc_ref=R51212504249; single_line
25/03/21,R34212501757,main_invoices\2021\2021-03-31__קרן-ממויה__p2530001818.pdf,FORMAT_A_2017_2018,1,901556,"(100) מ""מ6-נ.כ צינור מצופה ל",1.00,unit,,,,MEDIUM,doc_ref=R51212504249; single_line
25/03/21,R34212501757,main_invoices\2021\2021-03-31__קרן-ממויה__p2530001818.pdf,FORMAT_A_2017_2018,1,3992007,"1P 16A 6kA C GEWISS מאמ""ת",16.00,unit,,,,MEDIUM,doc_ref=R51212504249; single_line
25/03/21,R34212501757,main_invoices\2021\2021-03-31__קרן-ממויה__p2530001818.pdf,FORMAT_A_2017_2018,1,8400074,"יחידות12 מסתם לח""א ללוחות חשמל",20.00,unit,,,,MEDIUM,doc_ref=H51214403221; single_line
25/03/21,R34212501757,main_invoices\2021\2021-03-31__קרן-ממויה__p2530001818.pdf,FORMAT_A_2017_2018,1,3916803,מודול3- ו2- מתאם ל- קורוס,240.00,unit,,,,MEDIUM,doc_ref=M5121021068; single_line
25/03/21,R34212501757,main_invoices\2021\2021-03-31__קרן-ממויה__p2530001818.pdf,FORMAT_A_2017_2018,1,3916804,מודול4- מתאם ל- קורוס,60.00,unit,,,,MEDIUM,doc_ref=M5121021068; single_line
25/03/21,R34212501757,main_invoices\2021\2021-03-31__קרן-ממויה__p2530001818.pdf,FORMAT_A_2017_2018,1,997615531,48-לוח ללא בסיס ל,7.00,unit,,,,MEDIUM,doc_ref=M5121021818; single_line
25/03/21,R34212501757,main_invoices\2021\2021-03-31__קרן-ממויה__p2530001818.pdf,FORMAT_A_2017_2018,1,99761557,"A-T-36 לוח תקשורת תה""ט ללא בסיס",20.00,unit,,,,MEDIUM,doc_ref=M5121021818; single_line
25/03/21,R34212501757,main_invoices\2021\2021-03-31__קרן-ממויה__p2530001818.pdf,FORMAT_A_2017_2018,1,1109806,"ממ""ר2.5 תקע+ מהדקי שקע12 פס",13.00,unit,,,,MEDIUM,doc_ref=H51214404096; single_line
25/03/21,R34212501757,main_invoices\2021\2021-03-31__קרן-ממויה__p2530001818.pdf,FORMAT_A_2017_2018,1,992201010,"מ""מ0.75  סופיות מבודדת200 מארז",2.00,unit,,,,MEDIUM,doc_ref=H51214404096; single_line
,,main_invoices\2021\2021-01-27__קרן-ממויה__image2021-01-27-130613.pdf,FORMAT_UNKNOWN,1,,,,,,,,LOW,no line items matched heuristic parser
31/12/21,R34212510640,main_invoices\2022\2022-01-02__קרן-ממויה__(מסמך ממוחשב) הדפסת חשבונית מרכזת - R34212510640.pdf,FORMAT_A_2017_2018,1,99760025,חלק אפור שקוףBBI-4-150 קופסא,14.00,unit,,,,MEDIUM,doc_ref=M5121097879; single_line
,25602204205,main_invoices\2022\2022-09-12__קרן-ממויה__(מסמך ממוחשב) הדפסת קבלה - 25602204205.pdf,FORMAT_UNKNOWN,1,,,,,,,,LOW,no line items matched heuristic parser
,25352200381,main_invoices\2022\2022-07-31__קרן-ממויה__(מסמך ממוחשב) הדפסת חשבונית מרכזת - 25352200381.pdf,FORMAT_A_2017_2018,1,5974040,"ס""מ90 תוף קוטר",2.00,unit,,,,MEDIUM,doc_ref=M1522002765; single_line
,25352200381,main_invoices\2022\2022-07-31__קרן-ממויה__(מסמך ממוחשב) הדפסת חשבונית מרכזת - 25352200381.pdf,FORMAT_A_2017_2018,1,5974040,"ס""מ90 תוף קוטר",1.00,unit,,,,MEDIUM,doc_ref=M1522002796; single_line
27/10/22,,main_invoices\2022\2022-11-03__מרי-גבאי__(מסמך ממוחשב) הדפסת חשבונית מרכזת - 25342208221.pdf,FORMAT_B_2019_2021,1,99910004,"""מתנתק"" תקןLSA פס קרונה",10.00,unit,,,,MEDIUM,doc_ref=44512213790; single_line
27/10/22,,main_invoices\2022\2022-11-03__מרי-גבאי__(מסמך ממוחשב) הדפסת חשבונית מרכזת - 25342208221.pdf,FORMAT_B_2019_2021,1,99910012,זוג20-אמבטיה ל,5.00,unit,,,,MEDIUM,doc_ref=44512213790; single_line
27/10/22,,main_invoices\2022\2022-11-03__מרי-גבאי__(מסמך ממוחשב) הדפסת חשבונית מרכזת - 25342208221.pdf,FORMAT_B_2019_2021,1,24001836,ALPEN 22X600 מקדח לפטישון ראש צלב,1.00,unit,,,,MEDIUM,doc_ref=44512213790; single_line
27/10/22,,main_invoices\2022\2022-11-03__מרי-גבאי__(מסמך ממוחשב) הדפסת חשבונית מרכזת - 25342208221.pdf,FORMAT_B_2019_2021,1,99761218,"מקום תה""ט ריקה8 D-18 קופסא",2.00,unit,,,,MEDIUM,doc_ref=44512213790; single_line
27/10/22,,main_invoices\2022\2022-11-03__מרי-גבאי__(מסמך ממוחשב) הדפסת חשבונית מרכזת - 25342208221.pdf,FORMAT_B_2019_2021,1,8400013,פטנט תקן70 קופסא לקיר גבס,40.00,unit,,,,MEDIUM,doc_ref=44512213790; single_line
27/10/22,,main_invoices\2022\2022-11-03__מרי-גבאי__(מסמך ממוחשב) הדפסת חשבונית מרכזת - 25342208221.pdf,FORMAT_B_2019_2021,1,8400012,פטנט תקן55 קופסא לקיר גבס,10.00,unit,,,,MEDIUM,doc_ref=44512213790; single_line
27/10/22,,main_invoices\2022\2022-11-03__מרי-גבאי__(מסמך ממוחשב) הדפסת חשבונית מרכזת - 25342208221.pdf,FORMAT_B_2019_2021,1,1531015,מפסק+ ' מ3  כבל+ 5 רב שקע,1.00,unit,,,,MEDIUM,doc_ref=44512213790; single_line
27/10/22,,main_invoices\2022\2022-11-03__מרי-גבאי__(מסמך ממוחשב) הדפסת חשבונית מרכזת - 25342208221.pdf,FORMAT_B_2019_2021,1,997600200,חלק אפור שקוףBBI-3-130 קופסא,6.00,unit,,,,MEDIUM,doc_ref=44512213790; single_line
27/10/22,,main_invoices\2022\2022-11-03__מרי-גבאי__(מסמך ממוחשב) הדפסת חשבונית מרכזת - 25342208221.pdf,FORMAT_B_2019_2021,1,1050020,!!! בלדח דקור' קומפלט תקני,100.00,unit,,,,MEDIUM,doc_ref=44512214073; single_line
27/10/22,,main_invoices\2022\2022-11-03__מרי-גבאי__(מסמך ממוחשב) הדפסת חשבונית מרכזת - 25342208221.pdf,FORMAT_B_2019_2021,1,99150592,5*1.5/2.5 מהדק חיבור מהיר,200.00,unit,,,,MEDIUM,doc_ref=44512214073; single_line
27/10/22,,main_invoices\2022\2022-11-03__מרי-גבאי__(מסמך ממוחשב) הדפסת חשבונית מרכזת - 25342208221.pdf,FORMAT_B_2019_2021,1,1525027,3*1.5  מטר חתך לכבל15-20 כבל מאריך+תוף,1.00,meter,,,,MEDIUM,doc_ref=44512214387; single_line
27/10/22,,main_invoices\2022\2022-11-03__מרי-גבאי__(מסמך ממוחשב) הדפסת חשבונית מרכזת - 25342208221.pdf,FORMAT_B_2019_2021,1,3916703,"מודול3  מסגרת מ""מ לבן- קורוס",24.00,unit,,,,MEDIUM,doc_ref=44512214561; single_line
27/10/22,,main_invoices\2022\2022-11-03__מרי-גבאי__(מסמך ממוחשב) הדפסת חשבונית מרכזת - 25342208221.pdf,FORMAT_B_2019_2021,1,4700158,איכותי5V 1A/2.4A  לרכב כפולUSB מטען,1.00,unit,,,,MEDIUM,doc_ref=44512214681; single_line
27/10/22,,main_invoices\2022\2022-11-03__מרי-גבאי__(מסמך ממוחשב) הדפסת חשבונית מרכזת - 25342208221.pdf,FORMAT_B_2019_2021,1,3916803,מודול3- ו2- מתאם ל- קורוס,240.00,unit,,,,MEDIUM,doc_ref=44512214681; single_line
27/10/22,,main_invoices\2022\2022-11-03__מרי-גבאי__(מסמך ממוחשב) הדפסת חשבונית מרכזת - 25342208221.pdf,FORMAT_B_2019_2021,1,190049,מודול לקופסאות גוויס1 דמי,50.00,unit,,,,MEDIUM,doc_ref=44512214681; single_line
27/10/22,,main_invoices\2022\2022-11-03__מרי-גבאי__(מסמך ממוחשב) הדפסת חשבונית מרכזת - 25342208221.pdf,FORMAT_B_2019_2021,1,99565636,1/4 עוגן ג'מבו מתכת ראש בורג,50.00,unit,,,,MEDIUM,doc_ref=44512214696; single_line
27/10/22,,main_invoices\2022\2022-11-03__מרי-גבאי__(מסמך ממוחשב) הדפסת חשבונית מרכזת - 25342208221.pdf,FORMAT_B_2019_2021,1,99565638,5/16 עוגן ג'מבו מתכת ראש בורג,50.00,unit,,,,MEDIUM,doc_ref=44512214696; single_line
27/04/22,,main_invoices\2022\2022-05-02__קרן-ממויה__(מסמך ממוחשב) הדפסת חשבונית מרכזת - 25342202956.pdf,FORMAT_B_2019_2021,1,99565213,(12) כחול-גיר סימון שמן,2.00,unit,,,,MEDIUM,doc_ref=44512203191; single_line
27/04/22,,main_invoices\2022\2022-05-02__קרן-ממויה__(מסמך ממוחשב) הדפסת חשבונית מרכזת - 25342202956.pdf,FORMAT_B_2019_2021,1,3830392,12K Lm 6.5K 150W VEGA NOTE1 פנס הצפה שחור,2.00,unit,,,,MEDIUM,doc_ref=44512203191; single_line
27/04/22,,main_invoices\2022\2022-05-02__קרן-ממויה__(מסמך ממוחשב) הדפסת חשבונית מרכזת - 25342202956.pdf,FORMAT_B_2019_2021,1,4610401,3x16  לקירCEE שקע,2.00,unit,,,,MEDIUM,doc_ref=44512203191; single_line
27/04/22,,main_invoices\2022\2022-05-02__קרן-ממויה__(מסמך ממוחשב) הדפסת חשבונית מרכזת - 25342202956.pdf,FORMAT_B_2019_2021,1,99565278,5X70 בורג סיבית,50.00,unit,,,,MEDIUM,doc_ref=44512203191; single_line
27/04/22,,main_invoices\2022\2022-05-02__קרן-ממויה__(מסמך ממוחשב) הדפסת חשבונית מרכזת - 25342202956.pdf,FORMAT_B_2019_2021,2,840001810,"מודול תה""ט ללא מחיצות4 קופסא תקן",50.00,unit,,,,MEDIUM,doc_ref=M5122018338; single_line
27/04/22,,main_invoices\2022\2022-05-02__קרן-ממויה__(מסמך ממוחשב) הדפסת חשבונית מרכזת - 25342202956.pdf,FORMAT_B_2019_2021,2,997615501,"תה""ט48 בסיס ללוח",6.00,unit,,,,MEDIUM,doc_ref=M5122018338; single_line
27/04/22,,main_invoices\2022\2022-05-02__קרן-ממויה__(מסמך ממוחשב) הדפסת חשבונית מרכזת - 25342202956.pdf,FORMAT_B_2019_2021,2,997615482,"גב עץ+ 36 בסיס תה""ט ללוח תקשורת",6.00,unit,,,,MEDIUM,doc_ref=M5122018338; single_line
27/04/22,,main_invoices\2022\2022-05-02__קרן-ממויה__(מסמך ממוחשב) הדפסת חשבונית מרכזת - 25342202956.pdf,FORMAT_B_2019_2021,2,840001800,"מודול תה""ט ללא מחיצות3 קופסא תקן",250.00,unit,,,,MEDIUM,doc_ref=M5122018338; single_line
27/04/22,,main_invoices\2022\2022-05-02__קרן-ממויה__(מסמך ממוחשב) הדפסת חשבונית מרכזת - 25342202956.pdf,FORMAT_B_2019_2021,2,8400004,תקן55 'קופ,50.00,unit,,,,MEDIUM,doc_ref=M5122018338; single_line
27/04/22,,main_invoices\2022\2022-05-02__קרן-ממויה__(מסמך ממוחשב) הדפסת חשבונית מרכזת - 25342202956.pdf,FORMAT_B_2019_2021,2,8400005,תקן70 'קופ,100.00,unit,,,,MEDIUM,doc_ref=M5122018338; single_line
27/04/22,,main_invoices\2022\2022-05-02__קרן-ממויה__(מסמך ממוחשב) הדפסת חשבונית מרכזת - 25342202956.pdf,FORMAT_B_2019_2021,2,190252,)מארז16/20 שלה פלסטי כפול,100,unit,,,,MEDIUM,doc_ref=44512203636; single_line
27/04/22,,main_invoices\2022\2022-05-02__קרן-ממויה__(מסמך ממוחשב) הדפסת חשבונית מרכזת - 25342202956.pdf,FORMAT_B_2019_2021,2,190250,)מארז16/20 שלה פלסטי בודד,100,unit,,,,MEDIUM,doc_ref=44512203636; single_line
27/04/22,,main_invoices\2022\2022-05-02__קרן-ממויה__(מסמך ממוחשב) הדפסת חשבונית מרכזת - 25342202956.pdf,FORMAT_B_2019_2021,2,3916804,מודול4- מתאם ל- קורוס,24.00,unit,,,,MEDIUM,doc_ref=M5122020148; single_line
27/04/22,,main_invoices\2022\2022-05-02__קרן-ממויה__(מסמך ממוחשב) הדפסת חשבונית מרכזת - 25342202956.pdf,FORMAT_B_2019_2021,2,3916803,מודול3- ו2- מתאם ל- קורוס,240.00,unit,,,,MEDIUM,doc_ref=M5122020148; single_line
27/04/22,,main_invoices\2022\2022-05-02__קרן-ממויה__(מסמך ממוחשב) הדפסת חשבונית מרכזת - 25342202956.pdf,FORMAT_B_2019_2021,2,15170043,( יח12  )שורה של2 ' מסTRIDONIC מהדק גמיש,10.00,unit,,,,MEDIUM,doc_ref=44512203999; single_line
27/04/22,,main_invoices\2022\2022-05-02__קרן-ממויה__(מסמך ממוחשב) הדפסת חשבונית מרכזת - 25342202956.pdf,FORMAT_B_2019_2021,2,90020,SAPISELCO 280 4.5 יח'( חבק לבן100) מארז,1.00,unit,,,,MEDIUM,doc_ref=44512203999; single_line
27/04/22,,main_invoices\2022\2022-05-02__קרן-ממויה__(מסמך ממוחשב) הדפסת חשבונית מרכזת - 25342202956.pdf,FORMAT_B_2019_2021,2,3916803,מודול3- ו2- מתאם ל- קורוס,240.00,unit,,,,MEDIUM,doc_ref=44512203999; single_line
27/04/22,,main_invoices\2022\2022-05-02__קרן-ממויה__(מסמך ממוחשב) הדפסת חשבונית מרכזת - 25342202956.pdf,FORMAT_B_2019_2021,2,2400168,ALPEN 8*110 מקדח לפטישון ראש צלב,5.00,unit,,,,MEDIUM,doc_ref=44512204060; single_line
27/04/22,,main_invoices\2022\2022-05-02__קרן-ממויה__(מסמך ממוחשב) הדפסת חשבונית מרכזת - 25342202956.pdf,FORMAT_B_2019_2021,2,5974030,"ס""מ80 תוף קוטר",1.00,unit,,,,MEDIUM,doc_ref=M5122022147; single_line
27/04/22,,main_invoices\2022\2022-05-02__קרן-ממויה__(מסמך ממוחשב) הדפסת חשבונית מרכזת - 25342202956.pdf,FORMAT_B_2019_2021,2,8400013,פטנט תקן70 קופסא לקיר גבס,20.00,unit,,,,MEDIUM,doc_ref=44512204185; single_line
27/04/22,,main_invoices\2022\2022-05-02__קרן-ממויה__(מסמך ממוחשב) הדפסת חשבונית מרכזת - 25342202956.pdf,FORMAT_B_2019_2021,3,99761218,"מקום תה""ט ריקה8 D-18 קופסא",4.00,unit,,,,MEDIUM,doc_ref=44512204185; single_line
27/04/22,,main_invoices\2022\2022-05-02__קרן-ממויה__(מסמך ממוחשב) הדפסת חשבונית מרכזת - 25342202956.pdf,FORMAT_B_2019_2021,3,3910195,מודול לבן1 דמי-קורוס,20.00,unit,,,,MEDIUM,doc_ref=44512204185; single_line
27/04/22,,main_invoices\2022\2022-05-02__קרן-ממויה__(מסמך ממוחשב) הדפסת חשבונית מרכזת - 25342202956.pdf,FORMAT_B_2019_2021,3,3916804,מודול4- מתאם ל- קורוס,40.00,unit,,,,MEDIUM,doc_ref=44512204185; single_line
27/04/22,,main_invoices\2022\2022-05-02__קרן-ממויה__(מסמך ממוחשב) הדפסת חשבונית מרכזת - 25342202956.pdf,FORMAT_B_2019_2021,3,3910281,מודול לבן2 שקע כח ישראלי-קורוס,24.00,unit,,,,MEDIUM,doc_ref=44512204185; single_line
27/04/22,,main_invoices\2022\2022-05-02__קרן-ממויה__(מסמך ממוחשב) הדפסת חשבונית מרכזת - 25342202956.pdf,FORMAT_B_2019_2021,3,1119535,35A  קונטיננטליD נתיך דגם,5.00,unit,,,,MEDIUM,doc_ref=44512204185; single_line
27/04/22,,main_invoices\2022\2022-05-02__קרן-ממויה__(מסמך ממוחשב) הדפסת חשבונית מרכזת - 25342202956.pdf,FORMAT_B_2019_2021,3,9956615041,WERA 1000V 1160I  טסטר+  מברגים מבודדים5 סט,1.00,unit,,,,MEDIUM,doc_ref=44512204327; single_line
27/04/22,,main_invoices\2022\2022-05-02__קרן-ממויה__(מסמך ממוחשב) הדפסת חשבונית מרכזת - 25342202956.pdf,FORMAT_B_2019_2021,3,9956513582,TTC CA-22 חותך ומקלף כבלים,1.00,unit,,,,MEDIUM,doc_ref=44512204327; single_line
27/04/22,,main_invoices\2022\2022-05-02__קרן-ממויה__(מסמך ממוחשב) הדפסת חשבונית מרכזת - 25342202956.pdf,FORMAT_B_2019_2021,3,1597168,"מודול תה""ט3 ' דק' לקופ120 טיימר מכני",1.00,unit,,,,MEDIUM,doc_ref=44512204327; single_line
27/04/22,,main_invoices\2022\2022-05-02__קרן-ממויה__(מסמך ממוחשב) הדפסת חשבונית מרכזת - 25342202956.pdf,FORMAT_B_2019_2021,3,99761102,80*80*50 פטמות+ אטומהD-8P קופסא,5.00,unit,,,,MEDIUM,doc_ref=44512204465; single_line
27/04/22,,main_invoices\2022\2022-05-02__קרן-ממויה__(מסמך ממוחשב) הדפסת חשבונית מרכזת - 25342202956.pdf,FORMAT_B_2019_2021,3,3830123,לקירVEGA ארמטורה ח.מהיר,45.00,unit,,,,MEDIUM,doc_ref=44512204465; single_line
27/04/22,,main_invoices\2022\2022-05-02__קרן-ממויה__(מסמך ממוחשב) הדפסת חשבונית מרכזת - 25342202956.pdf,FORMAT_B_2019_2021,3,99150596,8*1.5/2.5 מהדק חיבור מהיר,100.00,unit,,,,MEDIUM,doc_ref=44512204465; single_line
27/04/22,,main_invoices\2022\2022-05-02__קרן-ממויה__(מסמך ממוחשב) הדפסת חשבונית מרכזת - 25342202956.pdf,FORMAT_B_2019_2021,3,99150592,5*1.5/2.5 מהדק חיבור מהיר,600.00,unit,,,,MEDIUM,doc_ref=44512204465; single_line
27/04/22,,main_invoices\2022\2022-05-02__קרן-ממויה__(מסמך ממוחשב) הדפסת חשבונית מרכזת - 25342202956.pdf,FORMAT_B_2019_2021,3,15170043,( יח12  )שורה של2 ' מסTRIDONIC מהדק גמיש,10.00,unit,,,,MEDIUM,doc_ref=44512204465; single_line
27/04/22,,main_invoices\2022\2022-05-02__קרן-ממויה__(מסמך ממוחשב) הדפסת חשבונית מרכזת - 25342202956.pdf,FORMAT_B_2019_2021,3,495124020,"ממ""ר16 מהדק קנדי",20.00,unit,,,,MEDIUM,doc_ref=44512204465; single_line
27/04/22,,main_invoices\2022\2022-05-02__קרן-ממויה__(מסמך ממוחשב) הדפסת חשבונית מרכזת - 25342202956.pdf,FORMAT_B_2019_2021,3,695220104,SUPER N N-4 קופסא,4.00,unit,,,,MEDIUM,doc_ref=44512204508; single_line
27/04/22,,main_invoices\2022\2022-05-02__קרן-ממויה__(מסמך ממוחשב) הדפסת חשבונית מרכזת - 25342202956.pdf,FORMAT_B_2019_2021,3,4610401,3x16  לקירCEE שקע,4.00,unit,,,,MEDIUM,doc_ref=44512204508; single_line
27/04/22,,main_invoices\2022\2022-05-02__קרן-ממויה__(מסמך ממוחשב) הדפסת חשבונית מרכזת - 25342202956.pdf,FORMAT_B_2019_2021,3,4610425,3x16  ניידCEE תקע,4.00,unit,,,,MEDIUM,doc_ref=44512204508; single_line
27/04/22,,main_invoices\2022\2022-05-02__קרן-ממויה__(מסמך ממוחשב) הדפסת חשבונית מרכזת - 25342202956.pdf,FORMAT_B_2019_2021,3,3916803,מודול3- ו2- מתאם ל- קורוס,180.00,unit,,,,MEDIUM,doc_ref=40512204224; single_line
27/04/22,,main_invoices\2022\2022-05-02__קרן-ממויה__(מסמך ממוחשב) הדפסת חשבונית מרכזת - 25342202956.pdf,FORMAT_B_2019_2021,3,3916804,מודול4- מתאם ל- קורוס,60.00,unit,,,,MEDIUM,doc_ref=40512204224; single_line
27/04/22,,main_invoices\2022\2022-05-02__קרן-ממויה__(מסמך ממוחשב) הדפסת חשבונית מרכזת - 25342202956.pdf,FORMAT_B_2019_2021,3,695220521,SUPER N-1 שקע כח,20.00,unit,,,,MEDIUM,doc_ref=40512204224; single_line
27/04/22,,main_invoices\2022\2022-05-02__קרן-ממויה__(מסמך ממוחשב) הדפסת חשבונית מרכזת - 25342202956.pdf,FORMAT_B_2019_2021,3,1050020,!!! בלדח דקור' קומפלט תקני,100.00,unit,,,,MEDIUM,doc_ref=40512204224; single_line
27/04/22,,main_invoices\2022\2022-05-02__קרן-ממויה__(מסמך ממוחשב) הדפסת חשבונית מרכזת - 25342202956.pdf,FORMAT_B_2019_2021,3,167015,LR03 AAA  גודלVEGA  סוללות10 מארז,1.00,unit,,,,MEDIUM,doc_ref=40512204224; single_line
27/04/22,,main_invoices\2022\2022-05-02__קרן-ממויה__(מסמך ממוחשב) הדפסת חשבונית מרכזת - 25342202956.pdf,FORMAT_B_2019_2021,3,167012,LR6 AA  גודלVEGA  סוללות10 מארז,1.00,unit,,,,MEDIUM,doc_ref=40512204224; single_line
27/04/22,,main_invoices\2022\2022-05-02__קרן-ממויה__(מסמך ממוחשב) הדפסת חשבונית מרכזת - 25342202956.pdf,FORMAT_B_2019_2021,3,990700021,ידית מנוף3X32-35A פקט בקופסא,16.00,unit,,,,MEDIUM,doc_ref=40512204224; single_line
27/04/22,,main_invoices\2022\2022-05-02__קרן-ממויה__(מסמך ממוחשב) הדפסת חשבונית מרכזת - 25342202956.pdf,FORMAT_B_2019_2021,4,15170043,( יח12  )שורה של2 ' מסTRIDONIC מהדק גמיש,10.00,unit,,,,MEDIUM,doc_ref=44512204859; single_line
27/04/22,,main_invoices\2022\2022-05-02__קרן-ממויה__(מסמך ממוחשב) הדפסת חשבונית מרכזת - 25342202956.pdf,FORMAT_B_2019_2021,4,99150592,5*1.5/2.5 מהדק חיבור מהיר,800.00,unit,,,,MEDIUM,doc_ref=44512204859; single_line
27/04/22,,main_invoices\2022\2022-05-02__קרן-ממויה__(מסמך ממוחשב) הדפסת חשבונית מרכזת - 25342202956.pdf,FORMAT_B_2019_2021,4,3916104,מודול4 לבן חלבי ONE מסגרת-קורוס,20.00,unit,,,,MEDIUM,doc_ref=44512204859; single_line
27/04/22,,main_invoices\2022\2022-05-02__קרן-ממויה__(מסמך ממוחשב) הדפסת חשבונית מרכזת - 25342202956.pdf,FORMAT_B_2019_2021,4,836006,"10A לחצן מדרגות מואר נועה תה""ט",8.00,unit,,,,MEDIUM,doc_ref=44512205069; single_line
27/04/22,,main_invoices\2022\2022-05-02__קרן-ממויה__(מסמך ממוחשב) הדפסת חשבונית מרכזת - 25342202956.pdf,FORMAT_B_2019_2021,4,840001801,מודול לגבס ללא מחיצות3 קופסא תקן פטנט,100.00,unit,,,,MEDIUM,doc_ref=44512205069; single_line
27/04/22,,main_invoices\2022\2022-05-02__קרן-ממויה__(מסמך ממוחשב) הדפסת חשבונית מרכזת - 25342202956.pdf,FORMAT_B_2019_2021,4,3910281,מודול לבן2 שקע כח ישראלי-קורוס,48.00,unit,,,,MEDIUM,doc_ref=44512205149; single_line
27/04/22,,main_invoices\2022\2022-05-02__קרן-ממויה__(מסמך ממוחשב) הדפסת חשבונית מרכזת - 25342202956.pdf,FORMAT_B_2019_2021,4,3916703,"מודול3  מסגרת מ""מ לבן- קורוס",24.00,unit,,,,MEDIUM,doc_ref=44512205149; single_line
27/04/22,,main_invoices\2022\2022-05-02__קרן-ממויה__(מסמך ממוחשב) הדפסת חשבונית מרכזת - 25342202956.pdf,FORMAT_B_2019_2021,4,99150592,5*1.5/2.5 מהדק חיבור מהיר,400.00,unit,,,,MEDIUM,doc_ref=44512205149; single_line
27/04/22,,main_invoices\2022\2022-05-02__קרן-ממויה__(מסמך ממוחשב) הדפסת חשבונית מרכזת - 25342202956.pdf,FORMAT_B_2019_2021,4,3910195,מודול לבן1 דמי-קורוס,20.00,unit,,,,MEDIUM,doc_ref=44512205149; single_line
27/04/22,,main_invoices\2022\2022-05-02__קרן-ממויה__(מסמך ממוחשב) הדפסת חשבונית מרכזת - 25342202956.pdf,FORMAT_B_2019_2021,4,3910001,מודול לבן1 מפסק יחיד-קורוס,24.00,unit,,,,MEDIUM,doc_ref=44512205149; single_line
27/04/22,,main_invoices\2022\2022-05-02__קרן-ממויה__(מסמך ממוחשב) הדפסת חשבונית מרכזת - 25342202956.pdf,FORMAT_B_2019_2021,4,81010058,225 PVC אטם לחץ לצינור,8.00,unit,,,,MEDIUM,doc_ref=M5122027164; single_line
27/04/22,,main_invoices\2022\2022-05-02__קרן-ממויה__(מסמך ממוחשב) הדפסת חשבונית מרכזת - 25342202956.pdf,FORMAT_B_2019_2021,4,8103400,225 פקק נקבה לצינור,6.00,unit,,,,MEDIUM,doc_ref=M5122027164; single_line
27/04/22,,main_invoices\2022\2022-05-02__קרן-ממויה__(מסמך ממוחשב) הדפסת חשבונית מרכזת - 25342202956.pdf,FORMAT_B_2019_2021,4,81010057,160 PVC אטם לחץ לצינור,12.00,unit,,,,MEDIUM,doc_ref=M5122027164; single_line
27/04/22,,main_invoices\2022\2022-05-02__קרן-ממויה__(מסמך ממוחשב) הדפסת חשבונית מרכזת - 25342202956.pdf,FORMAT_B_2019_2021,4,8103390,160 פקק נקבה לצינור,12.00,unit,,,,MEDIUM,doc_ref=M5122027164; single_line
27/04/22,,main_invoices\2022\2022-05-02__קרן-ממויה__(מסמך ממוחשב) הדפסת חשבונית מרכזת - 25342202956.pdf,FORMAT_B_2019_2021,4,99565213,(12) כחול-גיר סימון שמן,12.00,unit,,,,MEDIUM,doc_ref=44512205351; single_line
27/04/22,,main_invoices\2022\2022-05-02__קרן-ממויה__(מסמך ממוחשב) הדפסת חשבונית מרכזת - 25342202956.pdf,FORMAT_B_2019_2021,4,1050020,!!! בלדח דקור' קומפלט תקני,100.00,unit,,,,MEDIUM,doc_ref=44512205351; single_line
27/04/22,,main_invoices\2022\2022-05-02__קרן-ממויה__(מסמך ממוחשב) הדפסת חשבונית מרכזת - 25342202956.pdf,FORMAT_B_2019_2021,4,3916803,מודול3- ו2- מתאם ל- קורוס,240.00,unit,,,,MEDIUM,doc_ref=44512205386; single_line
27/04/22,,main_invoices\2022\2022-05-02__קרן-ממויה__(מסמך ממוחשב) הדפסת חשבונית מרכזת - 25342202956.pdf,FORMAT_B_2019_2021,5,99610612,KAPRO  שלבים5 סולם עץ תקני,1.00,unit,,,,MEDIUM,doc_ref=44512205499; single_line
27/04/22,,main_invoices\2022\2022-05-02__קרן-ממויה__(מסמך ממוחשב) הדפסת חשבונית מרכזת - 25342202956.pdf,FORMAT_B_2019_2021,5,3916703,"מודול3  מסגרת מ""מ לבן- קורוס",24.00,unit,,,,MEDIUM,doc_ref=44512205640; single_line
27/04/22,,main_invoices\2022\2022-05-02__קרן-ממויה__(מסמך ממוחשב) הדפסת חשבונית מרכזת - 25342202956.pdf,FORMAT_B_2019_2021,5,997615482,"גב עץ+ 36 בסיס תה""ט ללוח תקשורת",2.00,unit,,,,MEDIUM,doc_ref=44512205808; single_line
27/04/22,,main_invoices\2022\2022-05-02__קרן-ממויה__(מסמך ממוחשב) הדפסת חשבונית מרכזת - 25342202956.pdf,FORMAT_B_2019_2021,5,99060003,('יח100) 16/20 שלה פלסטי בודד,3.00,unit,,,,MEDIUM,doc_ref=44512205808; single_line
27/04/22,,main_invoices\2022\2022-05-02__קרן-ממויה__(מסמך ממוחשב) הדפסת חשבונית מרכזת - 25342202956.pdf,FORMAT_B_2019_2021,5,99060006,('יח100) 16/20 שלה פלסטי כפול,3.00,unit,,,,MEDIUM,doc_ref=44512205808; single_line
27/04/22,,main_invoices\2022\2022-05-02__קרן-ממויה__(מסמך ממוחשב) הדפסת חשבונית מרכזת - 25342202956.pdf,FORMAT_B_2019_2021,5,99910010,זוג10-אמבטיה ל,20.00,unit,,,,MEDIUM,doc_ref=44512205808; single_line
27/04/22,,main_invoices\2022\2022-05-02__קרן-ממויה__(מסמך ממוחשב) הדפסת חשבונית מרכזת - 25342202956.pdf,FORMAT_B_2019_2021,5,99910004,"""מתנתק"" תקןLSA פס קרונה",20.00,unit,,,,MEDIUM,doc_ref=44512205808; single_line
27/04/22,,main_invoices\2022\2022-05-02__קרן-ממויה__(מסמך ממוחשב) הדפסת חשבונית מרכזת - 25342202956.pdf,FORMAT_B_2019_2021,5,9956513583,TTC CA-22S חותך ומקלף כבלים עם קפיץ,1.00,unit,,,,MEDIUM,doc_ref=44512205808; single_line
27/04/22,,main_invoices\2022\2022-05-02__קרן-ממויה__(מסמך ממוחשב) הדפסת חשבונית מרכזת - 25342202956.pdf,FORMAT_B_2019_2021,5,1900225,"ללא מחיצות תקן-מחוזקת-  מודול תה""ט3 קופסא",30.00,unit,,,,MEDIUM,doc_ref=44512205881; single_line
27/04/22,,main_invoices\2022\2022-05-02__קרן-ממויה__(מסמך ממוחשב) הדפסת חשבונית מרכזת - 25342202956.pdf,FORMAT_B_2019_2021,5,161061,VEGA A  דגם2X40A 30MA ממסר פחת,32.00,unit,,,,MEDIUM,doc_ref=M5122030004; single_line
27/04/22,,main_invoices\2022\2022-05-02__קרן-ממויה__(מסמך ממוחשב) הדפסת חשבונית מרכזת - 25342202956.pdf,FORMAT_B_2019_2021,5,190250,)מארז16/20 שלה פלסטי בודד,100,unit,,,,MEDIUM,doc_ref=M5122030429; single_line
27/04/22,,main_invoices\2022\2022-05-02__קרן-ממויה__(מסמך ממוחשב) הדפסת חשבונית מרכזת - 25342202956.pdf,FORMAT_B_2019_2021,5,190252,)מארז16/20 שלה פלסטי כפול,100,unit,,,,MEDIUM,doc_ref=M5122030429; single_line
29/12/22,,main_invoices\2023\2023-01-01__מרי-גבאי__(מסמך ממוחשב) הדפסת חשבונית מרכזת - 25342210304.pdf,FORMAT_B_2019_2021,1,2400089,IRWIN SDS-PLUS 22X400/460 מקדח לפטישון,1.00,unit,,,,MEDIUM,doc_ref=44512216493; single_line
29/12/22,,main_invoices\2023\2023-01-01__מרי-גבאי__(מסמך ממוחשב) הדפסת חשבונית מרכזת - 25342210304.pdf,FORMAT_B_2019_2021,1,995651061,תיקני3M כובע מגן,1.00,unit,,,,MEDIUM,doc_ref=44512216493; single_line
29/12/22,,main_invoices\2023\2023-01-01__מרי-גבאי__(מסמך ממוחשב) הדפסת חשבונית מרכזת - 25342210304.pdf,FORMAT_B_2019_2021,1,3830106,( בתי נורה )ב.נ. כל מטר10  מ' כבל11 גרלנדה מארז תקני,2.00,meter,,,,MEDIUM,doc_ref=44512217262; single_line
29/12/22,,main_invoices\2023\2023-01-01__מרי-גבאי__(מסמך ממוחשב) הדפסת חשבונית מרכזת - 25342210304.pdf,FORMAT_B_2019_2021,1,3830108,( בתי נורה )ב.נ. כל מטר20  מ' כבל21 גרלנדה מארז תקני,1.00,meter,,,,MEDIUM,doc_ref=44512217262; single_line
29/12/22,,main_invoices\2023\2023-01-01__מרי-גבאי__(מסמך ממוחשב) הדפסת חשבונית מרכזת - 25342210304.pdf,FORMAT_B_2019_2021,1,4611004,60W  בהירE27 נורה ליבון,30.00,unit,,,,MEDIUM,doc_ref=44512217262; single_line
29/12/22,,main_invoices\2023\2023-01-01__מרי-גבאי__(מסמך ממוחשב) הדפסת חשבונית מרכזת - 25342210304.pdf,FORMAT_B_2019_2021,1,15170043,( יח12  )שורה של2 'מהדק גמיש שחור מס,10.00,unit,,,,MEDIUM,doc_ref=44512217262; single_line
29/12/22,,main_invoices\2023\2023-01-01__מרי-גבאי__(מסמך ממוחשב) הדפסת חשבונית מרכזת - 25342210304.pdf,FORMAT_B_2019_2021,1,695220104,SUPER N N-4 קופסא,2.00,unit,,,,MEDIUM,doc_ref=44512217262; single_line
,25602301348,main_invoices\2023\2023-04-04__קרן-ממויה__(מסמך ממוחשב) הדפסת קבלה - 25602301348.pdf,FORMAT_UNKNOWN,1,,,,,,,,LOW,no line items matched heuristic parser
,,main_invoices\2023\2023-04-13__ניר-סאייג__25352300219 - הדפסת חשבונית מרכזת.pdf,FORMAT_A_2017_2018,1,,,,,,,,LOW,no line items matched heuristic parser
28/05/23,,main_invoices\2023\2023-05-31__קרן-ממויה__(מסמך ממוחשב) הדפסת חשבונית מרכזת - 25342304088.pdf,FORMAT_B_2019_2021,1,1050020,!!! בלדח דקור' קומפלט תקני,100.00,unit,,,,MEDIUM,doc_ref=44512306396; single_line
28/05/23,,main_invoices\2023\2023-05-31__קרן-ממויה__(מסמך ממוחשב) הדפסת חשבונית מרכזת - 25342304088.pdf,FORMAT_B_2019_2021,1,990800552,צהוב ירוק20m X 19mm סרט בידוד,1.00,unit,,,,MEDIUM,doc_ref=44512306396; single_line
28/05/23,,main_invoices\2023\2023-05-31__קרן-ממויה__(מסמך ממוחשב) הדפסת חשבונית מרכזת - 25342304088.pdf,FORMAT_B_2019_2021,1,991505960,(50  )מארז8*1.5/2.5 מהדק חיבור מהיר,50.00,unit,,,,MEDIUM,doc_ref=44512306396; single_line
28/05/23,,main_invoices\2023\2023-05-31__קרן-ממויה__(מסמך ממוחשב) הדפסת חשבונית מרכזת - 25342304088.pdf,FORMAT_B_2019_2021,1,99150592,5*1.5/2.5 מהדק חיבור מהיר,200.00,unit,,,,MEDIUM,doc_ref=44512306396; single_line
28/05/23,,main_invoices\2023\2023-05-31__קרן-ממויה__(מסמך ממוחשב) הדפסת חשבונית מרכזת - 25342304088.pdf,FORMAT_B_2019_2021,1,3910051,מודול לבן1 מפסק מחליף-קורוס,36.00,unit,,,,MEDIUM,doc_ref=44512306396; single_line
28/05/23,,main_invoices\2023\2023-05-31__קרן-ממויה__(מסמך ממוחשב) הדפסת חשבונית מרכזת - 25342304088.pdf,FORMAT_B_2019_2021,1,495132791,"ממ""ר25 שרוול לחץ נחושת",2.00,unit,,,,MEDIUM,doc_ref=44512306396; single_line
28/05/23,,main_invoices\2023\2023-05-31__קרן-ממויה__(מסמך ממוחשב) הדפסת חשבונית מרכזת - 25342304088.pdf,FORMAT_B_2019_2021,1,3830122,לתיקרהVEGA ארמטורה ח.מהיר,30.00,unit,,,,MEDIUM,doc_ref=44512306396; single_line
28/05/23,,main_invoices\2023\2023-05-31__קרן-ממויה__(מסמך ממוחשב) הדפסת חשבונית מרכזת - 25342304088.pdf,FORMAT_B_2019_2021,1,99761232,D-.. זוג שקעי כח לבן לקופסא,30.00,unit,,,,MEDIUM,doc_ref=44512306396; single_line
28/05/23,,main_invoices\2023\2023-05-31__קרן-ממויה__(מסמך ממוחשב) הדפסת חשבונית מרכזת - 25342304088.pdf,FORMAT_B_2019_2021,1,190049,מודול לקופסאות גוויס1 דמי,40.00,unit,,,,MEDIUM,doc_ref=44512306396; single_line
28/05/23,,main_invoices\2023\2023-05-31__קרן-ממויה__(מסמך ממוחשב) הדפסת חשבונית מרכזת - 25342304088.pdf,FORMAT_B_2019_2021,1,991505960,(50  )מארז8*1.5/2.5 מהדק חיבור מהיר,-45.00,unit,,,,MEDIUM,doc_ref=44152301128; single_line
28/05/23,,main_invoices\2023\2023-05-31__קרן-ממויה__(מסמך ממוחשב) הדפסת חשבונית מרכזת - 25342304088.pdf,FORMAT_B_2019_2021,1,3830678,IP65 4K 18W M  אריאלVEGA פלפון,2.00,unit,,,,MEDIUM,doc_ref=44512306625; single_line
28/05/23,,main_invoices\2023\2023-05-31__קרן-ממויה__(מסמך ממוחשב) הדפסת חשבונית מרכזת - 25342304088.pdf,FORMAT_B_2019_2021,1,167015,LR03 AAA  גודלVEGA  סוללות10 מארז,1.00,unit,,,,MEDIUM,doc_ref=44512306625; single_line
28/05/23,,main_invoices\2023\2023-05-31__קרן-ממויה__(מסמך ממוחשב) הדפסת חשבונית מרכזת - 25342304088.pdf,FORMAT_B_2019_2021,1,167012,LR6 AA  גודלVEGA  סוללות10 מארז,2.00,unit,,,,MEDIUM,doc_ref=44512306625; single_line
28/05/23,,main_invoices\2023\2023-05-31__קרן-ממויה__(מסמך ממוחשב) הדפסת חשבונית מרכזת - 25342304088.pdf,FORMAT_B_2019_2021,1,840001800,"מודול תה""ט ללא מחיצות3 קופסא תקן",30.00,unit,,,,MEDIUM,doc_ref=44512306812; single_line
28/05/23,,main_invoices\2023\2023-05-31__קרן-ממויה__(מסמך ממוחשב) הדפסת חשבונית מרכזת - 25342304088.pdf,FORMAT_B_2019_2021,1,84000791,( חדש20) 16 צינור מופה צבעוני,10.00,unit,,,,MEDIUM,doc_ref=44512306812; single_line
28/05/23,,main_invoices\2023\2023-05-31__קרן-ממויה__(מסמך ממוחשב) הדפסת חשבונית מרכזת - 25342304088.pdf,FORMAT_B_2019_2021,1,99060003,('יח100) 16/20 שלה פלסטי בודד,3.00,unit,,,,MEDIUM,doc_ref=44512306812; single_line
29/06/23,,"main_invoices\2023\2023-07-04__קרן-ממויה__(מסמך ממוחשב) הדפסת חשבונית מרכזת - 25342306022, חש. מרכזת יונ-.pdf",FORMAT_B_2019_2021,1,1780001,' יח7.00 80-90x33-° קופסת חיבורים 43x38 MINI 650,,,14.65,25.00,15,HIGH,doc_ref=44512307744
29/06/23,,"main_invoices\2023\2023-07-04__קרן-ממויה__(מסמך ממוחשב) הדפסת חשבונית מרכזת - 25342306022, חש. מרכזת יונ-.pdf",FORMAT_B_2019_2021,1,90051,' יח1.00 0יח'( חבק דגלון100) מארז SAPISELCO 100,,,12.38,25.00,19,HIGH,doc_ref=44512307806
29/06/23,,"main_invoices\2023\2023-07-04__קרן-ממויה__(מסמך ממוחשב) הדפסת חשבונית מרכזת - 25342306022, חש. מרכזת יונ-.pdf",FORMAT_B_2019_2021,1,90018,' יח10.00 0יח'( חבק לבן100) מארז SAPISELCO 250 4.5,,,83.03,25.00,20,HIGH,doc_ref=44512307806
29/06/23,,"main_invoices\2023\2023-07-04__קרן-ממויה__(מסמך ממוחשב) הדפסת חשבונית מרכזת - 25342306022, חש. מרכזת יונ-.pdf",FORMAT_B_2019_2021,1,15170043,של,12,unit,,,,MEDIUM,doc_ref=44512307471; single_line
29/06/23,,"main_invoices\2023\2023-07-04__קרן-ממויה__(מסמך ממוחשב) הדפסת חשבונית מרכזת - 25342306022, חש. מרכזת יונ-.pdf",FORMAT_B_2019_2021,1,9976155310,0 מגנט+ 48-לוח ללא בסיס ל,1.00,unit,,,,MEDIUM,doc_ref=M5123036548; single_line
29/06/23,,"main_invoices\2023\2023-07-04__קרן-ממויה__(מסמך ממוחשב) הדפסת חשבונית מרכזת - 25342306022, חש. מרכזת יונ-.pdf",FORMAT_B_2019_2021,1,3916804,0 מודול4- מתאם ל- קורוס,60.00,unit,,,,MEDIUM,doc_ref=44512307806; single_line
29/06/23,,"main_invoices\2023\2023-07-04__קרן-ממויה__(מסמך ממוחשב) הדפסת חשבונית מרכזת - 25342306022, חש. מרכזת יונ-.pdf",FORMAT_B_2019_2021,1,495132791,"0 ממ""ר25 שרוול לחץ נחושת",2.00,unit,,,,MEDIUM,doc_ref=44512307806; single_line
29/06/23,,"main_invoices\2023\2023-07-04__קרן-ממויה__(מסמך ממוחשב) הדפסת חשבונית מרכזת - 25342306022, חש. מרכזת יונ-.pdf",FORMAT_B_2019_2021,1,9932002591,"0רמב""ם",1.00,unit,,,,MEDIUM,doc_ref=M5123037156; single_line
29/06/23,,"main_invoices\2023\2023-07-04__קרן-ממויה__(מסמך ממוחשב) הדפסת חשבונית מרכזת - 25342306022, חש. מרכזת יונ-.pdf",FORMAT_B_2019_2021,2,161009,' יח4.00 VEGA 1X40C חצי אוטומט 6KA,,,34.16,32.00,32,HIGH,doc_ref=40512307601
29/06/23,,"main_invoices\2023\2023-07-04__קרן-ממויה__(מסמך ממוחשב) הדפסת חשבונית מרכזת - 25342306022, חש. מרכזת יונ-.pdf",FORMAT_B_2019_2021,2,161045,' יח1.00 VEGA 3PX25C חצי אוטומט 6KA,,,20.49,32.00,52,HIGH,doc_ref=40512307712
29/06/23,,"main_invoices\2023\2023-07-04__קרן-ממויה__(מסמך ממוחשב) הדפסת חשבונית מרכזת - 25342306022, חש. מרכזת יונ-.pdf",FORMAT_B_2019_2021,2,1020109,,,,018,,0,MEDIUM,doc_ref=40512307902
29/06/23,,"main_invoices\2023\2023-07-04__קרן-ממויה__(מסמך ממוחשב) הדפסת חשבונית מרכזת - 25342306022, חש. מרכזת יונ-.pdf",FORMAT_B_2019_2021,2,9932002591,"0רמב""ם",1.00,unit,,,,MEDIUM,doc_ref=M5123037156; single_line
29/06/23,,"main_invoices\2023\2023-07-04__קרן-ממויה__(מסמך ממוחשב) הדפסת חשבונית מרכזת - 25342306022, חש. מרכזת יונ-.pdf",FORMAT_B_2019_2021,2,156016,"0 עה""טNK לחצן חדיש מואר",1.00,unit,,,,MEDIUM,doc_ref=44512307915; single_line
29/06/23,,"main_invoices\2023\2023-07-04__קרן-ממויה__(מסמך ממוחשב) הדפסת חשבונית מרכזת - 25342306022, חש. מרכזת יונ-.pdf",FORMAT_B_2019_2021,2,99565037,0מספרי קומבי נירוסטה,2.00,unit,,,,MEDIUM,doc_ref=40512307601; single_line
29/06/23,,"main_invoices\2023\2023-07-04__קרן-ממויה__(מסמך ממוחשב) הדפסת חשבונית מרכזת - 25342306022, חש. מרכזת יונ-.pdf",FORMAT_B_2019_2021,2,696444032,0פס גישור חד פזי,1.00,unit,,,,MEDIUM,doc_ref=40512307601; single_line
29/06/23,,"main_invoices\2023\2023-07-04__קרן-ממויה__(מסמך ממוחשב) הדפסת חשבונית מרכזת - 25342306022, חש. מרכזת יונ-.pdf",FORMAT_B_2019_2021,2,210480,0ג'ל השחלה ירוק,1.00,unit,,,,MEDIUM,doc_ref=40512307658; single_line
29/06/23,,"main_invoices\2023\2023-07-04__קרן-ממויה__(מסמך ממוחשב) הדפסת חשבונית מרכזת - 25342306022, חש. מרכזת יונ-.pdf",FORMAT_B_2019_2021,3,5951021,3X1.5 (מטר כבל )בחבילה N2XY,514.00,meter,,50.00,57,HIGH,doc_ref=44512308422
29/06/23,,"main_invoices\2023\2023-07-04__קרן-ממויה__(מסמך ממוחשב) הדפסת חשבונית מרכזת - 25342306022, חש. מרכזת יונ-.pdf",FORMAT_B_2019_2021,3,190250,' חב1.00 0 )מארז16/20 שלה פלסטי בודד (' יח100,,,20.93,25.00,58,HIGH,doc_ref=40512308022
29/06/23,,"main_invoices\2023\2023-07-04__קרן-ממויה__(מסמך ממוחשב) הדפסת חשבונית מרכזת - 25342306022, חש. מרכזת יונ-.pdf",FORMAT_B_2019_2021,3,190250,' חב5.00 0 )מארז16/20 שלה פלסטי בודד (' יח100,,,104.63,25.00,69,HIGH,doc_ref=40512308032
29/06/23,,"main_invoices\2023\2023-07-04__קרן-ממויה__(מסמך ממוחשב) הדפסת חשבונית מרכזת - 25342306022, חש. מרכזת יונ-.pdf",FORMAT_B_2019_2021,3,99521002,"' חב1.00 0 מ""מ4 חוט משיכה/קשירה (' מ700)",,,91.03,25.00,77,HIGH,doc_ref=44512308562
29/06/23,,"main_invoices\2023\2023-07-04__קרן-ממויה__(מסמך ממוחשב) הדפסת חשבונית מרכזת - 25342306022, חש. מרכזת יונ-.pdf",FORMAT_B_2019_2021,3,80142821,"' יח2.00 ""שלט קשיח ""הארקה לא לפרק PVC 12X8",,,6.23,25.00,79,HIGH,doc_ref=44512308562
29/06/23,,"main_invoices\2023\2023-07-04__קרן-ממויה__(מסמך ממוחשב) הדפסת חשבונית מרכזת - 25342306022, חש. מרכזת יונ-.pdf",FORMAT_B_2019_2021,3,80142801,"' יח4.00 ""שלט קשיח ""הארקה לא לנתק PVC 12X8",,,12.45,25.00,80,HIGH,doc_ref=44512308562
29/06/23,,"main_invoices\2023\2023-07-04__קרן-ממויה__(מסמך ממוחשב) הדפסת חשבונית מרכזת - 25342306022, חש. מרכזת יונ-.pdf",FORMAT_B_2019_2021,3,80145079,"' יח2.00 "" ""הארקת יסודPVC מדבקה (' יח3) 8X4",,,3.84,25.00,81,HIGH,doc_ref=44512308562
29/06/23,,"main_invoices\2023\2023-07-04__קרן-ממויה__(מסמך ממוחשב) הדפסת חשבונית מרכזת - 25342306022, חש. מרכזת יונ-.pdf",FORMAT_B_2019_2021,3,495124010,"0 ממ""ר10 מהדק קנדי",20.00,unit,,,,MEDIUM,doc_ref=40512307965; single_line
29/06/23,,"main_invoices\2023\2023-07-04__קרן-ממויה__(מסמך ממוחשב) הדפסת חשבונית מרכזת - 25342306022, חש. מרכזת יונ-.pdf",FORMAT_B_2019_2021,3,90250,1,100,unit,,,,MEDIUM,doc_ref=40512308022; single_line
29/06/23,,"main_invoices\2023\2023-07-04__קרן-ממויה__(מסמך ממוחשב) הדפסת חשבונית מרכזת - 25342306022, חש. מרכזת יונ-.pdf",FORMAT_B_2019_2021,3,3910195,0 מודול לבן1 דמי-קורוס,10.00,unit,,,,MEDIUM,doc_ref=40512308022; single_line
29/06/23,,"main_invoices\2023\2023-07-04__קרן-ממויה__(מסמך ממוחשב) הדפסת חשבונית מרכזת - 25342306022, חש. מרכזת יונ-.pdf",FORMAT_B_2019_2021,3,90250,1,100,unit,,,,MEDIUM,doc_ref=40512308032; single_line
29/06/23,,"main_invoices\2023\2023-07-04__קרן-ממויה__(מסמך ממוחשב) הדפסת חשבונית מרכזת - 25342306022, חש. מרכזת יונ-.pdf",FORMAT_B_2019_2021,3,99565037,0מספרי קומבי נירוסטה,1.00,unit,,,,MEDIUM,doc_ref=40512308032; single_line
29/06/23,,"main_invoices\2023\2023-07-04__קרן-ממויה__(מסמך ממוחשב) הדפסת חשבונית מרכזת - 25342306022, חש. מרכזת יונ-.pdf",FORMAT_B_2019_2021,3,995650476,0מסטיק אקרילי לאיטום כללי,1.00,unit,,,,MEDIUM,doc_ref=44512308562; single_line
31/12/23,,main_invoices\2024\2024-01-02__קרן-ממויה__(מסמך ממוחשב) הדפסת חשבונית מרכזת - 25342312052.pdf,FORMAT_B_2019_2021,1,8400013,פטנט תקן70 קופסא לקיר גבס,20.00,unit,,,,MEDIUM,doc_ref=44512317113; single_line
31/12/23,,main_invoices\2024\2024-01-02__קרן-ממויה__(מסמך ממוחשב) הדפסת חשבונית מרכזת - 25342312052.pdf,FORMAT_B_2019_2021,1,997600221,חלק אפור אטוםBDI-3-130 קופסא,1.00,unit,,,,MEDIUM,doc_ref=44512317113; single_line
31/12/23,,main_invoices\2024\2024-01-02__קרן-ממויה__(מסמך ממוחשב) הדפסת חשבונית מרכזת - 25342312052.pdf,FORMAT_B_2019_2021,1,4932202,ברגים7 - כ4x40x200 פס השוואה,1.00,unit,,,,MEDIUM,doc_ref=44512317113; single_line
31/12/23,,main_invoices\2024\2024-01-02__קרן-ממויה__(מסמך ממוחשב) הדפסת חשבונית מרכזת - 25342312052.pdf,FORMAT_B_2019_2021,1,99220106,"מ""מ ירוק6.0  סופיות מבודדת100 מארז",3.00,unit,,,,MEDIUM,doc_ref=44512317405; single_line
31/12/23,,main_invoices\2024\2024-01-02__קרן-ממויה__(מסמך ממוחשב) הדפסת חשבונית מרכזת - 25342312052.pdf,FORMAT_B_2019_2021,1,4610430,5x32  ניידCEE תקע,1.00,unit,,,,MEDIUM,doc_ref=44512317405; single_line
31/12/23,,main_invoices\2024\2024-01-02__קרן-ממויה__(מסמך ממוחשב) הדפסת חשבונית מרכזת - 25342312052.pdf,FORMAT_B_2019_2021,1,4610429,5x16  ניידCEE תקע,1.00,unit,,,,MEDIUM,doc_ref=44512317405; single_line
31/12/23,,main_invoices\2024\2024-01-02__קרן-ממויה__(מסמך ממוחשב) הדפסת חשבונית מרכזת - 25342312052.pdf,FORMAT_B_2019_2021,1,696444021,80A  תלת פאזי מזלגR.S.T פס,5.00,unit,,,,MEDIUM,doc_ref=44512317405; single_line
31/12/23,,main_invoices\2024\2024-01-02__קרן-ממויה__(מסמך ממוחשב) הדפסת חשבונית מרכזת - 25342312052.pdf,FORMAT_B_2019_2021,1,99762010,GEWISS  ציוד+ 3316 קופסא,1.00,unit,,,,MEDIUM,doc_ref=44512317405; single_line
31/12/23,,main_invoices\2024\2024-01-02__קרן-ממויה__(מסמך ממוחשב) הדפסת חשבונית מרכזת - 25342312052.pdf,FORMAT_B_2019_2021,1,990700022,ידית מנוף4X32-35A פקט בקופסא,3.00,unit,,,,MEDIUM,doc_ref=44512317405; single_line
,25602401363,main_invoices\2024\2024-03-27__רחלי-מזרחי__הדפסת קבלה - 25602401363.pdf,FORMAT_UNKNOWN,1,,,,,,,,LOW,no line items matched heuristic parser
,,main_invoices\2024\2024-07-07__ניר-סאייג__25352400386 - הדפסת חשבונית מרכזת.pdf,FORMAT_B_2019_2021,1,,,,,,,,LOW,no line items matched heuristic parser
29/08/24,,main_invoices\2024\2024-09-03__קרן-ממויה__הדפסת חשבונית מרכזת - 25342407628.pdf,FORMAT_B_2019_2021,1,991505960,(50  )מארז8*1.5/2.5 מהדק חיבור מהיר,1.00,unit,,,,MEDIUM,doc_ref=44512411768; single_line
29/08/24,,main_invoices\2024\2024-09-03__קרן-ממויה__הדפסת חשבונית מרכזת - 25342407628.pdf,FORMAT_B_2019_2021,1,991505920,(100  )מארז5*0.5/2.5 מהדק חיבור מהיר,4.00,unit,,,,MEDIUM,doc_ref=44512411768; single_line
29/08/24,,main_invoices\2024\2024-09-03__קרן-ממויה__הדפסת חשבונית מרכזת - 25342407628.pdf,FORMAT_B_2019_2021,1,15170043,( יח12  )שורה של2 'מהדק גמיש שחור מס,10.00,unit,,,,MEDIUM,doc_ref=44512411768; single_line
29/08/24,,main_invoices\2024\2024-09-03__קרן-ממויה__הדפסת חשבונית מרכזת - 25342407628.pdf,FORMAT_B_2019_2021,1,4700142,טעינה מהירה20000MA סוללת גיבוי אוניברסלי ניידת,2.00,unit,,,,MEDIUM,doc_ref=44512411768; single_line
29/08/24,,main_invoices\2024\2024-09-03__קרן-ממויה__הדפסת חשבונית מרכזת - 25342407628.pdf,FORMAT_B_2019_2021,1,1900255,"ללא מחיצות תקן-מחוזקת-  מודול תה""ט4 קופסא",20.00,unit,,,,MEDIUM,doc_ref=44512411750; single_line
29/08/24,,main_invoices\2024\2024-09-03__קרן-ממויה__הדפסת חשבונית מרכזת - 25342407628.pdf,FORMAT_B_2019_2021,1,3924201,GW SYSTEM  מודול3 מתאם למסגרת,60.00,unit,,,,MEDIUM,doc_ref=44512411750; single_line
29/08/24,,main_invoices\2024\2024-09-03__קרן-ממויה__הדפסת חשבונית מרכזת - 25342407628.pdf,FORMAT_B_2019_2021,1,3924202,GW SYSTEM  מודול4 מתאם למסגרת,30.00,unit,,,,MEDIUM,doc_ref=44512411750; single_line
29/08/24,,main_invoices\2024\2024-09-03__קרן-ממויה__הדפסת חשבונית מרכזת - 25342407628.pdf,FORMAT_B_2019_2021,1,84000791,( חדש20) 16 צינור מופה צבעוני,2.00,unit,,,,MEDIUM,doc_ref=44512411750; single_line
29/08/24,,main_invoices\2024\2024-09-03__קרן-ממויה__הדפסת חשבונית מרכזת - 25342407628.pdf,FORMAT_B_2019_2021,1,90018,250 4.5 יח'( חבק לבן100) מארז,5.00,unit,,,,MEDIUM,doc_ref=44512413230; single_line
29/08/24,,main_invoices\2024\2024-09-03__קרן-ממויה__הדפסת חשבונית מרכזת - 25342407628.pdf,FORMAT_B_2019_2021,1,21048,EVIK ג'ל השחלה,1.00,unit,,,,MEDIUM,doc_ref=44512413230; single_line
29/05/24,,main_invoices\2024\2024-06-03__קרן-ממויה__הדפסת חשבונית מרכזת - 25342404396_ חש.pdf,FORMAT_B_2019_2021,1,696444021,80A  תלת פאזי מזלגR.S.T פס,2.00,unit,,,,MEDIUM,doc_ref=44512406247; single_line
29/05/24,,main_invoices\2024\2024-06-03__קרן-ממויה__הדפסת חשבונית מרכזת - 25342404396_ חש.pdf,FORMAT_B_2019_2021,1,3992006,1P 10A 6kA C GEWISS חצי אוטומט,30.00,unit,,,,MEDIUM,doc_ref=44512406247; single_line
29/05/24,,main_invoices\2024\2024-06-03__קרן-ממויה__הדפסת חשבונית מרכזת - 25342404396_ חש.pdf,FORMAT_B_2019_2021,1,3992007,1P 16A 6kA C GEWISS חצי אוטומט,30.00,unit,,,,MEDIUM,doc_ref=44512406247; single_line
29/05/24,,main_invoices\2024\2024-06-03__קרן-ממויה__הדפסת חשבונית מרכזת - 25342404396_ חש.pdf,FORMAT_B_2019_2021,1,3992067,3P 16A 6kA C GEWISS חצי אוטומט,4.00,unit,,,,MEDIUM,doc_ref=44512406247; single_line
29/05/24,,main_invoices\2024\2024-06-03__קרן-ממויה__הדפסת חשבונית מרכזת - 25342404396_ חש.pdf,FORMAT_B_2019_2021,1,3992069,3P 25A 6kA C GEWISS חצי אוטומט,4.00,unit,,,,MEDIUM,doc_ref=44512406247; single_line
29/05/24,,main_invoices\2024\2024-06-03__קרן-ממויה__הדפסת חשבונית מרכזת - 25342404396_ חש.pdf,FORMAT_B_2019_2021,1,99220106,"מ""מ ירוק6.0  סופיות מבודדת100 מארז",2.00,unit,,,,MEDIUM,doc_ref=44512406247; single_line
29/05/24,,main_invoices\2024\2024-06-03__קרן-ממויה__הדפסת חשבונית מרכזת - 25342404396_ חש.pdf,FORMAT_B_2019_2021,1,3910051,מודול לבן1 מפסק מחליף-קורוס,12.00,unit,,,,MEDIUM,doc_ref=44512406247; single_line
29/05/24,,main_invoices\2024\2024-06-03__קרן-ממויה__הדפסת חשבונית מרכזת - 25342404396_ חש.pdf,FORMAT_B_2019_2021,1,3910001,מודול לבן1 מפסק יחיד-קורוס,24.00,unit,,,,MEDIUM,doc_ref=44512406247; single_line
29/05/24,,main_invoices\2024\2024-06-03__קרן-ממויה__הדפסת חשבונית מרכזת - 25342404396_ חש.pdf,FORMAT_B_2019_2021,1,84000184,מודול לקיר גבס פטנט ללא ברגים6 קופסא,5.00,unit,,,,MEDIUM,doc_ref=44512406247; single_line
29/05/24,,main_invoices\2024\2024-06-03__קרן-ממויה__הדפסת חשבונית מרכזת - 25342404396_ חש.pdf,FORMAT_B_2019_2021,1,3916804,מודול4- מתאם ל- קורוס,12.00,unit,,,,MEDIUM,doc_ref=44512406247; single_line
29/05/24,,main_invoices\2024\2024-06-03__קרן-ממויה__הדפסת חשבונית מרכזת - 25342404396_ חש.pdf,FORMAT_B_2019_2021,1,3916806,מודול6- מתאם ל- קורוס,5.00,unit,,,,MEDIUM,doc_ref=44512406247; single_line
29/05/24,,main_invoices\2024\2024-06-03__קרן-ממויה__הדפסת חשבונית מרכזת - 25342404396_ חש.pdf,FORMAT_B_2019_2021,1,840001811,מודול לגבס ללא מחיצות4 קופסא תקן פטנט,10.00,unit,,,,MEDIUM,doc_ref=44512406247; single_line
29/05/24,,main_invoices\2024\2024-06-03__קרן-ממויה__הדפסת חשבונית מרכזת - 25342404396_ חש.pdf,FORMAT_B_2019_2021,1,1900225,"ללא מחיצות תקן-מחוזקת-  מודול תה""ט3 קופסא",10.00,unit,,,,MEDIUM,doc_ref=44512406315; single_line
29/05/24,,main_invoices\2024\2024-06-03__קרן-ממויה__הדפסת חשבונית מרכזת - 25342404396_ חש.pdf,FORMAT_B_2019_2021,1,840001801,מודול לגבס ללא מחיצות3 קופסא תקן פטנט,10.00,unit,,,,MEDIUM,doc_ref=44512406315; single_line
29/05/24,,main_invoices\2024\2024-06-03__קרן-ממויה__הדפסת חשבונית מרכזת - 25342404396_ חש.pdf,FORMAT_B_2019_2021,1,3910408,מוד' לבן מקורי1 שקע טלפון בזק-קורוס,20.00,unit,,,,MEDIUM,doc_ref=44512406315; single_line
29/05/24,,main_invoices\2024\2024-06-03__קרן-ממויה__הדפסת חשבונית מרכזת - 25342404396_ חש.pdf,FORMAT_B_2019_2021,1,99565602,5 'כף בנאים מס,2.00,unit,,,,MEDIUM,doc_ref=44512406315; single_line
29/05/24,,main_invoices\2024\2024-06-03__קרן-ממויה__הדפסת חשבונית מרכזת - 25342404396_ חש.pdf,FORMAT_B_2019_2021,1,833001,תקני73 פעמון זמזם ביתי,6.00,unit,,,,MEDIUM,doc_ref=44512406315; single_line
29/05/24,,main_invoices\2024\2024-06-03__קרן-ממויה__הדפסת חשבונית מרכזת - 25342404396_ חש.pdf,FORMAT_B_2019_2021,1,1050020,!!! בלדח דקור' קומפלט תקני,40.00,unit,,,,MEDIUM,doc_ref=44512406383; single_line
29/05/24,,main_invoices\2024\2024-06-03__קרן-ממויה__הדפסת חשבונית מרכזת - 25342404396_ חש.pdf,FORMAT_B_2019_2021,1,4611004,60W  בהירE27 נורה ליבון,10.00,unit,,,,MEDIUM,doc_ref=44512406383; single_line
29/05/24,,main_invoices\2024\2024-06-03__קרן-ממויה__הדפסת חשבונית מרכזת - 25342404396_ חש.pdf,FORMAT_B_2019_2021,1,695220521,SUPER N-1 שקע כח,20.00,unit,,,,MEDIUM,doc_ref=44512406383; single_line
29/05/24,,main_invoices\2024\2024-06-03__קרן-ממויה__הדפסת חשבונית מרכזת - 25342404396_ חש.pdf,FORMAT_B_2019_2021,1,3916104,מודול4 לבן חלבי ONE מסגרת-קורוס,36.00,unit,,,,MEDIUM,doc_ref=44512406383; single_line
29/05/24,,main_invoices\2024\2024-06-03__קרן-ממויה__הדפסת חשבונית מרכזת - 25342404396_ חש.pdf,FORMAT_B_2019_2021,1,3916102,מודול2 לבן ONE מסגרת-קורוס,96.00,unit,,,,MEDIUM,doc_ref=44512406383; single_line
29/05/24,,main_invoices\2024\2024-06-03__קרן-ממויה__הדפסת חשבונית מרכזת - 25342404396_ חש.pdf,FORMAT_B_2019_2021,1,3916101,מודול1 לבן ONE מסגרת-קורוס,96.00,unit,,,,MEDIUM,doc_ref=44512406383; single_line
29/05/24,,main_invoices\2024\2024-06-03__קרן-ממויה__הדפסת חשבונית מרכזת - 25342404396_ חש.pdf,FORMAT_B_2019_2021,2,1780001,80-90x33-43x38 MINI 650° קופסת חיבורים,20.00,unit,,,,MEDIUM,doc_ref=44512406477; single_line
29/05/24,,main_invoices\2024\2024-06-03__קרן-ממויה__הדפסת חשבונית מרכזת - 25342404396_ חש.pdf,FORMAT_B_2019_2021,2,3916104,מודול4 לבן חלבי ONE מסגרת-קורוס,24.00,unit,,,,MEDIUM,doc_ref=44512406477; single_line
29/05/24,,main_invoices\2024\2024-06-03__קרן-ממויה__הדפסת חשבונית מרכזת - 25342404396_ חש.pdf,FORMAT_B_2019_2021,2,99761104,100X100X50  פטמותD-1P קופסא,10.00,unit,,,,MEDIUM,doc_ref=44512406477; single_line
29/05/24,,main_invoices\2024\2024-06-03__קרן-ממויה__הדפסת חשבונית מרכזת - 25342404396_ חש.pdf,FORMAT_B_2019_2021,2,3916106,מודול6  לבן חלביONE מסגרת-קורוס,10.00,unit,,,,MEDIUM,doc_ref=44512406477; single_line
29/05/24,,main_invoices\2024\2024-06-03__קרן-ממויה__הדפסת חשבונית מרכזת - 25342404396_ חש.pdf,FORMAT_B_2019_2021,2,8400039,70 מכסה פלסטיק לקופסא,20.00,unit,,,,MEDIUM,doc_ref=44512406477; single_line
29/05/24,,main_invoices\2024\2024-06-03__קרן-ממויה__הדפסת חשבונית מרכזת - 25342404396_ חש.pdf,FORMAT_B_2019_2021,2,991505920,(100  )מארז5*0.5/2.5 מהדק חיבור מהיר,2.00,unit,,,,MEDIUM,doc_ref=44512406567; single_line
29/05/24,,main_invoices\2024\2024-06-03__קרן-ממויה__הדפסת חשבונית מרכזת - 25342404396_ חש.pdf,FORMAT_B_2019_2021,2,3910051,מודול לבן1 מפסק מחליף-קורוס,12.00,unit,,,,MEDIUM,doc_ref=44512406567; single_line
29/05/24,,main_invoices\2024\2024-06-03__קרן-ממויה__הדפסת חשבונית מרכזת - 25342404396_ חש.pdf,FORMAT_B_2019_2021,2,695220521,SUPER N-1 שקע כח,10.00,unit,,,,MEDIUM,doc_ref=44512406567; single_line
29/05/24,,main_invoices\2024\2024-06-03__קרן-ממויה__הדפסת חשבונית מרכזת - 25342404396_ חש.pdf,FORMAT_B_2019_2021,2,495133003,DIN 8.5 קדח-16 נעל כבל,5.00,unit,,,,MEDIUM,doc_ref=44512406567; single_line
29/05/24,,main_invoices\2024\2024-06-03__קרן-ממויה__הדפסת חשבונית מרכזת - 25342404396_ חש.pdf,FORMAT_B_2019_2021,2,495133004,DIN 8.5 קדח-25 נעל כבל,4.00,unit,,,,MEDIUM,doc_ref=44512406567; single_line
29/05/24,,main_invoices\2024\2024-06-03__קרן-ממויה__הדפסת חשבונית מרכזת - 25342404396_ חש.pdf,FORMAT_B_2019_2021,2,3830122,לתיקרהVEGA ארמטורה ח.מהיר,20.00,unit,,,,MEDIUM,doc_ref=44512406796; single_line
29/05/24,,main_invoices\2024\2024-06-03__קרן-ממויה__הדפסת חשבונית מרכזת - 25342404396_ חש.pdf,FORMAT_B_2019_2021,2,3910001,מודול לבן1 מפסק יחיד-קורוס,36.00,unit,,,,MEDIUM,doc_ref=44512406796; single_line
29/05/24,,main_invoices\2024\2024-06-03__קרן-ממויה__הדפסת חשבונית מרכזת - 25342404396_ חש.pdf,FORMAT_B_2019_2021,2,3910005,מוד' לבן מבריק1  קטבי מואר2 'מפ-קורוס,24.00,unit,,,,MEDIUM,doc_ref=44512406796; single_line
29/05/24,,main_invoices\2024\2024-06-03__קרן-ממויה__הדפסת חשבונית מרכזת - 25342404396_ חש.pdf,FORMAT_B_2019_2021,2,3910051,מודול לבן1 מפסק מחליף-קורוס,24.00,unit,,,,MEDIUM,doc_ref=44512406796; single_line
29/05/24,,main_invoices\2024\2024-06-03__קרן-ממויה__הדפסת חשבונית מרכזת - 25342404396_ חש.pdf,FORMAT_B_2019_2021,2,3910140,מוד' לבן1 חיצים+לחצן תריס-קורוס,24.00,unit,,,,MEDIUM,doc_ref=44512406796; single_line
29/05/24,,main_invoices\2024\2024-06-03__קרן-ממויה__הדפסת חשבונית מרכזת - 25342404396_ חש.pdf,FORMAT_B_2019_2021,2,3916703,"מודול3  מסגרת מ""מ לבן- קורוס",24.00,unit,,,,MEDIUM,doc_ref=44512406796; single_line
29/05/24,,main_invoices\2024\2024-06-03__קרן-ממויה__הדפסת חשבונית מרכזת - 25342404396_ חש.pdf,FORMAT_B_2019_2021,2,3830123,לקירVEGA ארמטורה ח.מהיר,20.00,unit,,,,MEDIUM,doc_ref=44512406796; single_line
29/05/24,,main_invoices\2024\2024-06-03__קרן-ממויה__הדפסת חשבונית מרכזת - 25342404396_ חש.pdf,FORMAT_B_2019_2021,2,3916104,מודול4 לבן חלבי ONE מסגרת-קורוס,30.00,unit,,,,MEDIUM,doc_ref=44512406796; single_line
29/05/24,,main_invoices\2024\2024-06-03__קרן-ממויה__הדפסת חשבונית מרכזת - 25342404396_ חש.pdf,FORMAT_B_2019_2021,2,3916106,מודול6  לבן חלביONE מסגרת-קורוס,10.00,unit,,,,MEDIUM,doc_ref=44512406796; single_line
29/05/24,,main_invoices\2024\2024-06-03__קרן-ממויה__הדפסת חשבונית מרכזת - 25342404396_ חש.pdf,FORMAT_B_2019_2021,2,1050020,!!! בלדח דקור' קומפלט תקני,100.00,unit,,,,MEDIUM,doc_ref=44512406967; single_line
29/05/24,,main_invoices\2024\2024-06-03__קרן-ממויה__הדפסת חשבונית מרכזת - 25342404396_ חש.pdf,FORMAT_B_2019_2021,2,991505920,(100  )מארז5*0.5/2.5 מהדק חיבור מהיר,3.00,unit,,,,MEDIUM,doc_ref=44512406967; single_line
29/05/24,,main_invoices\2024\2024-06-03__קרן-ממויה__הדפסת חשבונית מרכזת - 25342404396_ חש.pdf,FORMAT_B_2019_2021,2,84000791,( חדש20) 16 צינור מופה צבעוני,5.00,unit,,,,MEDIUM,doc_ref=44512406967; single_line
29/05/24,,main_invoices\2024\2024-06-03__קרן-ממויה__הדפסת חשבונית מרכזת - 25342404396_ חש.pdf,FORMAT_B_2019_2021,2,995980193,"KDS L-25  להב שחור+  מ""מ עם סנפיר18 סכין יפני",1.00,unit,,,,MEDIUM,doc_ref=44512406967; single_line
29/05/24,,main_invoices\2024\2024-06-03__קרן-ממויה__הדפסת חשבונית מרכזת - 25342404396_ חש.pdf,FORMAT_B_2019_2021,2,3916803,מודול3- ו2- מתאם ל- קורוס,96.00,unit,,,,MEDIUM,doc_ref=44512406967; single_line
29/05/24,,main_invoices\2024\2024-06-03__קרן-ממויה__הדפסת חשבונית מרכזת - 25342404396_ חש.pdf,FORMAT_B_2019_2021,2,99220106,"מ""מ ירוק6.0  סופיות מבודדת100 מארז",2.00,unit,,,,MEDIUM,doc_ref=44512406967; single_line
29/05/24,,main_invoices\2024\2024-06-03__קרן-ממויה__הדפסת חשבונית מרכזת - 25342404396_ חש.pdf,FORMAT_B_2019_2021,2,9566104292,WERA ( לברגי פחפח/גבס)כחולPH2*25 ביט פיליפס9,3.00,unit,,,,MEDIUM,doc_ref=44512406967; single_line
29/05/24,,main_invoices\2024\2024-06-03__קרן-ממויה__הדפסת חשבונית מרכזת - 25342404396_ חש.pdf,FORMAT_B_2019_2021,3,3916102,מודול2 לבן ONE מסגרת-קורוס,10.00,unit,,,,MEDIUM,doc_ref=44512407299; single_line
29/05/24,,main_invoices\2024\2024-06-03__קרן-ממויה__הדפסת חשבונית מרכזת - 25342404396_ חש.pdf,FORMAT_B_2019_2021,3,3916103,מודול3 לבן חלבי ONE מסגרת-קורוס,10.00,unit,,,,MEDIUM,doc_ref=44512407299; single_line
29/05/24,,main_invoices\2024\2024-06-03__קרן-ממויה__הדפסת חשבונית מרכזת - 25342404396_ חש.pdf,FORMAT_B_2019_2021,3,99566003,"VDE 1000V  מ""מ מבודד200 פלייר שפיץ",1.00,unit,,,,MEDIUM,doc_ref=44512407299; single_line
29/05/24,,main_invoices\2024\2024-06-03__קרן-ממויה__הדפסת חשבונית מרכזת - 25342404396_ חש.pdf,FORMAT_B_2019_2021,3,3910195,מודול לבן1 דמי-קורוס,50.00,unit,,,,MEDIUM,doc_ref=44512407299; single_line
29/05/24,,main_invoices\2024\2024-06-03__קרן-ממויה__הדפסת חשבונית מרכזת - 25342404396_ חש.pdf,FORMAT_B_2019_2021,3,3992068,3P 20A 6kA C GEWISS חצי אוטומט,6.00,unit,,,,MEDIUM,doc_ref=44512407299; single_line
29/05/24,,main_invoices\2024\2024-06-03__קרן-ממויה__הדפסת חשבונית מרכזת - 25342404396_ חש.pdf,FORMAT_B_2019_2021,3,3910001,מודול לבן1 מפסק יחיד-קורוס,36.00,unit,,,,MEDIUM,doc_ref=44512407299; single_line
29/05/24,,main_invoices\2024\2024-06-03__קרן-ממויה__הדפסת חשבונית מרכזת - 25342404396_ חש.pdf,FORMAT_B_2019_2021,3,3910051,מודול לבן1 מפסק מחליף-קורוס,12.00,unit,,,,MEDIUM,doc_ref=44512407299; single_line
29/05/24,,main_invoices\2024\2024-06-03__קרן-ממויה__הדפסת חשבונית מרכזת - 25342404396_ חש.pdf,FORMAT_B_2019_2021,3,3910133,(לבן )לא כולל נורית  מוד1 לחצן מואר-קורוס,12.00,unit,,,,MEDIUM,doc_ref=44512407299; single_line
29/05/24,,main_invoices\2024\2024-06-03__קרן-ממויה__הדפסת חשבונית מרכזת - 25342404396_ חש.pdf,FORMAT_B_2019_2021,3,4610405,5x16  לקירCEE שקע,2.00,unit,,,,MEDIUM,doc_ref=44512407404; single_line
29/05/24,,main_invoices\2024\2024-06-03__קרן-ממויה__הדפסת חשבונית מרכזת - 25342404396_ חש.pdf,FORMAT_B_2019_2021,3,992201010,"מ""מ כחול0.75  סופיות מבודדת200 מארז",2.00,unit,,,,MEDIUM,doc_ref=44512407404; single_line
29/05/24,,main_invoices\2024\2024-06-03__קרן-ממויה__הדפסת חשבונית מרכזת - 25342404396_ חש.pdf,FORMAT_B_2019_2021,3,3916703,"מודול3  מסגרת מ""מ לבן- קורוס",10.00,unit,,,,MEDIUM,doc_ref=44512407473; single_line
29/05/24,,main_invoices\2024\2024-06-03__קרן-ממויה__הדפסת חשבונית מרכזת - 25342404396_ חש.pdf,FORMAT_B_2019_2021,3,3916704,"' מוד4  מסגרת מ""מ לבן- קורוס",10.00,unit,,,,MEDIUM,doc_ref=44512407473; single_line
29/05/24,,main_invoices\2024\2024-06-03__קרן-ממויה__הדפסת חשבונית מרכזת - 25342404396_ חש.pdf,FORMAT_B_2019_2021,3,3300003,R14 C  סוללות דורסל2 מארז,1.00,unit,,,,MEDIUM,doc_ref=44512407628; single_line
29/05/24,,main_invoices\2024\2024-06-03__קרן-ממויה__הדפסת חשבונית מרכזת - 25342404396_ חש.pdf,FORMAT_B_2019_2021,3,4610430,5x32  ניידCEE תקע,1.00,unit,,,,MEDIUM,doc_ref=44512407628; single_line
29/05/24,,main_invoices\2024\2024-06-03__קרן-ממויה__הדפסת חשבונית מרכזת - 25342404396_ חש.pdf,FORMAT_B_2019_2021,3,3830122,לתיקרהVEGA ארמטורה ח.מהיר,20.00,unit,,,,MEDIUM,doc_ref=44512407640; single_line
29/05/24,,main_invoices\2024\2024-06-03__קרן-ממויה__הדפסת חשבונית מרכזת - 25342404396_ חש.pdf,FORMAT_B_2019_2021,3,99761232,D-.. זוג שקעי כח לבן לקופסא,30.00,unit,,,,MEDIUM,doc_ref=44512407640; single_line
29/05/24,,main_invoices\2024\2024-06-03__קרן-ממויה__הדפסת חשבונית מרכזת - 25342404396_ חש.pdf,FORMAT_B_2019_2021,3,3910051,מודול לבן1 מפסק מחליף-קורוס,25.00,unit,,,,MEDIUM,doc_ref=44512407640; single_line
29/05/24,,main_invoices\2024\2024-06-03__קרן-ממויה__הדפסת חשבונית מרכזת - 25342404396_ חש.pdf,FORMAT_B_2019_2021,3,8400013,פטנט תקן70 קופסא לקיר גבס,20.00,unit,,,,MEDIUM,doc_ref=44512407640; single_line
29/05/24,,main_invoices\2024\2024-06-03__קרן-ממויה__הדפסת חשבונית מרכזת - 25342404396_ חש.pdf,FORMAT_B_2019_2021,3,4951327742,"8  ממ""ר חור10 נעל כבל נחושת",100.00,unit,,,,MEDIUM,doc_ref=44512407640; single_line
29/05/24,,main_invoices\2024\2024-06-03__קרן-ממויה__הדפסת חשבונית מרכזת - 25342404396_ חש.pdf,FORMAT_B_2019_2021,3,3910408,מוד' לבן מקורי1 שקע טלפון בזק-קורוס,20.00,unit,,,,MEDIUM,doc_ref=44512407640; single_line
29/05/24,,main_invoices\2024\2024-06-03__קרן-ממויה__הדפסת חשבונית מרכזת - 25342404396_ חש.pdf,FORMAT_B_2019_2021,3,1109806,"ממ""ר2.5 תקע+ מהדקי שקע12 פס",13.00,unit,,,,MEDIUM,doc_ref=44512407640; single_line
29/05/24,,main_invoices\2024\2024-06-03__קרן-ממויה__הדפסת חשבונית מרכזת - 25342404396_ חש.pdf,FORMAT_B_2019_2021,3,9566150115,WERA 1060i 1000V 4.0X100 מברג שטוח9,1.00,unit,,,,MEDIUM,doc_ref=44512407640; single_line
29/05/24,,main_invoices\2024\2024-06-03__קרן-ממויה__הדפסת חשבונית מרכזת - 25342404396_ חש.pdf,FORMAT_B_2019_2021,3,9566150095,WERA 1060i 1000V 3.5X100 מברג שטוח9,1.00,unit,,,,MEDIUM,doc_ref=44512407640; single_line
29/05/24,,main_invoices\2024\2024-06-03__קרן-ממויה__הדפסת חשבונית מרכזת - 25342404396_ חש.pdf,FORMAT_B_2019_2021,3,84001,מודול לאביזרי גוויס1 דמי לבן,120.00,unit,,,,MEDIUM,doc_ref=44512407715; single_line
29/05/24,,main_invoices\2024\2024-06-03__קרן-ממויה__הדפסת חשבונית מרכזת - 25342404396_ חש.pdf,FORMAT_B_2019_2021,3,3830123,לקירVEGA ארמטורה ח.מהיר,20.00,unit,,,,MEDIUM,doc_ref=44512407715; single_line
29/05/24,,main_invoices\2024\2024-06-03__קרן-ממויה__הדפסת חשבונית מרכזת - 25342404396_ חש.pdf,FORMAT_B_2019_2021,3,3830122,לתיקרהVEGA ארמטורה ח.מהיר,10.00,unit,,,,MEDIUM,doc_ref=44512407715; single_line
29/05/24,,main_invoices\2024\2024-06-03__קרן-ממויה__הדפסת חשבונית מרכזת - 25342404396_ חש.pdf,FORMAT_B_2019_2021,3,3910140,מוד' לבן1 חיצים+לחצן תריס-קורוס,36.00,unit,,,,MEDIUM,doc_ref=44512407715; single_line
29/05/24,,main_invoices\2024\2024-06-03__קרן-ממויה__הדפסת חשבונית מרכזת - 25342404396_ חש.pdf,FORMAT_B_2019_2021,3,3910151,מודול לבן1 סימון נורה+קורוס לחצן מואר,12.00,unit,,,,MEDIUM,doc_ref=44512407715; single_line
29/05/24,,main_invoices\2024\2024-06-03__קרן-ממויה__הדפסת חשבונית מרכזת - 25342404396_ חש.pdf,FORMAT_B_2019_2021,4,99520120,400ml  כסוף- ספריי גילוון קר,1.00,unit,,,,MEDIUM,doc_ref=44512407797; single_line
29/05/24,,main_invoices\2024\2024-06-03__קרן-ממויה__הדפסת חשבונית מרכזת - 25342404396_ חש.pdf,FORMAT_B_2019_2021,4,3910005,מוד' לבן מבריק1  קטבי מואר2 'מפ-קורוס,12.00,unit,,,,MEDIUM,doc_ref=44512407797; single_line
29/05/24,,main_invoices\2024\2024-06-03__קרן-ממויה__הדפסת חשבונית מרכזת - 25342404396_ חש.pdf,FORMAT_B_2019_2021,4,49322021,ברגים12- כ4X40X300 פס השוואה,3.00,unit,,,,MEDIUM,doc_ref=44512407797; single_line
29/05/24,,main_invoices\2024\2024-06-03__קרן-ממויה__הדפסת חשבונית מרכזת - 25342404396_ חש.pdf,FORMAT_B_2019_2021,4,3992007,1P 16A 6kA C GEWISS חצי אוטומט,48.00,unit,,,,MEDIUM,doc_ref=44512407906; single_line
29/05/24,,main_invoices\2024\2024-06-03__קרן-ממויה__הדפסת חשבונית מרכזת - 25342404396_ חש.pdf,FORMAT_B_2019_2021,4,3992067,3P 16A 6kA C GEWISS חצי אוטומט,4.00,unit,,,,MEDIUM,doc_ref=44512407906; single_line
29/05/24,,main_invoices\2024\2024-06-03__קרן-ממויה__הדפסת חשבונית מרכזת - 25342404396_ חש.pdf,FORMAT_B_2019_2021,4,16005103,"Anguila  מטר20  מ""מ שחור ניילון4 סטלבנד עובי",1.00,meter,,,,MEDIUM,doc_ref=44512407906; single_line
29/05/24,,main_invoices\2024\2024-06-03__קרן-ממויה__הדפסת חשבונית מרכזת - 25342404396_ חש.pdf,FORMAT_B_2019_2021,4,90018,250 4.5 יח'( חבק לבן100) מארז,2.00,unit,,,,MEDIUM,doc_ref=44512407906; single_line
29/05/24,,main_invoices\2024\2024-06-03__קרן-ממויה__הדפסת חשבונית מרכזת - 25342404396_ חש.pdf,FORMAT_B_2019_2021,4,161063,VEGA A  דגם4X63A 30MA ממסר פחת,1.00,unit,,,,MEDIUM,doc_ref=44512407906; single_line
29/05/24,,main_invoices\2024\2024-06-03__קרן-ממויה__הדפסת חשבונית מרכזת - 25342404396_ חש.pdf,FORMAT_B_2019_2021,4,3916803,מודול3- ו2- מתאם ל- קורוס,120.00,unit,,,,MEDIUM,doc_ref=44512407906; single_line
31/12/24,,main_invoices\2025\2025-01-02__קרן-ממויה__הדפסת חשבונית מרכזת - 25342412102_ חש.pdf,FORMAT_B_2019_2021,1,696444021,80A  תלת פאזי מזלגR.S.T פס,1.00,unit,,,,MEDIUM,doc_ref=44512419729; single_line
31/12/24,,main_invoices\2025\2025-01-02__קרן-ממויה__הדפסת חשבונית מרכזת - 25342412102_ חש.pdf,FORMAT_B_2019_2021,1,99220106,"מ""מ ירוק6.0  סופיות מבודדת100 מארז",1.00,unit,,,,MEDIUM,doc_ref=44512419729; single_line
27/11/25,25342508769,main_invoices\2025\2025-12-03__קרן-ממויה__הדפסת חשבונית מרכזת - 25342508769.pdf,FORMAT_A_2017_2018,1,8400010,( חדש20) 16  יציאות8 קופסא שוודית,20.00,unit,,,,MEDIUM,doc_ref=44512518412; single_line
30/09/25,25342507079,main_invoices\2025\2025-10-08__קרן-ממויה__הדפסת חשבונית מרכזת - 25342507079.pdf,FORMAT_B_2019_2021,1,9411086,' יח30.00 0תקע רשת מחשב מסוכך Cat-6 ftp RJ45,,,0.85,,0.85,HIGH,doc_ref=44512514695
30/09/25,25342507079,main_invoices\2025\2025-10-08__קרן-ממויה__הדפסת חשבונית מרכזת - 25342507079.pdf,FORMAT_B_2019_2021,1,991505960,' יח2.00 0מהדק חיבור מהיר (50  )מארז8*1.5/2.5,,,31.36,,31.36,HIGH,doc_ref=44512515844
30/09/25,25342507079,main_invoices\2025\2025-10-08__קרן-ממויה__הדפסת חשבונית מרכזת - 25342507079.pdf,FORMAT_B_2019_2021,1,991505920,' יח4.00 0מהדק חיבור מהיר (100  )מארז5*0.5/2.5,,,41.53,,41.53,HIGH,doc_ref=44512515844
30/09/25,25342507079,main_invoices\2025\2025-10-08__קרן-ממויה__הדפסת חשבונית מרכזת - 25342507079.pdf,FORMAT_B_2019_2021,1,15170043,)שורה של,12,unit,,,,MEDIUM,doc_ref=44512515844; single_line
