message_date,year,sender_name,sender_email,subject,attachment_count,selected_invoice_original_name,selected_invoice_saved_name,selection_reason,confidence,outlook_entry_id,status,error
2026-09-03 14:01:37,2026,קרן ממויה,Keren@erco.co.il,"(מסמך ממוחשב) הדפסת חשבונית מרכזת - 25342607483, חש. מרכזת אוג-26",18,הדפסת חשבונית מרכזת - 25342607483_ חש.pdf,2026-09-03__קרן-ממויה__הדפסת חשבונית מרכזת - 25342607483_ חש.pdf,+100 filename contains 'חשבונית מרכזת'; +80 filename contains 'חשבונית'; +40 filename contains 'חש.'; +35 filename contains 'מרכזת' (+2 more signals),HIGH,000000002A0721BC1CEF6A4193EE5BF12F7DE63007006C8F6A93764406478EDB9ABA665E4A1B000162E6D2DE00006C8F6A93764406478EDB9ABA665E4A1B0009D57244120000,SELECTED,
2026-09-03 14:00:28,2026,קרן ממויה,Keren@erco.co.il,(מסמך ממוחשב) הדפסת חשבונית מרכזת - 25342607482,3,הדפסת חשבונית מרכזת - 25342607482.pdf,2026-09-03__קרן-ממויה__הדפסת חשבונית מרכזת - 25342607482.pdf,+100 filename contains 'חשבונית מרכזת'; +80 filename contains 'חשבונית'; +35 filename contains 'מרכזת'; +150 invoice number match: 25342607482 (+2 more signals),HIGH,000000002A0721BC1CEF6A4193EE5BF12F7DE63007006C8F6A93764406478EDB9ABA665E4A1B000162E6D2DE00006C8F6A93764406478EDB9ABA665E4A1B0009D57244110000,SELECTED,
2026-09-03 14:00:22,2026,קרן ממויה,Keren@erco.co.il,(מסמך ממוחשב) הדפסת חשבונית מרכזת - 25342607484,5,הדפסת חשבונית מרכזת - 25342607484.pdf,2026-09-03__קרן-ממויה__הדפסת חשבונית מרכזת - 25342607484.pdf,+100 filename contains 'חשבונית מרכזת'; +80 filename contains 'חשבונית'; +35 filename contains 'מרכזת'; +150 invoice number match: 25342607484 (+2 more signals),HIGH,000000002A0721BC1CEF6A4193EE5BF12F7DE63007006C8F6A93764406478EDB9ABA665E4A1B000162E6D2DE00006C8F6A93764406478EDB9ABA665E4A1B0009D57244100000,SELECTED,
2026-09-03 14:00:17,2026,קרן ממויה,Keren@erco.co.il,(מסמך ממוחשב) הדפסת חשבונית מרכזת - 25342607485,5,הדפסת חשבונית מרכזת - 25342607485.pdf,2026-09-03__קרן-ממויה__הדפסת חשבונית מרכזת - 25342607485.pdf,+100 filename contains 'חשבונית מרכזת'; +80 filename contains 'חשבונית'; +35 filename contains 'מרכזת'; +150 invoice number match: 25342607485 (+2 more signals),HIGH,000000002A0721BC1CEF6A4193EE5BF12F7DE63007006C8F6A93764406478EDB9ABA665E4A1B000162E6D2DE00006C8F6A93764406478EDB9ABA665E4A1B0009D572440F0000,SELECTED,
2026-08-03 16:23:59,2026,קרן ממויה,Keren@erco.co.il,(מסמך ממוחשב) הדפסת חשבונית מרכזת - 25342606185,10,הדפסת חשבונית מרכזת - 25342606185.pdf,2026-08-03__קרן-ממויה__הדפסת חשבונית מרכזת - 25342606185.pdf,+100 filename contains 'חשבונית מרכזת'; +80 filename contains 'חשבונית'; +35 filename contains 'מרכזת'; +150 invoice number match: 25342606185 (+2 more signals),HIGH,000000002A0721BC1CEF6A4193EE5BF12F7DE63007006C8F6A93764406478EDB9ABA665E4A1B000162E6D2DE00006C8F6A93764406478EDB9ABA665E4A1B0009C282B5550000,SELECTED,
2026-08-03 16:23:34,2026,קרן ממויה,Keren@erco.co.il,"(מסמך ממוחשב) הדפסת חשבונית מרכזת - 25342606188, חש. מרכזת יול-26",10,הדפסת חשבונית מרכזת - 25342606188_ חש.pdf,2026-08-03__קרן-ממויה__הדפסת חשבונית מרכזת - 25342606188_ חש.pdf,+100 filename contains 'חשבונית מרכזת'; +80 filename contains 'חשבונית'; +40 filename contains 'חש.'; +35 filename contains 'מרכזת' (+2 more signals),HIGH,000000002A0721BC1CEF6A4193EE5BF12F7DE63007006C8F6A93764406478EDB9ABA665E4A1B000162E6D2DE00006C8F6A93764406478EDB9ABA665E4A1B0009C282B5540000,SELECTED,
2026-08-03 16:23:03,2026,קרן ממויה,Keren@erco.co.il,(מסמך ממוחשב) הדפסת חשבונית מרכזת - 25342606187,7,הדפסת חשבונית מרכזת - 25342606187.pdf,2026-08-03__קרן-ממויה__הדפסת חשבונית מרכזת - 25342606187.pdf,+100 filename contains 'חשבונית מרכזת'; +80 filename contains 'חשבונית'; +35 filename contains 'מרכזת'; +150 invoice number match: 25342606187 (+2 more signals),HIGH,000000002A0721BC1CEF6A4193EE5BF12F7DE63007006C8F6A93764406478EDB9ABA665E4A1B000162E6D2DE00006C8F6A93764406478EDB9ABA665E4A1B0009C282B5530000,SELECTED,
2026-08-03 16:22:51,2026,קרן ממויה,Keren@erco.co.il,(מסמך ממוחשב) הדפסת חשבונית מרכזת - 25342606186,5,הדפסת חשבונית מרכזת - 25342606186.pdf,2026-08-03__קרן-ממויה__הדפסת חשבונית מרכזת - 25342606186.pdf,+100 filename contains 'חשבונית מרכזת'; +80 filename contains 'חשבונית'; +35 filename contains 'מרכזת'; +150 invoice number match: 25342606186 (+2 more signals),HIGH,000000002A0721BC1CEF6A4193EE5BF12F7DE63007006C8F6A93764406478EDB9ABA665E4A1B000162E6D2DE00006C8F6A93764406478EDB9ABA665E4A1B0009C282B5520000,SELECTED,
2026-07-06 12:26:52,2026,קרן ממויה,Keren@erco.co.il,(מסמך ממוחשב) הדפסת חשבונית מרכזת - 25342605228,4,הדפסת חשבונית מרכזת - 25342605228.pdf,2026-07-06__קרן-ממויה__הדפסת חשבונית מרכזת - 25342605228.pdf,+100 filename contains 'חשבונית מרכזת'; +80 filename contains 'חשבונית'; +35 filename contains 'מרכזת'; +150 invoice number match: 25342605228 (+2 more signals),HIGH,000000002A0721BC1CEF6A4193EE5BF12F7DE63007006C8F6A93764406478EDB9ABA665E4A1B000162E6D2DE00006C8F6A93764406478EDB9ABA665E4A1B0009AF1713220000,SELECTED,
2026-07-06 12:26:14,2026,קרן ממויה,Keren@erco.co.il,(מסמך ממוחשב) הדפסת חשבונית מרכזת - 25342605225,2,הדפסת חשבונית מרכזת - 25342605225.pdf,2026-07-06__קרן-ממויה__הדפסת חשבונית מרכזת - 25342605225.pdf,+100 filename contains 'חשבונית מרכזת'; +80 filename contains 'חשבונית'; +35 filename contains 'מרכזת'; +150 invoice number match: 25342605225 (+2 more signals),HIGH,000000002A0721BC1CEF6A4193EE5BF12F7DE63007006C8F6A93764406478EDB9ABA665E4A1B000162E6D2DE00006C8F6A93764406478EDB9ABA665E4A1B0009AF1713210000,SELECTED,
2026-07-06 12:26:12,2026,קרן ממויה,Keren@erco.co.il,"(מסמך ממוחשב) הדפסת חשבונית מרכזת - 25342605226, חש. מרכזת יונ-26",8,הדפסת חשבונית מרכזת - 25342605226_ חש.pdf,2026-07-06__קרן-ממויה__הדפסת חשבונית מרכזת - 25342605226_ חש.pdf,+100 filename contains 'חשבונית מרכזת'; +80 filename contains 'חשבונית'; +40 filename contains 'חש.'; +35 filename contains 'מרכזת' (+2 more signals),HIGH,000000002A0721BC1CEF6A4193EE5BF12F7DE63007006C8F6A93764406478EDB9ABA665E4A1B000162E6D2DE00006C8F6A93764406478EDB9ABA665E4A1B0009AF1713200000,SELECTED,
2026-07-06 12:26:12,2026,קרן ממויה,Keren@erco.co.il,(מסמך ממוחשב) הדפסת חשבונית מרכזת - 25342605227,3,הדפסת חשבונית מרכזת - 25342605227.pdf,2026-07-06__קרן-ממויה__הדפסת חשבונית מרכזת - 25342605227.pdf,+100 filename contains 'חשבונית מרכזת'; +80 filename contains 'חשבונית'; +35 filename contains 'מרכזת'; +150 invoice number match: 25342605227 (+2 more signals),HIGH,000000002A0721BC1CEF6A4193EE5BF12F7DE63007006C8F6A93764406478EDB9ABA665E4A1B000162E6D2DE00006C8F6A93764406478EDB9ABA665E4A1B0009AF17131F0000,SELECTED,
2026-06-03 15:25:43,2026,קרן ממויה,Keren@erco.co.il,(מסמך ממוחשב) הדפסת חשבונית מרכזת - 25342604237,3,הדפסת חשבונית מרכזת - 25342604237.pdf,2026-06-03__קרן-ממויה__הדפסת חשבונית מרכזת - 25342604237.pdf,+100 filename contains 'חשבונית מרכזת'; +80 filename contains 'חשבונית'; +35 filename contains 'מרכזת'; +150 invoice number match: 25342604237 (+2 more signals),HIGH,000000002A0721BC1CEF6A4193EE5BF12F7DE63007006C8F6A93764406478EDB9ABA665E4A1B000162E6D2DE00006C8F6A93764406478EDB9ABA665E4A1B00099B421C4D0000,SELECTED,
2026-06-03 15:25:34,2026,קרן ממויה,Keren@erco.co.il,"(מסמך ממוחשב) הדפסת חשבונית מרכזת - 25342604236, חש. מרכזת מאי-26",12,הדפסת חשבונית מרכזת - 25342604236_ חש.pdf,2026-06-03__קרן-ממויה__הדפסת חשבונית מרכזת - 25342604236_ חש.pdf,+100 filename contains 'חשבונית מרכזת'; +80 filename contains 'חשבונית'; +40 filename contains 'חש.'; +35 filename contains 'מרכזת' (+2 more signals),HIGH,000000002A0721BC1CEF6A4193EE5BF12F7DE63007006C8F6A93764406478EDB9ABA665E4A1B000162E6D2DE00006C8F6A93764406478EDB9ABA665E4A1B00099B421C4C0000,SELECTED,
2026-06-03 15:25:29,2026,קרן ממויה,Keren@erco.co.il,(מסמך ממוחשב) הדפסת חשבונית מרכזת - 25342604234,7,הדפסת חשבונית מרכזת - 25342604234.pdf,2026-06-03__קרן-ממויה__הדפסת חשבונית מרכזת - 25342604234.pdf,+100 filename contains 'חשבונית מרכזת'; +80 filename contains 'חשבונית'; +35 filename contains 'מרכזת'; +150 invoice number match: 25342604234 (+2 more signals),HIGH,000000002A0721BC1CEF6A4193EE5BF12F7DE63007006C8F6A93764406478EDB9ABA665E4A1B000162E6D2DE00006C8F6A93764406478EDB9ABA665E4A1B00099B421C4B0000,SELECTED,
2026-06-03 15:25:28,2026,קרן ממויה,Keren@erco.co.il,(מסמך ממוחשב) הדפסת חשבונית מרכזת - 25342604235,6,הדפסת חשבונית מרכזת - 25342604235.pdf,2026-06-03__קרן-ממויה__הדפסת חשבונית מרכזת - 25342604235.pdf,+100 filename contains 'חשבונית מרכזת'; +80 filename contains 'חשבונית'; +35 filename contains 'מרכזת'; +150 invoice number match: 25342604235 (+2 more signals),HIGH,000000002A0721BC1CEF6A4193EE5BF12F7DE63007006C8F6A93764406478EDB9ABA665E4A1B000162E6D2DE00006C8F6A93764406478EDB9ABA665E4A1B00099B421C4A0000,SELECTED,
2026-05-05 16:35:48,2026,קרן ממויה,Keren@erco.co.il,(מסמך ממוחשב) הדפסת חשבונית מרכזת - 25342603252,5,הדפסת חשבונית מרכזת - 25342603252.pdf,2026-05-05__קרן-ממויה__הדפסת חשבונית מרכזת - 25342603252.pdf,+100 filename contains 'חשבונית מרכזת'; +80 filename contains 'חשבונית'; +35 filename contains 'מרכזת'; +150 invoice number match: 25342603252 (+2 more signals),HIGH,000000002A0721BC1CEF6A4193EE5BF12F7DE63007006C8F6A93764406478EDB9ABA665E4A1B000162E6D2DE00006C8F6A93764406478EDB9ABA665E4A1B0009870128CD0000,SELECTED,
2026-05-05 16:35:44,2026,קרן ממויה,Keren@erco.co.il,(מסמך ממוחשב) הדפסת חשבונית מרכזת - 25342603253,4,הדפסת חשבונית מרכזת - 25342603253.pdf,2026-05-05__קרן-ממויה__הדפסת חשבונית מרכזת - 25342603253.pdf,+100 filename contains 'חשבונית מרכזת'; +80 filename contains 'חשבונית'; +35 filename contains 'מרכזת'; +150 invoice number match: 25342603253 (+2 more signals),HIGH,000000002A0721BC1CEF6A4193EE5BF12F7DE63007006C8F6A93764406478EDB9ABA665E4A1B000162E6D2DE00006C8F6A93764406478EDB9ABA665E4A1B0009870128CC0000,SELECTED,
2026-05-05 16:35:43,2026,קרן ממויה,Keren@erco.co.il,"(מסמך ממוחשב) הדפסת חשבונית מרכזת - 25342603251, חש. מרכזת אפר-26",6,הדפסת חשבונית מרכזת - 25342603251_ חש.pdf,2026-05-05__קרן-ממויה__הדפסת חשבונית מרכזת - 25342603251_ חש.pdf,+100 filename contains 'חשבונית מרכזת'; +80 filename contains 'חשבונית'; +40 filename contains 'חש.'; +35 filename contains 'מרכזת' (+2 more signals),HIGH,000000002A0721BC1CEF6A4193EE5BF12F7DE63007006C8F6A93764406478EDB9ABA665E4A1B000162E6D2DE00006C8F6A93764406478EDB9ABA665E4A1B0009870128CB0000,SELECTED,
2026-05-05 16:35:37,2026,קרן ממויה,Keren@erco.co.il,(מסמך ממוחשב) הדפסת חשבונית מרכזת - 25342603254,1,הדפסת חשבונית מרכזת - 25342603254.pdf,2026-05-05__קרן-ממויה__הדפסת חשבונית מרכזת - 25342603254.pdf,+100 filename contains 'חשבונית מרכזת'; +80 filename contains 'חשבונית'; +35 filename contains 'מרכזת'; +150 invoice number match: 25342603254 (+2 more signals),HIGH,000000002A0721BC1CEF6A4193EE5BF12F7DE63007006C8F6A93764406478EDB9ABA665E4A1B000162E6D2DE00006C8F6A93764406478EDB9ABA665E4A1B0009870128CA0000,SELECTED,
2026-04-06 11:48:34,2026,קרן ממויה,Keren@erco.co.il,(מסמך ממוחשב) הדפסת חשבונית מרכזת - 25342602560,4,הדפסת חשבונית מרכזת - 25342602560.pdf,2026-04-06__קרן-ממויה__הדפסת חשבונית מרכזת - 25342602560.pdf,+100 filename contains 'חשבונית מרכזת'; +80 filename contains 'חשבונית'; +35 filename contains 'מרכזת'; +150 invoice number match: 25342602560 (+2 more signals),HIGH,000000002A0721BC1CEF6A4193EE5BF12F7DE63007006C8F6A93764406478EDB9ABA665E4A1B000162E6D2DE00006C8F6A93764406478EDB9ABA665E4A1B000971A6B0940000,SELECTED,
2026-04-06 10:50:57,2026,קרן ממויה,Keren@erco.co.il,"(מסמך ממוחשב) הדפסת חשבונית מרכזת - 25342602477, חש. מרכזת מרץ-26",7,הדפסת חשבונית מרכזת - 25342602477_ חש.pdf,2026-04-06__קרן-ממויה__הדפסת חשבונית מרכזת - 25342602477_ חש.pdf,+100 filename contains 'חשבונית מרכזת'; +80 filename contains 'חשבונית'; +40 filename contains 'חש.'; +35 filename contains 'מרכזת' (+2 more signals),HIGH,000000002A0721BC1CEF6A4193EE5BF12F7DE63007006C8F6A93764406478EDB9ABA665E4A1B000162E6D2DE00006C8F6A93764406478EDB9ABA665E4A1B000971A6B0930000,SELECTED,
2026-03-04 15:20:08,2026,קרן ממויה,Keren@erco.co.il,"(מסמך ממוחשב) הדפסת חשבונית מרכזת - 25342601565, חש. מרכזת פבר-26",12,הדפסת חשבונית מרכזת - 25342601565_ חש.pdf,2026-03-04__קרן-ממויה__הדפסת חשבונית מרכזת - 25342601565_ חש.pdf,+100 filename contains 'חשבונית מרכזת'; +80 filename contains 'חשבונית'; +40 filename contains 'חש.'; +35 filename contains 'מרכזת' (+2 more signals),HIGH,000000002A0721BC1CEF6A4193EE5BF12F7DE63007006C8F6A93764406478EDB9ABA665E4A1B000162E6D2DE00006C8F6A93764406478EDB9ABA665E4A1B00095EBA40870000,SELECTED,
2026-03-04 12:48:25,2026,קרן ממויה,Keren@erco.co.il,(מסמך ממוחשב) הדפסת חשבונית מרכזת - 25342601046,5,הדפסת חשבונית מרכזת - 25342601046.pdf,2026-03-04__קרן-ממויה__הדפסת חשבונית מרכזת - 25342601046.pdf,+100 filename contains 'חשבונית מרכזת'; +80 filename contains 'חשבונית'; +35 filename contains 'מרכזת'; +150 invoice number match: 25342601046 (+2 more signals),HIGH,000000002A0721BC1CEF6A4193EE5BF12F7DE63007006C8F6A93764406478EDB9ABA665E4A1B000162E6D2DE00006C8F6A93764406478EDB9ABA665E4A1B00095EBA40860000,SELECTED,
2026-02-03 16:07:54,2026,קרן ממויה,Keren@erco.co.il,"(מסמך ממוחשב) הדפסת חשבונית מרכזת - 25342600454, חש. מרכזת ינו-26",10,הדפסת חשבונית מרכזת - 25342600454_ חש.pdf,2026-02-03__קרן-ממויה__הדפסת חשבונית מרכזת - 25342600454_ חש.pdf,+100 filename contains 'חשבונית מרכזת'; +80 filename contains 'חשבונית'; +40 filename contains 'חש.'; +35 filename contains 'מרכזת' (+2 more signals),HIGH,000000002A0721BC1CEF6A4193EE5BF12F7DE63007006C8F6A93764406478EDB9ABA665E4A1B000162E6D2DE00006C8F6A93764406478EDB9ABA665E4A1B00094AEDF17A0000,SELECTED,
2026-02-03 16:07:44,2026,קרן ממויה,Keren@erco.co.il,(מסמך ממוחשב) הדפסת חשבונית מרכזת - 25342600455,2,הדפסת חשבונית מרכזת - 25342600455.pdf,2026-02-03__קרן-ממויה__הדפסת חשבונית מרכזת - 25342600455.pdf,+100 filename contains 'חשבונית מרכזת'; +80 filename contains 'חשבונית'; +35 filename contains 'מרכזת'; +150 invoice number match: 25342600455 (+2 more signals),HIGH,000000002A0721BC1CEF6A4193EE5BF12F7DE63007006C8F6A93764406478EDB9ABA665E4A1B000162E6D2DE00006C8F6A93764406478EDB9ABA665E4A1B00094AEDF1790000,SELECTED,
2026-02-03 16:07:43,2026,קרן ממויה,Keren@erco.co.il,(מסמך ממוחשב) הדפסת חשבונית מרכזת - 25342600502,4,הדפסת חשבונית מרכזת - 25342600502.pdf,2026-02-03__קרן-ממויה__הדפסת חשבונית מרכזת - 25342600502.pdf,+100 filename contains 'חשבונית מרכזת'; +80 filename contains 'חשבונית'; +35 filename contains 'מרכזת'; +150 invoice number match: 25342600502 (+2 more signals),HIGH,000000002A0721BC1CEF6A4193EE5BF12F7DE63007006C8F6A93764406478EDB9ABA665E4A1B000162E6D2DE00006C8F6A93764406478EDB9ABA665E4A1B00094AEDF1780000,SELECTED,
2026-01-05 14:19:24,2026,קרן ממויה,Keren@erco.co.il,"(מסמך ממוחשב) הדפסת חשבונית מרכזת - 25342509668, חש. מרכזת דצמ-25",20,הדפסת חשבונית מרכזת - 25342509668_ חש.pdf,2026-01-05__קרן-ממויה__הדפסת חשבונית מרכזת - 25342509668_ חש.pdf,+100 filename contains 'חשבונית מרכזת'; +80 filename contains 'חשבונית'; +40 filename contains 'חש.'; +35 filename contains 'מרכזת' (+2 more signals),HIGH,000000002A0721BC1CEF6A4193EE5BF12F7DE63007006C8F6A93764406478EDB9ABA665E4A1B000162E6D2DE00006C8F6A93764406478EDB9ABA665E4A1B000934CB55930000,SELECTED,
2026-01-05 14:19:06,2026,קרן ממויה,Keren@erco.co.il,(מסמך ממוחשב) הדפסת חשבונית מרכזת - 25342509669,1,הדפסת חשבונית מרכזת - 25342509669.pdf,2026-01-05__קרן-ממויה__הדפסת חשבונית מרכזת - 25342509669.pdf,+100 filename contains 'חשבונית מרכזת'; +80 filename contains 'חשבונית'; +35 filename contains 'מרכזת'; +150 invoice number match: 25342509669 (+2 more signals),HIGH,000000002A0721BC1CEF6A4193EE5BF12F7DE63007006C8F6A93764406478EDB9ABA665E4A1B000162E6D2DE00006C8F6A93764406478EDB9ABA665E4A1B000934CB55920000,SELECTED,
2026-01-05 14:19:02,2026,קרן ממויה,Keren@erco.co.il,(מסמך ממוחשב) הדפסת חשבונית מרכזת - 25342509667,6,הדפסת חשבונית מרכזת - 25342509667.pdf,2026-01-05__קרן-ממויה__הדפסת חשבונית מרכזת - 25342509667.pdf,+100 filename contains 'חשבונית מרכזת'; +80 filename contains 'חשבונית'; +35 filename contains 'מרכזת'; +150 invoice number match: 25342509667 (+2 more signals),HIGH,000000002A0721BC1CEF6A4193EE5BF12F7DE63007006C8F6A93764406478EDB9ABA665E4A1B000162E6D2DE00006C8F6A93764406478EDB9ABA665E4A1B000934CB55910000,SELECTED,
2025-12-03 16:43:29,2025,קרן ממויה,Keren@erco.co.il,(מסמך ממוחשב) הדפסת חשבונית מרכזת - 25342508770,8,הדפסת חשבונית מרכזת - 25342508770.pdf,2025-12-03__קרן-ממויה__הדפסת חשבונית מרכזת - 25342508770.pdf,+100 filename contains 'חשבונית מרכזת'; +80 filename contains 'חשבונית'; +35 filename contains 'מרכזת'; +150 invoice number match: 25342508770 (+2 more signals),HIGH,000000002A0721BC1CEF6A4193EE5BF12F7DE63007006C8F6A93764406478EDB9ABA665E4A1B000162E6D2DE00006C8F6A93764406478EDB9ABA665E4A1B0009224FEE560000,SELECTED,
2025-12-03 16:43:15,2025,קרן ממויה,Keren@erco.co.il,"(מסמך ממוחשב) הדפסת חשבונית מרכזת - 25342508768, חש. מרכזת נוב-25",5,הדפסת חשבונית מרכזת - 25342508768_ חש.pdf,2025-12-03__קרן-ממויה__הדפסת חשבונית מרכזת - 25342508768_ חש.pdf,+100 filename contains 'חשבונית מרכזת'; +80 filename contains 'חשבונית'; +40 filename contains 'חש.'; +35 filename contains 'מרכזת' (+2 more signals),HIGH,000000002A0721BC1CEF6A4193EE5BF12F7DE63007006C8F6A93764406478EDB9ABA665E4A1B000162E6D2DE00006C8F6A93764406478EDB9ABA665E4A1B0009224FEE550000,SELECTED,
2025-12-03 16:43:06,2025,קרן ממויה,Keren@erco.co.il,(מסמך ממוחשב) הדפסת חשבונית מרכזת - 25342508769,2,הדפסת חשבונית מרכזת - 25342508769.pdf,2025-12-03__קרן-ממויה__הדפסת חשבונית מרכזת - 25342508769.pdf,+100 filename contains 'חשבונית מרכזת'; +80 filename contains 'חשבונית'; +35 filename contains 'מרכזת'; +150 invoice number match: 25342508769 (+2 more signals),HIGH,000000002A0721BC1CEF6A4193EE5BF12F7DE63007006C8F6A93764406478EDB9ABA665E4A1B000162E6D2DE00006C8F6A93764406478EDB9ABA665E4A1B0009224FEE540000,SELECTED,
2025-11-04 15:09:55,2025,קרן ממויה,Keren@erco.co.il,"(מסמך ממוחשב) הדפסת חשבונית מרכזת - 25342507863, חש. מרכזת אוק-25",5,הדפסת חשבונית מרכזת - 25342507863_ חש.pdf,2025-11-04__קרן-ממויה__הדפסת חשבונית מרכזת - 25342507863_ חש.pdf,+100 filename contains 'חשבונית מרכזת'; +80 filename contains 'חשבונית'; +40 filename contains 'חש.'; +35 filename contains 'מרכזת' (+2 more signals),HIGH,000000002A0721BC1CEF6A4193EE5BF12F7DE63007006C8F6A93764406478EDB9ABA665E4A1B000162E6D2DE00006C8F6A93764406478EDB9ABA665E4A1B00090F0DC3A10000,SELECTED,
2025-11-04 15:09:50,2025,קרן ממויה,Keren@erco.co.il,(מסמך ממוחשב) הדפסת חשבונית מרכזת - 25342507862,2,הדפסת חשבונית מרכזת - 25342507862.pdf,2025-11-04__קרן-ממויה__הדפסת חשבונית מרכזת - 25342507862.pdf,+100 filename contains 'חשבונית מרכזת'; +80 filename contains 'חשבונית'; +35 filename contains 'מרכזת'; +150 invoice number match: 25342507862 (+2 more signals),HIGH,000000002A0721BC1CEF6A4193EE5BF12F7DE63007006C8F6A93764406478EDB9ABA665E4A1B000162E6D2DE00006C8F6A93764406478EDB9ABA665E4A1B00090F0DC3A00000,SELECTED,
2025-11-04 15:09:49,2025,קרן ממויה,Keren@erco.co.il,(מסמך ממוחשב) הדפסת חשבונית מרכזת - 25342507861,2,הדפסת חשבונית מרכזת - 25342507861.pdf,2025-11-04__קרן-ממויה__הדפסת חשבונית מרכזת - 25342507861.pdf,+100 filename contains 'חשבונית מרכזת'; +80 filename contains 'חשבונית'; +35 filename contains 'מרכזת'; +150 invoice number match: 25342507861 (+2 more signals),HIGH,000000002A0721BC1CEF6A4193EE5BF12F7DE63007006C8F6A93764406478EDB9ABA665E4A1B000162E6D2DE00006C8F6A93764406478EDB9ABA665E4A1B00090F0DC39F0000,SELECTED,
2025-10-08 11:19:22,2025,קרן ממויה,Keren@erco.co.il,(מסמך ממוחשב) הדפסת חשבונית מרכזת - 25342507079,3,הדפסת חשבונית מרכזת - 25342507079.pdf,2025-10-08__קרן-ממויה__הדפסת חשבונית מרכזת - 25342507079.pdf,+100 filename contains 'חשבונית מרכזת'; +80 filename contains 'חשבונית'; +35 filename contains 'מרכזת'; +150 invoice number match: 25342507079 (+2 more signals),HIGH,000000002A0721BC1CEF6A4193EE5BF12F7DE63007006C8F6A93764406478EDB9ABA665E4A1B000162E6D2DE00006C8F6A93764406478EDB9ABA665E4A1B0008FDB664CF0000,SELECTED,
2025-10-08 11:19:22,2025,קרן ממויה,Keren@erco.co.il,"(מסמך ממוחשב) הדפסת חשבונית מרכזת - 25342507078, חש. מרכזת ספט-25",6,הדפסת חשבונית מרכזת - 25342507078_ חש.pdf,2025-10-08__קרן-ממויה__הדפסת חשבונית מרכזת - 25342507078_ חש.pdf,+100 filename contains 'חשבונית מרכזת'; +80 filename contains 'חשבונית'; +40 filename contains 'חש.'; +35 filename contains 'מרכזת' (+2 more signals),HIGH,000000002A0721BC1CEF6A4193EE5BF12F7DE63007006C8F6A93764406478EDB9ABA665E4A1B000162E6D2DE00006C8F6A93764406478EDB9ABA665E4A1B0008FDB664CE0000,SELECTED,
2025-10-08 11:19:19,2025,קרן ממויה,Keren@erco.co.il,(מסמך ממוחשב) הדפסת חשבונית מרכזת - 25342507077,3,הדפסת חשבונית מרכזת - 25342507077.pdf,2025-10-08__קרן-ממויה__הדפסת חשבונית מרכזת - 25342507077.pdf,+100 filename contains 'חשבונית מרכזת'; +80 filename contains 'חשבונית'; +35 filename contains 'מרכזת'; +150 invoice number match: 25342507077 (+2 more signals),HIGH,000000002A0721BC1CEF6A4193EE5BF12F7DE63007006C8F6A93764406478EDB9ABA665E4A1B000162E6D2DE00006C8F6A93764406478EDB9ABA665E4A1B0008FDB664CD0000,SELECTED,
2025-10-08 11:19:18,2025,קרן ממויה,Keren@erco.co.il,(מסמך ממוחשב) הדפסת חשבונית מרכזת - 25342507076,2,הדפסת חשבונית מרכזת - 25342507076.pdf,2025-10-08__קרן-ממויה__הדפסת חשבונית מרכזת - 25342507076.pdf,+100 filename contains 'חשבונית מרכזת'; +80 filename contains 'חשבונית'; +35 filename contains 'מרכזת'; +150 invoice number match: 25342507076 (+2 more signals),HIGH,000000002A0721BC1CEF6A4193EE5BF12F7DE63007006C8F6A93764406478EDB9ABA665E4A1B000162E6D2DE00006C8F6A93764406478EDB9ABA665E4A1B0008FDB664CC0000,SELECTED,
2025-09-02 08:55:25,2025,קרן ממויה,Keren@erco.co.il,(מסמך ממוחשב) הדפסת חשבונית מרכזת - 25342506003,8,הדפסת חשבונית מרכזת - 25342506003.pdf,2025-09-02__קרן-ממויה__הדפסת חשבונית מרכזת - 25342506003.pdf,+100 filename contains 'חשבונית מרכזת'; +80 filename contains 'חשבונית'; +35 filename contains 'מרכזת'; +150 invoice number match: 25342506003 (+2 more signals),HIGH,000000002A0721BC1CEF6A4193EE5BF12F7DE63007006C8F6A93764406478EDB9ABA665E4A1B000162E6D2DE00006C8F6A93764406478EDB9ABA665E4A1B0008E5BF494A0000,SELECTED,
2025-09-02 08:55:24,2025,קרן ממויה,Keren@erco.co.il,"(מסמך ממוחשב) הדפסת חשבונית מרכזת - 25342506002, חש. מרכזת אוג-25",20,הדפסת חשבונית מרכזת - 25342506002_ חש.pdf,2025-09-02__קרן-ממויה__הדפסת חשבונית מרכזת - 25342506002_ חש.pdf,+100 filename contains 'חשבונית מרכזת'; +80 filename contains 'חשבונית'; +40 filename contains 'חש.'; +35 filename contains 'מרכזת' (+2 more signals),HIGH,000000002A0721BC1CEF6A4193EE5BF12F7DE63007006C8F6A93764406478EDB9ABA665E4A1B000162E6D2DE00006C8F6A93764406478EDB9ABA665E4A1B0008E5BF49490000,SELECTED,
2025-09-02 08:55:14,2025,קרן ממויה,Keren@erco.co.il,"(מסמך ממוחשב) הדפסת חשבונית מרכזת - 25342506001, חש. מרכזת אוג-25",3,הדפסת חשבונית מרכזת - 25342506001_ חש.pdf,2025-09-02__קרן-ממויה__הדפסת חשבונית מרכזת - 25342506001_ חש.pdf,+100 filename contains 'חשבונית מרכזת'; +80 filename contains 'חשבונית'; +40 filename contains 'חש.'; +35 filename contains 'מרכזת' (+2 more signals),HIGH,000000002A0721BC1CEF6A4193EE5BF12F7DE63007006C8F6A93764406478EDB9ABA665E4A1B000162E6D2DE00006C8F6A93764406478EDB9ABA665E4A1B0008E5BF49480000,SELECTED,
2025-09-02 08:55:10,2025,קרן ממויה,Keren@erco.co.il,(מסמך ממוחשב) הדפסת חשבונית מרכזת - 25342506000,7,הדפסת חשבונית מרכזת - 25342506000.pdf,2025-09-02__קרן-ממויה__הדפסת חשבונית מרכזת - 25342506000.pdf,+100 filename contains 'חשבונית מרכזת'; +80 filename contains 'חשבונית'; +35 filename contains 'מרכזת'; +150 invoice number match: 25342506000 (+2 more signals),HIGH,000000002A0721BC1CEF6A4193EE5BF12F7DE63007006C8F6A93764406478EDB9ABA665E4A1B000162E6D2DE00006C8F6A93764406478EDB9ABA665E4A1B0008E5BF49470000,SELECTED,
2025-07-31 12:07:10,2025,קרן ממויה,Keren@erco.co.il,(מסמך ממוחשב) הדפסת חשבונית מרכזת - 25342505259,3,הדפסת חשבונית מרכזת - 25342505259.pdf,2025-07-31__קרן-ממויה__הדפסת חשבונית מרכזת - 25342505259.pdf,+100 filename contains 'חשבונית מרכזת'; +80 filename contains 'חשבונית'; +35 filename contains 'מרכזת'; +150 invoice number match: 25342505259 (+2 more signals),HIGH,000000002A0721BC1CEF6A4193EE5BF12F7DE63007006C8F6A93764406478EDB9ABA665E4A1B000162E6D2DE00006C8F6A93764406478EDB9ABA665E4A1B0008D057439F0000,SELECTED,
2025-07-31 12:07:00,2025,קרן ממויה,Keren@erco.co.il,(מסמך ממוחשב) הדפסת חשבונית מרכזת - 25342505258,9,הדפסת חשבונית מרכזת - 25342505258.pdf,2025-07-31__קרן-ממויה__הדפסת חשבונית מרכזת - 25342505258.pdf,+100 filename contains 'חשבונית מרכזת'; +80 filename contains 'חשבונית'; +35 filename contains 'מרכזת'; +150 invoice number match: 25342505258 (+2 more signals),HIGH,000000002A0721BC1CEF6A4193EE5BF12F7DE63007006C8F6A93764406478EDB9ABA665E4A1B000162E6D2DE00006C8F6A93764406478EDB9ABA665E4A1B0008D057439E0000,SELECTED,
2025-07-31 12:06:42,2025,קרן ממויה,Keren@erco.co.il,(מסמך ממוחשב) הדפסת חשבונית מרכזת - 25342505257,3,הדפסת חשבונית מרכזת - 25342505257.pdf,2025-07-31__קרן-ממויה__הדפסת חשבונית מרכזת - 25342505257.pdf,+100 filename contains 'חשבונית מרכזת'; +80 filename contains 'חשבונית'; +35 filename contains 'מרכזת'; +150 invoice number match: 25342505257 (+2 more signals),HIGH,000000002A0721BC1CEF6A4193EE5BF12F7DE63007006C8F6A93764406478EDB9ABA665E4A1B000162E6D2DE00006C8F6A93764406478EDB9ABA665E4A1B0008D057439D0000,SELECTED,
2025-07-31 12:06:35,2025,קרן ממויה,Keren@erco.co.il,"(מסמך ממוחשב) הדפסת חשבונית מרכזת - 25342505256, חש. מרכזת יול-25",10,הדפסת חשבונית מרכזת - 25342505256_ חש.pdf,2025-07-31__קרן-ממויה__הדפסת חשבונית מרכזת - 25342505256_ חש.pdf,+100 filename contains 'חשבונית מרכזת'; +80 filename contains 'חשבונית'; +40 filename contains 'חש.'; +35 filename contains 'מרכזת' (+2 more signals),HIGH,000000002A0721BC1CEF6A4193EE5BF12F7DE63007006C8F6A93764406478EDB9ABA665E4A1B000162E6D2DE00006C8F6A93764406478EDB9ABA665E4A1B0008D057439C0000,SELECTED,
2025-07-01 14:25:56,2025,קרן ממויה,Keren@erco.co.il,(מסמך ממוחשב) הדפסת חשבונית מרכזת - 25342504339,2,הדפסת חשבונית מרכזת - 25342504339.pdf,2025-07-01__קרן-ממויה__הדפסת חשבונית מרכזת - 25342504339.pdf,+100 filename contains 'חשבונית מרכזת'; +80 filename contains 'חשבונית'; +35 filename contains 'מרכזת'; +150 invoice number match: 25342504339 (+2 more signals),HIGH,000000002A0721BC1CEF6A4193EE5BF12F7DE63007006C8F6A93764406478EDB9ABA665E4A1B000162E6D2DE00006C8F6A93764406478EDB9ABA665E4A1B0008BC8AD95A0000,SELECTED,
2025-07-01 14:25:46,2025,קרן ממויה,Keren@erco.co.il,(מסמך ממוחשב) הדפסת חשבונית מרכזת - 25342504305,5,הדפסת חשבונית מרכזת - 25342504305.pdf,2025-07-01__קרן-ממויה__הדפסת חשבונית מרכזת - 25342504305.pdf,+100 filename contains 'חשבונית מרכזת'; +80 filename contains 'חשבונית'; +35 filename contains 'מרכזת'; +150 invoice number match: 25342504305 (+2 more signals),HIGH,000000002A0721BC1CEF6A4193EE5BF12F7DE63007006C8F6A93764406478EDB9ABA665E4A1B000162E6D2DE00006C8F6A93764406478EDB9ABA665E4A1B0008BC8AD9590000,SELECTED,
2025-07-01 14:25:36,2025,קרן ממויה,Keren@erco.co.il,"(מסמך ממוחשב) הדפסת חשבונית מרכזת - 25342504271, חש. מרכזת יונ-25",7,הדפסת חשבונית מרכזת - 25342504271_ חש.pdf,2025-07-01__קרן-ממויה__הדפסת חשבונית מרכזת - 25342504271_ חש.pdf,+100 filename contains 'חשבונית מרכזת'; +80 filename contains 'חשבונית'; +40 filename contains 'חש.'; +35 filename contains 'מרכזת' (+2 more signals),HIGH,000000002A0721BC1CEF6A4193EE5BF12F7DE63007006C8F6A93764406478EDB9ABA665E4A1B000162E6D2DE00006C8F6A93764406478EDB9ABA665E4A1B0008BC8AD9580000,SELECTED,
2025-06-04 15:14:18,2025,קרן ממויה,Keren@erco.co.il,(מסמך ממוחשב) הדפסת חשבונית מרכזת - 25342503682,13,הדפסת חשבונית מרכזת - 25342503682.pdf,2025-06-04__קרן-ממויה__הדפסת חשבונית מרכזת - 25342503682.pdf,+100 filename contains 'חשבונית מרכזת'; +80 filename contains 'חשבונית'; +35 filename contains 'מרכזת'; +150 invoice number match: 25342503682 (+2 more signals),HIGH,000000002A0721BC1CEF6A4193EE5BF12F7DE63007006C8F6A93764406478EDB9ABA665E4A1B000162E6D2DE00006C8F6A93764406478EDB9ABA665E4A1B0008A9CB8C7C0000,SELECTED,
2025-06-04 15:13:57,2025,קרן ממויה,Keren@erco.co.il,(מסמך ממוחשב) הדפסת חשבונית מרכזת - 25342503681,5,הדפסת חשבונית מרכזת - 25342503681.pdf,2025-06-04__קרן-ממויה__הדפסת חשבונית מרכזת - 25342503681.pdf,+100 filename contains 'חשבונית מרכזת'; +80 filename contains 'חשבונית'; +35 filename contains 'מרכזת'; +150 invoice number match: 25342503681 (+2 more signals),HIGH,000000002A0721BC1CEF6A4193EE5BF12F7DE63007006C8F6A93764406478EDB9ABA665E4A1B000162E6D2DE00006C8F6A93764406478EDB9ABA665E4A1B0008A9CB8C7B0000,SELECTED,
2025-06-04 15:13:44,2025,קרן ממויה,Keren@erco.co.il,(מסמך ממוחשב) הדפסת חשבונית מרכזת - 25342503680,2,הדפסת חשבונית מרכזת - 25342503680.pdf,2025-06-04__קרן-ממויה__הדפסת חשבונית מרכזת - 25342503680.pdf,+100 filename contains 'חשבונית מרכזת'; +80 filename contains 'חשבונית'; +35 filename contains 'מרכזת'; +150 invoice number match: 25342503680 (+2 more signals),HIGH,000000002A0721BC1CEF6A4193EE5BF12F7DE63007006C8F6A93764406478EDB9ABA665E4A1B000162E6D2DE00006C8F6A93764406478EDB9ABA665E4A1B0008A9CB8C7A0000,SELECTED,
2025-06-04 15:13:41,2025,קרן ממויה,Keren@erco.co.il,"(מסמך ממוחשב) הדפסת חשבונית מרכזת - 25342503679, חש. מרכזת מאי-25",18,הדפסת חשבונית מרכזת - 25342503679_ חש.pdf,2025-06-04__קרן-ממויה__הדפסת חשבונית מרכזת - 25342503679_ חש.pdf,+100 filename contains 'חשבונית מרכזת'; +80 filename contains 'חשבונית'; +40 filename contains 'חש.'; +35 filename contains 'מרכזת' (+2 more signals),HIGH,000000002A0721BC1CEF6A4193EE5BF12F7DE63007006C8F6A93764406478EDB9ABA665E4A1B000162E6D2DE00006C8F6A93764406478EDB9ABA665E4A1B0008A9CB8C790000,SELECTED,
2025-04-08 15:47:45,2025,קרן ממויה,Keren@erco.co.il,"(מסמך ממוחשב) הדפסת חשבונית מרכזת - 25342502226, חש. מרכזת מרץ-25",5,הדפסת חשבונית מרכזת - 25342502226_ חש.pdf,2025-04-08__קרן-ממויה__הדפסת חשבונית מרכזת - 25342502226_ חש.pdf,+100 filename contains 'חשבונית מרכזת'; +80 filename contains 'חשבונית'; +40 filename contains 'חש.'; +35 filename contains 'מרכזת' (+2 more signals),HIGH,000000002A0721BC1CEF6A4193EE5BF12F7DE63007006C8F6A93764406478EDB9ABA665E4A1B000162E6D2DE00006C8F6A93764406478EDB9ABA665E4A1B0008844FB4070000,SELECTED,
2025-04-08 15:47:35,2025,קרן ממויה,Keren@erco.co.il,(מסמך ממוחשב) הדפסת חשבונית מרכזת - 25342502225,3,הדפסת חשבונית מרכזת - 25342502225.pdf,2025-04-08__קרן-ממויה__הדפסת חשבונית מרכזת - 25342502225.pdf,+100 filename contains 'חשבונית מרכזת'; +80 filename contains 'חשבונית'; +35 filename contains 'מרכזת'; +150 invoice number match: 25342502225 (+2 more signals),HIGH,000000002A0721BC1CEF6A4193EE5BF12F7DE63007006C8F6A93764406478EDB9ABA665E4A1B000162E6D2DE00006C8F6A93764406478EDB9ABA665E4A1B0008844FB4060000,SELECTED,
2025-04-08 15:47:32,2025,קרן ממויה,Keren@erco.co.il,(מסמך ממוחשב) הדפסת חשבונית מרכזת - 25342502224,9,הדפסת חשבונית מרכזת - 25342502224.pdf,2025-04-08__קרן-ממויה__הדפסת חשבונית מרכזת - 25342502224.pdf,+100 filename contains 'חשבונית מרכזת'; +80 filename contains 'חשבונית'; +35 filename contains 'מרכזת'; +150 invoice number match: 25342502224 (+2 more signals),HIGH,000000002A0721BC1CEF6A4193EE5BF12F7DE63007006C8F6A93764406478EDB9ABA665E4A1B000162E6D2DE00006C8F6A93764406478EDB9ABA665E4A1B0008844FB4050000,SELECTED,
2025-03-04 14:36:00,2025,קרן ממויה,Keren@erco.co.il,(מסמך ממוחשב) הדפסת חשבונית מרכזת - 25342501315,3,הדפסת חשבונית מרכזת - 25342501315.pdf,2025-03-04__קרן-ממויה__הדפסת חשבונית מרכזת - 25342501315.pdf,+100 filename contains 'חשבונית מרכזת'; +80 filename contains 'חשבונית'; +35 filename contains 'מרכזת'; +150 invoice number match: 25342501315 (+2 more signals),HIGH,000000002A0721BC1CEF6A4193EE5BF12F7DE63007006C8F6A93764406478EDB9ABA665E4A1B000162E6D2DE00006C8F6A93764406478EDB9ABA665E4A1B00086C9C6FE40000,SELECTED,
2025-03-04 14:35:59,2025,קרן ממויה,Keren@erco.co.il,"(מסמך ממוחשב) הדפסת חשבונית מרכזת - 25342501314, חש. מרכזת פבר-25",17,הדפסת חשבונית מרכזת - 25342501314_ חש.pdf,2025-03-04__קרן-ממויה__הדפסת חשבונית מרכזת - 25342501314_ חש.pdf,+100 filename contains 'חשבונית מרכזת'; +80 filename contains 'חשבונית'; +40 filename contains 'חש.'; +35 filename contains 'מרכזת' (+2 more signals),HIGH,000000002A0721BC1CEF6A4193EE5BF12F7DE63007006C8F6A93764406478EDB9ABA665E4A1B000162E6D2DE00006C8F6A93764406478EDB9ABA665E4A1B00086C9C6FE30000,SELECTED,
2025-03-04 14:35:36,2025,קרן ממויה,Keren@erco.co.il,(מסמך ממוחשב) הדפסת חשבונית מרכזת - 25342501313,9,הדפסת חשבונית מרכזת - 25342501313.pdf,2025-03-04__קרן-ממויה__הדפסת חשבונית מרכזת - 25342501313.pdf,+100 filename contains 'חשבונית מרכזת'; +80 filename contains 'חשבונית'; +35 filename contains 'מרכזת'; +150 invoice number match: 25342501313 (+2 more signals),HIGH,000000002A0721BC1CEF6A4193EE5BF12F7DE63007006C8F6A93764406478EDB9ABA665E4A1B000162E6D2DE00006C8F6A93764406478EDB9ABA665E4A1B00086C9C6FE20000,SELECTED,
2025-02-03 13:54:48,2025,קרן ממויה,Keren@erco.co.il,"(מסמך ממוחשב) הדפסת חשבונית מרכזת - 25342500489, חש. מרכזת ינו-25",12,הדפסת חשבונית מרכזת - 25342500489_ חש.pdf,2025-02-03__קרן-ממויה__הדפסת חשבונית מרכזת - 25342500489_ חש.pdf,+100 filename contains 'חשבונית מרכזת'; +80 filename contains 'חשבונית'; +40 filename contains 'חש.'; +35 filename contains 'מרכזת' (+2 more signals),HIGH,000000002A0721BC1CEF6A4193EE5BF12F7DE63007006C8F6A93764406478EDB9ABA665E4A1B000162E6D2DE00006C8F6A93764406478EDB9ABA665E4A1B00085A19BD7E0000,SELECTED,
2025-02-03 13:54:30,2025,קרן ממויה,Keren@erco.co.il,(מסמך ממוחשב) הדפסת חשבונית מרכזת - 25342500488,5,הדפסת חשבונית מרכזת - 25342500488.pdf,2025-02-03__קרן-ממויה__הדפסת חשבונית מרכזת - 25342500488.pdf,+100 filename contains 'חשבונית מרכזת'; +80 filename contains 'חשבונית'; +35 filename contains 'מרכזת'; +150 invoice number match: 25342500488 (+2 more signals),HIGH,000000002A0721BC1CEF6A4193EE5BF12F7DE63007006C8F6A93764406478EDB9ABA665E4A1B000162E6D2DE00006C8F6A93764406478EDB9ABA665E4A1B00085A19BD7D0000,SELECTED,
2025-02-03 13:54:21,2025,קרן ממויה,Keren@erco.co.il,(מסמך ממוחשב) הדפסת חשבונית מרכזת - 25342500487,3,הדפסת חשבונית מרכזת - 25342500487.pdf,2025-02-03__קרן-ממויה__הדפסת חשבונית מרכזת - 25342500487.pdf,+100 filename contains 'חשבונית מרכזת'; +80 filename contains 'חשבונית'; +35 filename contains 'מרכזת'; +150 invoice number match: 25342500487 (+2 more signals),HIGH,000000002A0721BC1CEF6A4193EE5BF12F7DE63007006C8F6A93764406478EDB9ABA665E4A1B000162E6D2DE00006C8F6A93764406478EDB9ABA665E4A1B00085A19BD7C0000,SELECTED,
2025-02-03 13:54:12,2025,קרן ממויה,Keren@erco.co.il,(מסמך ממוחשב) הדפסת חשבונית מרכזת - 25342500486,2,הדפסת חשבונית מרכזת - 25342500486.pdf,2025-02-03__קרן-ממויה__הדפסת חשבונית מרכזת - 25342500486.pdf,+100 filename contains 'חשבונית מרכזת'; +80 filename contains 'חשבונית'; +35 filename contains 'מרכזת'; +150 invoice number match: 25342500486 (+2 more signals),HIGH,000000002A0721BC1CEF6A4193EE5BF12F7DE63007006C8F6A93764406478EDB9ABA665E4A1B000162E6D2DE00006C8F6A93764406478EDB9ABA665E4A1B00085A19BD7B0000,SELECTED,
2025-01-02 15:52:43,2025,קרן ממויה,Keren@erco.co.il,"(מסמך ממוחשב) הדפסת חשבונית מרכזת - 25342412102, חש. מרכזת דצמ-24",2,הדפסת חשבונית מרכזת - 25342412102_ חש.pdf,2025-01-02__קרן-ממויה__הדפסת חשבונית מרכזת - 25342412102_ חש.pdf,+100 filename contains 'חשבונית מרכזת'; +80 filename contains 'חשבונית'; +40 filename contains 'חש.'; +35 filename contains 'מרכזת' (+2 more signals),HIGH,000000002A0721BC1CEF6A4193EE5BF12F7DE63007006C8F6A93764406478EDB9ABA665E4A1B000162E6D2DE00006C8F6A93764406478EDB9ABA665E4A1B000844D4BC090000,SELECTED,
2024-12-31 13:23:34,2024,קרן ממויה,Keren@erco.co.il,(מסמך ממוחשב) הדפסת חשבונית מרכזת - 25342411682,16,הדפסת חשבונית מרכזת - 25342411682.pdf,2024-12-31__קרן-ממויה__הדפסת חשבונית מרכזת - 25342411682.pdf,+100 filename contains 'חשבונית מרכזת'; +80 filename contains 'חשבונית'; +35 filename contains 'מרכזת'; +150 invoice number match: 25342411682 (+2 more signals),HIGH,000000002A0721BC1CEF6A4193EE5BF12F7DE63007006C8F6A93764406478EDB9ABA665E4A1B000162E6D2DE00006C8F6A93764406478EDB9ABA665E4A1B00084346CAE80000,SELECTED,
2024-12-31 13:23:12,2024,קרן ממויה,Keren@erco.co.il,"(מסמך ממוחשב) הדפסת חשבונית מרכזת - 25342411681, חש. מרכזת דצמ-24",7,הדפסת חשבונית מרכזת - 25342411681_ חש.pdf,2024-12-31__קרן-ממויה__הדפסת חשבונית מרכזת - 25342411681_ חש.pdf,+100 filename contains 'חשבונית מרכזת'; +80 filename contains 'חשבונית'; +40 filename contains 'חש.'; +35 filename contains 'מרכזת' (+2 more signals),HIGH,000000002A0721BC1CEF6A4193EE5BF12F7DE63007006C8F6A93764406478EDB9ABA665E4A1B000162E6D2DE00006C8F6A93764406478EDB9ABA665E4A1B00084346CAE70000,SELECTED,
2024-12-31 13:22:58,2024,קרן ממויה,Keren@erco.co.il,(מסמך ממוחשב) הדפסת חשבונית מרכזת - 25342411680,2,הדפסת חשבונית מרכזת - 25342411680.pdf,2024-12-31__קרן-ממויה__הדפסת חשבונית מרכזת - 25342411680.pdf,+100 filename contains 'חשבונית מרכזת'; +80 filename contains 'חשבונית'; +35 filename contains 'מרכזת'; +150 invoice number match: 25342411680 (+2 more signals),HIGH,000000002A0721BC1CEF6A4193EE5BF12F7DE63007006C8F6A93764406478EDB9ABA665E4A1B000162E6D2DE00006C8F6A93764406478EDB9ABA665E4A1B00084346CAE60000,SELECTED,
2024-12-11 11:39:49,2024,קרן ממויה,Keren@erco.co.il,הדפסת חשבונית מרכזת - 25342411013.pdf,1,הדפסת חשבונית מרכזת - 25342411013.pdf,2024-12-11__קרן-ממויה__הדפסת חשבונית מרכזת - 25342411013.pdf,+100 filename contains 'חשבונית מרכזת'; +80 filename contains 'חשבונית'; +35 filename contains 'מרכזת'; +150 invoice number match: 25342411013 (+2 more signals),HIGH,000000002A0721BC1CEF6A4193EE5BF12F7DE63007006C8F6A93764406478EDB9ABA665E4A1B000162E6D2DE00006C8F6A93764406478EDB9ABA665E4A1B000832177A2A0000,SELECTED,
2024-12-08 14:57:49,2024,קרן ממויה,Keren@erco.co.il,"(מסמך ממוחשב) הדפסת חשבונית מרכזת - 25342411015, חש. מרכזת נוב-24",9,הדפסת חשבונית מרכזת - 25342411015_ חש.pdf,2024-12-08__קרן-ממויה__הדפסת חשבונית מרכזת - 25342411015_ חש.pdf,+100 filename contains 'חשבונית מרכזת'; +80 filename contains 'חשבונית'; +40 filename contains 'חש.'; +35 filename contains 'מרכזת' (+2 more signals),HIGH,000000002A0721BC1CEF6A4193EE5BF12F7DE63007006C8F6A93764406478EDB9ABA665E4A1B000162E6D2DE00006C8F6A93764406478EDB9ABA665E4A1B000832177A290000,SELECTED,
2024-12-08 14:57:48,2024,קרן ממויה,Keren@erco.co.il,(מסמך ממוחשב) הדפסת חשבונית מרכזת - 25342411014,9,הדפסת חשבונית מרכזת - 25342411014.pdf,2024-12-08__קרן-ממויה__הדפסת חשבונית מרכזת - 25342411014.pdf,+100 filename contains 'חשבונית מרכזת'; +80 filename contains 'חשבונית'; +35 filename contains 'מרכזת'; +150 invoice number match: 25342411014 (+2 more signals),HIGH,000000002A0721BC1CEF6A4193EE5BF12F7DE63007006C8F6A93764406478EDB9ABA665E4A1B000162E6D2DE00006C8F6A93764406478EDB9ABA665E4A1B000832177A280000,SELECTED,
2024-11-04 11:06:18,2024,קרן ממויה,Keren@erco.co.il,"(מסמך ממוחשב) הדפסת חשבונית מרכזת - 25342409667, חש. מרכזת אוק-24",11,הדפסת חשבונית מרכזת - 25342409667_ חש.pdf,2024-11-04__קרן-ממויה__הדפסת חשבונית מרכזת - 25342409667_ חש.pdf,+100 filename contains 'חשבונית מרכזת'; +80 filename contains 'חשבונית'; +40 filename contains 'חש.'; +35 filename contains 'מרכזת' (+2 more signals),HIGH,000000002A0721BC1CEF6A4193EE5BF12F7DE63007006C8F6A93764406478EDB9ABA665E4A1B000162E6D2DE00006C8F6A93764406478EDB9ABA665E4A1B00081E7A4A290000,SELECTED,
2024-11-04 11:06:01,2024,קרן ממויה,Keren@erco.co.il,(מסמך ממוחשב) הדפסת חשבונית מרכזת - 25342409666,10,הדפסת חשבונית מרכזת - 25342409666.pdf,2024-11-04__קרן-ממויה__הדפסת חשבונית מרכזת - 25342409666.pdf,+100 filename contains 'חשבונית מרכזת'; +80 filename contains 'חשבונית'; +35 filename contains 'מרכזת'; +150 invoice number match: 25342409666 (+2 more signals),HIGH,000000002A0721BC1CEF6A4193EE5BF12F7DE63007006C8F6A93764406478EDB9ABA665E4A1B000162E6D2DE00006C8F6A93764406478EDB9ABA665E4A1B00081E7A4A280000,SELECTED,
2024-11-04 11:05:38,2024,קרן ממויה,Keren@erco.co.il,(מסמך ממוחשב) הדפסת חשבונית מרכזת - 25342409665,3,הדפסת חשבונית מרכזת - 25342409665.pdf,2024-11-04__קרן-ממויה__הדפסת חשבונית מרכזת - 25342409665.pdf,+100 filename contains 'חשבונית מרכזת'; +80 filename contains 'חשבונית'; +35 filename contains 'מרכזת'; +150 invoice number match: 25342409665 (+2 more signals),HIGH,000000002A0721BC1CEF6A4193EE5BF12F7DE63007006C8F6A93764406478EDB9ABA665E4A1B000162E6D2DE00006C8F6A93764406478EDB9ABA665E4A1B00081E7A4A270000,SELECTED,
2024-11-04 11:05:33,2024,קרן ממויה,Keren@erco.co.il,(מסמך ממוחשב) הדפסת חשבונית מרכזת - 25342409664,11,הדפסת חשבונית מרכזת - 25342409664.pdf,2024-11-04__קרן-ממויה__הדפסת חשבונית מרכזת - 25342409664.pdf,+100 filename contains 'חשבונית מרכזת'; +80 filename contains 'חשבונית'; +35 filename contains 'מרכזת'; +150 invoice number match: 25342409664 (+2 more signals),HIGH,000000002A0721BC1CEF6A4193EE5BF12F7DE63007006C8F6A93764406478EDB9ABA665E4A1B000162E6D2DE00006C8F6A93764406478EDB9ABA665E4A1B00081E7A4A260000,SELECTED,
2024-10-06 13:01:36,2024,קרן ממויה,Keren@erco.co.il,(מסמך ממוחשב) הדפסת חשבונית מרכזת - 25342409031,6,הדפסת חשבונית מרכזת - 25342409031.pdf,2024-10-06__קרן-ממויה__הדפסת חשבונית מרכזת - 25342409031.pdf,+100 filename contains 'חשבונית מרכזת'; +80 filename contains 'חשבונית'; +35 filename contains 'מרכזת'; +150 invoice number match: 25342409031 (+2 more signals),HIGH,000000002A0721BC1CEF6A4193EE5BF12F7DE63007006C8F6A93764406478EDB9ABA665E4A1B000162E6D2DE00006C8F6A93764406478EDB9ABA665E4A1B0008088FB7260000,SELECTED,
2024-10-06 13:01:34,2024,קרן ממויה,Keren@erco.co.il,(מסמך ממוחשב) הדפסת חשבונית מרכזת - 25342409030,8,הדפסת חשבונית מרכזת - 25342409030.pdf,2024-10-06__קרן-ממויה__הדפסת חשבונית מרכזת - 25342409030.pdf,+100 filename contains 'חשבונית מרכזת'; +80 filename contains 'חשבונית'; +35 filename contains 'מרכזת'; +150 invoice number match: 25342409030 (+2 more signals),HIGH,000000002A0721BC1CEF6A4193EE5BF12F7DE63007006C8F6A93764406478EDB9ABA665E4A1B000162E6D2DE00006C8F6A93764406478EDB9ABA665E4A1B0008088FB7250000,SELECTED,
2024-10-06 13:01:34,2024,קרן ממויה,Keren@erco.co.il,(מסמך ממוחשב) הדפסת חשבונית מרכזת - 25342409029,5,הדפסת חשבונית מרכזת - 25342409029.pdf,2024-10-06__קרן-ממויה__הדפסת חשבונית מרכזת - 25342409029.pdf,+100 filename contains 'חשבונית מרכזת'; +80 filename contains 'חשבונית'; +35 filename contains 'מרכזת'; +150 invoice number match: 25342409029 (+2 more signals),HIGH,000000002A0721BC1CEF6A4193EE5BF12F7DE63007006C8F6A93764406478EDB9ABA665E4A1B000162E6D2DE00006C8F6A93764406478EDB9ABA665E4A1B0008088FB7240000,SELECTED,
2024-10-06 13:01:34,2024,קרן ממויה,Keren@erco.co.il,"(מסמך ממוחשב) הדפסת חשבונית מרכזת - 25342409028, חש. מרכזת ספט-24",17,הדפסת חשבונית מרכזת - 25342409028_ חש.pdf,2024-10-06__קרן-ממויה__הדפסת חשבונית מרכזת - 25342409028_ חש.pdf,+100 filename contains 'חשבונית מרכזת'; +80 filename contains 'חשבונית'; +40 filename contains 'חש.'; +35 filename contains 'מרכזת' (+2 more signals),HIGH,000000002A0721BC1CEF6A4193EE5BF12F7DE63007006C8F6A93764406478EDB9ABA665E4A1B000162E6D2DE00006C8F6A93764406478EDB9ABA665E4A1B0008088FB7230000,SELECTED,
2024-09-03 14:41:22,2024,קרן ממויה,Keren@erco.co.il,(מסמך ממוחשב) הדפסת חשבונית מרכזת - 25342407628,4,הדפסת חשבונית מרכזת - 25342407628.pdf,2024-09-03__קרן-ממויה__הדפסת חשבונית מרכזת - 25342407628.pdf,+100 filename contains 'חשבונית מרכזת'; +80 filename contains 'חשבונית'; +35 filename contains 'מרכזת'; +150 invoice number match: 25342407628 (+2 more signals),HIGH,000000002A0721BC1CEF6A4193EE5BF12F7DE63007006C8F6A93764406478EDB9ABA665E4A1B000162E6D2DE00006C8F6A93764406478EDB9ABA665E4A1B0007F4C0AFDD0000,SELECTED,
2024-09-03 14:41:21,2024,קרן ממויה,Keren@erco.co.il,(מסמך ממוחשב) הדפסת חשבונית מרכזת - 25342407629,2,הדפסת חשבונית מרכזת - 25342407629.pdf,2024-09-03__קרן-ממויה__הדפסת חשבונית מרכזת - 25342407629.pdf,+100 filename contains 'חשבונית מרכזת'; +80 filename contains 'חשבונית'; +35 filename contains 'מרכזת'; +150 invoice number match: 25342407629 (+2 more signals),HIGH,000000002A0721BC1CEF6A4193EE5BF12F7DE63007006C8F6A93764406478EDB9ABA665E4A1B000162E6D2DE00006C8F6A93764406478EDB9ABA665E4A1B0007F4C0AFDC0000,SELECTED,
2024-09-03 14:41:17,2024,קרן ממויה,Keren@erco.co.il,(מסמך ממוחשב) הדפסת חשבונית מרכזת - 25342407627,9,הדפסת חשבונית מרכזת - 25342407627.pdf,2024-09-03__קרן-ממויה__הדפסת חשבונית מרכזת - 25342407627.pdf,+100 filename contains 'חשבונית מרכזת'; +80 filename contains 'חשבונית'; +35 filename contains 'מרכזת'; +150 invoice number match: 25342407627 (+2 more signals),HIGH,000000002A0721BC1CEF6A4193EE5BF12F7DE63007006C8F6A93764406478EDB9ABA665E4A1B000162E6D2DE00006C8F6A93764406478EDB9ABA665E4A1B0007F4C0AFDB0000,SELECTED,
2024-09-03 14:41:17,2024,קרן ממויה,Keren@erco.co.il,"(מסמך ממוחשב) הדפסת חשבונית מרכזת - 25342407626, חש. מרכזת אוג-24",16,הדפסת חשבונית מרכזת - 25342407626_ חש.pdf,2024-09-03__קרן-ממויה__הדפסת חשבונית מרכזת - 25342407626_ חש.pdf,+100 filename contains 'חשבונית מרכזת'; +80 filename contains 'חשבונית'; +40 filename contains 'חש.'; +35 filename contains 'מרכזת' (+2 more signals),HIGH,000000002A0721BC1CEF6A4193EE5BF12F7DE63007006C8F6A93764406478EDB9ABA665E4A1B000162E6D2DE00006C8F6A93764406478EDB9ABA665E4A1B0007F4C0AFDA0000,SELECTED,
2024-09-03 14:41:17,2024,קרן ממויה,Keren@erco.co.il,(מסמך ממוחשב) הדפסת חשבונית מרכזת - 25342407625,12,הדפסת חשבונית מרכזת - 25342407625.pdf,2024-09-03__קרן-ממויה__הדפסת חשבונית מרכזת - 25342407625.pdf,+100 filename contains 'חשבונית מרכזת'; +80 filename contains 'חשבונית'; +35 filename contains 'מרכזת'; +150 invoice number match: 25342407625 (+2 more signals),HIGH,000000002A0721BC1CEF6A4193EE5BF12F7DE63007006C8F6A93764406478EDB9ABA665E4A1B000162E6D2DE00006C8F6A93764406478EDB9ABA665E4A1B0007F4C0AFD90000,SELECTED,
2024-08-01 14:09:04,2024,קרן ממויה,Keren@erco.co.il,"(מסמך ממוחשב) הדפסת חשבונית מרכזת - 25342406777, חש. מרכזת יול-24",16,הדפסת חשבונית מרכזת - 25342406777_ חש.pdf,2024-08-01__קרן-ממויה__הדפסת חשבונית מרכזת - 25342406777_ חש.pdf,+100 filename contains 'חשבונית מרכזת'; +80 filename contains 'חשבונית'; +40 filename contains 'חש.'; +35 filename contains 'מרכזת' (+2 more signals),HIGH,000000002A0721BC1CEF6A4193EE5BF12F7DE63007006C8F6A93764406478EDB9ABA665E4A1B000162E6D2DE00006C8F6A93764406478EDB9ABA665E4A1B0007DF9EE73F0000,SELECTED,
2024-07-30 13:09:28,2024,קרן ממויה,Keren@erco.co.il,(מסמך ממוחשב) הדפסת חשבונית מרכזת - 25342406202,2,הדפסת חשבונית מרכזת - 25342406202.pdf,2024-07-30__קרן-ממויה__הדפסת חשבונית מרכזת - 25342406202.pdf,+100 filename contains 'חשבונית מרכזת'; +80 filename contains 'חשבונית'; +35 filename contains 'מרכזת'; +150 invoice number match: 25342406202 (+2 more signals),HIGH,000000002A0721BC1CEF6A4193EE5BF12F7DE63007006C8F6A93764406478EDB9ABA665E4A1B000162E6D2DE00006C8F6A93764406478EDB9ABA665E4A1B0007DDC9D39E0000,SELECTED,
2024-07-30 13:09:27,2024,קרן ממויה,Keren@erco.co.il,(מסמך ממוחשב) הדפסת חשבונית מרכזת - 25342406201,5,הדפסת חשבונית מרכזת - 25342406201.pdf,2024-07-30__קרן-ממויה__הדפסת חשבונית מרכזת - 25342406201.pdf,+100 filename contains 'חשבונית מרכזת'; +80 filename contains 'חשבונית'; +35 filename contains 'מרכזת'; +150 invoice number match: 25342406201 (+2 more signals),HIGH,000000002A0721BC1CEF6A4193EE5BF12F7DE63007006C8F6A93764406478EDB9ABA665E4A1B000162E6D2DE00006C8F6A93764406478EDB9ABA665E4A1B0007DDC9D39D0000,SELECTED,
2024-07-30 13:09:26,2024,קרן ממויה,Keren@erco.co.il,(מסמך ממוחשב) הדפסת חשבונית מרכזת - 25342406200,8,הדפסת חשבונית מרכזת - 25342406200.pdf,2024-07-30__קרן-ממויה__הדפסת חשבונית מרכזת - 25342406200.pdf,+100 filename contains 'חשבונית מרכזת'; +80 filename contains 'חשבונית'; +35 filename contains 'מרכזת'; +150 invoice number match: 25342406200 (+2 more signals),HIGH,000000002A0721BC1CEF6A4193EE5BF12F7DE63007006C8F6A93764406478EDB9ABA665E4A1B000162E6D2DE00006C8F6A93764406478EDB9ABA665E4A1B0007DDC9D39C0000,SELECTED,
2024-07-08 12:08:51,2024,קרן ממויה,Keren@erco.co.il,"(מסמך ממוחשב) הדפסת חשבונית מרכזת - 25352400386, בגין ח""ן:25342405347",1,הדפסת חשבונית מרכזת - 25352400386_ בגין ח .pdf,2024-07-08__קרן-ממויה__הדפסת חשבונית מרכזת - 25352400386_ בגין ח .pdf,+100 filename contains 'חשבונית מרכזת'; +80 filename contains 'חשבונית'; +35 filename contains 'מרכזת'; +20 subject/filename both mention מרכזת (+1 more signals),HIGH,000000002A0721BC1CEF6A4193EE5BF12F7DE63007006C8F6A93764406478EDB9ABA665E4A1B000162E6D2DE00006C8F6A93764406478EDB9ABA665E4A1B0007CF2E89410000,SELECTED,
2024-07-08 12:08:49,2024,קרן ממויה,Keren@erco.co.il,(מסמך ממוחשב) הדפסת חשבונית מרכזת - 25352400385,1,הדפסת חשבונית מרכזת - 25352400385.pdf,2024-07-08__קרן-ממויה__הדפסת חשבונית מרכזת - 25352400385.pdf,+100 filename contains 'חשבונית מרכזת'; +80 filename contains 'חשבונית'; +35 filename contains 'מרכזת'; +150 invoice number match: 25352400385 (+2 more signals),HIGH,000000002A0721BC1CEF6A4193EE5BF12F7DE63007006C8F6A93764406478EDB9ABA665E4A1B000162E6D2DE00006C8F6A93764406478EDB9ABA665E4A1B0007CF2E89400000,SELECTED,
2024-07-08 12:08:49,2024,קרן ממויה,Keren@erco.co.il,"(מסמך ממוחשב) הדפסת חשבונית מרכזת - 25352400384, בגין ח""ן:25342404396",1,הדפסת חשבונית מרכזת - 25352400384_ בגין ח .pdf,2024-07-08__קרן-ממויה__הדפסת חשבונית מרכזת - 25352400384_ בגין ח .pdf,+100 filename contains 'חשבונית מרכזת'; +80 filename contains 'חשבונית'; +35 filename contains 'מרכזת'; +20 subject/filename both mention מרכזת (+1 more signals),HIGH,000000002A0721BC1CEF6A4193EE5BF12F7DE63007006C8F6A93764406478EDB9ABA665E4A1B000162E6D2DE00006C8F6A93764406478EDB9ABA665E4A1B0007CF2E893F0000,SELECTED,
2024-07-07 18:01:03,2024,ניר סאייג,NirS@erco.co.il,25352400386 - הדפסת חשבונית מרכזת,1,25352400386 - הדפסת חשבונית מרכזת.pdf,2024-07-07__ניר-סאייג__25352400386 - הדפסת חשבונית מרכזת.pdf,+100 filename contains 'חשבונית מרכזת'; +80 filename contains 'חשבונית'; +35 filename contains 'מרכזת'; +150 invoice number match: 25352400386 (+1 more signals),HIGH,000000002A0721BC1CEF6A4193EE5BF12F7DE63007006C8F6A93764406478EDB9ABA665E4A1B000162E6D2DE00006C8F6A93764406478EDB9ABA665E4A1B0007CF2E893E0000,SELECTED,
2024-07-07 18:00:05,2024,ניר סאייג,NirS@erco.co.il,25352400385 - הדפסת חשבונית מרכזת,1,25352400385 - הדפסת חשבונית מרכזת.pdf,2024-07-07__ניר-סאייג__25352400385 - הדפסת חשבונית מרכזת.pdf,+100 filename contains 'חשבונית מרכזת'; +80 filename contains 'חשבונית'; +35 filename contains 'מרכזת'; +150 invoice number match: 25352400385 (+1 more signals),HIGH,000000002A0721BC1CEF6A4193EE5BF12F7DE63007006C8F6A93764406478EDB9ABA665E4A1B000162E6D2DE00006C8F6A93764406478EDB9ABA665E4A1B0007CF2E893D0000,SELECTED,
2024-07-07 17:59:38,2024,ניר סאייג,NirS@erco.co.il,25352400384 - הדפסת חשבונית מרכזת,1,25352400384 - הדפסת חשבונית מרכזת.pdf,2024-07-07__ניר-סאייג__25352400384 - הדפסת חשבונית מרכזת.pdf,+100 filename contains 'חשבונית מרכזת'; +80 filename contains 'חשבונית'; +35 filename contains 'מרכזת'; +150 invoice number match: 25352400384 (+1 more signals),HIGH,000000002A0721BC1CEF6A4193EE5BF12F7DE63007006C8F6A93764406478EDB9ABA665E4A1B000162E6D2DE00006C8F6A93764406478EDB9ABA665E4A1B0007CF2E893C0000,SELECTED,
2024-06-30 13:13:34,2024,קרן ממויה,Keren@erco.co.il,(מסמך ממוחשב) הדפסת חשבונית מרכזת - 25342405347,11,הדפסת חשבונית מרכזת - 25342405347.pdf,2024-06-30__קרן-ממויה__הדפסת חשבונית מרכזת - 25342405347.pdf,+100 filename contains 'חשבונית מרכזת'; +80 filename contains 'חשבונית'; +35 filename contains 'מרכזת'; +150 invoice number match: 25342405347 (+2 more signals),HIGH,000000002A0721BC1CEF6A4193EE5BF12F7DE63007006C8F6A93764406478EDB9ABA665E4A1B000162E6D2DE00006C8F6A93764406478EDB9ABA665E4A1B0007CE4F537D0000,SELECTED,
2024-06-30 13:13:34,2024,קרן ממויה,Keren@erco.co.il,"(מסמך ממוחשב) הדפסת חשבונית מרכזת - 25352400353, בגין ח""ן:25342404399",1,הדפסת חשבונית מרכזת - 25352400353_ בגין ח .pdf,2024-06-30__קרן-ממויה__הדפסת חשבונית מרכזת - 25352400353_ בגין ח .pdf,+100 filename contains 'חשבונית מרכזת'; +80 filename contains 'חשבונית'; +35 filename contains 'מרכזת'; +20 subject/filename both mention מרכזת (+1 more signals),HIGH,000000002A0721BC1CEF6A4193EE5BF12F7DE63007006C8F6A93764406478EDB9ABA665E4A1B000162E6D2DE00006C8F6A93764406478EDB9ABA665E4A1B0007CAA7595E0000,SELECTED,
2024-06-30 13:13:32,2024,קרן ממויה,Keren@erco.co.il,"(מסמך ממוחשב) הדפסת חשבונית מרכזת - 25352400352, בגין ח""ן:25342404396",1,הדפסת חשבונית מרכזת - 25352400352_ בגין ח .pdf,2024-06-30__קרן-ממויה__הדפסת חשבונית מרכזת - 25352400352_ בגין ח .pdf,+100 filename contains 'חשבונית מרכזת'; +80 filename contains 'חשבונית'; +35 filename contains 'מרכזת'; +20 subject/filename both mention מרכזת (+1 more signals),HIGH,000000002A0721BC1CEF6A4193EE5BF12F7DE63007006C8F6A93764406478EDB9ABA665E4A1B000162E6D2DE00006C8F6A93764406478EDB9ABA665E4A1B0007CAA7595D0000,SELECTED,
2024-06-30 13:13:25,2024,קרן ממויה,Keren@erco.co.il,(מסמך ממוחשב) הדפסת חשבונית מרכזת - 25342405345,5,הדפסת חשבונית מרכזת - 25342405345.pdf,2024-06-30__קרן-ממויה__הדפסת חשבונית מרכזת - 25342405345.pdf,+100 filename contains 'חשבונית מרכזת'; +80 filename contains 'חשבונית'; +35 filename contains 'מרכזת'; +150 invoice number match: 25342405345 (+2 more signals),HIGH,000000002A0721BC1CEF6A4193EE5BF12F7DE63007006C8F6A93764406478EDB9ABA665E4A1B000162E6D2DE00006C8F6A93764406478EDB9ABA665E4A1B0007CAA7595C0000,SELECTED,
2024-06-30 13:13:24,2024,קרן ממויה,Keren@erco.co.il,(מסמך ממוחשב) הדפסת חשבונית מרכזת - 25342405346,2,הדפסת חשבונית מרכזת - 25342405346.pdf,2024-06-30__קרן-ממויה__הדפסת חשבונית מרכזת - 25342405346.pdf,+100 filename contains 'חשבונית מרכזת'; +80 filename contains 'חשבונית'; +35 filename contains 'מרכזת'; +150 invoice number match: 25342405346 (+2 more signals),HIGH,000000002A0721BC1CEF6A4193EE5BF12F7DE63007006C8F6A93764406478EDB9ABA665E4A1B000162E6D2DE00006C8F6A93764406478EDB9ABA665E4A1B0007CAA7595B0000,SELECTED,
2024-06-30 13:13:23,2024,קרן ממויה,Keren@erco.co.il,(מסמך ממוחשב) הדפסת חשבונית מרכזת - 25342405344,3,הדפסת חשבונית מרכזת - 25342405344.pdf,2024-06-30__קרן-ממויה__הדפסת חשבונית מרכזת - 25342405344.pdf,+100 filename contains 'חשבונית מרכזת'; +80 filename contains 'חשבונית'; +35 filename contains 'מרכזת'; +150 invoice number match: 25342405344 (+2 more signals),HIGH,000000002A0721BC1CEF6A4193EE5BF12F7DE63007006C8F6A93764406478EDB9ABA665E4A1B000162E6D2DE00006C8F6A93764406478EDB9ABA665E4A1B0007CAA7595A0000,SELECTED,
2024-06-30 13:13:18,2024,קרן ממויה,Keren@erco.co.il,"(מסמך ממוחשב) הדפסת חשבונית מרכזת - 25342405343, חש. מרכזת יונ-24",5,הדפסת חשבונית מרכזת - 25342405343_ חש.pdf,2024-06-30__קרן-ממויה__הדפסת חשבונית מרכזת - 25342405343_ חש.pdf,+100 filename contains 'חשבונית מרכזת'; +80 filename contains 'חשבונית'; +40 filename contains 'חש.'; +35 filename contains 'מרכזת' (+2 more signals),HIGH,000000002A0721BC1CEF6A4193EE5BF12F7DE63007006C8F6A93764406478EDB9ABA665E4A1B000162E6D2DE00006C8F6A93764406478EDB9ABA665E4A1B0007CAA759590000,SELECTED,
2024-06-03 13:23:25,2024,קרן ממויה,Keren@erco.co.il,"(מסמך ממוחשב) הדפסת חשבונית מרכזת - 25342404396, חש. מרכזת מאי-24",19,הדפסת חשבונית מרכזת - 25342404396_ חש.pdf,2024-06-03__קרן-ממויה__הדפסת חשבונית מרכזת - 25342404396_ חש.pdf,+100 filename contains 'חשבונית מרכזת'; +80 filename contains 'חשבונית'; +40 filename contains 'חש.'; +35 filename contains 'מרכזת' (+2 more signals),HIGH,000000002A0721BC1CEF6A4193EE5BF12F7DE63007006C8F6A93764406478EDB9ABA665E4A1B000162E6D2DE00006C8F6A93764406478EDB9ABA665E4A1B0007B6A457E00000,SELECTED,
2024-06-03 13:23:24,2024,קרן ממויה,Keren@erco.co.il,(מסמך ממוחשב) הדפסת חשבונית מרכזת - 25342404399,3,הדפסת חשבונית מרכזת - 25342404399.pdf,2024-06-03__קרן-ממויה__הדפסת חשבונית מרכזת - 25342404399.pdf,+100 filename contains 'חשבונית מרכזת'; +80 filename contains 'חשבונית'; +35 filename contains 'מרכזת'; +150 invoice number match: 25342404399 (+2 more signals),HIGH,000000002A0721BC1CEF6A4193EE5BF12F7DE63007006C8F6A93764406478EDB9ABA665E4A1B000162E6D2DE00006C8F6A93764406478EDB9ABA665E4A1B0007B6A457DF0000,SELECTED,
2024-06-03 13:23:21,2024,קרן ממויה,Keren@erco.co.il,(מסמך ממוחשב) הדפסת חשבונית מרכזת - 25342404398,3,הדפסת חשבונית מרכזת - 25342404398.pdf,2024-06-03__קרן-ממויה__הדפסת חשבונית מרכזת - 25342404398.pdf,+100 filename contains 'חשבונית מרכזת'; +80 filename contains 'חשבונית'; +35 filename contains 'מרכזת'; +150 invoice number match: 25342404398 (+2 more signals),HIGH,000000002A0721BC1CEF6A4193EE5BF12F7DE63007006C8F6A93764406478EDB9ABA665E4A1B000162E6D2DE00006C8F6A93764406478EDB9ABA665E4A1B0007B6A457DE0000,SELECTED,
2024-06-03 13:23:19,2024,קרן ממויה,Keren@erco.co.il,(מסמך ממוחשב) הדפסת חשבונית מרכזת - 25342404397,3,הדפסת חשבונית מרכזת - 25342404397.pdf,2024-06-03__קרן-ממויה__הדפסת חשבונית מרכזת - 25342404397.pdf,+100 filename contains 'חשבונית מרכזת'; +80 filename contains 'חשבונית'; +35 filename contains 'מרכזת'; +150 invoice number match: 25342404397 (+2 more signals),HIGH,000000002A0721BC1CEF6A4193EE5BF12F7DE63007006C8F6A93764406478EDB9ABA665E4A1B000162E6D2DE00006C8F6A93764406478EDB9ABA665E4A1B0007B6A457DD0000,SELECTED,
2024-06-03 13:23:11,2024,קרן ממויה,Keren@erco.co.il,(מסמך ממוחשב) הדפסת חשבונית מרכזת - 25342404395,3,הדפסת חשבונית מרכזת - 25342404395.pdf,2024-06-03__קרן-ממויה__הדפסת חשבונית מרכזת - 25342404395.pdf,+100 filename contains 'חשבונית מרכזת'; +80 filename contains 'חשבונית'; +35 filename contains 'מרכזת'; +150 invoice number match: 25342404395 (+2 more signals),HIGH,000000002A0721BC1CEF6A4193EE5BF12F7DE63007006C8F6A93764406478EDB9ABA665E4A1B000162E6D2DE00006C8F6A93764406478EDB9ABA665E4A1B0007B6A457DC0000,SELECTED,
2024-05-05 14:32:32,2024,קרן ממויה,Keren@erco.co.il,"(מסמך ממוחשב) הדפסת חשבונית מרכזת - 25342403628, חש. מרכזת אפר-24",14,הדפסת חשבונית מרכזת - 25342403628_ חש.pdf,2024-05-05__קרן-ממויה__הדפסת חשבונית מרכזת - 25342403628_ חש.pdf,+100 filename contains 'חשבונית מרכזת'; +80 filename contains 'חשבונית'; +40 filename contains 'חש.'; +35 filename contains 'מרכזת' (+2 more signals),HIGH,000000002A0721BC1CEF6A4193EE5BF12F7DE63007006C8F6A93764406478EDB9ABA665E4A1B000162E6D2DE00006C8F6A93764406478EDB9ABA665E4A1B0007A5402E100000,SELECTED,
2024-05-05 14:22:16,2024,קרן ממויה,Keren@erco.co.il,(מסמך ממוחשב) הדפסת חשבונית מרכזת - 25342403630,6,הדפסת חשבונית מרכזת - 25342403630.pdf,2024-05-05__קרן-ממויה__הדפסת חשבונית מרכזת - 25342403630.pdf,+100 filename contains 'חשבונית מרכזת'; +80 filename contains 'חשבונית'; +35 filename contains 'מרכזת'; +150 invoice number match: 25342403630 (+2 more signals),HIGH,000000002A0721BC1CEF6A4193EE5BF12F7DE63007006C8F6A93764406478EDB9ABA665E4A1B000162E6D2DE00006C8F6A93764406478EDB9ABA665E4A1B0007A5402E0F0000,SELECTED,
2024-05-05 14:22:09,2024,קרן ממויה,Keren@erco.co.il,(מסמך ממוחשב) הדפסת חשבונית מרכזת - 25342403627,7,הדפסת חשבונית מרכזת - 25342403627.pdf,2024-05-05__קרן-ממויה__הדפסת חשבונית מרכזת - 25342403627.pdf,+100 filename contains 'חשבונית מרכזת'; +80 filename contains 'חשבונית'; +35 filename contains 'מרכזת'; +150 invoice number match: 25342403627 (+2 more signals),HIGH,000000002A0721BC1CEF6A4193EE5BF12F7DE63007006C8F6A93764406478EDB9ABA665E4A1B000162E6D2DE00006C8F6A93764406478EDB9ABA665E4A1B0007A5402E0E0000,SELECTED,
2024-05-05 14:22:09,2024,קרן ממויה,Keren@erco.co.il,(מסמך ממוחשב) הדפסת חשבונית מרכזת - 25342403629,2,הדפסת חשבונית מרכזת - 25342403629.pdf,2024-05-05__קרן-ממויה__הדפסת חשבונית מרכזת - 25342403629.pdf,+100 filename contains 'חשבונית מרכזת'; +80 filename contains 'חשבונית'; +35 filename contains 'מרכזת'; +150 invoice number match: 25342403629 (+2 more signals),HIGH,000000002A0721BC1CEF6A4193EE5BF12F7DE63007006C8F6A93764406478EDB9ABA665E4A1B000162E6D2DE00006C8F6A93764406478EDB9ABA665E4A1B0007A5402E0D0000,SELECTED,
2024-04-03 14:12:54,2024,קרן ממויה,Keren@erco.co.il,(מסמך ממוחשב) הדפסת חשבונית מרכזת - 25342402738,2,(מסמך ממוחשב) הדפסת חשבונית מרכזת - 25342402738.pdf,2024-04-03__קרן-ממויה__(מסמך ממוחשב) הדפסת חשבונית מרכזת - 25342402738.pdf,+100 filename contains 'חשבונית מרכזת'; +80 filename contains 'חשבונית'; +35 filename contains 'מרכזת'; +150 invoice number match: 25342402738 (+2 more signals),HIGH,000000002A0721BC1CEF6A4193EE5BF12F7DE63007006C8F6A93764406478EDB9ABA665E4A1B000162E6D2DE00006C8F6A93764406478EDB9ABA665E4A1B00078F8B59CD0000,SELECTED,
2024-04-03 14:12:54,2024,קרן ממויה,Keren@erco.co.il,(מסמך ממוחשב) הדפסת חשבונית מרכזת - 25342402737,9,(מסמך ממוחשב) הדפסת חשבונית מרכזת - 25342402737.pdf,2024-04-03__קרן-ממויה__(מסמך ממוחשב) הדפסת חשבונית מרכזת - 25342402737.pdf,+100 filename contains 'חשבונית מרכזת'; +80 filename contains 'חשבונית'; +35 filename contains 'מרכזת'; +150 invoice number match: 25342402737 (+2 more signals),HIGH,000000002A0721BC1CEF6A4193EE5BF12F7DE63007006C8F6A93764406478EDB9ABA665E4A1B000162E6D2DE00006C8F6A93764406478EDB9ABA665E4A1B00078F8B59CC0000,SELECTED,
2024-04-03 14:12:52,2024,קרן ממויה,Keren@erco.co.il,(מסמך ממוחשב) הדפסת חשבונית מרכזת - 25342402736,9,(מסמך ממוחשב) הדפסת חשבונית מרכזת - 25342402736.pdf,2024-04-03__קרן-ממויה__(מסמך ממוחשב) הדפסת חשבונית מרכזת - 25342402736.pdf,+100 filename contains 'חשבונית מרכזת'; +80 filename contains 'חשבונית'; +35 filename contains 'מרכזת'; +150 invoice number match: 25342402736 (+2 more signals),HIGH,000000002A0721BC1CEF6A4193EE5BF12F7DE63007006C8F6A93764406478EDB9ABA665E4A1B000162E6D2DE00006C8F6A93764406478EDB9ABA665E4A1B00078F8B59CB0000,SELECTED,
2024-04-03 14:12:51,2024,קרן ממויה,Keren@erco.co.il,"(מסמך ממוחשב) הדפסת חשבונית מרכזת - 25342402734, חש. מרכזת מרץ-24",17,"(מסמך ממוחשב) הדפסת חשבונית מרכזת - 25342402734, חש. מרכזת מרץ-.pdf","2024-04-03__קרן-ממויה__(מסמך ממוחשב) הדפסת חשבונית מרכזת - 25342402734, חש. מרכזת מרץ-.pdf",+100 filename contains 'חשבונית מרכזת'; +80 filename contains 'חשבונית'; +40 filename contains 'חש.'; +35 filename contains 'מרכזת' (+3 more signals),HIGH,000000002A0721BC1CEF6A4193EE5BF12F7DE63007006C8F6A93764406478EDB9ABA665E4A1B000162E6D2DE00006C8F6A93764406478EDB9ABA665E4A1B00078F8B59CA0000,SELECTED,
2024-04-03 14:12:48,2024,קרן ממויה,Keren@erco.co.il,(מסמך ממוחשב) הדפסת חשבונית מרכזת - 25342402735,2,(מסמך ממוחשב) הדפסת חשבונית מרכזת - 25342402735.pdf,2024-04-03__קרן-ממויה__(מסמך ממוחשב) הדפסת חשבונית מרכזת - 25342402735.pdf,+100 filename contains 'חשבונית מרכזת'; +80 filename contains 'חשבונית'; +35 filename contains 'מרכזת'; +150 invoice number match: 25342402735 (+2 more signals),HIGH,000000002A0721BC1CEF6A4193EE5BF12F7DE63007006C8F6A93764406478EDB9ABA665E4A1B000162E6D2DE00006C8F6A93764406478EDB9ABA665E4A1B00078F8B59C90000,SELECTED,
2024-03-27 14:28:10,2024,רחלי מזרחי,rachelim@erco.co.il,הדפסת קבלה - 25602401363,1,הדפסת קבלה - 25602401363.pdf,2024-03-27__רחלי-מזרחי__הדפסת קבלה - 25602401363.pdf,+150 invoice number match: 25602401363; +5 larger PDF (possible central invoice),MEDIUM,000000002A0721BC1CEF6A4193EE5BF12F7DE63007006C8F6A93764406478EDB9ABA665E4A1B000162E6D2DE00006C8F6A93764406478EDB9ABA665E4A1B00078B11298F0000,SELECTED,
2024-03-27 14:27:57,2024,רחלי מזרחי,rachelim@erco.co.il,הדפסת קבלה - 25602401363,1,הדפסת קבלה - 25602401363.pdf,2024-03-27__רחלי-מזרחי__הדפסת קבלה - 25602401363__2.pdf,+150 invoice number match: 25602401363; +5 larger PDF (possible central invoice),MEDIUM,000000002A0721BC1CEF6A4193EE5BF12F7DE63007006C8F6A93764406478EDB9ABA665E4A1B000162E6D2DE00006C8F6A93764406478EDB9ABA665E4A1B00078B1129900000,SELECTED,
2024-03-03 11:41:14,2024,קרן ממויה,Keren@erco.co.il,(מסמך ממוחשב) הדפסת חשבונית מרכזת - 25342401368,11,(מסמך ממוחשב) הדפסת חשבונית מרכזת - 25342401368.pdf,2024-03-03__קרן-ממויה__(מסמך ממוחשב) הדפסת חשבונית מרכזת - 25342401368.pdf,+100 filename contains 'חשבונית מרכזת'; +80 filename contains 'חשבונית'; +35 filename contains 'מרכזת'; +150 invoice number match: 25342401368 (+2 more signals),HIGH,000000002A0721BC1CEF6A4193EE5BF12F7DE63007006C8F6A93764406478EDB9ABA665E4A1B000162E6D2DE00006C8F6A93764406478EDB9ABA665E4A1B00077B45FBAF0000,SELECTED,
2024-03-03 11:41:07,2024,קרן ממויה,Keren@erco.co.il,(מסמך ממוחשב) הדפסת חשבונית מרכזת - 25342401367,5,(מסמך ממוחשב) הדפסת חשבונית מרכזת - 25342401367.pdf,2024-03-03__קרן-ממויה__(מסמך ממוחשב) הדפסת חשבונית מרכזת - 25342401367.pdf,+100 filename contains 'חשבונית מרכזת'; +80 filename contains 'חשבונית'; +35 filename contains 'מרכזת'; +150 invoice number match: 25342401367 (+2 more signals),HIGH,000000002A0721BC1CEF6A4193EE5BF12F7DE63007006C8F6A93764406478EDB9ABA665E4A1B000162E6D2DE00006C8F6A93764406478EDB9ABA665E4A1B00077B45FBAE0000,SELECTED,
2024-03-03 11:41:07,2024,קרן ממויה,Keren@erco.co.il,"(מסמך ממוחשב) הדפסת חשבונית מרכזת - 25342401365, חש. מרכזת פבר-24",18,"(מסמך ממוחשב) הדפסת חשבונית מרכזת - 25342401365, חש. מרכזת פבר-.pdf","2024-03-03__קרן-ממויה__(מסמך ממוחשב) הדפסת חשבונית מרכזת - 25342401365, חש. מרכזת פבר-.pdf",+100 filename contains 'חשבונית מרכזת'; +80 filename contains 'חשבונית'; +40 filename contains 'חש.'; +35 filename contains 'מרכזת' (+3 more signals),HIGH,000000002A0721BC1CEF6A4193EE5BF12F7DE63007006C8F6A93764406478EDB9ABA665E4A1B000162E6D2DE00006C8F6A93764406478EDB9ABA665E4A1B00077B45FBAD0000,SELECTED,
2024-03-03 11:41:04,2024,קרן ממויה,Keren@erco.co.il,(מסמך ממוחשב) הדפסת חשבונית מרכזת - 25342401366,4,(מסמך ממוחשב) הדפסת חשבונית מרכזת - 25342401366.pdf,2024-03-03__קרן-ממויה__(מסמך ממוחשב) הדפסת חשבונית מרכזת - 25342401366.pdf,+100 filename contains 'חשבונית מרכזת'; +80 filename contains 'חשבונית'; +35 filename contains 'מרכזת'; +150 invoice number match: 25342401366 (+2 more signals),HIGH,000000002A0721BC1CEF6A4193EE5BF12F7DE63007006C8F6A93764406478EDB9ABA665E4A1B000162E6D2DE00006C8F6A93764406478EDB9ABA665E4A1B00077B45FBAC0000,SELECTED,
2024-01-31 15:41:41,2024,קרן ממויה,Keren@erco.co.il,"(מסמך ממוחשב) הדפסת חשבונית מרכזת - 25342400171, חש. מרכזת ינו-24",1,"(מסמך ממוחשב) הדפסת חשבונית מרכזת - 25342400171, חש. מרכזת ינו-.pdf","2024-01-31__קרן-ממויה__(מסמך ממוחשב) הדפסת חשבונית מרכזת - 25342400171, חש. מרכזת ינו-.pdf",+100 filename contains 'חשבונית מרכזת'; +80 filename contains 'חשבונית'; +40 filename contains 'חש.'; +35 filename contains 'מרכזת' (+3 more signals),HIGH,000000002A0721BC1CEF6A4193EE5BF12F7DE63007006C8F6A93764406478EDB9ABA665E4A1B000162E6D2DE00006C8F6A93764406478EDB9ABA665E4A1B000767B95FDA0000,SELECTED,
2024-01-31 15:41:38,2024,קרן ממויה,Keren@erco.co.il,(מסמך ממוחשב) הדפסת חשבונית מרכזת - 25342400169,1,(מסמך ממוחשב) הדפסת חשבונית מרכזת - 25342400169.pdf,2024-01-31__קרן-ממויה__(מסמך ממוחשב) הדפסת חשבונית מרכזת - 25342400169.pdf,+100 filename contains 'חשבונית מרכזת'; +80 filename contains 'חשבונית'; +35 filename contains 'מרכזת'; +150 invoice number match: 25342400169 (+2 more signals),HIGH,000000002A0721BC1CEF6A4193EE5BF12F7DE63007006C8F6A93764406478EDB9ABA665E4A1B000162E6D2DE00006C8F6A93764406478EDB9ABA665E4A1B000767B95FD90000,SELECTED,
2024-01-31 15:41:37,2024,קרן ממויה,Keren@erco.co.il,(מסמך ממוחשב) הדפסת חשבונית מרכזת - 25342400170,1,(מסמך ממוחשב) הדפסת חשבונית מרכזת - 25342400170.pdf,2024-01-31__קרן-ממויה__(מסמך ממוחשב) הדפסת חשבונית מרכזת - 25342400170.pdf,+100 filename contains 'חשבונית מרכזת'; +80 filename contains 'חשבונית'; +35 filename contains 'מרכזת'; +150 invoice number match: 25342400170 (+2 more signals),HIGH,000000002A0721BC1CEF6A4193EE5BF12F7DE63007006C8F6A93764406478EDB9ABA665E4A1B000162E6D2DE00006C8F6A93764406478EDB9ABA665E4A1B000767B95FD80000,SELECTED,
2024-01-31 15:41:30,2024,קרן ממויה,Keren@erco.co.il,(מסמך ממוחשב) הדפסת חשבונית מרכזת - 25342400168,1,(מסמך ממוחשב) הדפסת חשבונית מרכזת - 25342400168.pdf,2024-01-31__קרן-ממויה__(מסמך ממוחשב) הדפסת חשבונית מרכזת - 25342400168.pdf,+100 filename contains 'חשבונית מרכזת'; +80 filename contains 'חשבונית'; +35 filename contains 'מרכזת'; +150 invoice number match: 25342400168 (+2 more signals),HIGH,000000002A0721BC1CEF6A4193EE5BF12F7DE63007006C8F6A93764406478EDB9ABA665E4A1B000162E6D2DE00006C8F6A93764406478EDB9ABA665E4A1B000767B95FD70000,SELECTED,
2024-01-02 15:47:37,2024,קרן ממויה,Keren@erco.co.il,"(מסמך ממוחשב) הדפסת חשבונית מרכזת - 25342312055, חש. מרכזת דצמ-23",8,"(מסמך ממוחשב) הדפסת חשבונית מרכזת - 25342312055, חש. מרכזת דצמ-.pdf","2024-01-02__קרן-ממויה__(מסמך ממוחשב) הדפסת חשבונית מרכזת - 25342312055, חש. מרכזת דצמ-.pdf",+100 filename contains 'חשבונית מרכזת'; +80 filename contains 'חשבונית'; +40 filename contains 'חש.'; +35 filename contains 'מרכזת' (+3 more signals),HIGH,000000002A0721BC1CEF6A4193EE5BF12F7DE63007006C8F6A93764406478EDB9ABA665E4A1B000162E6D2DE00006C8F6A93764406478EDB9ABA665E4A1B00075695D98B0000,SELECTED,
2024-01-02 15:47:34,2024,קרן ממויה,Keren@erco.co.il,(מסמך ממוחשב) הדפסת חשבונית מרכזת - 25342312054,7,(מסמך ממוחשב) הדפסת חשבונית מרכזת - 25342312054.pdf,2024-01-02__קרן-ממויה__(מסמך ממוחשב) הדפסת חשבונית מרכזת - 25342312054.pdf,+100 filename contains 'חשבונית מרכזת'; +80 filename contains 'חשבונית'; +35 filename contains 'מרכזת'; +150 invoice number match: 25342312054 (+2 more signals),HIGH,000000002A0721BC1CEF6A4193EE5BF12F7DE63007006C8F6A93764406478EDB9ABA665E4A1B000162E6D2DE00006C8F6A93764406478EDB9ABA665E4A1B00075695D98A0000,SELECTED,
2024-01-02 15:47:31,2024,קרן ממויה,Keren@erco.co.il,(מסמך ממוחשב) הדפסת חשבונית מרכזת - 25342312053,9,(מסמך ממוחשב) הדפסת חשבונית מרכזת - 25342312053.pdf,2024-01-02__קרן-ממויה__(מסמך ממוחשב) הדפסת חשבונית מרכזת - 25342312053.pdf,+100 filename contains 'חשבונית מרכזת'; +80 filename contains 'חשבונית'; +35 filename contains 'מרכזת'; +150 invoice number match: 25342312053 (+2 more signals),HIGH,000000002A0721BC1CEF6A4193EE5BF12F7DE63007006C8F6A93764406478EDB9ABA665E4A1B000162E6D2DE00006C8F6A93764406478EDB9ABA665E4A1B00075695D9890000,SELECTED,
2024-01-02 15:47:26,2024,קרן ממויה,Keren@erco.co.il,(מסמך ממוחשב) הדפסת חשבונית מרכזת - 25342312052,5,(מסמך ממוחשב) הדפסת חשבונית מרכזת - 25342312052.pdf,2024-01-02__קרן-ממויה__(מסמך ממוחשב) הדפסת חשבונית מרכזת - 25342312052.pdf,+100 filename contains 'חשבונית מרכזת'; +80 filename contains 'חשבונית'; +35 filename contains 'מרכזת'; +150 invoice number match: 25342312052 (+2 more signals),HIGH,000000002A0721BC1CEF6A4193EE5BF12F7DE63007006C8F6A93764406478EDB9ABA665E4A1B000162E6D2DE00006C8F6A93764406478EDB9ABA665E4A1B00075695D9880000,SELECTED,
2023-12-10 10:59:22,2023,קרן ממויה,Keren@erco.co.il,"(מסמך ממוחשב) הדפסת חשבונית מרכזת - 25352300738, בגין ח""ן:25342311158",1,"(מסמך ממוחשב) הדפסת חשבונית מרכזת - 25352300738, בגין ח ן 25342.pdf","2023-12-10__קרן-ממויה__(מסמך ממוחשב) הדפסת חשבונית מרכזת - 25352300738, בגין ח ן 25342.pdf",+100 filename contains 'חשבונית מרכזת'; +80 filename contains 'חשבונית'; +35 filename contains 'מרכזת'; +150 invoice number match: 25352300738 (+2 more signals),HIGH,000000002A0721BC1CEF6A4193EE5BF12F7DE63007006C8F6A93764406478EDB9ABA665E4A1B000162E6D2DE00006C8F6A93764406478EDB9ABA665E4A1B0007484C10B80000,SELECTED,
2023-12-05 11:55:09,2023,קרן ממויה,Keren@erco.co.il,"(מסמך ממוחשב) הדפסת חשבונית מרכזת - 25342311158, חש. מרכזת נוב-23",19,"(מסמך ממוחשב) הדפסת חשבונית מרכזת - 25342311158, חש. מרכזת נוב-.pdf","2023-12-05__קרן-ממויה__(מסמך ממוחשב) הדפסת חשבונית מרכזת - 25342311158, חש. מרכזת נוב-.pdf",+100 filename contains 'חשבונית מרכזת'; +80 filename contains 'חשבונית'; +40 filename contains 'חש.'; +35 filename contains 'מרכזת' (+3 more signals),HIGH,000000002A0721BC1CEF6A4193EE5BF12F7DE63007006C8F6A93764406478EDB9ABA665E4A1B000162E6D2DE00006C8F6A93764406478EDB9ABA665E4A1B000744F096B40000,SELECTED,
2023-12-05 11:54:59,2023,קרן ממויה,Keren@erco.co.il,(מסמך ממוחשב) הדפסת חשבונית מרכזת - 25342311079,9,(מסמך ממוחשב) הדפסת חשבונית מרכזת - 25342311079.pdf,2023-12-05__קרן-ממויה__(מסמך ממוחשב) הדפסת חשבונית מרכזת - 25342311079.pdf,+100 filename contains 'חשבונית מרכזת'; +80 filename contains 'חשבונית'; +35 filename contains 'מרכזת'; +150 invoice number match: 25342311079 (+2 more signals),HIGH,000000002A0721BC1CEF6A4193EE5BF12F7DE63007006C8F6A93764406478EDB9ABA665E4A1B000162E6D2DE00006C8F6A93764406478EDB9ABA665E4A1B000744F096B30000,SELECTED,
2023-12-05 11:54:56,2023,קרן ממויה,Keren@erco.co.il,(מסמך ממוחשב) הדפסת חשבונית מרכזת - 25342311078,9,(מסמך ממוחשב) הדפסת חשבונית מרכזת - 25342311078.pdf,2023-12-05__קרן-ממויה__(מסמך ממוחשב) הדפסת חשבונית מרכזת - 25342311078.pdf,+100 filename contains 'חשבונית מרכזת'; +80 filename contains 'חשבונית'; +35 filename contains 'מרכזת'; +150 invoice number match: 25342311078 (+2 more signals),HIGH,000000002A0721BC1CEF6A4193EE5BF12F7DE63007006C8F6A93764406478EDB9ABA665E4A1B000162E6D2DE00006C8F6A93764406478EDB9ABA665E4A1B000744F096B20000,SELECTED,
2023-12-05 11:54:49,2023,קרן ממויה,Keren@erco.co.il,(מסמך ממוחשב) הדפסת חשבונית מרכזת - 25342311077,2,(מסמך ממוחשב) הדפסת חשבונית מרכזת - 25342311077.pdf,2023-12-05__קרן-ממויה__(מסמך ממוחשב) הדפסת חשבונית מרכזת - 25342311077.pdf,+100 filename contains 'חשבונית מרכזת'; +80 filename contains 'חשבונית'; +35 filename contains 'מרכזת'; +150 invoice number match: 25342311077 (+2 more signals),HIGH,000000002A0721BC1CEF6A4193EE5BF12F7DE63007006C8F6A93764406478EDB9ABA665E4A1B000162E6D2DE00006C8F6A93764406478EDB9ABA665E4A1B000744F096B10000,SELECTED,
2023-12-04 14:02:34,2023,קרן ממויה,Keren@erco.co.il,"(מסמך ממוחשב) הדפסת חשבונית מרכזת - 25352300718, בגין ח""ן:25342309511",1,"(מסמך ממוחשב) הדפסת חשבונית מרכזת - 25352300718, בגין ח ן 25342.pdf","2023-12-04__קרן-ממויה__(מסמך ממוחשב) הדפסת חשבונית מרכזת - 25352300718, בגין ח ן 25342.pdf",+100 filename contains 'חשבונית מרכזת'; +80 filename contains 'חשבונית'; +35 filename contains 'מרכזת'; +150 invoice number match: 25352300718 (+2 more signals),HIGH,000000002A0721BC1CEF6A4193EE5BF12F7DE63007006C8F6A93764406478EDB9ABA665E4A1B000162E6D2DE00006C8F6A93764406478EDB9ABA665E4A1B00074429A68E0000,SELECTED,
2023-12-04 14:02:29,2023,קרן ממויה,Keren@erco.co.il,"(מסמך ממוחשב) הדפסת חשבונית מרכזת - 25352300717, בגין ח""ן:25342308698",1,"(מסמך ממוחשב) הדפסת חשבונית מרכזת - 25352300717, בגין ח ן 25342.pdf","2023-12-04__קרן-ממויה__(מסמך ממוחשב) הדפסת חשבונית מרכזת - 25352300717, בגין ח ן 25342.pdf",+100 filename contains 'חשבונית מרכזת'; +80 filename contains 'חשבונית'; +35 filename contains 'מרכזת'; +150 invoice number match: 25352300717 (+2 more signals),HIGH,000000002A0721BC1CEF6A4193EE5BF12F7DE63007006C8F6A93764406478EDB9ABA665E4A1B000162E6D2DE00006C8F6A93764406478EDB9ABA665E4A1B00074429A68D0000,SELECTED,
2023-12-04 14:02:22,2023,קרן ממויה,Keren@erco.co.il,"(מסמך ממוחשב) הדפסת חשבונית מרכזת - 25352300716, בגין ח""ן:25342308696",1,"(מסמך ממוחשב) הדפסת חשבונית מרכזת - 25352300716, בגין ח ן 25342.pdf","2023-12-04__קרן-ממויה__(מסמך ממוחשב) הדפסת חשבונית מרכזת - 25352300716, בגין ח ן 25342.pdf",+100 filename contains 'חשבונית מרכזת'; +80 filename contains 'חשבונית'; +35 filename contains 'מרכזת'; +150 invoice number match: 25352300716 (+2 more signals),HIGH,000000002A0721BC1CEF6A4193EE5BF12F7DE63007006C8F6A93764406478EDB9ABA665E4A1B000162E6D2DE00006C8F6A93764406478EDB9ABA665E4A1B00074429A68C0000,SELECTED,
2023-12-04 14:02:21,2023,קרן ממויה,Keren@erco.co.il,"(מסמך ממוחשב) הדפסת חשבונית מרכזת - 25352300715, בגין ח""ן:25342308013",1,"(מסמך ממוחשב) הדפסת חשבונית מרכזת - 25352300715, בגין ח ן 25342.pdf","2023-12-04__קרן-ממויה__(מסמך ממוחשב) הדפסת חשבונית מרכזת - 25352300715, בגין ח ן 25342.pdf",+100 filename contains 'חשבונית מרכזת'; +80 filename contains 'חשבונית'; +35 filename contains 'מרכזת'; +150 invoice number match: 25352300715 (+2 more signals),HIGH,000000002A0721BC1CEF6A4193EE5BF12F7DE63007006C8F6A93764406478EDB9ABA665E4A1B000162E6D2DE00006C8F6A93764406478EDB9ABA665E4A1B00074429A68B0000,SELECTED,
2023-12-04 14:02:18,2023,קרן ממויה,Keren@erco.co.il,"(מסמך ממוחשב) הדפסת חשבונית מרכזת - 25352300714, בגין ח""ן:25342306865",1,"(מסמך ממוחשב) הדפסת חשבונית מרכזת - 25352300714, בגין ח ן 25342.pdf","2023-12-04__קרן-ממויה__(מסמך ממוחשב) הדפסת חשבונית מרכזת - 25352300714, בגין ח ן 25342.pdf",+100 filename contains 'חשבונית מרכזת'; +80 filename contains 'חשבונית'; +35 filename contains 'מרכזת'; +150 invoice number match: 25352300714 (+2 more signals),HIGH,000000002A0721BC1CEF6A4193EE5BF12F7DE63007006C8F6A93764406478EDB9ABA665E4A1B000162E6D2DE00006C8F6A93764406478EDB9ABA665E4A1B00074429A68A0000,SELECTED,
2023-11-27 12:31:49,2023,קרן ממויה,Keren@erco.co.il,חשבונית 25352300218  25342306862 25352300219,3,,,Tied top candidates (score 5): p7058002007.pdf; p4297201925.pdf; p4297201998.pdf,LOW,000000002A0721BC1CEF6A4193EE5BF12F7DE63007006C8F6A93764406478EDB9ABA665E4A1B000162E6D2DE00006C8F6A93764406478EDB9ABA665E4A1B00073F77EE060000,AMBIGUOUS,Candidates: p7058002007.pdf; p4297201925.pdf; p4297201998.pdf
2023-11-05 11:38:17,2023,קרן ממויה,Keren@erco.co.il,(מסמך ממוחשב) הדפסת חשבונית מרכזת - 25352300676,1,(מסמך ממוחשב) הדפסת חשבונית מרכזת - 25352300676.pdf,2023-11-05__קרן-ממויה__(מסמך ממוחשב) הדפסת חשבונית מרכזת - 25352300676.pdf,+100 filename contains 'חשבונית מרכזת'; +80 filename contains 'חשבונית'; +35 filename contains 'מרכזת'; +150 invoice number match: 25352300676 (+2 more signals),HIGH,000000002A0721BC1CEF6A4193EE5BF12F7DE63007006C8F6A93764406478EDB9ABA665E4A1B000162E6D2DE00006C8F6A93764406478EDB9ABA665E4A1B00072F7E951B0000,SELECTED,
2023-11-05 11:38:16,2023,קרן ממויה,Keren@erco.co.il,"(מסמך ממוחשב) הדפסת חשבונית מרכזת - 25342310271, חש. מרכזת אוק-23",4,"(מסמך ממוחשב) הדפסת חשבונית מרכזת - 25342310271, חש. מרכזת אוק-.pdf","2023-11-05__קרן-ממויה__(מסמך ממוחשב) הדפסת חשבונית מרכזת - 25342310271, חש. מרכזת אוק-.pdf",+100 filename contains 'חשבונית מרכזת'; +80 filename contains 'חשבונית'; +40 filename contains 'חש.'; +35 filename contains 'מרכזת' (+3 more signals),HIGH,000000002A0721BC1CEF6A4193EE5BF12F7DE63007006C8F6A93764406478EDB9ABA665E4A1B000162E6D2DE00006C8F6A93764406478EDB9ABA665E4A1B00072F7E951A0000,SELECTED,
2023-11-05 11:38:16,2023,קרן ממויה,Keren@erco.co.il,(מסמך ממוחשב) הדפסת חשבונית מרכזת - 25342310317,7,(מסמך ממוחשב) הדפסת חשבונית מרכזת - 25342310317.pdf,2023-11-05__קרן-ממויה__(מסמך ממוחשב) הדפסת חשבונית מרכזת - 25342310317.pdf,+100 filename contains 'חשבונית מרכזת'; +80 filename contains 'חשבונית'; +35 filename contains 'מרכזת'; +150 invoice number match: 25342310317 (+2 more signals),HIGH,000000002A0721BC1CEF6A4193EE5BF12F7DE63007006C8F6A93764406478EDB9ABA665E4A1B000162E6D2DE00006C8F6A93764406478EDB9ABA665E4A1B00072F7E95190000,SELECTED,
2023-11-05 11:38:12,2023,קרן ממויה,Keren@erco.co.il,(מסמך ממוחשב) הדפסת חשבונית מרכזת - 25342310316,4,(מסמך ממוחשב) הדפסת חשבונית מרכזת - 25342310316.pdf,2023-11-05__קרן-ממויה__(מסמך ממוחשב) הדפסת חשבונית מרכזת - 25342310316.pdf,+100 filename contains 'חשבונית מרכזת'; +80 filename contains 'חשבונית'; +35 filename contains 'מרכזת'; +150 invoice number match: 25342310316 (+2 more signals),HIGH,000000002A0721BC1CEF6A4193EE5BF12F7DE63007006C8F6A93764406478EDB9ABA665E4A1B000162E6D2DE00006C8F6A93764406478EDB9ABA665E4A1B00072F7E95180000,SELECTED,
2023-11-05 11:38:08,2023,קרן ממויה,Keren@erco.co.il,(מסמך ממוחשב) הדפסת חשבונית מרכזת - 25342310249,4,(מסמך ממוחשב) הדפסת חשבונית מרכזת - 25342310249.pdf,2023-11-05__קרן-ממויה__(מסמך ממוחשב) הדפסת חשבונית מרכזת - 25342310249.pdf,+100 filename contains 'חשבונית מרכזת'; +80 filename contains 'חשבונית'; +35 filename contains 'מרכזת'; +150 invoice number match: 25342310249 (+2 more signals),HIGH,000000002A0721BC1CEF6A4193EE5BF12F7DE63007006C8F6A93764406478EDB9ABA665E4A1B000162E6D2DE00006C8F6A93764406478EDB9ABA665E4A1B00072F7E95170000,SELECTED,
2023-10-05 09:56:39,2023,קרן ממויה,Keren@erco.co.il,"(מסמך ממוחשב) הדפסת חשבונית מרכזת - 25342309511, חש. מרכזת ספט-23",8,"(מסמך ממוחשב) הדפסת חשבונית מרכזת - 25342309511, חש. מרכזת ספט-.pdf","2023-10-05__קרן-ממויה__(מסמך ממוחשב) הדפסת חשבונית מרכזת - 25342309511, חש. מרכזת ספט-.pdf",+100 filename contains 'חשבונית מרכזת'; +80 filename contains 'חשבונית'; +40 filename contains 'חש.'; +35 filename contains 'מרכזת' (+3 more signals),HIGH,000000002A0721BC1CEF6A4193EE5BF12F7DE63007006C8F6A93764406478EDB9ABA665E4A1B000162E6D2DE00006C8F6A93764406478EDB9ABA665E4A1B00071BBDC1660000,SELECTED,
2023-10-02 13:30:19,2023,קרן ממויה,Keren@erco.co.il,(מסמך ממוחשב) הדפסת חשבונית מרכזת - 25342308697,6,(מסמך ממוחשב) הדפסת חשבונית מרכזת - 25342308697.pdf,2023-10-02__קרן-ממויה__(מסמך ממוחשב) הדפסת חשבונית מרכזת - 25342308697.pdf,+100 filename contains 'חשבונית מרכזת'; +80 filename contains 'חשבונית'; +35 filename contains 'מרכזת'; +150 invoice number match: 25342308697 (+2 more signals),HIGH,000000002A0721BC1CEF6A4193EE5BF12F7DE63007006C8F6A93764406478EDB9ABA665E4A1B000162E6D2DE00006C8F6A93764406478EDB9ABA665E4A1B0007185E9BBB0000,SELECTED,
2023-10-02 13:30:19,2023,קרן ממויה,Keren@erco.co.il,(מסמך ממוחשב) הדפסת חשבונית מרכזת - 25342308699,4,(מסמך ממוחשב) הדפסת חשבונית מרכזת - 25342308699.pdf,2023-10-02__קרן-ממויה__(מסמך ממוחשב) הדפסת חשבונית מרכזת - 25342308699.pdf,+100 filename contains 'חשבונית מרכזת'; +80 filename contains 'חשבונית'; +35 filename contains 'מרכזת'; +150 invoice number match: 25342308699 (+2 more signals),HIGH,000000002A0721BC1CEF6A4193EE5BF12F7DE63007006C8F6A93764406478EDB9ABA665E4A1B000162E6D2DE00006C8F6A93764406478EDB9ABA665E4A1B0007185E9BBA0000,SELECTED,
2023-10-02 13:30:16,2023,קרן ממויה,Keren@erco.co.il,(מסמך ממוחשב) הדפסת חשבונית מרכזת - 25342308698,4,(מסמך ממוחשב) הדפסת חשבונית מרכזת - 25342308698.pdf,2023-10-02__קרן-ממויה__(מסמך ממוחשב) הדפסת חשבונית מרכזת - 25342308698.pdf,+100 filename contains 'חשבונית מרכזת'; +80 filename contains 'חשבונית'; +35 filename contains 'מרכזת'; +150 invoice number match: 25342308698 (+2 more signals),HIGH,000000002A0721BC1CEF6A4193EE5BF12F7DE63007006C8F6A93764406478EDB9ABA665E4A1B000162E6D2DE00006C8F6A93764406478EDB9ABA665E4A1B0007185E9BB90000,SELECTED,
2023-10-02 13:30:14,2023,קרן ממויה,Keren@erco.co.il,(מסמך ממוחשב) הדפסת חשבונית מרכזת - 25342308696,10,(מסמך ממוחשב) הדפסת חשבונית מרכזת - 25342308696.pdf,2023-10-02__קרן-ממויה__(מסמך ממוחשב) הדפסת חשבונית מרכזת - 25342308696.pdf,+100 filename contains 'חשבונית מרכזת'; +80 filename contains 'חשבונית'; +35 filename contains 'מרכזת'; +150 invoice number match: 25342308696 (+2 more signals),HIGH,000000002A0721BC1CEF6A4193EE5BF12F7DE63007006C8F6A93764406478EDB9ABA665E4A1B000162E6D2DE00006C8F6A93764406478EDB9ABA665E4A1B0007185E9BB80000,SELECTED,
2023-10-02 13:30:11,2023,קרן ממויה,Keren@erco.co.il,(מסמך ממוחשב) הדפסת חשבונית מרכזת - 25342308695,4,(מסמך ממוחשב) הדפסת חשבונית מרכזת - 25342308695.pdf,2023-10-02__קרן-ממויה__(מסמך ממוחשב) הדפסת חשבונית מרכזת - 25342308695.pdf,+100 filename contains 'חשבונית מרכזת'; +80 filename contains 'חשבונית'; +35 filename contains 'מרכזת'; +150 invoice number match: 25342308695 (+2 more signals),HIGH,000000002A0721BC1CEF6A4193EE5BF12F7DE63007006C8F6A93764406478EDB9ABA665E4A1B000162E6D2DE00006C8F6A93764406478EDB9ABA665E4A1B0007185E9BB70000,SELECTED,
2023-09-03 15:15:14,2023,קרן ממויה,Keren@erco.co.il,(מסמך ממוחשב) הדפסת חשבונית מרכזת - 25342308014,1,(מסמך ממוחשב) הדפסת חשבונית מרכזת - 25342308014.pdf,2023-09-03__קרן-ממויה__(מסמך ממוחשב) הדפסת חשבונית מרכזת - 25342308014.pdf,+100 filename contains 'חשבונית מרכזת'; +80 filename contains 'חשבונית'; +35 filename contains 'מרכזת'; +150 invoice number match: 25342308014 (+2 more signals),HIGH,000000002A0721BC1CEF6A4193EE5BF12F7DE63007006C8F6A93764406478EDB9ABA665E4A1B000162E6D2DE00006C8F6A93764406478EDB9ABA665E4A1B00070757A9A50000,SELECTED,
2023-09-03 15:15:09,2023,קרן ממויה,Keren@erco.co.il,(מסמך ממוחשב) הדפסת חשבונית מרכזת - 25342308013,1,(מסמך ממוחשב) הדפסת חשבונית מרכזת - 25342308013.pdf,2023-09-03__קרן-ממויה__(מסמך ממוחשב) הדפסת חשבונית מרכזת - 25342308013.pdf,+100 filename contains 'חשבונית מרכזת'; +80 filename contains 'חשבונית'; +35 filename contains 'מרכזת'; +150 invoice number match: 25342308013 (+2 more signals),HIGH,000000002A0721BC1CEF6A4193EE5BF12F7DE63007006C8F6A93764406478EDB9ABA665E4A1B000162E6D2DE00006C8F6A93764406478EDB9ABA665E4A1B00070757A9A40000,SELECTED,
2023-09-03 15:15:06,2023,קרן ממויה,Keren@erco.co.il,(מסמך ממוחשב) הדפסת חשבונית מרכזת - 25342308012,1,(מסמך ממוחשב) הדפסת חשבונית מרכזת - 25342308012.pdf,2023-09-03__קרן-ממויה__(מסמך ממוחשב) הדפסת חשבונית מרכזת - 25342308012.pdf,+100 filename contains 'חשבונית מרכזת'; +80 filename contains 'חשבונית'; +35 filename contains 'מרכזת'; +150 invoice number match: 25342308012 (+2 more signals),HIGH,000000002A0721BC1CEF6A4193EE5BF12F7DE63007006C8F6A93764406478EDB9ABA665E4A1B000162E6D2DE00006C8F6A93764406478EDB9ABA665E4A1B00070757A9A30000,SELECTED,
2023-09-03 15:15:04,2023,קרן ממויה,Keren@erco.co.il,(מסמך ממוחשב) הדפסת חשבונית מרכזת - 25342308011,1,(מסמך ממוחשב) הדפסת חשבונית מרכזת - 25342308011.pdf,2023-09-03__קרן-ממויה__(מסמך ממוחשב) הדפסת חשבונית מרכזת - 25342308011.pdf,+100 filename contains 'חשבונית מרכזת'; +80 filename contains 'חשבונית'; +35 filename contains 'מרכזת'; +150 invoice number match: 25342308011 (+2 more signals),HIGH,000000002A0721BC1CEF6A4193EE5BF12F7DE63007006C8F6A93764406478EDB9ABA665E4A1B000162E6D2DE00006C8F6A93764406478EDB9ABA665E4A1B00070757A9A20000,SELECTED,
2023-09-03 15:15:03,2023,קרן ממויה,Keren@erco.co.il,"(מסמך ממוחשב) הדפסת חשבונית מרכזת - 25342308010, חש. מרכזת אוג-23",1,"(מסמך ממוחשב) הדפסת חשבונית מרכזת - 25342308010, חש. מרכזת אוג-.pdf","2023-09-03__קרן-ממויה__(מסמך ממוחשב) הדפסת חשבונית מרכזת - 25342308010, חש. מרכזת אוג-.pdf",+100 filename contains 'חשבונית מרכזת'; +80 filename contains 'חשבונית'; +40 filename contains 'חש.'; +35 filename contains 'מרכזת' (+3 more signals),HIGH,000000002A0721BC1CEF6A4193EE5BF12F7DE63007006C8F6A93764406478EDB9ABA665E4A1B000162E6D2DE00006C8F6A93764406478EDB9ABA665E4A1B00070757A9A10000,SELECTED,
2023-09-03 15:15:00,2023,קרן ממויה,Keren@erco.co.il,(מסמך ממוחשב) הדפסת חשבונית מרכזת - 25342308009,1,(מסמך ממוחשב) הדפסת חשבונית מרכזת - 25342308009.pdf,2023-09-03__קרן-ממויה__(מסמך ממוחשב) הדפסת חשבונית מרכזת - 25342308009.pdf,+100 filename contains 'חשבונית מרכזת'; +80 filename contains 'חשבונית'; +35 filename contains 'מרכזת'; +150 invoice number match: 25342308009 (+2 more signals),HIGH,000000002A0721BC1CEF6A4193EE5BF12F7DE63007006C8F6A93764406478EDB9ABA665E4A1B000162E6D2DE00006C8F6A93764406478EDB9ABA665E4A1B00070757A9A00000,SELECTED,
2023-08-02 15:52:32,2023,קרן ממויה,Keren@erco.co.il,"(מסמך ממוחשב) הדפסת חשבונית מרכזת - 25342306865, חש. מרכזת יול-23",17,"(מסמך ממוחשב) הדפסת חשבונית מרכזת - 25342306865, חש. מרכזת יול-.pdf","2023-08-02__קרן-ממויה__(מסמך ממוחשב) הדפסת חשבונית מרכזת - 25342306865, חש. מרכזת יול-.pdf",+100 filename contains 'חשבונית מרכזת'; +80 filename contains 'חשבונית'; +40 filename contains 'חש.'; +35 filename contains 'מרכזת' (+3 more signals),HIGH,000000002A0721BC1CEF6A4193EE5BF12F7DE63007006C8F6A93764406478EDB9ABA665E4A1B000162E6D2DE00006C8F6A93764406478EDB9ABA665E4A1B0006F211423B0000,SELECTED,
2023-08-02 15:52:20,2023,קרן ממויה,Keren@erco.co.il,(מסמך ממוחשב) הדפסת חשבונית מרכזת - 25342306863,12,(מסמך ממוחשב) הדפסת חשבונית מרכזת - 25342306863.pdf,2023-08-02__קרן-ממויה__(מסמך ממוחשב) הדפסת חשבונית מרכזת - 25342306863.pdf,+100 filename contains 'חשבונית מרכזת'; +80 filename contains 'חשבונית'; +35 filename contains 'מרכזת'; +150 invoice number match: 25342306863 (+2 more signals),HIGH,000000002A0721BC1CEF6A4193EE5BF12F7DE63007006C8F6A93764406478EDB9ABA665E4A1B000162E6D2DE00006C8F6A93764406478EDB9ABA665E4A1B0006F211423A0000,SELECTED,
2023-08-02 15:52:19,2023,קרן ממויה,Keren@erco.co.il,(מסמך ממוחשב) הדפסת חשבונית מרכזת - 25342306864,3,(מסמך ממוחשב) הדפסת חשבונית מרכזת - 25342306864.pdf,2023-08-02__קרן-ממויה__(מסמך ממוחשב) הדפסת חשבונית מרכזת - 25342306864.pdf,+100 filename contains 'חשבונית מרכזת'; +80 filename contains 'חשבונית'; +35 filename contains 'מרכזת'; +150 invoice number match: 25342306864 (+2 more signals),HIGH,000000002A0721BC1CEF6A4193EE5BF12F7DE63007006C8F6A93764406478EDB9ABA665E4A1B000162E6D2DE00006C8F6A93764406478EDB9ABA665E4A1B0006F21142390000,SELECTED,
2023-07-13 11:32:34,2023,קרן ממויה,Keren@erco.co.il,"(מסמך ממוחשב) הדפסת חשבונית מרכזת - 25352300463, בגין ח""ן:25342306023",1,"(מסמך ממוחשב) הדפסת חשבונית מרכזת - 25352300463, בגין ח ן 25342.pdf","2023-07-13__קרן-ממויה__(מסמך ממוחשב) הדפסת חשבונית מרכזת - 25352300463, בגין ח ן 25342.pdf",+100 filename contains 'חשבונית מרכזת'; +80 filename contains 'חשבונית'; +35 filename contains 'מרכזת'; +150 invoice number match: 25352300463 (+2 more signals),HIGH,000000002A0721BC1CEF6A4193EE5BF12F7DE63007006C8F6A93764406478EDB9ABA665E4A1B000162E6D2DE00006C8F6A93764406478EDB9ABA665E4A1B0006E41258BA0000,SELECTED,
2023-07-04 11:14:20,2023,קרן ממויה,Keren@erco.co.il,(מסמך ממוחשב) הדפסת חשבונית מרכזת - 25342306025,6,(מסמך ממוחשב) הדפסת חשבונית מרכזת - 25342306025.pdf,2023-07-04__קרן-ממויה__(מסמך ממוחשב) הדפסת חשבונית מרכזת - 25342306025.pdf,+100 filename contains 'חשבונית מרכזת'; +80 filename contains 'חשבונית'; +35 filename contains 'מרכזת'; +150 invoice number match: 25342306025 (+2 more signals),HIGH,000000002A0721BC1CEF6A4193EE5BF12F7DE63007006C8F6A93764406478EDB9ABA665E4A1B000162E6D2DE00006C8F6A93764406478EDB9ABA665E4A1B0006DD18E7290000,SELECTED,
2023-07-04 11:14:15,2023,קרן ממויה,Keren@erco.co.il,(מסמך ממוחשב) הדפסת חשבונית מרכזת - 25342306024,10,(מסמך ממוחשב) הדפסת חשבונית מרכזת - 25342306024.pdf,2023-07-04__קרן-ממויה__(מסמך ממוחשב) הדפסת חשבונית מרכזת - 25342306024.pdf,+100 filename contains 'חשבונית מרכזת'; +80 filename contains 'חשבונית'; +35 filename contains 'מרכזת'; +150 invoice number match: 25342306024 (+2 more signals),HIGH,000000002A0721BC1CEF6A4193EE5BF12F7DE63007006C8F6A93764406478EDB9ABA665E4A1B000162E6D2DE00006C8F6A93764406478EDB9ABA665E4A1B0006DD18E7280000,SELECTED,
2023-07-04 11:14:11,2023,קרן ממויה,Keren@erco.co.il,"(מסמך ממוחשב) הדפסת חשבונית מרכזת - 25342306022, חש. מרכזת יונ-23",20,"(מסמך ממוחשב) הדפסת חשבונית מרכזת - 25342306022, חש. מרכזת יונ-.pdf","2023-07-04__קרן-ממויה__(מסמך ממוחשב) הדפסת חשבונית מרכזת - 25342306022, חש. מרכזת יונ-.pdf",+100 filename contains 'חשבונית מרכזת'; +80 filename contains 'חשבונית'; +40 filename contains 'חש.'; +35 filename contains 'מרכזת' (+3 more signals),HIGH,000000002A0721BC1CEF6A4193EE5BF12F7DE63007006C8F6A93764406478EDB9ABA665E4A1B000162E6D2DE00006C8F6A93764406478EDB9ABA665E4A1B0006DD18E7270000,SELECTED,
2023-07-04 11:14:09,2023,קרן ממויה,Keren@erco.co.il,(מסמך ממוחשב) הדפסת חשבונית מרכזת - 25342306023,13,(מסמך ממוחשב) הדפסת חשבונית מרכזת - 25342306023.pdf,2023-07-04__קרן-ממויה__(מסמך ממוחשב) הדפסת חשבונית מרכזת - 25342306023.pdf,+100 filename contains 'חשבונית מרכזת'; +80 filename contains 'חשבונית'; +35 filename contains 'מרכזת'; +150 invoice number match: 25342306023 (+2 more signals),HIGH,000000002A0721BC1CEF6A4193EE5BF12F7DE63007006C8F6A93764406478EDB9ABA665E4A1B000162E6D2DE00006C8F6A93764406478EDB9ABA665E4A1B0006DD18E7260000,SELECTED,
2023-07-04 11:13:55,2023,קרן ממויה,Keren@erco.co.il,(מסמך ממוחשב) הדפסת חשבונית מרכזת - 25342306021,2,(מסמך ממוחשב) הדפסת חשבונית מרכזת - 25342306021.pdf,2023-07-04__קרן-ממויה__(מסמך ממוחשב) הדפסת חשבונית מרכזת - 25342306021.pdf,+100 filename contains 'חשבונית מרכזת'; +80 filename contains 'חשבונית'; +35 filename contains 'מרכזת'; +150 invoice number match: 25342306021 (+2 more signals),HIGH,000000002A0721BC1CEF6A4193EE5BF12F7DE63007006C8F6A93764406478EDB9ABA665E4A1B000162E6D2DE00006C8F6A93764406478EDB9ABA665E4A1B0006DD18E7250000,SELECTED,
2023-05-31 15:50:21,2023,קרן ממויה,Keren@erco.co.il,"(מסמך ממוחשב) הדפסת חשבונית מרכזת - 25342304092, חש. מרכזת מאי-23",1,"(מסמך ממוחשב) הדפסת חשבונית מרכזת - 25342304092, חש. מרכזת מאי-.pdf","2023-05-31__קרן-ממויה__(מסמך ממוחשב) הדפסת חשבונית מרכזת - 25342304092, חש. מרכזת מאי-.pdf",+100 filename contains 'חשבונית מרכזת'; +80 filename contains 'חשבונית'; +40 filename contains 'חש.'; +35 filename contains 'מרכזת' (+3 more signals),HIGH,000000002A0721BC1CEF6A4193EE5BF12F7DE63007006C8F6A93764406478EDB9ABA665E4A1B000162E6D2DE00006C8F6A93764406478EDB9ABA665E4A1B0006C6EFA3E70000,SELECTED,
2023-05-31 15:50:16,2023,קרן ממויה,Keren@erco.co.il,(מסמך ממוחשב) הדפסת חשבונית מרכזת - 25342304090,1,(מסמך ממוחשב) הדפסת חשבונית מרכזת - 25342304090.pdf,2023-05-31__קרן-ממויה__(מסמך ממוחשב) הדפסת חשבונית מרכזת - 25342304090.pdf,+100 filename contains 'חשבונית מרכזת'; +80 filename contains 'חשבונית'; +35 filename contains 'מרכזת'; +150 invoice number match: 25342304090 (+2 more signals),HIGH,000000002A0721BC1CEF6A4193EE5BF12F7DE63007006C8F6A93764406478EDB9ABA665E4A1B000162E6D2DE00006C8F6A93764406478EDB9ABA665E4A1B0006C6EFA3E60000,SELECTED,
2023-05-31 15:50:16,2023,קרן ממויה,Keren@erco.co.il,(מסמך ממוחשב) הדפסת חשבונית מרכזת - 25342304091,1,(מסמך ממוחשב) הדפסת חשבונית מרכזת - 25342304091.pdf,2023-05-31__קרן-ממויה__(מסמך ממוחשב) הדפסת חשבונית מרכזת - 25342304091.pdf,+100 filename contains 'חשבונית מרכזת'; +80 filename contains 'חשבונית'; +35 filename contains 'מרכזת'; +150 invoice number match: 25342304091 (+2 more signals),HIGH,000000002A0721BC1CEF6A4193EE5BF12F7DE63007006C8F6A93764406478EDB9ABA665E4A1B000162E6D2DE00006C8F6A93764406478EDB9ABA665E4A1B0006C6EFA3E50000,SELECTED,
2023-05-31 15:50:12,2023,קרן ממויה,Keren@erco.co.il,(מסמך ממוחשב) הדפסת חשבונית מרכזת - 25342304089,1,(מסמך ממוחשב) הדפסת חשבונית מרכזת - 25342304089.pdf,2023-05-31__קרן-ממויה__(מסמך ממוחשב) הדפסת חשבונית מרכזת - 25342304089.pdf,+100 filename contains 'חשבונית מרכזת'; +80 filename contains 'חשבונית'; +35 filename contains 'מרכזת'; +150 invoice number match: 25342304089 (+2 more signals),HIGH,000000002A0721BC1CEF6A4193EE5BF12F7DE63007006C8F6A93764406478EDB9ABA665E4A1B000162E6D2DE00006C8F6A93764406478EDB9ABA665E4A1B0006C6EFA3E40000,SELECTED,
2023-05-31 15:50:08,2023,קרן ממויה,Keren@erco.co.il,(מסמך ממוחשב) הדפסת חשבונית מרכזת - 25342304088,1,(מסמך ממוחשב) הדפסת חשבונית מרכזת - 25342304088.pdf,2023-05-31__קרן-ממויה__(מסמך ממוחשב) הדפסת חשבונית מרכזת - 25342304088.pdf,+100 filename contains 'חשבונית מרכזת'; +80 filename contains 'חשבונית'; +35 filename contains 'מרכזת'; +150 invoice number match: 25342304088 (+2 more signals),HIGH,000000002A0721BC1CEF6A4193EE5BF12F7DE63007006C8F6A93764406478EDB9ABA665E4A1B000162E6D2DE00006C8F6A93764406478EDB9ABA665E4A1B0006C6EFA3E30000,SELECTED,
2023-05-03 10:00:33,2023,קרן ממויה,Keren@erco.co.il,"(מסמך ממוחשב) הדפסת חשבונית מרכזת - 25342303327, חש. מרכזת אפר-23",12,"(מסמך ממוחשב) הדפסת חשבונית מרכזת - 25342303327, חש. מרכזת אפר-.pdf","2023-05-03__קרן-ממויה__(מסמך ממוחשב) הדפסת חשבונית מרכזת - 25342303327, חש. מרכזת אפר-.pdf",+100 filename contains 'חשבונית מרכזת'; +80 filename contains 'חשבונית'; +40 filename contains 'חש.'; +35 filename contains 'מרכזת' (+3 more signals),HIGH,000000002A0721BC1CEF6A4193EE5BF12F7DE63007006C8F6A93764406478EDB9ABA665E4A1B000162E6D2DE00006C8F6A93764406478EDB9ABA665E4A1B0006B57636160000,SELECTED,
2023-05-03 10:00:26,2023,קרן ממויה,Keren@erco.co.il,(מסמך ממוחשב) הדפסת חשבונית מרכזת - 25342303325,8,(מסמך ממוחשב) הדפסת חשבונית מרכזת - 25342303325.pdf,2023-05-03__קרן-ממויה__(מסמך ממוחשב) הדפסת חשבונית מרכזת - 25342303325.pdf,+100 filename contains 'חשבונית מרכזת'; +80 filename contains 'חשבונית'; +35 filename contains 'מרכזת'; +150 invoice number match: 25342303325 (+2 more signals),HIGH,000000002A0721BC1CEF6A4193EE5BF12F7DE63007006C8F6A93764406478EDB9ABA665E4A1B000162E6D2DE00006C8F6A93764406478EDB9ABA665E4A1B0006B57636150000,SELECTED,
2023-05-03 10:00:25,2023,קרן ממויה,Keren@erco.co.il,(מסמך ממוחשב) הדפסת חשבונית מרכזת - 25342303326,2,(מסמך ממוחשב) הדפסת חשבונית מרכזת - 25342303326.pdf,2023-05-03__קרן-ממויה__(מסמך ממוחשב) הדפסת חשבונית מרכזת - 25342303326.pdf,+100 filename contains 'חשבונית מרכזת'; +80 filename contains 'חשבונית'; +35 filename contains 'מרכזת'; +150 invoice number match: 25342303326 (+2 more signals),HIGH,000000002A0721BC1CEF6A4193EE5BF12F7DE63007006C8F6A93764406478EDB9ABA665E4A1B000162E6D2DE00006C8F6A93764406478EDB9ABA665E4A1B0006B57636140000,SELECTED,
2023-05-03 10:00:24,2023,קרן ממויה,Keren@erco.co.il,(מסמך ממוחשב) הדפסת חשבונית מרכזת - 25342303324,3,(מסמך ממוחשב) הדפסת חשבונית מרכזת - 25342303324.pdf,2023-05-03__קרן-ממויה__(מסמך ממוחשב) הדפסת חשבונית מרכזת - 25342303324.pdf,+100 filename contains 'חשבונית מרכזת'; +80 filename contains 'חשבונית'; +35 filename contains 'מרכזת'; +150 invoice number match: 25342303324 (+2 more signals),HIGH,000000002A0721BC1CEF6A4193EE5BF12F7DE63007006C8F6A93764406478EDB9ABA665E4A1B000162E6D2DE00006C8F6A93764406478EDB9ABA665E4A1B0006B57636130000,SELECTED,
2023-04-13 14:25:46,2023,קרן ממויה,Keren@erco.co.il,"(מסמך ממוחשב) הדפסת חשבונית מרכזת - 25352300219, בגין ח""ן:25342302717",1,"(מסמך ממוחשב) הדפסת חשבונית מרכזת - 25352300219, בגין ח ן 25342.pdf","2023-04-13__קרן-ממויה__(מסמך ממוחשב) הדפסת חשבונית מרכזת - 25352300219, בגין ח ן 25342.pdf",+100 filename contains 'חשבונית מרכזת'; +80 filename contains 'חשבונית'; +35 filename contains 'מרכזת'; +150 invoice number match: 25352300219 (+2 more signals),HIGH,000000002A0721BC1CEF6A4193EE5BF12F7DE63007006C8F6A93764406478EDB9ABA665E4A1B000162E6D2DE00006C8F6A93764406478EDB9ABA665E4A1B0006A745EE400000,SELECTED,
2023-04-13 14:25:44,2023,קרן ממויה,Keren@erco.co.il,"(מסמך ממוחשב) הדפסת חשבונית מרכזת - 25352300218, בגין ח""ן:25342302619",1,"(מסמך ממוחשב) הדפסת חשבונית מרכזת - 25352300218, בגין ח ן 25342.pdf","2023-04-13__קרן-ממויה__(מסמך ממוחשב) הדפסת חשבונית מרכזת - 25352300218, בגין ח ן 25342.pdf",+100 filename contains 'חשבונית מרכזת'; +80 filename contains 'חשבונית'; +35 filename contains 'מרכזת'; +150 invoice number match: 25352300218 (+2 more signals),HIGH,000000002A0721BC1CEF6A4193EE5BF12F7DE63007006C8F6A93764406478EDB9ABA665E4A1B000162E6D2DE00006C8F6A93764406478EDB9ABA665E4A1B0006A745EE3F0000,SELECTED,
2023-04-13 13:23:03,2023,ניר סאייג,NirS@erco.co.il,25352300219 - הדפסת חשבונית מרכזת,1,25352300219 - הדפסת חשבונית מרכזת.pdf,2023-04-13__ניר-סאייג__25352300219 - הדפסת חשבונית מרכזת.pdf,+100 filename contains 'חשבונית מרכזת'; +80 filename contains 'חשבונית'; +35 filename contains 'מרכזת'; +150 invoice number match: 25352300219 (+2 more signals),HIGH,000000002A0721BC1CEF6A4193EE5BF12F7DE63007006C8F6A93764406478EDB9ABA665E4A1B000162E6D2DE00006C8F6A93764406478EDB9ABA665E4A1B0006A745EE3E0000,SELECTED,
2023-04-13 13:22:33,2023,ניר סאייג,NirS@erco.co.il,25352300218 - הדפסת חשבונית מרכזת,1,25352300218 - הדפסת חשבונית מרכזת.pdf,2023-04-13__ניר-סאייג__25352300218 - הדפסת חשבונית מרכזת.pdf,+100 filename contains 'חשבונית מרכזת'; +80 filename contains 'חשבונית'; +35 filename contains 'מרכזת'; +150 invoice number match: 25352300218 (+2 more signals),HIGH,000000002A0721BC1CEF6A4193EE5BF12F7DE63007006C8F6A93764406478EDB9ABA665E4A1B000162E6D2DE00006C8F6A93764406478EDB9ABA665E4A1B0006A745EE3D0000,SELECTED,
2023-04-09 12:07:19,2023,קרן ממויה,Keren@erco.co.il,"(מסמך ממוחשב) הדפסת חשבונית מרכזת - 25342302717, חש. מרכזת מרץ-23",11,"(מסמך ממוחשב) הדפסת חשבונית מרכזת - 25342302717, חש. מרכזת מרץ-.pdf","2023-04-09__קרן-ממויה__(מסמך ממוחשב) הדפסת חשבונית מרכזת - 25342302717, חש. מרכזת מרץ-.pdf",+100 filename contains 'חשבונית מרכזת'; +80 filename contains 'חשבונית'; +40 filename contains 'חש.'; +35 filename contains 'מרכזת' (+3 more signals),HIGH,000000002A0721BC1CEF6A4193EE5BF12F7DE63007006C8F6A93764406478EDB9ABA665E4A1B000162E6D2DE00006C8F6A93764406478EDB9ABA665E4A1B0006A59811DE0000,SELECTED,
2023-04-09 12:07:15,2023,קרן ממויה,Keren@erco.co.il,(מסמך ממוחשב) הדפסת חשבונית מרכזת - 25342302619,9,(מסמך ממוחשב) הדפסת חשבונית מרכזת - 25342302619.pdf,2023-04-09__קרן-ממויה__(מסמך ממוחשב) הדפסת חשבונית מרכזת - 25342302619.pdf,+100 filename contains 'חשבונית מרכזת'; +80 filename contains 'חשבונית'; +35 filename contains 'מרכזת'; +150 invoice number match: 25342302619 (+2 more signals),HIGH,000000002A0721BC1CEF6A4193EE5BF12F7DE63007006C8F6A93764406478EDB9ABA665E4A1B000162E6D2DE00006C8F6A93764406478EDB9ABA665E4A1B0006A59811DD0000,SELECTED,
2023-04-09 12:07:10,2023,קרן ממויה,Keren@erco.co.il,(מסמך ממוחשב) הדפסת חשבונית מרכזת - 25342302618,5,(מסמך ממוחשב) הדפסת חשבונית מרכזת - 25342302618.pdf,2023-04-09__קרן-ממויה__(מסמך ממוחשב) הדפסת חשבונית מרכזת - 25342302618.pdf,+100 filename contains 'חשבונית מרכזת'; +80 filename contains 'חשבונית'; +35 filename contains 'מרכזת'; +150 invoice number match: 25342302618 (+2 more signals),HIGH,000000002A0721BC1CEF6A4193EE5BF12F7DE63007006C8F6A93764406478EDB9ABA665E4A1B000162E6D2DE00006C8F6A93764406478EDB9ABA665E4A1B0006A59811DC0000,SELECTED,
2023-04-09 12:07:09,2023,קרן ממויה,Keren@erco.co.il,(מסמך ממוחשב) הדפסת חשבונית מרכזת - 25342302616,9,(מסמך ממוחשב) הדפסת חשבונית מרכזת - 25342302616.pdf,2023-04-09__קרן-ממויה__(מסמך ממוחשב) הדפסת חשבונית מרכזת - 25342302616.pdf,+100 filename contains 'חשבונית מרכזת'; +80 filename contains 'חשבונית'; +35 filename contains 'מרכזת'; +150 invoice number match: 25342302616 (+2 more signals),HIGH,000000002A0721BC1CEF6A4193EE5BF12F7DE63007006C8F6A93764406478EDB9ABA665E4A1B000162E6D2DE00006C8F6A93764406478EDB9ABA665E4A1B0006A59811DB0000,SELECTED,
2023-04-09 12:07:08,2023,קרן ממויה,Keren@erco.co.il,(מסמך ממוחשב) הדפסת חשבונית מרכזת - 25342302617,5,(מסמך ממוחשב) הדפסת חשבונית מרכזת - 25342302617.pdf,2023-04-09__קרן-ממויה__(מסמך ממוחשב) הדפסת חשבונית מרכזת - 25342302617.pdf,+100 filename contains 'חשבונית מרכזת'; +80 filename contains 'חשבונית'; +35 filename contains 'מרכזת'; +150 invoice number match: 25342302617 (+2 more signals),HIGH,000000002A0721BC1CEF6A4193EE5BF12F7DE63007006C8F6A93764406478EDB9ABA665E4A1B000162E6D2DE00006C8F6A93764406478EDB9ABA665E4A1B0006A59811DA0000,SELECTED,
2023-04-04 14:09:34,2023,קרן ממויה,Keren@erco.co.il,(מסמך ממוחשב) הדפסת קבלה - 25602301348,1,(מסמך ממוחשב) הדפסת קבלה - 25602301348.pdf,2023-04-04__קרן-ממויה__(מסמך ממוחשב) הדפסת קבלה - 25602301348.pdf,+150 invoice number match: 25602301348; +5 larger PDF (possible central invoice),MEDIUM,000000002A0721BC1CEF6A4193EE5BF12F7DE63007006C8F6A93764406478EDB9ABA665E4A1B000162E6D2DE00006C8F6A93764406478EDB9ABA665E4A1B00066BE6B2F50000,SELECTED,
2023-03-05 16:03:26,2023,קרן ממויה,Keren@erco.co.il,(מסמך ממוחשב) הדפסת חשבונית מרכזת - 25342301552,18,(מסמך ממוחשב) הדפסת חשבונית מרכזת - 25342301552.pdf,2023-03-05__קרן-ממויה__(מסמך ממוחשב) הדפסת חשבונית מרכזת - 25342301552.pdf,+100 filename contains 'חשבונית מרכזת'; +80 filename contains 'חשבונית'; +35 filename contains 'מרכזת'; +150 invoice number match: 25342301552 (+2 more signals),HIGH,000000002A0721BC1CEF6A4193EE5BF12F7DE63007006C8F6A93764406478EDB9ABA665E4A1B000162E6D2DE00006C8F6A93764406478EDB9ABA665E4A1B00068E6EDF160000,SELECTED,
2023-03-05 16:03:24,2023,קרן ממויה,Keren@erco.co.il,(מסמך ממוחשב) הדפסת חשבונית מרכזת - 25342301553,5,(מסמך ממוחשב) הדפסת חשבונית מרכזת - 25342301553.pdf,2023-03-05__קרן-ממויה__(מסמך ממוחשב) הדפסת חשבונית מרכזת - 25342301553.pdf,+100 filename contains 'חשבונית מרכזת'; +80 filename contains 'חשבונית'; +35 filename contains 'מרכזת'; +150 invoice number match: 25342301553 (+2 more signals),HIGH,000000002A0721BC1CEF6A4193EE5BF12F7DE63007006C8F6A93764406478EDB9ABA665E4A1B000162E6D2DE00006C8F6A93764406478EDB9ABA665E4A1B00068E6EDF150000,SELECTED,
2023-03-05 16:03:21,2023,קרן ממויה,Keren@erco.co.il,"(מסמך ממוחשב) הדפסת חשבונית מרכזת - 25342301550, חש. מרכזת פבר-23",21,"(מסמך ממוחשב) הדפסת חשבונית מרכזת - 25342301550, חש. מרכזת פבר-.pdf","2023-03-05__קרן-ממויה__(מסמך ממוחשב) הדפסת חשבונית מרכזת - 25342301550, חש. מרכזת פבר-.pdf",+100 filename contains 'חשבונית מרכזת'; +80 filename contains 'חשבונית'; +40 filename contains 'חש.'; +35 filename contains 'מרכזת' (+3 more signals),HIGH,000000002A0721BC1CEF6A4193EE5BF12F7DE63007006C8F6A93764406478EDB9ABA665E4A1B000162E6D2DE00006C8F6A93764406478EDB9ABA665E4A1B00068E6EDF140000,SELECTED,
2023-03-05 16:03:20,2023,קרן ממויה,Keren@erco.co.il,(מסמך ממוחשב) הדפסת חשבונית מרכזת - 25342301551,13,(מסמך ממוחשב) הדפסת חשבונית מרכזת - 25342301551.pdf,2023-03-05__קרן-ממויה__(מסמך ממוחשב) הדפסת חשבונית מרכזת - 25342301551.pdf,+100 filename contains 'חשבונית מרכזת'; +80 filename contains 'חשבונית'; +35 filename contains 'מרכזת'; +150 invoice number match: 25342301551 (+2 more signals),HIGH,000000002A0721BC1CEF6A4193EE5BF12F7DE63007006C8F6A93764406478EDB9ABA665E4A1B000162E6D2DE00006C8F6A93764406478EDB9ABA665E4A1B00068E6EDF130000,SELECTED,
2023-03-05 16:03:11,2023,קרן ממויה,Keren@erco.co.il,(מסמך ממוחשב) הדפסת חשבונית מרכזת - 25342301549,6,(מסמך ממוחשב) הדפסת חשבונית מרכזת - 25342301549.pdf,2023-03-05__קרן-ממויה__(מסמך ממוחשב) הדפסת חשבונית מרכזת - 25342301549.pdf,+100 filename contains 'חשבונית מרכזת'; +80 filename contains 'חשבונית'; +35 filename contains 'מרכזת'; +150 invoice number match: 25342301549 (+2 more signals),HIGH,000000002A0721BC1CEF6A4193EE5BF12F7DE63007006C8F6A93764406478EDB9ABA665E4A1B000162E6D2DE00006C8F6A93764406478EDB9ABA665E4A1B00068E6EDF120000,SELECTED,
2023-03-02 15:28:50,2023,קרן ממויה,Keren@erco.co.il,(מסמך ממוחשב) הדפסת חשבונית מרכזת - 25342301304,4,(מסמך ממוחשב) הדפסת חשבונית מרכזת - 25342301304.pdf,2023-03-02__קרן-ממויה__(מסמך ממוחשב) הדפסת חשבונית מרכזת - 25342301304.pdf,+100 filename contains 'חשבונית מרכזת'; +80 filename contains 'חשבונית'; +35 filename contains 'מרכזת'; +150 invoice number match: 25342301304 (+2 more signals),HIGH,000000002A0721BC1CEF6A4193EE5BF12F7DE63007006C8F6A93764406478EDB9ABA665E4A1B000162E6D2DE00006C8F6A93764406478EDB9ABA665E4A1B00068D15C5080000,SELECTED,
2023-03-02 15:28:47,2023,קרן ממויה,Keren@erco.co.il,(מסמך ממוחשב) הדפסת חשבונית מרכזת - 25342301303,2,(מסמך ממוחשב) הדפסת חשבונית מרכזת - 25342301303.pdf,2023-03-02__קרן-ממויה__(מסמך ממוחשב) הדפסת חשבונית מרכזת - 25342301303.pdf,+100 filename contains 'חשבונית מרכזת'; +80 filename contains 'חשבונית'; +35 filename contains 'מרכזת'; +150 invoice number match: 25342301303 (+2 more signals),HIGH,000000002A0721BC1CEF6A4193EE5BF12F7DE63007006C8F6A93764406478EDB9ABA665E4A1B000162E6D2DE00006C8F6A93764406478EDB9ABA665E4A1B00068D15C5070000,SELECTED,
2023-02-05 12:28:20,2023,קרן ממויה,Keren@erco.co.il,"(מסמך ממוחשב) הדפסת חשבונית מרכזת - 25352300080, בגין ח""ן:25342209304",1,"(מסמך ממוחשב) הדפסת חשבונית מרכזת - 25352300080, בגין ח ן 25342.pdf","2023-02-05__קרן-ממויה__(מסמך ממוחשב) הדפסת חשבונית מרכזת - 25352300080, בגין ח ן 25342.pdf",+100 filename contains 'חשבונית מרכזת'; +80 filename contains 'חשבונית'; +35 filename contains 'מרכזת'; +150 invoice number match: 25352300080 (+2 more signals),HIGH,000000002A0721BC1CEF6A4193EE5BF12F7DE63007006C8F6A93764406478EDB9ABA665E4A1B000162E6D2DE00006C8F6A93764406478EDB9ABA665E4A1B00067C9B21CC0000,SELECTED,
2023-02-05 12:28:20,2023,קרן ממויה,Keren@erco.co.il,"(מסמך ממוחשב) הדפסת חשבונית מרכזת - 25352300079, בגין ח""ן:25342209301",1,"(מסמך ממוחשב) הדפסת חשבונית מרכזת - 25352300079, בגין ח ן 25342.pdf","2023-02-05__קרן-ממויה__(מסמך ממוחשב) הדפסת חשבונית מרכזת - 25352300079, בגין ח ן 25342.pdf",+100 filename contains 'חשבונית מרכזת'; +80 filename contains 'חשבונית'; +35 filename contains 'מרכזת'; +150 invoice number match: 25352300079 (+2 more signals),HIGH,000000002A0721BC1CEF6A4193EE5BF12F7DE63007006C8F6A93764406478EDB9ABA665E4A1B000162E6D2DE00006C8F6A93764406478EDB9ABA665E4A1B00067C9B21CB0000,SELECTED,
2023-01-01 12:36:48,2023,מרי גבאי,Mery@erco.co.il,(מסמך ממוחשב) הדפסת חשבונית מרכזת - 25342210321,14,(מסמך ממוחשב) הדפסת חשבונית מרכזת - 25342210321.pdf,2023-01-01__מרי-גבאי__(מסמך ממוחשב) הדפסת חשבונית מרכזת - 25342210321.pdf,+100 filename contains 'חשבונית מרכזת'; +80 filename contains 'חשבונית'; +35 filename contains 'מרכזת'; +150 invoice number match: 25342210321 (+2 more signals),HIGH,000000002A0721BC1CEF6A4193EE5BF12F7DE63007006C8F6A93764406478EDB9ABA665E4A1B000162E6D2DE00006C8F6A93764406478EDB9ABA665E4A1B00062F9768DA0000,SELECTED,
2023-01-01 12:36:41,2023,מרי גבאי,Mery@erco.co.il,(מסמך ממוחשב) הדפסת חשבונית מרכזת - 25342210318,19,(מסמך ממוחשב) הדפסת חשבונית מרכזת - 25342210318.pdf,2023-01-01__מרי-גבאי__(מסמך ממוחשב) הדפסת חשבונית מרכזת - 25342210318.pdf,+100 filename contains 'חשבונית מרכזת'; +80 filename contains 'חשבונית'; +35 filename contains 'מרכזת'; +150 invoice number match: 25342210318 (+2 more signals),HIGH,000000002A0721BC1CEF6A4193EE5BF12F7DE63007006C8F6A93764406478EDB9ABA665E4A1B000162E6D2DE00006C8F6A93764406478EDB9ABA665E4A1B00062F9768DB0000,SELECTED,
2023-01-01 12:36:41,2023,מרי גבאי,Mery@erco.co.il,(מסמך ממוחשב) הדפסת חשבונית מרכזת - 25342210320,7,(מסמך ממוחשב) הדפסת חשבונית מרכזת - 25342210320.pdf,2023-01-01__מרי-גבאי__(מסמך ממוחשב) הדפסת חשבונית מרכזת - 25342210320.pdf,+100 filename contains 'חשבונית מרכזת'; +80 filename contains 'חשבונית'; +35 filename contains 'מרכזת'; +150 invoice number match: 25342210320 (+2 more signals),HIGH,000000002A0721BC1CEF6A4193EE5BF12F7DE63007006C8F6A93764406478EDB9ABA665E4A1B000162E6D2DE00006C8F6A93764406478EDB9ABA665E4A1B00062F9768DC0000,SELECTED,
2023-01-01 12:36:40,2023,מרי גבאי,Mery@erco.co.il,(מסמך ממוחשב) הדפסת חשבונית מרכזת - 25342210319,4,(מסמך ממוחשב) הדפסת חשבונית מרכזת - 25342210319.pdf,2023-01-01__מרי-גבאי__(מסמך ממוחשב) הדפסת חשבונית מרכזת - 25342210319.pdf,+100 filename contains 'חשבונית מרכזת'; +80 filename contains 'חשבונית'; +35 filename contains 'מרכזת'; +150 invoice number match: 25342210319 (+2 more signals),HIGH,000000002A0721BC1CEF6A4193EE5BF12F7DE63007006C8F6A93764406478EDB9ABA665E4A1B000162E6D2DE00006C8F6A93764406478EDB9ABA665E4A1B00062F9768DD0000,SELECTED,
2023-01-01 12:36:33,2023,מרי גבאי,Mery@erco.co.il,(מסמך ממוחשב) הדפסת חשבונית מרכזת - 25342210317,7,(מסמך ממוחשב) הדפסת חשבונית מרכזת - 25342210317.pdf,2023-01-01__מרי-גבאי__(מסמך ממוחשב) הדפסת חשבונית מרכזת - 25342210317.pdf,+100 filename contains 'חשבונית מרכזת'; +80 filename contains 'חשבונית'; +35 filename contains 'מרכזת'; +150 invoice number match: 25342210317 (+2 more signals),HIGH,000000002A0721BC1CEF6A4193EE5BF12F7DE63007006C8F6A93764406478EDB9ABA665E4A1B000162E6D2DE00006C8F6A93764406478EDB9ABA665E4A1B00062F9768DE0000,SELECTED,
2023-01-01 10:57:38,2023,מרי גבאי,Mery@erco.co.il,(מסמך ממוחשב) הדפסת חשבונית מרכזת - 25342210304,5,(מסמך ממוחשב) הדפסת חשבונית מרכזת - 25342210304.pdf,2023-01-01__מרי-גבאי__(מסמך ממוחשב) הדפסת חשבונית מרכזת - 25342210304.pdf,+100 filename contains 'חשבונית מרכזת'; +80 filename contains 'חשבונית'; +35 filename contains 'מרכזת'; +150 invoice number match: 25342210304 (+2 more signals),HIGH,000000002A0721BC1CEF6A4193EE5BF12F7DE63007006C8F6A93764406478EDB9ABA665E4A1B000162E6D2DE00006C8F6A93764406478EDB9ABA665E4A1B00062F9768DF0000,SELECTED,
2022-11-30 10:39:49,2022,מרי גבאי,Mery@erco.co.il,(מסמך ממוחשב) הדפסת חשבונית מרכזת - 25342209304,1,(מסמך ממוחשב) הדפסת חשבונית מרכזת - 25342209304.pdf,2022-11-30__מרי-גבאי__(מסמך ממוחשב) הדפסת חשבונית מרכזת - 25342209304.pdf,+100 filename contains 'חשבונית מרכזת'; +80 filename contains 'חשבונית'; +35 filename contains 'מרכזת'; +150 invoice number match: 25342209304 (+2 more signals),HIGH,000000002A0721BC1CEF6A4193EE5BF12F7DE63007006C8F6A93764406478EDB9ABA665E4A1B000162E6D2DE00006C8F6A93764406478EDB9ABA665E4A1B00062F9768D60000,SELECTED,
2022-11-30 10:39:48,2022,מרי גבאי,Mery@erco.co.il,(מסמך ממוחשב) הדפסת חשבונית מרכזת - 25342209303,1,(מסמך ממוחשב) הדפסת חשבונית מרכזת - 25342209303.pdf,2022-11-30__מרי-גבאי__(מסמך ממוחשב) הדפסת חשבונית מרכזת - 25342209303.pdf,+100 filename contains 'חשבונית מרכזת'; +80 filename contains 'חשבונית'; +35 filename contains 'מרכזת'; +150 invoice number match: 25342209303 (+2 more signals),HIGH,000000002A0721BC1CEF6A4193EE5BF12F7DE63007006C8F6A93764406478EDB9ABA665E4A1B000162E6D2DE00006C8F6A93764406478EDB9ABA665E4A1B00062F9768D80000,SELECTED,
2022-11-30 10:39:47,2022,מרי גבאי,Mery@erco.co.il,(מסמך ממוחשב) הדפסת חשבונית מרכזת - 25342209302,1,(מסמך ממוחשב) הדפסת חשבונית מרכזת - 25342209302.pdf,2022-11-30__מרי-גבאי__(מסמך ממוחשב) הדפסת חשבונית מרכזת - 25342209302.pdf,+100 filename contains 'חשבונית מרכזת'; +80 filename contains 'חשבונית'; +35 filename contains 'מרכזת'; +150 invoice number match: 25342209302 (+2 more signals),HIGH,000000002A0721BC1CEF6A4193EE5BF12F7DE63007006C8F6A93764406478EDB9ABA665E4A1B000162E6D2DE00006C8F6A93764406478EDB9ABA665E4A1B00062F9768D90000,SELECTED,
2022-11-30 10:39:45,2022,מרי גבאי,Mery@erco.co.il,(מסמך ממוחשב) הדפסת חשבונית מרכזת - 25342209301,1,(מסמך ממוחשב) הדפסת חשבונית מרכזת - 25342209301.pdf,2022-11-30__מרי-גבאי__(מסמך ממוחשב) הדפסת חשבונית מרכזת - 25342209301.pdf,+100 filename contains 'חשבונית מרכזת'; +80 filename contains 'חשבונית'; +35 filename contains 'מרכזת'; +150 invoice number match: 25342209301 (+2 more signals),HIGH,000000002A0721BC1CEF6A4193EE5BF12F7DE63007006C8F6A93764406478EDB9ABA665E4A1B000162E6D2DE00006C8F6A93764406478EDB9ABA665E4A1B00062F9768D70000,SELECTED,
2022-11-03 16:21:37,2022,מרי גבאי,Mery@erco.co.il,"(מסמך ממוחשב) הדפסת חשבונית מרכזת - 25342208640, חש. מרכזת אוק-22",16,"(מסמך ממוחשב) הדפסת חשבונית מרכזת - 25342208640, חש. מרכזת אוק-.pdf","2022-11-03__מרי-גבאי__(מסמך ממוחשב) הדפסת חשבונית מרכזת - 25342208640, חש. מרכזת אוק-.pdf",+100 filename contains 'חשבונית מרכזת'; +80 filename contains 'חשבונית'; +40 filename contains 'חש.'; +35 filename contains 'מרכזת' (+3 more signals),HIGH,000000002A0721BC1CEF6A4193EE5BF12F7DE63007006C8F6A93764406478EDB9ABA665E4A1B000162E6D2DE00006C8F6A93764406478EDB9ABA665E4A1B0005828FB55D0000,SELECTED,
2022-11-03 16:20:26,2022,מרי גבאי,Mery@erco.co.il,(מסמך ממוחשב) הדפסת חשבונית מרכזת - 25342208221,8,(מסמך ממוחשב) הדפסת חשבונית מרכזת - 25342208221.pdf,2022-11-03__מרי-גבאי__(מסמך ממוחשב) הדפסת חשבונית מרכזת - 25342208221.pdf,+100 filename contains 'חשבונית מרכזת'; +80 filename contains 'חשבונית'; +35 filename contains 'מרכזת'; +150 invoice number match: 25342208221 (+2 more signals),HIGH,000000002A0721BC1CEF6A4193EE5BF12F7DE63007006C8F6A93764406478EDB9ABA665E4A1B000162E6D2DE00006C8F6A93764406478EDB9ABA665E4A1B0005828FB55E0000,SELECTED,
2022-11-03 16:20:22,2022,מרי גבאי,Mery@erco.co.il,(מסמך ממוחשב) הדפסת חשבונית מרכזת - 25342208219,9,(מסמך ממוחשב) הדפסת חשבונית מרכזת - 25342208219.pdf,2022-11-03__מרי-גבאי__(מסמך ממוחשב) הדפסת חשבונית מרכזת - 25342208219.pdf,+100 filename contains 'חשבונית מרכזת'; +80 filename contains 'חשבונית'; +35 filename contains 'מרכזת'; +150 invoice number match: 25342208219 (+2 more signals),HIGH,000000002A0721BC1CEF6A4193EE5BF12F7DE63007006C8F6A93764406478EDB9ABA665E4A1B000162E6D2DE00006C8F6A93764406478EDB9ABA665E4A1B0005828FB55F0000,SELECTED,
2022-11-03 16:20:21,2022,מרי גבאי,Mery@erco.co.il,(מסמך ממוחשב) הדפסת חשבונית מרכזת - 25342208220,4,(מסמך ממוחשב) הדפסת חשבונית מרכזת - 25342208220.pdf,2022-11-03__מרי-גבאי__(מסמך ממוחשב) הדפסת חשבונית מרכזת - 25342208220.pdf,+100 filename contains 'חשבונית מרכזת'; +80 filename contains 'חשבונית'; +35 filename contains 'מרכזת'; +150 invoice number match: 25342208220 (+2 more signals),HIGH,000000002A0721BC1CEF6A4193EE5BF12F7DE63007006C8F6A93764406478EDB9ABA665E4A1B000162E6D2DE00006C8F6A93764406478EDB9ABA665E4A1B0005828FB5600000,SELECTED,
2022-11-03 16:20:17,2022,מרי גבאי,Mery@erco.co.il,(מסמך ממוחשב) הדפסת חשבונית מרכזת - 25342208218,5,(מסמך ממוחשב) הדפסת חשבונית מרכזת - 25342208218.pdf,2022-11-03__מרי-גבאי__(מסמך ממוחשב) הדפסת חשבונית מרכזת - 25342208218.pdf,+100 filename contains 'חשבונית מרכזת'; +80 filename contains 'חשבונית'; +35 filename contains 'מרכזת'; +150 invoice number match: 25342208218 (+2 more signals),HIGH,000000002A0721BC1CEF6A4193EE5BF12F7DE63007006C8F6A93764406478EDB9ABA665E4A1B000162E6D2DE00006C8F6A93764406478EDB9ABA665E4A1B0005828FB5610000,SELECTED,
2022-10-03 14:39:43,2022,קרן ממויה,Keren@erco.co.il,"(מסמך ממוחשב) הדפסת חשבונית מרכזת - 25342207830, חש. מרכזת ספט-22",8,"(מסמך ממוחשב) הדפסת חשבונית מרכזת - 25342207830, חש. מרכזת ספט-.pdf","2022-10-03__קרן-ממויה__(מסמך ממוחשב) הדפסת חשבונית מרכזת - 25342207830, חש. מרכזת ספט-.pdf",+100 filename contains 'חשבונית מרכזת'; +80 filename contains 'חשבונית'; +40 filename contains 'חש.'; +35 filename contains 'מרכזת' (+3 more signals),HIGH,000000002A0721BC1CEF6A4193EE5BF12F7DE63007006C8F6A93764406478EDB9ABA665E4A1B000162E6D2DE00006C8F6A93764406478EDB9ABA665E4A1B0006292CECB60000,SELECTED,
2022-10-03 14:39:40,2022,קרן ממויה,Keren@erco.co.il,(מסמך ממוחשב) הדפסת חשבונית מרכזת - 25342207829,1,(מסמך ממוחשב) הדפסת חשבונית מרכזת - 25342207829.pdf,2022-10-03__קרן-ממויה__(מסמך ממוחשב) הדפסת חשבונית מרכזת - 25342207829.pdf,+100 filename contains 'חשבונית מרכזת'; +80 filename contains 'חשבונית'; +35 filename contains 'מרכזת'; +150 invoice number match: 25342207829 (+2 more signals),HIGH,000000002A0721BC1CEF6A4193EE5BF12F7DE63007006C8F6A93764406478EDB9ABA665E4A1B000162E6D2DE00006C8F6A93764406478EDB9ABA665E4A1B0006292CECB50000,SELECTED,
2022-10-03 14:16:38,2022,קרן ממויה,Keren@erco.co.il,(מסמך ממוחשב) הדפסת חשבונית מרכזת - 25342207421,9,(מסמך ממוחשב) הדפסת חשבונית מרכזת - 25342207421.pdf,2022-10-03__קרן-ממויה__(מסמך ממוחשב) הדפסת חשבונית מרכזת - 25342207421.pdf,+100 filename contains 'חשבונית מרכזת'; +80 filename contains 'חשבונית'; +35 filename contains 'מרכזת'; +150 invoice number match: 25342207421 (+2 more signals),HIGH,000000002A0721BC1CEF6A4193EE5BF12F7DE63007006C8F6A93764406478EDB9ABA665E4A1B000162E6D2DE00006C8F6A93764406478EDB9ABA665E4A1B0006292CECB40000,SELECTED,
2022-10-03 14:16:28,2022,קרן ממויה,Keren@erco.co.il,(מסמך ממוחשב) הדפסת חשבונית מרכזת - 25342207420,7,(מסמך ממוחשב) הדפסת חשבונית מרכזת - 25342207420.pdf,2022-10-03__קרן-ממויה__(מסמך ממוחשב) הדפסת חשבונית מרכזת - 25342207420.pdf,+100 filename contains 'חשבונית מרכזת'; +80 filename contains 'חשבונית'; +35 filename contains 'מרכזת'; +150 invoice number match: 25342207420 (+2 more signals),HIGH,000000002A0721BC1CEF6A4193EE5BF12F7DE63007006C8F6A93764406478EDB9ABA665E4A1B000162E6D2DE00006C8F6A93764406478EDB9ABA665E4A1B0006292CECB30000,SELECTED,
2022-10-03 14:16:26,2022,קרן ממויה,Keren@erco.co.il,(מסמך ממוחשב) הדפסת חשבונית מרכזת - 25342207418,4,(מסמך ממוחשב) הדפסת חשבונית מרכזת - 25342207418.pdf,2022-10-03__קרן-ממויה__(מסמך ממוחשב) הדפסת חשבונית מרכזת - 25342207418.pdf,+100 filename contains 'חשבונית מרכזת'; +80 filename contains 'חשבונית'; +35 filename contains 'מרכזת'; +150 invoice number match: 25342207418 (+2 more signals),HIGH,000000002A0721BC1CEF6A4193EE5BF12F7DE63007006C8F6A93764406478EDB9ABA665E4A1B000162E6D2DE00006C8F6A93764406478EDB9ABA665E4A1B0006292CECB20000,SELECTED,
2022-10-03 14:16:23,2022,קרן ממויה,Keren@erco.co.il,(מסמך ממוחשב) הדפסת חשבונית מרכזת - 25342207419,5,(מסמך ממוחשב) הדפסת חשבונית מרכזת - 25342207419.pdf,2022-10-03__קרן-ממויה__(מסמך ממוחשב) הדפסת חשבונית מרכזת - 25342207419.pdf,+100 filename contains 'חשבונית מרכזת'; +80 filename contains 'חשבונית'; +35 filename contains 'מרכזת'; +150 invoice number match: 25342207419 (+2 more signals),HIGH,000000002A0721BC1CEF6A4193EE5BF12F7DE63007006C8F6A93764406478EDB9ABA665E4A1B000162E6D2DE00006C8F6A93764406478EDB9ABA665E4A1B0006292CECB10000,SELECTED,
2022-09-12 11:33:08,2022,קרן ממויה,Keren@erco.co.il,(מסמך ממוחשב) הדפסת קבלה - 25602204205,1,(מסמך ממוחשב) הדפסת קבלה - 25602204205.pdf,2022-09-12__קרן-ממויה__(מסמך ממוחשב) הדפסת קבלה - 25602204205.pdf,+150 invoice number match: 25602204205; +5 larger PDF (possible central invoice),MEDIUM,000000002A0721BC1CEF6A4193EE5BF12F7DE63007006C8F6A93764406478EDB9ABA665E4A1B000162E6D2DE00006C8F6A93764406478EDB9ABA665E4A1B0005828FB55C0000,SELECTED,
2022-08-31 11:57:20,2022,קרן ממויה,Keren@erco.co.il,"(מסמך ממוחשב) הדפסת חשבונית מרכזת - 25342206986, חש. מרכזת אוג-22",17,"(מסמך ממוחשב) הדפסת חשבונית מרכזת - 25342206986, חש. מרכזת אוג-.pdf","2022-08-31__קרן-ממויה__(מסמך ממוחשב) הדפסת חשבונית מרכזת - 25342206986, חש. מרכזת אוג-.pdf",+100 filename contains 'חשבונית מרכזת'; +80 filename contains 'חשבונית'; +40 filename contains 'חש.'; +35 filename contains 'מרכזת' (+3 more signals),HIGH,000000002A0721BC1CEF6A4193EE5BF12F7DE63007006C8F6A93764406478EDB9ABA665E4A1B000162E6D2DE00006C8F6A93764406478EDB9ABA665E4A1B0006125CD16B0000,SELECTED,
2022-08-29 11:38:52,2022,קרן ממויה,Keren@erco.co.il,(מסמך ממוחשב) הדפסת חשבונית מרכזת - 25342206369,21,(מסמך ממוחשב) הדפסת חשבונית מרכזת - 25342206369.pdf,2022-08-29__קרן-ממויה__(מסמך ממוחשב) הדפסת חשבונית מרכזת - 25342206369.pdf,+100 filename contains 'חשבונית מרכזת'; +80 filename contains 'חשבונית'; +35 filename contains 'מרכזת'; +150 invoice number match: 25342206369 (+2 more signals),HIGH,000000002A0721BC1CEF6A4193EE5BF12F7DE63007006C8F6A93764406478EDB9ABA665E4A1B000162E6D2DE00006C8F6A93764406478EDB9ABA665E4A1B0006125CD16A0000,SELECTED,
2022-08-29 11:38:40,2022,קרן ממויה,Keren@erco.co.il,(מסמך ממוחשב) הדפסת חשבונית מרכזת - 25342206368,4,(מסמך ממוחשב) הדפסת חשבונית מרכזת - 25342206368.pdf,2022-08-29__קרן-ממויה__(מסמך ממוחשב) הדפסת חשבונית מרכזת - 25342206368.pdf,+100 filename contains 'חשבונית מרכזת'; +80 filename contains 'חשבונית'; +35 filename contains 'מרכזת'; +150 invoice number match: 25342206368 (+2 more signals),HIGH,000000002A0721BC1CEF6A4193EE5BF12F7DE63007006C8F6A93764406478EDB9ABA665E4A1B000162E6D2DE00006C8F6A93764406478EDB9ABA665E4A1B0006125CD1690000,SELECTED,
2022-08-29 11:38:39,2022,קרן ממויה,Keren@erco.co.il,(מסמך ממוחשב) הדפסת חשבונית מרכזת - 25342206367,5,(מסמך ממוחשב) הדפסת חשבונית מרכזת - 25342206367.pdf,2022-08-29__קרן-ממויה__(מסמך ממוחשב) הדפסת חשבונית מרכזת - 25342206367.pdf,+100 filename contains 'חשבונית מרכזת'; +80 filename contains 'חשבונית'; +35 filename contains 'מרכזת'; +150 invoice number match: 25342206367 (+2 more signals),HIGH,000000002A0721BC1CEF6A4193EE5BF12F7DE63007006C8F6A93764406478EDB9ABA665E4A1B000162E6D2DE00006C8F6A93764406478EDB9ABA665E4A1B0006125CD1680000,SELECTED,
2022-08-29 11:38:35,2022,קרן ממויה,Keren@erco.co.il,(מסמך ממוחשב) הדפסת חשבונית מרכזת - 25342206366,2,(מסמך ממוחשב) הדפסת חשבונית מרכזת - 25342206366.pdf,2022-08-29__קרן-ממויה__(מסמך ממוחשב) הדפסת חשבונית מרכזת - 25342206366.pdf,+100 filename contains 'חשבונית מרכזת'; +80 filename contains 'חשבונית'; +35 filename contains 'מרכזת'; +150 invoice number match: 25342206366 (+2 more signals),HIGH,000000002A0721BC1CEF6A4193EE5BF12F7DE63007006C8F6A93764406478EDB9ABA665E4A1B000162E6D2DE00006C8F6A93764406478EDB9ABA665E4A1B0006125CD1670000,SELECTED,
2022-07-31 15:22:37,2022,קרן ממויה,Keren@erco.co.il,"(מסמך ממוחשב) הדפסת חשבונית מרכזת - 25342205934, חש. מרכזת יול-22",17,"(מסמך ממוחשב) הדפסת חשבונית מרכזת - 25342205934, חש. מרכזת יול-.pdf","2022-07-31__קרן-ממויה__(מסמך ממוחשב) הדפסת חשבונית מרכזת - 25342205934, חש. מרכזת יול-.pdf",+100 filename contains 'חשבונית מרכזת'; +80 filename contains 'חשבונית'; +40 filename contains 'חש.'; +35 filename contains 'מרכזת' (+3 more signals),HIGH,000000002A0721BC1CEF6A4193EE5BF12F7DE63007006C8F6A93764406478EDB9ABA665E4A1B000162E6D2DE00006C8F6A93764406478EDB9ABA665E4A1B0005FF5F79FB0000,SELECTED,
2022-07-31 15:22:35,2022,קרן ממויה,Keren@erco.co.il,(מסמך ממוחשב) הדפסת חשבונית מרכזת - 25352200381,1,(מסמך ממוחשב) הדפסת חשבונית מרכזת - 25352200381.pdf,2022-07-31__קרן-ממויה__(מסמך ממוחשב) הדפסת חשבונית מרכזת - 25352200381.pdf,+100 filename contains 'חשבונית מרכזת'; +80 filename contains 'חשבונית'; +35 filename contains 'מרכזת'; +150 invoice number match: 25352200381 (+2 more signals),HIGH,000000002A0721BC1CEF6A4193EE5BF12F7DE63007006C8F6A93764406478EDB9ABA665E4A1B000162E6D2DE00006C8F6A93764406478EDB9ABA665E4A1B0005FF5F79FA0000,SELECTED,
2022-07-28 10:39:42,2022,קרן ממויה,Keren@erco.co.il,(מסמך ממוחשב) הדפסת חשבונית מרכזת - 25342205657,20,(מסמך ממוחשב) הדפסת חשבונית מרכזת - 25342205657.pdf,2022-07-28__קרן-ממויה__(מסמך ממוחשב) הדפסת חשבונית מרכזת - 25342205657.pdf,+100 filename contains 'חשבונית מרכזת'; +80 filename contains 'חשבונית'; +35 filename contains 'מרכזת'; +150 invoice number match: 25342205657 (+2 more signals),HIGH,000000002A0721BC1CEF6A4193EE5BF12F7DE63007006C8F6A93764406478EDB9ABA665E4A1B000162E6D2DE00006C8F6A93764406478EDB9ABA665E4A1B0005FAF373E50000,SELECTED,
2022-07-28 10:39:10,2022,קרן ממויה,Keren@erco.co.il,(מסמך ממוחשב) הדפסת חשבונית מרכזת - 25342205656,3,(מסמך ממוחשב) הדפסת חשבונית מרכזת - 25342205656.pdf,2022-07-28__קרן-ממויה__(מסמך ממוחשב) הדפסת חשבונית מרכזת - 25342205656.pdf,+100 filename contains 'חשבונית מרכזת'; +80 filename contains 'חשבונית'; +35 filename contains 'מרכזת'; +150 invoice number match: 25342205656 (+2 more signals),HIGH,000000002A0721BC1CEF6A4193EE5BF12F7DE63007006C8F6A93764406478EDB9ABA665E4A1B000162E6D2DE00006C8F6A93764406478EDB9ABA665E4A1B0005FAF373E40000,SELECTED,
2022-07-28 10:39:06,2022,קרן ממויה,Keren@erco.co.il,(מסמך ממוחשב) הדפסת חשבונית מרכזת - 25342205655,2,(מסמך ממוחשב) הדפסת חשבונית מרכזת - 25342205655.pdf,2022-07-28__קרן-ממויה__(מסמך ממוחשב) הדפסת חשבונית מרכזת - 25342205655.pdf,+100 filename contains 'חשבונית מרכזת'; +80 filename contains 'חשבונית'; +35 filename contains 'מרכזת'; +150 invoice number match: 25342205655 (+2 more signals),HIGH,000000002A0721BC1CEF6A4193EE5BF12F7DE63007006C8F6A93764406478EDB9ABA665E4A1B000162E6D2DE00006C8F6A93764406478EDB9ABA665E4A1B0005FAF373E30000,SELECTED,
2022-07-04 10:42:31,2022,קרן ממויה,Keren@erco.co.il,"(מסמך ממוחשב) הדפסת חשבונית מרכזת - 25342204942, חש. מרכזת יונ-22",18,"(מסמך ממוחשב) הדפסת חשבונית מרכזת - 25342204942, חש. מרכזת יונ-.pdf","2022-07-04__קרן-ממויה__(מסמך ממוחשב) הדפסת חשבונית מרכזת - 25342204942, חש. מרכזת יונ-.pdf",+100 filename contains 'חשבונית מרכזת'; +80 filename contains 'חשבונית'; +40 filename contains 'חש.'; +35 filename contains 'מרכזת' (+3 more signals),HIGH,000000002A0721BC1CEF6A4193EE5BF12F7DE63007006C8F6A93764406478EDB9ABA665E4A1B000162E6D2DE00006C8F6A93764406478EDB9ABA665E4A1B0005ECFB72670000,SELECTED,
2022-07-04 10:42:28,2022,קרן ממויה,Keren@erco.co.il,(מסמך ממוחשב) הדפסת חשבונית מרכזת - 25342204940,21,(מסמך ממוחשב) הדפסת חשבונית מרכזת - 25342204940.pdf,2022-07-04__קרן-ממויה__(מסמך ממוחשב) הדפסת חשבונית מרכזת - 25342204940.pdf,+100 filename contains 'חשבונית מרכזת'; +80 filename contains 'חשבונית'; +35 filename contains 'מרכזת'; +150 invoice number match: 25342204940 (+2 more signals),HIGH,000000002A0721BC1CEF6A4193EE5BF12F7DE63007006C8F6A93764406478EDB9ABA665E4A1B000162E6D2DE00006C8F6A93764406478EDB9ABA665E4A1B0005ECFB72660000,SELECTED,
2022-07-04 10:42:27,2022,קרן ממויה,Keren@erco.co.il,"(מסמך ממוחשב) הדפסת חשבונית מרכזת - 25352200337, בגין ח""ן:25342202956",1,"(מסמך ממוחשב) הדפסת חשבונית מרכזת - 25352200337, בגין ח ן 25342.pdf","2022-07-04__קרן-ממויה__(מסמך ממוחשב) הדפסת חשבונית מרכזת - 25352200337, בגין ח ן 25342.pdf",+100 filename contains 'חשבונית מרכזת'; +80 filename contains 'חשבונית'; +35 filename contains 'מרכזת'; +150 invoice number match: 25352200337 (+2 more signals),HIGH,000000002A0721BC1CEF6A4193EE5BF12F7DE63007006C8F6A93764406478EDB9ABA665E4A1B000162E6D2DE00006C8F6A93764406478EDB9ABA665E4A1B0005ECFB72650000,SELECTED,
2022-07-04 10:42:25,2022,קרן ממויה,Keren@erco.co.il,(מסמך ממוחשב) הדפסת חשבונית מרכזת - 25342204939,4,(מסמך ממוחשב) הדפסת חשבונית מרכזת - 25342204939.pdf,2022-07-04__קרן-ממויה__(מסמך ממוחשב) הדפסת חשבונית מרכזת - 25342204939.pdf,+100 filename contains 'חשבונית מרכזת'; +80 filename contains 'חשבונית'; +35 filename contains 'מרכזת'; +150 invoice number match: 25342204939 (+2 more signals),HIGH,000000002A0721BC1CEF6A4193EE5BF12F7DE63007006C8F6A93764406478EDB9ABA665E4A1B000162E6D2DE00006C8F6A93764406478EDB9ABA665E4A1B0005ECFB72640000,SELECTED,
2022-07-04 10:42:24,2022,קרן ממויה,Keren@erco.co.il,(מסמך ממוחשב) הדפסת חשבונית מרכזת - 25342204941,2,(מסמך ממוחשב) הדפסת חשבונית מרכזת - 25342204941.pdf,2022-07-04__קרן-ממויה__(מסמך ממוחשב) הדפסת חשבונית מרכזת - 25342204941.pdf,+100 filename contains 'חשבונית מרכזת'; +80 filename contains 'חשבונית'; +35 filename contains 'מרכזת'; +150 invoice number match: 25342204941 (+2 more signals),HIGH,000000002A0721BC1CEF6A4193EE5BF12F7DE63007006C8F6A93764406478EDB9ABA665E4A1B000162E6D2DE00006C8F6A93764406478EDB9ABA665E4A1B0005ECFB72630000,SELECTED,
2022-07-04 10:42:14,2022,קרן ממויה,Keren@erco.co.il,(מסמך ממוחשב) הדפסת חשבונית מרכזת - 25342204938,2,(מסמך ממוחשב) הדפסת חשבונית מרכזת - 25342204938.pdf,2022-07-04__קרן-ממויה__(מסמך ממוחשב) הדפסת חשבונית מרכזת - 25342204938.pdf,+100 filename contains 'חשבונית מרכזת'; +80 filename contains 'חשבונית'; +35 filename contains 'מרכזת'; +150 invoice number match: 25342204938 (+2 more signals),HIGH,000000002A0721BC1CEF6A4193EE5BF12F7DE63007006C8F6A93764406478EDB9ABA665E4A1B000162E6D2DE00006C8F6A93764406478EDB9ABA665E4A1B0005ECFB72620000,SELECTED,
2022-05-31 13:36:37,2022,קרן ממויה,Keren@erco.co.il,"(מסמך ממוחשב) הדפסת חשבונית מרכזת - 25352200256, בגין ח""ן:25342202956",1,"(מסמך ממוחשב) הדפסת חשבונית מרכזת - 25352200256, בגין ח ן 25342.pdf","2022-05-31__קרן-ממויה__(מסמך ממוחשב) הדפסת חשבונית מרכזת - 25352200256, בגין ח ן 25342.pdf",+100 filename contains 'חשבונית מרכזת'; +80 filename contains 'חשבונית'; +35 filename contains 'מרכזת'; +150 invoice number match: 25352200256 (+2 more signals),HIGH,000000002A0721BC1CEF6A4193EE5BF12F7DE63007006C8F6A93764406478EDB9ABA665E4A1B000162E6D2DE00006C8F6A93764406478EDB9ABA665E4A1B0005D6DCC0450000,SELECTED,
2022-05-31 13:36:30,2022,קרן ממויה,Keren@erco.co.il,"(מסמך ממוחשב) הדפסת חשבונית מרכזת - 25352200255, בגין ח""ן:25342203100",1,"(מסמך ממוחשב) הדפסת חשבונית מרכזת - 25352200255, בגין ח ן 25342.pdf","2022-05-31__קרן-ממויה__(מסמך ממוחשב) הדפסת חשבונית מרכזת - 25352200255, בגין ח ן 25342.pdf",+100 filename contains 'חשבונית מרכזת'; +80 filename contains 'חשבונית'; +35 filename contains 'מרכזת'; +150 invoice number match: 25352200255 (+2 more signals),HIGH,000000002A0721BC1CEF6A4193EE5BF12F7DE63007006C8F6A93764406478EDB9ABA665E4A1B000162E6D2DE00006C8F6A93764406478EDB9ABA665E4A1B0005D6DCC0440000,SELECTED,
2022-05-30 16:19:55,2022,קרן ממויה,Keren@erco.co.il,"(מסמך ממוחשב) הדפסת חשבונית מרכזת - 25342203602, חש. מרכזת מאי-22",17,"(מסמך ממוחשב) הדפסת חשבונית מרכזת - 25342203602, חש. מרכזת מאי-.pdf","2022-05-30__קרן-ממויה__(מסמך ממוחשב) הדפסת חשבונית מרכזת - 25342203602, חש. מרכזת מאי-.pdf",+100 filename contains 'חשבונית מרכזת'; +80 filename contains 'חשבונית'; +40 filename contains 'חש.'; +35 filename contains 'מרכזת' (+3 more signals),HIGH,000000002A0721BC1CEF6A4193EE5BF12F7DE63007006C8F6A93764406478EDB9ABA665E4A1B000162E6D2DE00006C8F6A93764406478EDB9ABA665E4A1B0005D38842470000,SELECTED,
2022-05-30 16:19:43,2022,קרן ממויה,Keren@erco.co.il,(מסמך ממוחשב) הדפסת חשבונית מרכזת - 25342203600,15,(מסמך ממוחשב) הדפסת חשבונית מרכזת - 25342203600.pdf,2022-05-30__קרן-ממויה__(מסמך ממוחשב) הדפסת חשבונית מרכזת - 25342203600.pdf,+100 filename contains 'חשבונית מרכזת'; +80 filename contains 'חשבונית'; +35 filename contains 'מרכזת'; +150 invoice number match: 25342203600 (+2 more signals),HIGH,000000002A0721BC1CEF6A4193EE5BF12F7DE63007006C8F6A93764406478EDB9ABA665E4A1B000162E6D2DE00006C8F6A93764406478EDB9ABA665E4A1B0005D38842460000,SELECTED,
2022-05-30 16:19:38,2022,קרן ממויה,Keren@erco.co.il,(מסמך ממוחשב) הדפסת חשבונית מרכזת - 25342203601,2,(מסמך ממוחשב) הדפסת חשבונית מרכזת - 25342203601.pdf,2022-05-30__קרן-ממויה__(מסמך ממוחשב) הדפסת חשבונית מרכזת - 25342203601.pdf,+100 filename contains 'חשבונית מרכזת'; +80 filename contains 'חשבונית'; +35 filename contains 'מרכזת'; +150 invoice number match: 25342203601 (+2 more signals),HIGH,000000002A0721BC1CEF6A4193EE5BF12F7DE63007006C8F6A93764406478EDB9ABA665E4A1B000162E6D2DE00006C8F6A93764406478EDB9ABA665E4A1B0005D38842450000,SELECTED,
2022-05-30 16:19:36,2022,קרן ממויה,Keren@erco.co.il,(מסמך ממוחשב) הדפסת חשבונית מרכזת - 25342203599,2,(מסמך ממוחשב) הדפסת חשבונית מרכזת - 25342203599.pdf,2022-05-30__קרן-ממויה__(מסמך ממוחשב) הדפסת חשבונית מרכזת - 25342203599.pdf,+100 filename contains 'חשבונית מרכזת'; +80 filename contains 'חשבונית'; +35 filename contains 'מרכזת'; +150 invoice number match: 25342203599 (+2 more signals),HIGH,000000002A0721BC1CEF6A4193EE5BF12F7DE63007006C8F6A93764406478EDB9ABA665E4A1B000162E6D2DE00006C8F6A93764406478EDB9ABA665E4A1B0005D38842440000,SELECTED,
2022-05-02 14:32:14,2022,קרן ממויה,Keren@erco.co.il,"(מסמך ממוחשב) הדפסת חשבונית מרכזת - 25342203100, חש. מרכזת אפר-22",16,"(מסמך ממוחשב) הדפסת חשבונית מרכזת - 25342203100, חש. מרכזת אפר-.pdf","2022-05-02__קרן-ממויה__(מסמך ממוחשב) הדפסת חשבונית מרכזת - 25342203100, חש. מרכזת אפר-.pdf",+100 filename contains 'חשבונית מרכזת'; +80 filename contains 'חשבונית'; +40 filename contains 'חש.'; +35 filename contains 'מרכזת' (+3 more signals),HIGH,000000002A0721BC1CEF6A4193EE5BF12F7DE63007006C8F6A93764406478EDB9ABA665E4A1B000162E6D2DE00006C8F6A93764406478EDB9ABA665E4A1B0005C0BB3AA50000,SELECTED,
2022-05-02 12:40:53,2022,קרן ממויה,Keren@erco.co.il,(מסמך ממוחשב) הדפסת חשבונית מרכזת - 25342202956,32,(מסמך ממוחשב) הדפסת חשבונית מרכזת - 25342202956.pdf,2022-05-02__קרן-ממויה__(מסמך ממוחשב) הדפסת חשבונית מרכזת - 25342202956.pdf,+100 filename contains 'חשבונית מרכזת'; +80 filename contains 'חשבונית'; +35 filename contains 'מרכזת'; +150 invoice number match: 25342202956 (+2 more signals),HIGH,000000002A0721BC1CEF6A4193EE5BF12F7DE63007006C8F6A93764406478EDB9ABA665E4A1B000162E6D2DE00006C8F6A93764406478EDB9ABA665E4A1B0005C0BB3AA40000,SELECTED,
2022-05-02 12:40:42,2022,קרן ממויה,Keren@erco.co.il,(מסמך ממוחשב) הדפסת חשבונית מרכזת - 25342202957,4,(מסמך ממוחשב) הדפסת חשבונית מרכזת - 25342202957.pdf,2022-05-02__קרן-ממויה__(מסמך ממוחשב) הדפסת חשבונית מרכזת - 25342202957.pdf,+100 filename contains 'חשבונית מרכזת'; +80 filename contains 'חשבונית'; +35 filename contains 'מרכזת'; +150 invoice number match: 25342202957 (+2 more signals),HIGH,000000002A0721BC1CEF6A4193EE5BF12F7DE63007006C8F6A93764406478EDB9ABA665E4A1B000162E6D2DE00006C8F6A93764406478EDB9ABA665E4A1B0005C0BB3AA30000,SELECTED,
2022-05-02 12:40:37,2022,קרן ממויה,Keren@erco.co.il,(מסמך ממוחשב) הדפסת חשבונית מרכזת - 25342202955,3,(מסמך ממוחשב) הדפסת חשבונית מרכזת - 25342202955.pdf,2022-05-02__קרן-ממויה__(מסמך ממוחשב) הדפסת חשבונית מרכזת - 25342202955.pdf,+100 filename contains 'חשבונית מרכזת'; +80 filename contains 'חשבונית'; +35 filename contains 'מרכזת'; +150 invoice number match: 25342202955 (+2 more signals),HIGH,000000002A0721BC1CEF6A4193EE5BF12F7DE63007006C8F6A93764406478EDB9ABA665E4A1B000162E6D2DE00006C8F6A93764406478EDB9ABA665E4A1B0005C0BB3AA20000,SELECTED,
2022-05-02 12:40:32,2022,קרן ממויה,Keren@erco.co.il,(מסמך ממוחשב) הדפסת חשבונית מרכזת - 25342202954,5,(מסמך ממוחשב) הדפסת חשבונית מרכזת - 25342202954.pdf,2022-05-02__קרן-ממויה__(מסמך ממוחשב) הדפסת חשבונית מרכזת - 25342202954.pdf,+100 filename contains 'חשבונית מרכזת'; +80 filename contains 'חשבונית'; +35 filename contains 'מרכזת'; +150 invoice number match: 25342202954 (+2 more signals),HIGH,000000002A0721BC1CEF6A4193EE5BF12F7DE63007006C8F6A93764406478EDB9ABA665E4A1B000162E6D2DE00006C8F6A93764406478EDB9ABA665E4A1B0005C0BB3AA10000,SELECTED,
2022-03-01 13:45:38,2022,קרן ממויה,Keren@erco.co.il,(מסמך ממוחשב) הדפסת חשבונית מרכזת - 25342201616,8,(מסמך ממוחשב) הדפסת חשבונית מרכזת - 25342201616.pdf,2022-03-01__קרן-ממויה__(מסמך ממוחשב) הדפסת חשבונית מרכזת - 25342201616.pdf,+100 filename contains 'חשבונית מרכזת'; +80 filename contains 'חשבונית'; +35 filename contains 'מרכזת'; +150 invoice number match: 25342201616 (+2 more signals),HIGH,000000002A0721BC1CEF6A4193EE5BF12F7DE63007006C8F6A93764406478EDB9ABA665E4A1B000162E6D2DE00006C8F6A93764406478EDB9ABA665E4A1B00059B0B6F600000,SELECTED,
2022-03-01 13:45:37,2022,קרן ממויה,Keren@erco.co.il,(מסמך ממוחשב) הדפסת חשבונית מרכזת - 25342201614,12,(מסמך ממוחשב) הדפסת חשבונית מרכזת - 25342201614.pdf,2022-03-01__קרן-ממויה__(מסמך ממוחשב) הדפסת חשבונית מרכזת - 25342201614.pdf,+100 filename contains 'חשבונית מרכזת'; +80 filename contains 'חשבונית'; +35 filename contains 'מרכזת'; +150 invoice number match: 25342201614 (+2 more signals),HIGH,000000002A0721BC1CEF6A4193EE5BF12F7DE63007006C8F6A93764406478EDB9ABA665E4A1B000162E6D2DE00006C8F6A93764406478EDB9ABA665E4A1B00059B0B6F5F0000,SELECTED,
2022-03-01 13:45:32,2022,קרן ממויה,Keren@erco.co.il,"(מסמך ממוחשב) הדפסת חשבונית מרכזת - 25342201495, חש. מרכזת פבר-22",19,"(מסמך ממוחשב) הדפסת חשבונית מרכזת - 25342201495, חש. מרכזת פבר-.pdf","2022-03-01__קרן-ממויה__(מסמך ממוחשב) הדפסת חשבונית מרכזת - 25342201495, חש. מרכזת פבר-.pdf",+100 filename contains 'חשבונית מרכזת'; +80 filename contains 'חשבונית'; +40 filename contains 'חש.'; +35 filename contains 'מרכזת' (+3 more signals),HIGH,000000002A0721BC1CEF6A4193EE5BF12F7DE63007006C8F6A93764406478EDB9ABA665E4A1B000162E6D2DE00006C8F6A93764406478EDB9ABA665E4A1B00059B0B6F5E0000,SELECTED,
2022-03-01 13:45:29,2022,קרן ממויה,Keren@erco.co.il,(מסמך ממוחשב) הדפסת חשבונית מרכזת - 25342201493,5,(מסמך ממוחשב) הדפסת חשבונית מרכזת - 25342201493.pdf,2022-03-01__קרן-ממויה__(מסמך ממוחשב) הדפסת חשבונית מרכזת - 25342201493.pdf,+100 filename contains 'חשבונית מרכזת'; +80 filename contains 'חשבונית'; +35 filename contains 'מרכזת'; +150 invoice number match: 25342201493 (+2 more signals),HIGH,000000002A0721BC1CEF6A4193EE5BF12F7DE63007006C8F6A93764406478EDB9ABA665E4A1B000162E6D2DE00006C8F6A93764406478EDB9ABA665E4A1B00059B0B6F5D0000,SELECTED,
2022-03-01 13:45:26,2022,קרן ממויה,Keren@erco.co.il,(מסמך ממוחשב) הדפסת חשבונית מרכזת - 25342201494,5,(מסמך ממוחשב) הדפסת חשבונית מרכזת - 25342201494.pdf,2022-03-01__קרן-ממויה__(מסמך ממוחשב) הדפסת חשבונית מרכזת - 25342201494.pdf,+100 filename contains 'חשבונית מרכזת'; +80 filename contains 'חשבונית'; +35 filename contains 'מרכזת'; +150 invoice number match: 25342201494 (+2 more signals),HIGH,000000002A0721BC1CEF6A4193EE5BF12F7DE63007006C8F6A93764406478EDB9ABA665E4A1B000162E6D2DE00006C8F6A93764406478EDB9ABA665E4A1B00059B0B6F5C0000,SELECTED,
2022-03-01 13:45:21,2022,קרן ממויה,Keren@erco.co.il,(מסמך ממוחשב) הדפסת חשבונית מרכזת - 25342201492,2,(מסמך ממוחשב) הדפסת חשבונית מרכזת - 25342201492.pdf,2022-03-01__קרן-ממויה__(מסמך ממוחשב) הדפסת חשבונית מרכזת - 25342201492.pdf,+100 filename contains 'חשבונית מרכזת'; +80 filename contains 'חשבונית'; +35 filename contains 'מרכזת'; +150 invoice number match: 25342201492 (+2 more signals),HIGH,000000002A0721BC1CEF6A4193EE5BF12F7DE63007006C8F6A93764406478EDB9ABA665E4A1B000162E6D2DE00006C8F6A93764406478EDB9ABA665E4A1B00059B0B6F5B0000,SELECTED,
2022-01-30 16:05:05,2022,קרן ממויה,Keren@erco.co.il,"(מסמך ממוחשב) הדפסת חשבונית מרכזת - 25342200135, חש. מרכזת ינו-22",12,"(מסמך ממוחשב) הדפסת חשבונית מרכזת - 25342200135, חש. מרכזת ינו-.pdf","2022-01-30__קרן-ממויה__(מסמך ממוחשב) הדפסת חשבונית מרכזת - 25342200135, חש. מרכזת ינו-.pdf",+100 filename contains 'חשבונית מרכזת'; +80 filename contains 'חשבונית'; +40 filename contains 'חש.'; +35 filename contains 'מרכזת' (+3 more signals),HIGH,000000002A0721BC1CEF6A4193EE5BF12F7DE63007006C8F6A93764406478EDB9ABA665E4A1B000162E6D2DE00006C8F6A93764406478EDB9ABA665E4A1B000586F57E490000,SELECTED,
2022-01-30 16:05:02,2022,קרן ממויה,Keren@erco.co.il,(מסמך ממוחשב) הדפסת חשבונית מרכזת - 25342200133,9,(מסמך ממוחשב) הדפסת חשבונית מרכזת - 25342200133.pdf,2022-01-30__קרן-ממויה__(מסמך ממוחשב) הדפסת חשבונית מרכזת - 25342200133.pdf,+100 filename contains 'חשבונית מרכזת'; +80 filename contains 'חשבונית'; +35 filename contains 'מרכזת'; +150 invoice number match: 25342200133 (+2 more signals),HIGH,000000002A0721BC1CEF6A4193EE5BF12F7DE63007006C8F6A93764406478EDB9ABA665E4A1B000162E6D2DE00006C8F6A93764406478EDB9ABA665E4A1B000586F57E480000,SELECTED,
2022-01-30 16:05:00,2022,קרן ממויה,Keren@erco.co.il,(מסמך ממוחשב) הדפסת חשבונית מרכזת - 25342200134,11,(מסמך ממוחשב) הדפסת חשבונית מרכזת - 25342200134.pdf,2022-01-30__קרן-ממויה__(מסמך ממוחשב) הדפסת חשבונית מרכזת - 25342200134.pdf,+100 filename contains 'חשבונית מרכזת'; +80 filename contains 'חשבונית'; +35 filename contains 'מרכזת'; +150 invoice number match: 25342200134 (+2 more signals),HIGH,000000002A0721BC1CEF6A4193EE5BF12F7DE63007006C8F6A93764406478EDB9ABA665E4A1B000162E6D2DE00006C8F6A93764406478EDB9ABA665E4A1B000586F57E470000,SELECTED,
2022-01-30 16:04:57,2022,קרן ממויה,Keren@erco.co.il,(מסמך ממוחשב) הדפסת חשבונית מרכזת - 25342200132,8,(מסמך ממוחשב) הדפסת חשבונית מרכזת - 25342200132.pdf,2022-01-30__קרן-ממויה__(מסמך ממוחשב) הדפסת חשבונית מרכזת - 25342200132.pdf,+100 filename contains 'חשבונית מרכזת'; +80 filename contains 'חשבונית'; +35 filename contains 'מרכזת'; +150 invoice number match: 25342200132 (+2 more signals),HIGH,000000002A0721BC1CEF6A4193EE5BF12F7DE63007006C8F6A93764406478EDB9ABA665E4A1B000162E6D2DE00006C8F6A93764406478EDB9ABA665E4A1B000586F57E460000,SELECTED,
2022-01-30 16:04:43,2022,קרן ממויה,Keren@erco.co.il,(מסמך ממוחשב) הדפסת חשבונית מרכזת - 25342200131,1,(מסמך ממוחשב) הדפסת חשבונית מרכזת - 25342200131.pdf,2022-01-30__קרן-ממויה__(מסמך ממוחשב) הדפסת חשבונית מרכזת - 25342200131.pdf,+100 filename contains 'חשבונית מרכזת'; +80 filename contains 'חשבונית'; +35 filename contains 'מרכזת'; +150 invoice number match: 25342200131 (+2 more signals),HIGH,000000002A0721BC1CEF6A4193EE5BF12F7DE63007006C8F6A93764406478EDB9ABA665E4A1B000162E6D2DE00006C8F6A93764406478EDB9ABA665E4A1B000586F57E450000,SELECTED,
2022-01-02 16:06:55,2022,קרן ממויה,Keren@erco.co.il,(מסמך ממוחשב) הדפסת חשבונית מרכזת - R3521250709,1,(מסמך ממוחשב) הדפסת חשבונית מרכזת - R3521250709.pdf,2022-01-02__קרן-ממויה__(מסמך ממוחשב) הדפסת חשבונית מרכזת - R3521250709.pdf,+100 filename contains 'חשבונית מרכזת'; +80 filename contains 'חשבונית'; +35 filename contains 'מרכזת'; +20 subject/filename both mention מרכזת (+1 more signals),HIGH,000000002A0721BC1CEF6A4193EE5BF12F7DE63007006C8F6A93764406478EDB9ABA665E4A1B000162E6D2DE00006C8F6A93764406478EDB9ABA665E4A1B0005745242AD0000,SELECTED,
2022-01-02 16:06:54,2022,קרן ממויה,Keren@erco.co.il,(מסמך ממוחשב) הדפסת חשבונית מרכזת - R34212510641,1,(מסמך ממוחשב) הדפסת חשבונית מרכזת - R34212510641.pdf,2022-01-02__קרן-ממויה__(מסמך ממוחשב) הדפסת חשבונית מרכזת - R34212510641.pdf,+100 filename contains 'חשבונית מרכזת'; +80 filename contains 'חשבונית'; +35 filename contains 'מרכזת'; +20 subject/filename both mention מרכזת (+1 more signals),HIGH,000000002A0721BC1CEF6A4193EE5BF12F7DE63007006C8F6A93764406478EDB9ABA665E4A1B000162E6D2DE00006C8F6A93764406478EDB9ABA665E4A1B0005745242AC0000,SELECTED,
2022-01-02 16:06:52,2022,קרן ממויה,Keren@erco.co.il,(מסמך ממוחשב) הדפסת חשבונית מרכזת - R34212510640,1,(מסמך ממוחשב) הדפסת חשבונית מרכזת - R34212510640.pdf,2022-01-02__קרן-ממויה__(מסמך ממוחשב) הדפסת חשבונית מרכזת - R34212510640.pdf,+100 filename contains 'חשבונית מרכזת'; +80 filename contains 'חשבונית'; +35 filename contains 'מרכזת'; +20 subject/filename both mention מרכזת (+1 more signals),HIGH,000000002A0721BC1CEF6A4193EE5BF12F7DE63007006C8F6A93764406478EDB9ABA665E4A1B000162E6D2DE00006C8F6A93764406478EDB9ABA665E4A1B0005745242AB0000,SELECTED,
2021-12-30 16:04:59,2021,קרן ממויה,Keren@erco.co.il,(מסמך ממוחשב) הדפסת חשבונית מרכזת - R34212510300,14,(מסמך ממוחשב) הדפסת חשבונית מרכזת - R34212510300.pdf,2021-12-30__קרן-ממויה__(מסמך ממוחשב) הדפסת חשבונית מרכזת - R34212510300.pdf,+100 filename contains 'חשבונית מרכזת'; +80 filename contains 'חשבונית'; +35 filename contains 'מרכזת'; +20 subject/filename both mention מרכזת (+1 more signals),HIGH,000000002A0721BC1CEF6A4193EE5BF12F7DE63007006C8F6A93764406478EDB9ABA665E4A1B000162E6D2DE00006C8F6A93764406478EDB9ABA665E4A1B0005710EB5170000,SELECTED,
2021-12-30 16:04:55,2021,קרן ממויה,Keren@erco.co.il,(מסמך ממוחשב) הדפסת חשבונית מרכזת - R34212510299,13,(מסמך ממוחשב) הדפסת חשבונית מרכזת - R34212510299.pdf,2021-12-30__קרן-ממויה__(מסמך ממוחשב) הדפסת חשבונית מרכזת - R34212510299.pdf,+100 filename contains 'חשבונית מרכזת'; +80 filename contains 'חשבונית'; +35 filename contains 'מרכזת'; +20 subject/filename both mention מרכזת (+1 more signals),HIGH,000000002A0721BC1CEF6A4193EE5BF12F7DE63007006C8F6A93764406478EDB9ABA665E4A1B000162E6D2DE00006C8F6A93764406478EDB9ABA665E4A1B0005710EB5160000,SELECTED,
2021-12-30 09:04:06,2021,קרן ממויה,Keren@erco.co.il,"(מסמך ממוחשב) הדפסת חשבונית מרכזת - R34212510037, חש. מרכזת דצמ-21",43,"(מסמך ממוחשב) הדפסת חשבונית מרכזת - R34212510037, חש. מרכזת דצמ.pdf","2021-12-30__קרן-ממויה__(מסמך ממוחשב) הדפסת חשבונית מרכזת - R34212510037, חש. מרכזת דצמ.pdf",+100 filename contains 'חשבונית מרכזת'; +80 filename contains 'חשבונית'; +40 filename contains 'חש.'; +35 filename contains 'מרכזת' (+2 more signals),HIGH,000000002A0721BC1CEF6A4193EE5BF12F7DE63007006C8F6A93764406478EDB9ABA665E4A1B000162E6D2DE00006C8F6A93764406478EDB9ABA665E4A1B0005710EB5150000,SELECTED,
2021-12-30 09:03:55,2021,קרן ממויה,Keren@erco.co.il,(מסמך ממוחשב) הדפסת חשבונית מרכזת - R34212510036,9,(מסמך ממוחשב) הדפסת חשבונית מרכזת - R34212510036.pdf,2021-12-30__קרן-ממויה__(מסמך ממוחשב) הדפסת חשבונית מרכזת - R34212510036.pdf,+100 filename contains 'חשבונית מרכזת'; +80 filename contains 'חשבונית'; +35 filename contains 'מרכזת'; +20 subject/filename both mention מרכזת (+1 more signals),HIGH,000000002A0721BC1CEF6A4193EE5BF12F7DE63007006C8F6A93764406478EDB9ABA665E4A1B000162E6D2DE00006C8F6A93764406478EDB9ABA665E4A1B0005710EB5140000,SELECTED,
2021-12-30 09:03:51,2021,קרן ממויה,Keren@erco.co.il,(מסמך ממוחשב) הדפסת חשבונית מרכזת - R34212510035,6,(מסמך ממוחשב) הדפסת חשבונית מרכזת - R34212510035.pdf,2021-12-30__קרן-ממויה__(מסמך ממוחשב) הדפסת חשבונית מרכזת - R34212510035.pdf,+100 filename contains 'חשבונית מרכזת'; +80 filename contains 'חשבונית'; +35 filename contains 'מרכזת'; +20 subject/filename both mention מרכזת (+1 more signals),HIGH,000000002A0721BC1CEF6A4193EE5BF12F7DE63007006C8F6A93764406478EDB9ABA665E4A1B000162E6D2DE00006C8F6A93764406478EDB9ABA665E4A1B0005710EB5130000,SELECTED,
2021-11-28 12:14:08,2021,קרן ממויה,Keren@erco.co.il,"(מסמך ממוחשב) הדפסת חשבונית מרכזת - R34212508991, חש. מרכזת נוב-21",36,"(מסמך ממוחשב) הדפסת חשבונית מרכזת - R34212508991, חש. מרכזת נוב.pdf","2021-11-28__קרן-ממויה__(מסמך ממוחשב) הדפסת חשבונית מרכזת - R34212508991, חש. מרכזת נוב.pdf",+100 filename contains 'חשבונית מרכזת'; +80 filename contains 'חשבונית'; +40 filename contains 'חש.'; +35 filename contains 'מרכזת' (+2 more signals),HIGH,000000002A0721BC1CEF6A4193EE5BF12F7DE63007006C8F6A93764406478EDB9ABA665E4A1B000162E6D2DE00006C8F6A93764406478EDB9ABA665E4A1B00055CA6E6CE0000,SELECTED,
2021-11-28 12:13:57,2021,קרן ממויה,Keren@erco.co.il,(מסמך ממוחשב) הדפסת חשבונית מרכזת - R34212508990,2,(מסמך ממוחשב) הדפסת חשבונית מרכזת - R34212508990.pdf,2021-11-28__קרן-ממויה__(מסמך ממוחשב) הדפסת חשבונית מרכזת - R34212508990.pdf,+100 filename contains 'חשבונית מרכזת'; +80 filename contains 'חשבונית'; +35 filename contains 'מרכזת'; +20 subject/filename both mention מרכזת (+1 more signals),HIGH,000000002A0721BC1CEF6A4193EE5BF12F7DE63007006C8F6A93764406478EDB9ABA665E4A1B000162E6D2DE00006C8F6A93764406478EDB9ABA665E4A1B00055CA6E6CD0000,SELECTED,
2021-11-28 12:13:56,2021,קרן ממויה,Keren@erco.co.il,(מסמך ממוחשב) הדפסת חשבונית מרכזת - R34212508989,10,(מסמך ממוחשב) הדפסת חשבונית מרכזת - R34212508989.pdf,2021-11-28__קרן-ממויה__(מסמך ממוחשב) הדפסת חשבונית מרכזת - R34212508989.pdf,+100 filename contains 'חשבונית מרכזת'; +80 filename contains 'חשבונית'; +35 filename contains 'מרכזת'; +20 subject/filename both mention מרכזת (+1 more signals),HIGH,000000002A0721BC1CEF6A4193EE5BF12F7DE63007006C8F6A93764406478EDB9ABA665E4A1B000162E6D2DE00006C8F6A93764406478EDB9ABA665E4A1B00055CA6E6CC0000,SELECTED,
2021-11-28 12:13:54,2021,קרן ממויה,Keren@erco.co.il,(מסמך ממוחשב) הדפסת חשבונית מרכזת - R34212508986,6,(מסמך ממוחשב) הדפסת חשבונית מרכזת - R34212508986.pdf,2021-11-28__קרן-ממויה__(מסמך ממוחשב) הדפסת חשבונית מרכזת - R34212508986.pdf,+100 filename contains 'חשבונית מרכזת'; +80 filename contains 'חשבונית'; +35 filename contains 'מרכזת'; +20 subject/filename both mention מרכזת (+1 more signals),HIGH,000000002A0721BC1CEF6A4193EE5BF12F7DE63007006C8F6A93764406478EDB9ABA665E4A1B000162E6D2DE00006C8F6A93764406478EDB9ABA665E4A1B00055CA6E6CB0000,SELECTED,
2021-11-28 12:13:51,2021,קרן ממויה,Keren@erco.co.il,(מסמך ממוחשב) הדפסת חשבונית מרכזת - R34212508988,8,(מסמך ממוחשב) הדפסת חשבונית מרכזת - R34212508988.pdf,2021-11-28__קרן-ממויה__(מסמך ממוחשב) הדפסת חשבונית מרכזת - R34212508988.pdf,+100 filename contains 'חשבונית מרכזת'; +80 filename contains 'חשבונית'; +35 filename contains 'מרכזת'; +20 subject/filename both mention מרכזת (+1 more signals),HIGH,000000002A0721BC1CEF6A4193EE5BF12F7DE63007006C8F6A93764406478EDB9ABA665E4A1B000162E6D2DE00006C8F6A93764406478EDB9ABA665E4A1B00055CA6E6CA0000,SELECTED,
2021-11-28 12:13:48,2021,קרן ממויה,Keren@erco.co.il,(מסמך ממוחשב) הדפסת חשבונית מרכזת - R34212508987,5,(מסמך ממוחשב) הדפסת חשבונית מרכזת - R34212508987.pdf,2021-11-28__קרן-ממויה__(מסמך ממוחשב) הדפסת חשבונית מרכזת - R34212508987.pdf,+100 filename contains 'חשבונית מרכזת'; +80 filename contains 'חשבונית'; +35 filename contains 'מרכזת'; +20 subject/filename both mention מרכזת (+1 more signals),HIGH,000000002A0721BC1CEF6A4193EE5BF12F7DE63007006C8F6A93764406478EDB9ABA665E4A1B000162E6D2DE00006C8F6A93764406478EDB9ABA665E4A1B00055CA6E6C90000,SELECTED,
2021-11-28 12:13:39,2021,קרן ממויה,Keren@erco.co.il,(מסמך ממוחשב) הדפסת חשבונית מרכזת - R34212508985,1,(מסמך ממוחשב) הדפסת חשבונית מרכזת - R34212508985.pdf,2021-11-28__קרן-ממויה__(מסמך ממוחשב) הדפסת חשבונית מרכזת - R34212508985.pdf,+100 filename contains 'חשבונית מרכזת'; +80 filename contains 'חשבונית'; +35 filename contains 'מרכזת'; +20 subject/filename both mention מרכזת (+1 more signals),HIGH,000000002A0721BC1CEF6A4193EE5BF12F7DE63007006C8F6A93764406478EDB9ABA665E4A1B000162E6D2DE00006C8F6A93764406478EDB9ABA665E4A1B00055CA6E6C80000,SELECTED,
2021-10-31 14:37:19,2021,קרן ממויה,Keren@erco.co.il,"(מסמך ממוחשב) הדפסת חשבונית מרכזת - R34212508240, חש. מרכזת אוק-21",34,"(מסמך ממוחשב) הדפסת חשבונית מרכזת - R34212508240, חש. מרכזת אוק.pdf","2021-10-31__קרן-ממויה__(מסמך ממוחשב) הדפסת חשבונית מרכזת - R34212508240, חש. מרכזת אוק.pdf",+100 filename contains 'חשבונית מרכזת'; +80 filename contains 'חשבונית'; +40 filename contains 'חש.'; +35 filename contains 'מרכזת' (+2 more signals),HIGH,000000002A0721BC1CEF6A4193EE5BF12F7DE63007006C8F6A93764406478EDB9ABA665E4A1B000162E6D2DE00006C8F6A93764406478EDB9ABA665E4A1B00054A1A50B90000,SELECTED,
2021-10-31 14:37:01,2021,קרן ממויה,Keren@erco.co.il,(מסמך ממוחשב) הדפסת חשבונית מרכזת - R34212508237,10,(מסמך ממוחשב) הדפסת חשבונית מרכזת - R34212508237.pdf,2021-10-31__קרן-ממויה__(מסמך ממוחשב) הדפסת חשבונית מרכזת - R34212508237.pdf,+100 filename contains 'חשבונית מרכזת'; +80 filename contains 'חשבונית'; +35 filename contains 'מרכזת'; +20 subject/filename both mention מרכזת (+1 more signals),HIGH,000000002A0721BC1CEF6A4193EE5BF12F7DE63007006C8F6A93764406478EDB9ABA665E4A1B000162E6D2DE00006C8F6A93764406478EDB9ABA665E4A1B00054A1A50B80000,SELECTED,
2021-10-31 14:36:59,2021,קרן ממויה,Keren@erco.co.il,(מסמך ממוחשב) הדפסת חשבונית מרכזת - R34212508239,3,(מסמך ממוחשב) הדפסת חשבונית מרכזת - R34212508239.pdf,2021-10-31__קרן-ממויה__(מסמך ממוחשב) הדפסת חשבונית מרכזת - R34212508239.pdf,+100 filename contains 'חשבונית מרכזת'; +80 filename contains 'חשבונית'; +35 filename contains 'מרכזת'; +20 subject/filename both mention מרכזת (+1 more signals),HIGH,000000002A0721BC1CEF6A4193EE5BF12F7DE63007006C8F6A93764406478EDB9ABA665E4A1B000162E6D2DE00006C8F6A93764406478EDB9ABA665E4A1B00054A1A50B70000,SELECTED,
2021-10-31 14:36:57,2021,קרן ממויה,Keren@erco.co.il,(מסמך ממוחשב) הדפסת חשבונית מרכזת - R34212508238,7,(מסמך ממוחשב) הדפסת חשבונית מרכזת - R34212508238.pdf,2021-10-31__קרן-ממויה__(מסמך ממוחשב) הדפסת חשבונית מרכזת - R34212508238.pdf,+100 filename contains 'חשבונית מרכזת'; +80 filename contains 'חשבונית'; +35 filename contains 'מרכזת'; +20 subject/filename both mention מרכזת (+1 more signals),HIGH,000000002A0721BC1CEF6A4193EE5BF12F7DE63007006C8F6A93764406478EDB9ABA665E4A1B000162E6D2DE00006C8F6A93764406478EDB9ABA665E4A1B00054A1A50B60000,SELECTED,
2021-10-31 14:36:57,2021,קרן ממויה,Keren@erco.co.il,(מסמך ממוחשב) הדפסת חשבונית מרכזת - R34212508236,10,(מסמך ממוחשב) הדפסת חשבונית מרכזת - R34212508236.pdf,2021-10-31__קרן-ממויה__(מסמך ממוחשב) הדפסת חשבונית מרכזת - R34212508236.pdf,+100 filename contains 'חשבונית מרכזת'; +80 filename contains 'חשבונית'; +35 filename contains 'מרכזת'; +20 subject/filename both mention מרכזת (+1 more signals),HIGH,000000002A0721BC1CEF6A4193EE5BF12F7DE63007006C8F6A93764406478EDB9ABA665E4A1B000162E6D2DE00006C8F6A93764406478EDB9ABA665E4A1B00054A1A50B50000,SELECTED,
2021-10-31 14:36:53,2021,קרן ממויה,Keren@erco.co.il,(מסמך ממוחשב) הדפסת חשבונית מרכזת - R34212508235,8,(מסמך ממוחשב) הדפסת חשבונית מרכזת - R34212508235.pdf,2021-10-31__קרן-ממויה__(מסמך ממוחשב) הדפסת חשבונית מרכזת - R34212508235.pdf,+100 filename contains 'חשבונית מרכזת'; +80 filename contains 'חשבונית'; +35 filename contains 'מרכזת'; +20 subject/filename both mention מרכזת (+1 more signals),HIGH,000000002A0721BC1CEF6A4193EE5BF12F7DE63007006C8F6A93764406478EDB9ABA665E4A1B000162E6D2DE00006C8F6A93764406478EDB9ABA665E4A1B00054A1A50B40000,SELECTED,
2021-09-30 16:15:03,2021,קרן ממויה,Keren@erco.co.il,"(מסמך ממוחשב) הדפסת חשבונית מרכזת - R34212507225, חש. מרכזת ספט-21",27,"(מסמך ממוחשב) הדפסת חשבונית מרכזת - R34212507225, חש. מרכזת ספט.pdf","2021-09-30__קרן-ממויה__(מסמך ממוחשב) הדפסת חשבונית מרכזת - R34212507225, חש. מרכזת ספט.pdf",+100 filename contains 'חשבונית מרכזת'; +80 filename contains 'חשבונית'; +40 filename contains 'חש.'; +35 filename contains 'מרכזת' (+2 more signals),HIGH,000000002A0721BC1CEF6A4193EE5BF12F7DE63007006C8F6A93764406478EDB9ABA665E4A1B000162E6D2DE00006C8F6A93764406478EDB9ABA665E4A1B000534F0037F0000,SELECTED,
2021-09-30 16:14:55,2021,קרן ממויה,Keren@erco.co.il,"(מסמך ממוחשב) הדפסת חשבונית מרכזת - R34212507309, חש. מרכזת ספט-21",1,"(מסמך ממוחשב) הדפסת חשבונית מרכזת - R34212507309, חש. מרכזת ספט.pdf","2021-09-30__קרן-ממויה__(מסמך ממוחשב) הדפסת חשבונית מרכזת - R34212507309, חש. מרכזת ספט.pdf",+100 filename contains 'חשבונית מרכזת'; +80 filename contains 'חשבונית'; +40 filename contains 'חש.'; +35 filename contains 'מרכזת' (+2 more signals),HIGH,000000002A0721BC1CEF6A4193EE5BF12F7DE63007006C8F6A93764406478EDB9ABA665E4A1B000162E6D2DE00006C8F6A93764406478EDB9ABA665E4A1B000534F0037E0000,SELECTED,
2021-09-30 16:14:54,2021,קרן ממויה,Keren@erco.co.il,(מסמך ממוחשב) הדפסת חשבונית מרכזת - R34212507224,14,(מסמך ממוחשב) הדפסת חשבונית מרכזת - R34212507224.pdf,2021-09-30__קרן-ממויה__(מסמך ממוחשב) הדפסת חשבונית מרכזת - R34212507224.pdf,+100 filename contains 'חשבונית מרכזת'; +80 filename contains 'חשבונית'; +35 filename contains 'מרכזת'; +20 subject/filename both mention מרכזת (+1 more signals),HIGH,000000002A0721BC1CEF6A4193EE5BF12F7DE63007006C8F6A93764406478EDB9ABA665E4A1B000162E6D2DE00006C8F6A93764406478EDB9ABA665E4A1B000534F0037D0000,SELECTED,
2021-09-30 16:14:45,2021,קרן ממויה,Keren@erco.co.il,(מסמך ממוחשב) הדפסת חשבונית מרכזת - R34212507223,11,(מסמך ממוחשב) הדפסת חשבונית מרכזת - R34212507223.pdf,2021-09-30__קרן-ממויה__(מסמך ממוחשב) הדפסת חשבונית מרכזת - R34212507223.pdf,+100 filename contains 'חשבונית מרכזת'; +80 filename contains 'חשבונית'; +35 filename contains 'מרכזת'; +20 subject/filename both mention מרכזת (+1 more signals),HIGH,000000002A0721BC1CEF6A4193EE5BF12F7DE63007006C8F6A93764406478EDB9ABA665E4A1B000162E6D2DE00006C8F6A93764406478EDB9ABA665E4A1B000534F0037C0000,SELECTED,
2021-09-30 16:14:36,2021,קרן ממויה,Keren@erco.co.il,(מסמך ממוחשב) הדפסת חשבונית מרכזת - R34212507222,2,(מסמך ממוחשב) הדפסת חשבונית מרכזת - R34212507222.pdf,2021-09-30__קרן-ממויה__(מסמך ממוחשב) הדפסת חשבונית מרכזת - R34212507222.pdf,+100 filename contains 'חשבונית מרכזת'; +80 filename contains 'חשבונית'; +35 filename contains 'מרכזת'; +20 subject/filename both mention מרכזת (+1 more signals),HIGH,000000002A0721BC1CEF6A4193EE5BF12F7DE63007006C8F6A93764406478EDB9ABA665E4A1B000162E6D2DE00006C8F6A93764406478EDB9ABA665E4A1B000534F0037B0000,SELECTED,
2021-09-30 16:14:35,2021,קרן ממויה,Keren@erco.co.il,(מסמך ממוחשב) הדפסת חשבונית מרכזת - R34212507221,3,(מסמך ממוחשב) הדפסת חשבונית מרכזת - R34212507221.pdf,2021-09-30__קרן-ממויה__(מסמך ממוחשב) הדפסת חשבונית מרכזת - R34212507221.pdf,+100 filename contains 'חשבונית מרכזת'; +80 filename contains 'חשבונית'; +35 filename contains 'מרכזת'; +20 subject/filename both mention מרכזת (+1 more signals),HIGH,000000002A0721BC1CEF6A4193EE5BF12F7DE63007006C8F6A93764406478EDB9ABA665E4A1B000162E6D2DE00006C8F6A93764406478EDB9ABA665E4A1B000534F0037A0000,SELECTED,
2021-08-30 15:05:42,2021,קרן ממויה,Keren@erco.co.il,"(מסמך ממוחשב) הדפסת חשבונית מרכזת - R34212506528, חש. מרכזת אוג-21",39,"(מסמך ממוחשב) הדפסת חשבונית מרכזת - R34212506528, חש. מרכזת אוג.pdf","2021-08-30__קרן-ממויה__(מסמך ממוחשב) הדפסת חשבונית מרכזת - R34212506528, חש. מרכזת אוג.pdf",+100 filename contains 'חשבונית מרכזת'; +80 filename contains 'חשבונית'; +40 filename contains 'חש.'; +35 filename contains 'מרכזת' (+2 more signals),HIGH,000000002A0721BC1CEF6A4193EE5BF12F7DE63007006C8F6A93764406478EDB9ABA665E4A1B000162E6D2DE00006C8F6A93764406478EDB9ABA665E4A1B00051DB5AB0F0000,SELECTED,
2021-08-30 15:05:28,2021,קרן ממויה,Keren@erco.co.il,(מסמך ממוחשב) הדפסת חשבונית מרכזת - R34212506255,6,(מסמך ממוחשב) הדפסת חשבונית מרכזת - R34212506255.pdf,2021-08-30__קרן-ממויה__(מסמך ממוחשב) הדפסת חשבונית מרכזת - R34212506255.pdf,+100 filename contains 'חשבונית מרכזת'; +80 filename contains 'חשבונית'; +35 filename contains 'מרכזת'; +20 subject/filename both mention מרכזת (+1 more signals),HIGH,000000002A0721BC1CEF6A4193EE5BF12F7DE63007006C8F6A93764406478EDB9ABA665E4A1B000162E6D2DE00006C8F6A93764406478EDB9ABA665E4A1B00051DB5AB0E0000,SELECTED,
2021-08-30 15:05:27,2021,קרן ממויה,Keren@erco.co.il,(מסמך ממוחשב) הדפסת חשבונית מרכזת - R34212506253,15,(מסמך ממוחשב) הדפסת חשבונית מרכזת - R34212506253.pdf,2021-08-30__קרן-ממויה__(מסמך ממוחשב) הדפסת חשבונית מרכזת - R34212506253.pdf,+100 filename contains 'חשבונית מרכזת'; +80 filename contains 'חשבונית'; +35 filename contains 'מרכזת'; +20 subject/filename both mention מרכזת (+1 more signals),HIGH,000000002A0721BC1CEF6A4193EE5BF12F7DE63007006C8F6A93764406478EDB9ABA665E4A1B000162E6D2DE00006C8F6A93764406478EDB9ABA665E4A1B00051DB5AB0D0000,SELECTED,
2021-08-30 15:05:25,2021,קרן ממויה,Keren@erco.co.il,(מסמך ממוחשב) הדפסת חשבונית מרכזת - R34212506254,12,(מסמך ממוחשב) הדפסת חשבונית מרכזת - R34212506254.pdf,2021-08-30__קרן-ממויה__(מסמך ממוחשב) הדפסת חשבונית מרכזת - R34212506254.pdf,+100 filename contains 'חשבונית מרכזת'; +80 filename contains 'חשבונית'; +35 filename contains 'מרכזת'; +20 subject/filename both mention מרכזת (+1 more signals),HIGH,000000002A0721BC1CEF6A4193EE5BF12F7DE63007006C8F6A93764406478EDB9ABA665E4A1B000162E6D2DE00006C8F6A93764406478EDB9ABA665E4A1B00051DB5AB0C0000,SELECTED,
2021-08-30 15:05:16,2021,קרן ממויה,Keren@erco.co.il,(מסמך ממוחשב) הדפסת חשבונית מרכזת - R34212506252,9,(מסמך ממוחשב) הדפסת חשבונית מרכזת - R34212506252.pdf,2021-08-30__קרן-ממויה__(מסמך ממוחשב) הדפסת חשבונית מרכזת - R34212506252.pdf,+100 filename contains 'חשבונית מרכזת'; +80 filename contains 'חשבונית'; +35 filename contains 'מרכזת'; +20 subject/filename both mention מרכזת (+1 more signals),HIGH,000000002A0721BC1CEF6A4193EE5BF12F7DE63007006C8F6A93764406478EDB9ABA665E4A1B000162E6D2DE00006C8F6A93764406478EDB9ABA665E4A1B00051DB5AB0B0000,SELECTED,
2021-08-30 15:05:13,2021,קרן ממויה,Keren@erco.co.il,(מסמך ממוחשב) הדפסת חשבונית מרכזת - R34212506251,3,(מסמך ממוחשב) הדפסת חשבונית מרכזת - R34212506251.pdf,2021-08-30__קרן-ממויה__(מסמך ממוחשב) הדפסת חשבונית מרכזת - R34212506251.pdf,+100 filename contains 'חשבונית מרכזת'; +80 filename contains 'חשבונית'; +35 filename contains 'מרכזת'; +20 subject/filename both mention מרכזת (+1 more signals),HIGH,000000002A0721BC1CEF6A4193EE5BF12F7DE63007006C8F6A93764406478EDB9ABA665E4A1B000162E6D2DE00006C8F6A93764406478EDB9ABA665E4A1B00051DB5AB0A0000,SELECTED,
2021-08-30 15:05:09,2021,קרן ממויה,Keren@erco.co.il,(מסמך ממוחשב) הדפסת חשבונית מרכזת - R34212506250,4,(מסמך ממוחשב) הדפסת חשבונית מרכזת - R34212506250.pdf,2021-08-30__קרן-ממויה__(מסמך ממוחשב) הדפסת חשבונית מרכזת - R34212506250.pdf,+100 filename contains 'חשבונית מרכזת'; +80 filename contains 'חשבונית'; +35 filename contains 'מרכזת'; +20 subject/filename both mention מרכזת (+1 more signals),HIGH,000000002A0721BC1CEF6A4193EE5BF12F7DE63007006C8F6A93764406478EDB9ABA665E4A1B000162E6D2DE00006C8F6A93764406478EDB9ABA665E4A1B00051DB5AB090000,SELECTED,
2021-08-26 09:21:09,2021,ניר סאייג,NirS@erco.co.il,(מסמך ממוחשב) הדפסת חשבונית מרכזת - R3521250444,1,(מסמך ממוחשב) הדפסת חשבונית מרכזת - R3521250444.pdf,2021-08-26__ניר-סאייג__(מסמך ממוחשב) הדפסת חשבונית מרכזת - R3521250444.pdf,+100 filename contains 'חשבונית מרכזת'; +80 filename contains 'חשבונית'; +35 filename contains 'מרכזת'; +20 subject/filename both mention מרכזת (+1 more signals),HIGH,000000002A0721BC1CEF6A4193EE5BF12F7DE63007006C8F6A93764406478EDB9ABA665E4A1B000162E6D2DE00006C8F6A93764406478EDB9ABA665E4A1B00051DB5AB080000,SELECTED,
2021-07-30 10:18:36,2021,קרן ממויה,Keren@erco.co.il,(מסמך ממוחשב) הדפסת חשבונית מרכזת - R34212505558,9,(מסמך ממוחשב) הדפסת חשבונית מרכזת - R34212505558.pdf,2021-07-30__קרן-ממויה__(מסמך ממוחשב) הדפסת חשבונית מרכזת - R34212505558.pdf,+100 filename contains 'חשבונית מרכזת'; +80 filename contains 'חשבונית'; +35 filename contains 'מרכזת'; +20 subject/filename both mention מרכזת (+1 more signals),HIGH,000000002A0721BC1CEF6A4193EE5BF12F7DE63007006C8F6A93764406478EDB9ABA665E4A1B000162E6D2DE00006C8F6A93764406478EDB9ABA665E4A1B00050C82F8E60000,SELECTED,
2021-07-30 10:18:33,2021,קרן ממויה,Keren@erco.co.il,(מסמך ממוחשב) הדפסת חשבונית מרכזת - R34212505557,6,(מסמך ממוחשב) הדפסת חשבונית מרכזת - R34212505557.pdf,2021-07-30__קרן-ממויה__(מסמך ממוחשב) הדפסת חשבונית מרכזת - R34212505557.pdf,+100 filename contains 'חשבונית מרכזת'; +80 filename contains 'חשבונית'; +35 filename contains 'מרכזת'; +20 subject/filename both mention מרכזת (+1 more signals),HIGH,000000002A0721BC1CEF6A4193EE5BF12F7DE63007006C8F6A93764406478EDB9ABA665E4A1B000162E6D2DE00006C8F6A93764406478EDB9ABA665E4A1B00050C82F8E50000,SELECTED,
2021-07-30 10:18:31,2021,קרן ממויה,Keren@erco.co.il,(מסמך ממוחשב) הדפסת חשבונית מרכזת - R34212505556,5,(מסמך ממוחשב) הדפסת חשבונית מרכזת - R34212505556.pdf,2021-07-30__קרן-ממויה__(מסמך ממוחשב) הדפסת חשבונית מרכזת - R34212505556.pdf,+100 filename contains 'חשבונית מרכזת'; +80 filename contains 'חשבונית'; +35 filename contains 'מרכזת'; +20 subject/filename both mention מרכזת (+1 more signals),HIGH,000000002A0721BC1CEF6A4193EE5BF12F7DE63007006C8F6A93764406478EDB9ABA665E4A1B000162E6D2DE00006C8F6A93764406478EDB9ABA665E4A1B00050C82F8E40000,SELECTED,
2021-07-30 10:18:28,2021,קרן ממויה,Keren@erco.co.il,(מסמך ממוחשב) הדפסת חשבונית מרכזת - R34212505555,14,(מסמך ממוחשב) הדפסת חשבונית מרכזת - R34212505555.pdf,2021-07-30__קרן-ממויה__(מסמך ממוחשב) הדפסת חשבונית מרכזת - R34212505555.pdf,+100 filename contains 'חשבונית מרכזת'; +80 filename contains 'חשבונית'; +35 filename contains 'מרכזת'; +20 subject/filename both mention מרכזת (+1 more signals),HIGH,000000002A0721BC1CEF6A4193EE5BF12F7DE63007006C8F6A93764406478EDB9ABA665E4A1B000162E6D2DE00006C8F6A93764406478EDB9ABA665E4A1B00050C82F8E30000,SELECTED,
2021-07-30 10:18:23,2021,קרן ממויה,Keren@erco.co.il,(מסמך ממוחשב) הדפסת חשבונית מרכזת - R34212505554,6,(מסמך ממוחשב) הדפסת חשבונית מרכזת - R34212505554.pdf,2021-07-30__קרן-ממויה__(מסמך ממוחשב) הדפסת חשבונית מרכזת - R34212505554.pdf,+100 filename contains 'חשבונית מרכזת'; +80 filename contains 'חשבונית'; +35 filename contains 'מרכזת'; +20 subject/filename both mention מרכזת (+1 more signals),HIGH,000000002A0721BC1CEF6A4193EE5BF12F7DE63007006C8F6A93764406478EDB9ABA665E4A1B000162E6D2DE00006C8F6A93764406478EDB9ABA665E4A1B00050C82F8E20000,SELECTED,
2021-07-30 10:18:19,2021,קרן ממויה,Keren@erco.co.il,(מסמך ממוחשב) הדפסת חשבונית מרכזת - R34212505553,1,(מסמך ממוחשב) הדפסת חשבונית מרכזת - R34212505553.pdf,2021-07-30__קרן-ממויה__(מסמך ממוחשב) הדפסת חשבונית מרכזת - R34212505553.pdf,+100 filename contains 'חשבונית מרכזת'; +80 filename contains 'חשבונית'; +35 filename contains 'מרכזת'; +20 subject/filename both mention מרכזת (+1 more signals),HIGH,000000002A0721BC1CEF6A4193EE5BF12F7DE63007006C8F6A93764406478EDB9ABA665E4A1B000162E6D2DE00006C8F6A93764406478EDB9ABA665E4A1B00050C82F8E10000,SELECTED,
2021-07-04 13:46:43,2021,קרן ממויה,Keren@erco.co.il,(מסמך ממוחשב) הדפסת חשבונית מרכזת - R34212504462,36,(מסמך ממוחשב) הדפסת חשבונית מרכזת - R34212504462.pdf,2021-07-04__קרן-ממויה__(מסמך ממוחשב) הדפסת חשבונית מרכזת - R34212504462.pdf,+100 filename contains 'חשבונית מרכזת'; +80 filename contains 'חשבונית'; +35 filename contains 'מרכזת'; +20 subject/filename both mention מרכזת (+1 more signals),HIGH,000000002A0721BC1CEF6A4193EE5BF12F7DE63007006C8F6A93764406478EDB9ABA665E4A1B000162E6D2DE00006C8F6A93764406478EDB9ABA665E4A1B0004F95152240000,SELECTED,
2021-07-04 13:46:32,2021,קרן ממויה,Keren@erco.co.il,(מסמך ממוחשב) הדפסת חשבונית מרכזת - R34212504465,18,(מסמך ממוחשב) הדפסת חשבונית מרכזת - R34212504465.pdf,2021-07-04__קרן-ממויה__(מסמך ממוחשב) הדפסת חשבונית מרכזת - R34212504465.pdf,+100 filename contains 'חשבונית מרכזת'; +80 filename contains 'חשבונית'; +35 filename contains 'מרכזת'; +20 subject/filename both mention מרכזת (+1 more signals),HIGH,000000002A0721BC1CEF6A4193EE5BF12F7DE63007006C8F6A93764406478EDB9ABA665E4A1B000162E6D2DE00006C8F6A93764406478EDB9ABA665E4A1B0004F95152230000,SELECTED,
2021-07-04 13:46:25,2021,קרן ממויה,Keren@erco.co.il,(מסמך ממוחשב) הדפסת חשבונית מרכזת - R34212504464,5,(מסמך ממוחשב) הדפסת חשבונית מרכזת - R34212504464.pdf,2021-07-04__קרן-ממויה__(מסמך ממוחשב) הדפסת חשבונית מרכזת - R34212504464.pdf,+100 filename contains 'חשבונית מרכזת'; +80 filename contains 'חשבונית'; +35 filename contains 'מרכזת'; +20 subject/filename both mention מרכזת (+1 more signals),HIGH,000000002A0721BC1CEF6A4193EE5BF12F7DE63007006C8F6A93764406478EDB9ABA665E4A1B000162E6D2DE00006C8F6A93764406478EDB9ABA665E4A1B0004F95152220000,SELECTED,
2021-07-04 13:46:24,2021,קרן ממויה,Keren@erco.co.il,(מסמך ממוחשב) הדפסת חשבונית מרכזת - R34212504463,15,(מסמך ממוחשב) הדפסת חשבונית מרכזת - R34212504463.pdf,2021-07-04__קרן-ממויה__(מסמך ממוחשב) הדפסת חשבונית מרכזת - R34212504463.pdf,+100 filename contains 'חשבונית מרכזת'; +80 filename contains 'חשבונית'; +35 filename contains 'מרכזת'; +20 subject/filename both mention מרכזת (+1 more signals),HIGH,000000002A0721BC1CEF6A4193EE5BF12F7DE63007006C8F6A93764406478EDB9ABA665E4A1B000162E6D2DE00006C8F6A93764406478EDB9ABA665E4A1B0004F95152210000,SELECTED,
2021-07-04 13:46:14,2021,קרן ממויה,Keren@erco.co.il,(מסמך ממוחשב) הדפסת חשבונית מרכזת - R34212504461,8,(מסמך ממוחשב) הדפסת חשבונית מרכזת - R34212504461.pdf,2021-07-04__קרן-ממויה__(מסמך ממוחשב) הדפסת חשבונית מרכזת - R34212504461.pdf,+100 filename contains 'חשבונית מרכזת'; +80 filename contains 'חשבונית'; +35 filename contains 'מרכזת'; +20 subject/filename both mention מרכזת (+1 more signals),HIGH,000000002A0721BC1CEF6A4193EE5BF12F7DE63007006C8F6A93764406478EDB9ABA665E4A1B000162E6D2DE00006C8F6A93764406478EDB9ABA665E4A1B0004F95152200000,SELECTED,
2021-07-04 13:46:07,2021,קרן ממויה,Keren@erco.co.il,(מסמך ממוחשב) הדפסת חשבונית מרכזת - R34212504460,2,(מסמך ממוחשב) הדפסת חשבונית מרכזת - R34212504460.pdf,2021-07-04__קרן-ממויה__(מסמך ממוחשב) הדפסת חשבונית מרכזת - R34212504460.pdf,+100 filename contains 'חשבונית מרכזת'; +80 filename contains 'חשבונית'; +35 filename contains 'מרכזת'; +20 subject/filename both mention מרכזת (+1 more signals),HIGH,000000002A0721BC1CEF6A4193EE5BF12F7DE63007006C8F6A93764406478EDB9ABA665E4A1B000162E6D2DE00006C8F6A93764406478EDB9ABA665E4A1B0004F951521F0000,SELECTED,
2021-05-31 11:18:09,2021,קרן ממויה,Keren@erco.co.il,(מסמך ממוחשב) הדפסת חשבונית מרכזת - R34212503861,11,(מסמך ממוחשב) הדפסת חשבונית מרכזת - R34212503861.pdf,2021-05-31__קרן-ממויה__(מסמך ממוחשב) הדפסת חשבונית מרכזת - R34212503861.pdf,+100 filename contains 'חשבונית מרכזת'; +80 filename contains 'חשבונית'; +35 filename contains 'מרכזת'; +20 subject/filename both mention מרכזת (+1 more signals),HIGH,000000002A0721BC1CEF6A4193EE5BF12F7DE63007006C8F6A93764406478EDB9ABA665E4A1B000162E6D2DE00006C8F6A93764406478EDB9ABA665E4A1B0004E5C912480000,SELECTED,
2021-05-31 11:17:58,2021,קרן ממויה,Keren@erco.co.il,(מסמך ממוחשב) הדפסת חשבונית מרכזת - R34212503860,2,(מסמך ממוחשב) הדפסת חשבונית מרכזת - R34212503860.pdf,2021-05-31__קרן-ממויה__(מסמך ממוחשב) הדפסת חשבונית מרכזת - R34212503860.pdf,+100 filename contains 'חשבונית מרכזת'; +80 filename contains 'חשבונית'; +35 filename contains 'מרכזת'; +20 subject/filename both mention מרכזת (+1 more signals),HIGH,000000002A0721BC1CEF6A4193EE5BF12F7DE63007006C8F6A93764406478EDB9ABA665E4A1B000162E6D2DE00006C8F6A93764406478EDB9ABA665E4A1B0004E5C912470000,SELECTED,
2021-05-31 11:17:56,2021,קרן ממויה,Keren@erco.co.il,(מסמך ממוחשב) הדפסת חשבונית מרכזת - R34212503859,7,(מסמך ממוחשב) הדפסת חשבונית מרכזת - R34212503859.pdf,2021-05-31__קרן-ממויה__(מסמך ממוחשב) הדפסת חשבונית מרכזת - R34212503859.pdf,+100 filename contains 'חשבונית מרכזת'; +80 filename contains 'חשבונית'; +35 filename contains 'מרכזת'; +20 subject/filename both mention מרכזת (+1 more signals),HIGH,000000002A0721BC1CEF6A4193EE5BF12F7DE63007006C8F6A93764406478EDB9ABA665E4A1B000162E6D2DE00006C8F6A93764406478EDB9ABA665E4A1B0004E5C912460000,SELECTED,
2021-05-31 11:17:55,2021,קרן ממויה,Keren@erco.co.il,(מסמך ממוחשב) הדפסת חשבונית מרכזת - R34212503858,10,(מסמך ממוחשב) הדפסת חשבונית מרכזת - R34212503858.pdf,2021-05-31__קרן-ממויה__(מסמך ממוחשב) הדפסת חשבונית מרכזת - R34212503858.pdf,+100 filename contains 'חשבונית מרכזת'; +80 filename contains 'חשבונית'; +35 filename contains 'מרכזת'; +20 subject/filename both mention מרכזת (+1 more signals),HIGH,000000002A0721BC1CEF6A4193EE5BF12F7DE63007006C8F6A93764406478EDB9ABA665E4A1B000162E6D2DE00006C8F6A93764406478EDB9ABA665E4A1B0004E5C912450000,SELECTED,
2021-05-31 11:17:48,2021,קרן ממויה,Keren@erco.co.il,(מסמך ממוחשב) הדפסת חשבונית מרכזת - R34212503857,3,(מסמך ממוחשב) הדפסת חשבונית מרכזת - R34212503857.pdf,2021-05-31__קרן-ממויה__(מסמך ממוחשב) הדפסת חשבונית מרכזת - R34212503857.pdf,+100 filename contains 'חשבונית מרכזת'; +80 filename contains 'חשבונית'; +35 filename contains 'מרכזת'; +20 subject/filename both mention מרכזת (+1 more signals),HIGH,000000002A0721BC1CEF6A4193EE5BF12F7DE63007006C8F6A93764406478EDB9ABA665E4A1B000162E6D2DE00006C8F6A93764406478EDB9ABA665E4A1B0004E5C912440000,SELECTED,
2021-05-31 11:17:46,2021,קרן ממויה,Keren@erco.co.il,(מסמך ממוחשב) הדפסת חשבונית מרכזת - R34212503856,2,(מסמך ממוחשב) הדפסת חשבונית מרכזת - R34212503856.pdf,2021-05-31__קרן-ממויה__(מסמך ממוחשב) הדפסת חשבונית מרכזת - R34212503856.pdf,+100 filename contains 'חשבונית מרכזת'; +80 filename contains 'חשבונית'; +35 filename contains 'מרכזת'; +20 subject/filename both mention מרכזת (+1 more signals),HIGH,000000002A0721BC1CEF6A4193EE5BF12F7DE63007006C8F6A93764406478EDB9ABA665E4A1B000162E6D2DE00006C8F6A93764406478EDB9ABA665E4A1B0004E5C912430000,SELECTED,
2021-05-03 12:16:46,2021,קרן ממויה,Keren@erco.co.il,(מסמך ממוחשב) הדפסת חשבונית מרכזת - R34212502849,28,(מסמך ממוחשב) הדפסת חשבונית מרכזת - R34212502849.pdf,2021-05-03__קרן-ממויה__(מסמך ממוחשב) הדפסת חשבונית מרכזת - R34212502849.pdf,+100 filename contains 'חשבונית מרכזת'; +80 filename contains 'חשבונית'; +35 filename contains 'מרכזת'; +20 subject/filename both mention מרכזת (+1 more signals),HIGH,000000002A0721BC1CEF6A4193EE5BF12F7DE63007006C8F6A93764406478EDB9ABA665E4A1B000162E6D2DE00006C8F6A93764406478EDB9ABA665E4A1B0004D26CA1CE0000,SELECTED,
2021-05-03 12:16:40,2021,קרן ממויה,Keren@erco.co.il,(מסמך ממוחשב) הדפסת חשבונית מרכזת - R34212502850,9,(מסמך ממוחשב) הדפסת חשבונית מרכזת - R34212502850.pdf,2021-05-03__קרן-ממויה__(מסמך ממוחשב) הדפסת חשבונית מרכזת - R34212502850.pdf,+100 filename contains 'חשבונית מרכזת'; +80 filename contains 'חשבונית'; +35 filename contains 'מרכזת'; +20 subject/filename both mention מרכזת (+1 more signals),HIGH,000000002A0721BC1CEF6A4193EE5BF12F7DE63007006C8F6A93764406478EDB9ABA665E4A1B000162E6D2DE00006C8F6A93764406478EDB9ABA665E4A1B0004D26CA1CD0000,SELECTED,
2021-05-03 12:16:31,2021,קרן ממויה,Keren@erco.co.il,(מסמך ממוחשב) הדפסת חשבונית מרכזת - R34212502848,4,(מסמך ממוחשב) הדפסת חשבונית מרכזת - R34212502848.pdf,2021-05-03__קרן-ממויה__(מסמך ממוחשב) הדפסת חשבונית מרכזת - R34212502848.pdf,+100 filename contains 'חשבונית מרכזת'; +80 filename contains 'חשבונית'; +35 filename contains 'מרכזת'; +20 subject/filename both mention מרכזת (+1 more signals),HIGH,000000002A0721BC1CEF6A4193EE5BF12F7DE63007006C8F6A93764406478EDB9ABA665E4A1B000162E6D2DE00006C8F6A93764406478EDB9ABA665E4A1B0004D26CA1CC0000,SELECTED,
2021-05-03 12:16:24,2021,קרן ממויה,Keren@erco.co.il,(מסמך ממוחשב) הדפסת חשבונית מרכזת - R34212502847,5,(מסמך ממוחשב) הדפסת חשבונית מרכזת - R34212502847.pdf,2021-05-03__קרן-ממויה__(מסמך ממוחשב) הדפסת חשבונית מרכזת - R34212502847.pdf,+100 filename contains 'חשבונית מרכזת'; +80 filename contains 'חשבונית'; +35 filename contains 'מרכזת'; +20 subject/filename both mention מרכזת (+1 more signals),HIGH,000000002A0721BC1CEF6A4193EE5BF12F7DE63007006C8F6A93764406478EDB9ABA665E4A1B000162E6D2DE00006C8F6A93764406478EDB9ABA665E4A1B0004D26CA1CB0000,SELECTED,
2021-05-03 12:16:23,2021,קרן ממויה,Keren@erco.co.il,(מסמך ממוחשב) הדפסת חשבונית מרכזת - R34212502846,5,(מסמך ממוחשב) הדפסת חשבונית מרכזת - R34212502846.pdf,2021-05-03__קרן-ממויה__(מסמך ממוחשב) הדפסת חשבונית מרכזת - R34212502846.pdf,+100 filename contains 'חשבונית מרכזת'; +80 filename contains 'חשבונית'; +35 filename contains 'מרכזת'; +20 subject/filename both mention מרכזת (+1 more signals),HIGH,000000002A0721BC1CEF6A4193EE5BF12F7DE63007006C8F6A93764406478EDB9ABA665E4A1B000162E6D2DE00006C8F6A93764406478EDB9ABA665E4A1B0004D26CA1CA0000,SELECTED,
2021-05-03 12:16:18,2021,קרן ממויה,Keren@erco.co.il,(מסמך ממוחשב) הדפסת חשבונית מרכזת - R34212502845,2,(מסמך ממוחשב) הדפסת חשבונית מרכזת - R34212502845.pdf,2021-05-03__קרן-ממויה__(מסמך ממוחשב) הדפסת חשבונית מרכזת - R34212502845.pdf,+100 filename contains 'חשבונית מרכזת'; +80 filename contains 'חשבונית'; +35 filename contains 'מרכזת'; +20 subject/filename both mention מרכזת (+1 more signals),HIGH,000000002A0721BC1CEF6A4193EE5BF12F7DE63007006C8F6A93764406478EDB9ABA665E4A1B000162E6D2DE00006C8F6A93764406478EDB9ABA665E4A1B0004D26CA1C90000,SELECTED,
2021-03-31 11:52:49,2021,קרן ממויה,Keren@erco.co.il,"(מסמך ממוחשב) הדפסת חשבונית מרכזת - R34212502037, חש. מרכזת מרץ-21",57,p2530001934.pdf,2021-03-31__קרן-ממויה__p2530001934.pdf,+5 larger PDF (possible central invoice),LOW,000000002A0721BC1CEF6A4193EE5BF12F7DE63007006C8F6A93764406478EDB9ABA665E4A1B000162E6D2DE00006C8F6A93764406478EDB9ABA665E4A1B0004BB64C2F70000,SELECTED,
2021-03-31 11:52:20,2021,קרן ממויה,Keren@erco.co.il,(מסמך ממוחשב) הדפסת חשבונית מרכזת - R34212502036,10,p2530001905.pdf,2021-03-31__קרן-ממויה__p2530001905.pdf,+5 larger PDF (possible central invoice),LOW,000000002A0721BC1CEF6A4193EE5BF12F7DE63007006C8F6A93764406478EDB9ABA665E4A1B000162E6D2DE00006C8F6A93764406478EDB9ABA665E4A1B0004BB64C2F60000,SELECTED,
2021-03-31 11:52:14,2021,קרן ממויה,Keren@erco.co.il,(מסמך ממוחשב) הדפסת חשבונית מרכזת - R34212502035,3,p2530001876.pdf,2021-03-31__קרן-ממויה__p2530001876.pdf,+5 larger PDF (possible central invoice),LOW,000000002A0721BC1CEF6A4193EE5BF12F7DE63007006C8F6A93764406478EDB9ABA665E4A1B000162E6D2DE00006C8F6A93764406478EDB9ABA665E4A1B0004BB64C2F50000,SELECTED,
2021-03-31 11:52:13,2021,קרן ממויה,Keren@erco.co.il,(מסמך ממוחשב) הדפסת חשבונית מרכזת - R34212502034,7,p2530001847.pdf,2021-03-31__קרן-ממויה__p2530001847.pdf,+5 larger PDF (possible central invoice),LOW,000000002A0721BC1CEF6A4193EE5BF12F7DE63007006C8F6A93764406478EDB9ABA665E4A1B000162E6D2DE00006C8F6A93764406478EDB9ABA665E4A1B0004BB64C2F40000,SELECTED,
2021-03-31 11:52:06,2021,קרן ממויה,Keren@erco.co.il,(מסמך ממוחשב) הדפסת חשבונית מרכזת - R34212501757,6,p2530001818.pdf,2021-03-31__קרן-ממויה__p2530001818.pdf,+5 larger PDF (possible central invoice),LOW,000000002A0721BC1CEF6A4193EE5BF12F7DE63007006C8F6A93764406478EDB9ABA665E4A1B000162E6D2DE00006C8F6A93764406478EDB9ABA665E4A1B0004BB64C2F30000,SELECTED,
2021-03-31 11:52:02,2021,קרן ממויה,Keren@erco.co.il,(מסמך ממוחשב) הדפסת חשבונית מרכזת - R34212501756,4,p2530001789.pdf,2021-03-31__קרן-ממויה__p2530001789.pdf,+5 larger PDF (possible central invoice),LOW,000000002A0721BC1CEF6A4193EE5BF12F7DE63007006C8F6A93764406478EDB9ABA665E4A1B000162E6D2DE00006C8F6A93764406478EDB9ABA665E4A1B0004BB64C2F20000,SELECTED,
2021-03-31 11:51:59,2021,קרן ממויה,Keren@erco.co.il,(מסמך ממוחשב) הדפסת חשבונית מרכזת - R34212501755,6,p2530001760.pdf,2021-03-31__קרן-ממויה__p2530001760.pdf,+5 larger PDF (possible central invoice),LOW,000000002A0721BC1CEF6A4193EE5BF12F7DE63007006C8F6A93764406478EDB9ABA665E4A1B000162E6D2DE00006C8F6A93764406478EDB9ABA665E4A1B0004BB64C2F10000,SELECTED,
2021-03-14 14:46:40,2021,קרן ממויה,Keren@erco.co.il,(מסמך ממוחשב) הדפסת חשבונית מרכזת - R34212501647,2,p3116801499.pdf,2021-03-14__קרן-ממויה__p3116801499.pdf,+5 larger PDF (possible central invoice),LOW,000000002A0721BC1CEF6A4193EE5BF12F7DE63007006C8F6A93764406478EDB9ABA665E4A1B000162E6D2DE00006C8F6A93764406478EDB9ABA665E4A1B0004B2325BE10000,SELECTED,
2021-03-04 13:16:24,2021,קרן ממויה,Keren@erco.co.il,(מסמך ממוחשב) הדפסת חשבונית מרכזת - R34212501084,6,p1241601354.pdf,2021-03-04__קרן-ממויה__p1241601354.pdf,+5 larger PDF (possible central invoice),LOW,000000002A0721BC1CEF6A4193EE5BF12F7DE63007006C8F6A93764406478EDB9ABA665E4A1B000162E6D2DE00006C8F6A93764406478EDB9ABA665E4A1B0004AAE71A7D0000,SELECTED,
2021-03-04 13:11:18,2021,קרן ממויה,Keren@erco.co.il,(מסמך ממוחשב) הדפסת חשבונית מרכזת - R34212501247,36,p1241601499.pdf,2021-03-04__קרן-ממויה__p1241601499.pdf,+5 larger PDF (possible central invoice),LOW,000000002A0721BC1CEF6A4193EE5BF12F7DE63007006C8F6A93764406478EDB9ABA665E4A1B000162E6D2DE00006C8F6A93764406478EDB9ABA665E4A1B0004AAE71A7C0000,SELECTED,
2021-03-04 13:11:14,2021,קרן ממויה,Keren@erco.co.il,(מסמך ממוחשב) הדפסת חשבונית מרכזת - R34212501248,12,p1241601528.pdf,2021-03-04__קרן-ממויה__p1241601528.pdf,+5 larger PDF (possible central invoice),LOW,000000002A0721BC1CEF6A4193EE5BF12F7DE63007006C8F6A93764406478EDB9ABA665E4A1B000162E6D2DE00006C8F6A93764406478EDB9ABA665E4A1B0004AAE71A7B0000,SELECTED,
2021-03-04 13:11:01,2021,קרן ממויה,Keren@erco.co.il,(מסמך ממוחשב) הדפסת חשבונית מרכזת - R34212501246,5,p1241601470.pdf,2021-03-04__קרן-ממויה__p1241601470.pdf,+5 larger PDF (possible central invoice),LOW,000000002A0721BC1CEF6A4193EE5BF12F7DE63007006C8F6A93764406478EDB9ABA665E4A1B000162E6D2DE00006C8F6A93764406478EDB9ABA665E4A1B0004AAE71A7A0000,SELECTED,
2021-03-04 13:11:00,2021,קרן ממויה,Keren@erco.co.il,(מסמך ממוחשב) הדפסת חשבונית מרכזת - R34212501087,14,p1241601441.pdf,2021-03-04__קרן-ממויה__p1241601441.pdf,+5 larger PDF (possible central invoice),LOW,000000002A0721BC1CEF6A4193EE5BF12F7DE63007006C8F6A93764406478EDB9ABA665E4A1B000162E6D2DE00006C8F6A93764406478EDB9ABA665E4A1B0004AAE71A790000,SELECTED,
2021-03-04 13:10:57,2021,קרן ממויה,Keren@erco.co.il,(מסמך ממוחשב) הדפסת חשבונית מרכזת - R34212501086,13,p1241601412.pdf,2021-03-04__קרן-ממויה__p1241601412.pdf,+5 larger PDF (possible central invoice),LOW,000000002A0721BC1CEF6A4193EE5BF12F7DE63007006C8F6A93764406478EDB9ABA665E4A1B000162E6D2DE00006C8F6A93764406478EDB9ABA665E4A1B0004AAE71A780000,SELECTED,
2021-03-04 13:10:45,2021,קרן ממויה,Keren@erco.co.il,(מסמך ממוחשב) הדפסת חשבונית מרכזת - R34212501085,2,p1241601383.pdf,2021-03-04__קרן-ממויה__p1241601383.pdf,+5 larger PDF (possible central invoice),LOW,000000002A0721BC1CEF6A4193EE5BF12F7DE63007006C8F6A93764406478EDB9ABA665E4A1B000162E6D2DE00006C8F6A93764406478EDB9ABA665E4A1B0004AAE71A770000,SELECTED,
2021-03-04 13:10:38,2021,קרן ממויה,Keren@erco.co.il,(מסמך ממוחשב) הדפסת חשבונית מרכזת - R34212501083,2,p1241600002.pdf,2021-03-04__קרן-ממויה__p1241600002.pdf,+5 larger PDF (possible central invoice),LOW,000000002A0721BC1CEF6A4193EE5BF12F7DE63007006C8F6A93764406478EDB9ABA665E4A1B000162E6D2DE00006C8F6A93764406478EDB9ABA665E4A1B0004AAE71A760000,SELECTED,
2021-01-28 16:56:05,2021,קרן ממויה,Keren@erco.co.il,"(מסמך ממוחשב) הדפסת חשבונית מרכזת - R3521250027, בגין ח""ן:R3420309267",1,p4827202108.pdf,2021-01-28__קרן-ממויה__p4827202108.pdf,+5 larger PDF (possible central invoice),MEDIUM,000000002A0721BC1CEF6A4193EE5BF12F7DE63007006C8F6A93764406478EDB9ABA665E4A1B000162E6D2DE00006C8F6A93764406478EDB9ABA665E4A1B000494B58FE10000,SELECTED,
2021-01-28 16:56:04,2021,קרן ממויה,Keren@erco.co.il,"(מסמך ממוחשב) הדפסת חשבונית מרכזת - R3521250026, בגין ח""ן:R3420309568",1,p4827202079.pdf,2021-01-28__קרן-ממויה__p4827202079.pdf,+5 larger PDF (possible central invoice),MEDIUM,000000002A0721BC1CEF6A4193EE5BF12F7DE63007006C8F6A93764406478EDB9ABA665E4A1B000162E6D2DE00006C8F6A93764406478EDB9ABA665E4A1B000494B58FE00000,SELECTED,
2021-01-28 16:56:02,2021,קרן ממויה,Keren@erco.co.il,"(מסמך ממוחשב) הדפסת חשבונית מרכזת - R3521250025, בגין ח""ן:R3420309266",1,p4827202050.pdf,2021-01-28__קרן-ממויה__p4827202050.pdf,+5 larger PDF (possible central invoice),MEDIUM,000000002A0721BC1CEF6A4193EE5BF12F7DE63007006C8F6A93764406478EDB9ABA665E4A1B000162E6D2DE00006C8F6A93764406478EDB9ABA665E4A1B000494B58FDF0000,SELECTED,
2021-01-28 16:56:01,2021,קרן ממויה,Keren@erco.co.il,(מסמך ממוחשב) הדפסת חשבונית מרכזת - R34212500330,15,p4827202021.pdf,2021-01-28__קרן-ממויה__p4827202021.pdf,+5 larger PDF (possible central invoice),LOW,000000002A0721BC1CEF6A4193EE5BF12F7DE63007006C8F6A93764406478EDB9ABA665E4A1B000162E6D2DE00006C8F6A93764406478EDB9ABA665E4A1B000494B58FDE0000,SELECTED,
2021-01-28 16:55:05,2021,קרן ממויה,Keren@erco.co.il,(מסמך ממוחשב) הדפסת חשבונית מרכזת - R34212500327,7,p4827201934.pdf,2021-01-28__קרן-ממויה__p4827201934.pdf,+5 larger PDF (possible central invoice),LOW,000000002A0721BC1CEF6A4193EE5BF12F7DE63007006C8F6A93764406478EDB9ABA665E4A1B000162E6D2DE00006C8F6A93764406478EDB9ABA665E4A1B000494B58FDD0000,SELECTED,
2021-01-28 16:55:03,2021,קרן ממויה,Keren@erco.co.il,(מסמך ממוחשב) הדפסת חשבונית מרכזת - R34212500329,6,p4827201992.pdf,2021-01-28__קרן-ממויה__p4827201992.pdf,+5 larger PDF (possible central invoice),LOW,000000002A0721BC1CEF6A4193EE5BF12F7DE63007006C8F6A93764406478EDB9ABA665E4A1B000162E6D2DE00006C8F6A93764406478EDB9ABA665E4A1B000494B58FDC0000,SELECTED,
2021-01-28 16:55:01,2021,קרן ממויה,Keren@erco.co.il,(מסמך ממוחשב) הדפסת חשבונית מרכזת - R34212500325,13,,,Tied top candidates (score 5): p4827201876.pdf; M5121005754N03.pdf,LOW,000000002A0721BC1CEF6A4193EE5BF12F7DE63007006C8F6A93764406478EDB9ABA665E4A1B000162E6D2DE00006C8F6A93764406478EDB9ABA665E4A1B000494B58FDB0000,AMBIGUOUS,Candidates: p4827201876.pdf; M5121005754N03.pdf; H51214400803.pdf; H51214400416.pdf; H51214400182.pdf
2021-01-28 16:55:00,2021,קרן ממויה,Keren@erco.co.il,(מסמך ממוחשב) הדפסת חשבונית מרכזת - R34212500328,4,p4827201963.pdf,2021-01-28__קרן-ממויה__p4827201963.pdf,+5 larger PDF (possible central invoice),LOW,000000002A0721BC1CEF6A4193EE5BF12F7DE63007006C8F6A93764406478EDB9ABA665E4A1B000162E6D2DE00006C8F6A93764406478EDB9ABA665E4A1B000494B58FDA0000,SELECTED,
2021-01-28 16:55:00,2021,קרן ממויה,Keren@erco.co.il,(מסמך ממוחשב) הדפסת חשבונית מרכזת - R34212500326,10,p4827201905.pdf,2021-01-28__קרן-ממויה__p4827201905.pdf,+5 larger PDF (possible central invoice),LOW,000000002A0721BC1CEF6A4193EE5BF12F7DE63007006C8F6A93764406478EDB9ABA665E4A1B000162E6D2DE00006C8F6A93764406478EDB9ABA665E4A1B000494B58FD90000,SELECTED,
2021-01-28 16:55:00,2021,קרן ממויה,Keren@erco.co.il,(מסמך ממוחשב) הדפסת חשבונית מרכזת - R34212500324,4,p4827201847.pdf,2021-01-28__קרן-ממויה__p4827201847.pdf,+5 larger PDF (possible central invoice),LOW,000000002A0721BC1CEF6A4193EE5BF12F7DE63007006C8F6A93764406478EDB9ABA665E4A1B000162E6D2DE00006C8F6A93764406478EDB9ABA665E4A1B000494B58FD80000,SELECTED,
2021-01-27 13:19:38,2021,קרן ממויה,Keren@erco.co.il,לחתימה ,1,image2021-01-27-130613.pdf,2021-01-27__קרן-ממויה__image2021-01-27-130613.pdf,+5 larger PDF (possible central invoice),MEDIUM,000000002A0721BC1CEF6A4193EE5BF12F7DE63007006C8F6A93764406478EDB9ABA665E4A1B000162E6D2DE00006C8F6A93764406478EDB9ABA665E4A1B00025C8C65C10000,SELECTED,
2021-01-27 13:06:34,2021,קרן ממויה,Keren@erco.co.il,הדפסת קבלה - R6021250358,1,p2263600971.pdf,2021-01-27__קרן-ממויה__p2263600971.pdf,+5 larger PDF (possible central invoice),MEDIUM,000000002A0721BC1CEF6A4193EE5BF12F7DE63007006C8F6A93764406478EDB9ABA665E4A1B000162E6D2DE00006C8F6A93764406478EDB9ABA665E4A1B00025C8C65C00000,SELECTED,
2021-01-06 13:47:10,2021,קרן ממויה,Keren@erco.co.il,(מסמך ממוחשב) הדפסת חשבונית מרכזת - R3420309568,1,p6522001470.pdf,2021-01-06__קרן-ממויה__p6522001470.pdf,+5 larger PDF (possible central invoice),MEDIUM,000000002A0721BC1CEF6A4193EE5BF12F7DE63007006C8F6A93764406478EDB9ABA665E4A1B000162E6D2DE00006C8F6A93764406478EDB9ABA665E4A1B000486A8853E0000,SELECTED,
2020-12-31 14:24:19,2020,קרן ממויה,Keren@erco.co.il,(מסמך ממוחשב) הדפסת חשבונית מרכזת - R3420309267,12,p5002802046.pdf,2020-12-31__קרן-ממויה__p5002802046.pdf,+5 larger PDF (possible central invoice),LOW,000000002A0721BC1CEF6A4193EE5BF12F7DE63007006C8F6A93764406478EDB9ABA665E4A1B000162E6D2DE00006C8F6A93764406478EDB9ABA665E4A1B000482C3BC520000,SELECTED,
2020-12-31 14:24:12,2020,קרן ממויה,Keren@erco.co.il,(מסמך ממוחשב) הדפסת חשבונית מרכזת - R3420309266,7,p5002802011.pdf,2020-12-31__קרן-ממויה__p5002802011.pdf,+5 larger PDF (possible central invoice),LOW,000000002A0721BC1CEF6A4193EE5BF12F7DE63007006C8F6A93764406478EDB9ABA665E4A1B000162E6D2DE00006C8F6A93764406478EDB9ABA665E4A1B000482C3BC510000,SELECTED,
2020-12-31 14:24:09,2020,קרן ממויה,Keren@erco.co.il,(מסמך ממוחשב) הדפסת חשבונית מרכזת - R3420309265,16,p5002801976.pdf,2020-12-31__קרן-ממויה__p5002801976.pdf,+5 larger PDF (possible central invoice),LOW,000000002A0721BC1CEF6A4193EE5BF12F7DE63007006C8F6A93764406478EDB9ABA665E4A1B000162E6D2DE00006C8F6A93764406478EDB9ABA665E4A1B000482C3BC500000,SELECTED,
2020-12-31 14:23:59,2020,קרן ממויה,Keren@erco.co.il,(מסמך ממוחשב) הדפסת חשבונית מרכזת - R3420309264,9,p5002801941.pdf,2020-12-31__קרן-ממויה__p5002801941.pdf,+5 larger PDF (possible central invoice),LOW,000000002A0721BC1CEF6A4193EE5BF12F7DE63007006C8F6A93764406478EDB9ABA665E4A1B000162E6D2DE00006C8F6A93764406478EDB9ABA665E4A1B000482C3BC4F0000,SELECTED,
2020-12-31 14:23:59,2020,קרן ממויה,Keren@erco.co.il,"(מסמך ממוחשב) הדפסת חשבונית מרכזת - R3420309197, חש. מרכזת דצמ-20",62,p5002801906.pdf,2020-12-31__קרן-ממויה__p5002801906.pdf,+5 larger PDF (possible central invoice),LOW,000000002A0721BC1CEF6A4193EE5BF12F7DE63007006C8F6A93764406478EDB9ABA665E4A1B000162E6D2DE00006C8F6A93764406478EDB9ABA665E4A1B000482C3BC4E0000,SELECTED,
2020-12-31 14:23:41,2020,קרן ממויה,Keren@erco.co.il,(מסמך ממוחשב) הדפסת חשבונית מרכזת - R3420309113,1,p5002801871.pdf,2020-12-31__קרן-ממויה__p5002801871.pdf,+5 larger PDF (possible central invoice),MEDIUM,000000002A0721BC1CEF6A4193EE5BF12F7DE63007006C8F6A93764406478EDB9ABA665E4A1B000162E6D2DE00006C8F6A93764406478EDB9ABA665E4A1B000482C3BC4D0000,SELECTED,
2020-12-31 14:23:38,2020,קרן ממויה,Keren@erco.co.il,(מסמך ממוחשב) הדפסת חשבונית מרכזת - R3420309112,17,p5002801836.pdf,2020-12-31__קרן-ממויה__p5002801836.pdf,+5 larger PDF (possible central invoice),LOW,000000002A0721BC1CEF6A4193EE5BF12F7DE63007006C8F6A93764406478EDB9ABA665E4A1B000162E6D2DE00006C8F6A93764406478EDB9ABA665E4A1B000482C3BC4C0000,SELECTED,
2020-12-31 14:23:30,2020,קרן ממויה,Keren@erco.co.il,(מסמך ממוחשב) הדפסת חשבונית מרכזת - R3420309111,6,p5002801801.pdf,2020-12-31__קרן-ממויה__p5002801801.pdf,+5 larger PDF (possible central invoice),LOW,000000002A0721BC1CEF6A4193EE5BF12F7DE63007006C8F6A93764406478EDB9ABA665E4A1B000162E6D2DE00006C8F6A93764406478EDB9ABA665E4A1B000482C3BC4B0000,SELECTED,
2020-11-30 15:09:10,2020,קרן ממויה,Keren@erco.co.il,(מסמך ממוחשב) הדפסת חשבונית מרכזת - R3420308213,12,p6121203796.pdf,2020-11-30__קרן-ממויה__p6121203796.pdf,+5 larger PDF (possible central invoice),LOW,000000002A0721BC1CEF6A4193EE5BF12F7DE63007006C8F6A93764406478EDB9ABA665E4A1B000162E6D2DE00006C8F6A93764406478EDB9ABA665E4A1B00046DA78E180000,SELECTED,
2020-11-30 15:04:54,2020,קרן ממויה,Keren@erco.co.il,"(מסמך ממוחשב) הדפסת חשבונית מרכזת - R3420308217, חש. מרכזת נוב-20",27,p6121203936.pdf,2020-11-30__קרן-ממויה__p6121203936.pdf,+5 larger PDF (possible central invoice),LOW,000000002A0721BC1CEF6A4193EE5BF12F7DE63007006C8F6A93764406478EDB9ABA665E4A1B000162E6D2DE00006C8F6A93764406478EDB9ABA665E4A1B00046DA78E170000,SELECTED,
2020-11-30 15:04:51,2020,קרן ממויה,Keren@erco.co.il,(מסמך ממוחשב) הדפסת חשבונית מרכזת - R3420308216,8,p6121203901.pdf,2020-11-30__קרן-ממויה__p6121203901.pdf,+5 larger PDF (possible central invoice),MEDIUM,000000002A0721BC1CEF6A4193EE5BF12F7DE63007006C8F6A93764406478EDB9ABA665E4A1B000162E6D2DE00006C8F6A93764406478EDB9ABA665E4A1B00046DA78E160000,SELECTED,
2020-11-30 15:04:42,2020,קרן ממויה,Keren@erco.co.il,(מסמך ממוחשב) הדפסת חשבונית מרכזת - R3420308215,9,p6121203866.pdf,2020-11-30__קרן-ממויה__p6121203866.pdf,+5 larger PDF (possible central invoice),LOW,000000002A0721BC1CEF6A4193EE5BF12F7DE63007006C8F6A93764406478EDB9ABA665E4A1B000162E6D2DE00006C8F6A93764406478EDB9ABA665E4A1B00046DA78E150000,SELECTED,
2020-11-30 15:04:42,2020,קרן ממויה,Keren@erco.co.il,(מסמך ממוחשב) הדפסת חשבונית מרכזת - R3420308214,4,p6121203831.pdf,2020-11-30__קרן-ממויה__p6121203831.pdf,+5 larger PDF (possible central invoice),LOW,000000002A0721BC1CEF6A4193EE5BF12F7DE63007006C8F6A93764406478EDB9ABA665E4A1B000162E6D2DE00006C8F6A93764406478EDB9ABA665E4A1B00046DA78E140000,SELECTED,
2020-11-27 11:16:25,2020,קרן ממויה,Keren@erco.co.il,(מסמך ממוחשב) הדפסת חשבונית מרכזת - R3420307711,7,p2902001486.pdf,2020-11-27__קרן-ממויה__p2902001486.pdf,+5 larger PDF (possible central invoice),LOW,000000002A0721BC1CEF6A4193EE5BF12F7DE63007006C8F6A93764406478EDB9ABA665E4A1B000162E6D2DE00006C8F6A93764406478EDB9ABA665E4A1B00046C3F95F50000,SELECTED,
2020-11-27 11:16:12,2020,קרן ממויה,Keren@erco.co.il,(מסמך ממוחשב) הדפסת חשבונית מרכזת - R3420307710,24,p2902001451.pdf,2020-11-27__קרן-ממויה__p2902001451.pdf,+5 larger PDF (possible central invoice),LOW,000000002A0721BC1CEF6A4193EE5BF12F7DE63007006C8F6A93764406478EDB9ABA665E4A1B000162E6D2DE00006C8F6A93764406478EDB9ABA665E4A1B00046C3F95F40000,SELECTED,
2020-10-25 14:16:12,2020,קרן ממויה,Keren@erco.co.il,(מסמך ממוחשב) הדפסת חשבונית מרכזת - R3420307193,7,p5671601766.pdf,2020-10-25__קרן-ממויה__p5671601766.pdf,+5 larger PDF (possible central invoice),LOW,000000002A0721BC1CEF6A4193EE5BF12F7DE63007006C8F6A93764406478EDB9ABA665E4A1B000162E6D2DE00006C8F6A93764406478EDB9ABA665E4A1B00031D4DCEF30000,SELECTED,
2020-10-25 14:16:08,2020,קרן ממויה,Keren@erco.co.il,(מסמך ממוחשב) הדפסת חשבונית מרכזת - R3420307192,7,p5671601731.pdf,2020-10-25__קרן-ממויה__p5671601731.pdf,+5 larger PDF (possible central invoice),LOW,000000002A0721BC1CEF6A4193EE5BF12F7DE63007006C8F6A93764406478EDB9ABA665E4A1B000162E6D2DE00006C8F6A93764406478EDB9ABA665E4A1B00031D4DCEF40000,SELECTED,
2020-10-25 14:16:06,2020,קרן ממויה,Keren@erco.co.il,(מסמך ממוחשב) הדפסת חשבונית מרכזת - R3420307191,8,p5671601696.pdf,2020-10-25__קרן-ממויה__p5671601696.pdf,+5 larger PDF (possible central invoice),LOW,000000002A0721BC1CEF6A4193EE5BF12F7DE63007006C8F6A93764406478EDB9ABA665E4A1B000162E6D2DE00006C8F6A93764406478EDB9ABA665E4A1B00031D4DCEF50000,SELECTED,
2020-10-25 14:15:59,2020,קרן ממויה,Keren@erco.co.il,(מסמך ממוחשב) הדפסת חשבונית מרכזת - R3420307190,7,p5671601661.pdf,2020-10-25__קרן-ממויה__p5671601661.pdf,+5 larger PDF (possible central invoice),LOW,000000002A0721BC1CEF6A4193EE5BF12F7DE63007006C8F6A93764406478EDB9ABA665E4A1B000162E6D2DE00006C8F6A93764406478EDB9ABA665E4A1B00031D4DCEF60000,SELECTED,
2020-10-23 12:10:02,2020,קרן ממויה,Keren@erco.co.il,(מסמך ממוחשב) הדפסת חשבונית מרכזת - R3420307105,5,p0432000661.pdf,2020-10-23__קרן-ממויה__p0432000661.pdf,+5 larger PDF (possible central invoice),LOW,000000002A0721BC1CEF6A4193EE5BF12F7DE63007006C8F6A93764406478EDB9ABA665E4A1B000162E6D2DE00006C8F6A93764406478EDB9ABA665E4A1B00031D4DCEF70000,SELECTED,
2020-10-23 12:07:39,2020,קרן ממויה,Keren@erco.co.il,(מסמך ממוחשב) הדפסת חשבונית מרכזת - R3420307106,13,p1217202625.pdf,2020-10-23__קרן-ממויה__p1217202625.pdf,+5 larger PDF (possible central invoice),LOW,000000002A0721BC1CEF6A4193EE5BF12F7DE63007006C8F6A93764406478EDB9ABA665E4A1B000162E6D2DE00006C8F6A93764406478EDB9ABA665E4A1B00031D4DCEF80000,SELECTED,
2020-10-23 12:07:35,2020,קרן ממויה,Keren@erco.co.il,(מסמך ממוחשב) הדפסת חשבונית מרכזת - R3420307104,5,p1217202590.pdf,2020-10-23__קרן-ממויה__p1217202590.pdf,+5 larger PDF (possible central invoice),LOW,000000002A0721BC1CEF6A4193EE5BF12F7DE63007006C8F6A93764406478EDB9ABA665E4A1B000162E6D2DE00006C8F6A93764406478EDB9ABA665E4A1B00031D4DCEF90000,SELECTED,
2020-09-29 14:20:01,2020,קרן ממויה,Keren@erco.co.il,(מסמך ממוחשב) הדפסת חשבונית מרכזת - R3420306150,11,p6494003472.pdf,2020-09-29__קרן-ממויה__p6494003472.pdf,+5 larger PDF (possible central invoice),LOW,000000002A0721BC1CEF6A4193EE5BF12F7DE63007006C8F6A93764406478EDB9ABA665E4A1B000162E6D2DE00006C8F6A93764406478EDB9ABA665E4A1B000022DD2AB90000,SELECTED,
2020-09-29 14:19:21,2020,קרן ממויה,Keren@erco.co.il,(מסמך ממוחשב) הדפסת חשבונית מרכזת - R3420306151,11,p6494003507.pdf,2020-09-29__קרן-ממויה__p6494003507.pdf,+5 larger PDF (possible central invoice),LOW,000000002A0721BC1CEF6A4193EE5BF12F7DE63007006C8F6A93764406478EDB9ABA665E4A1B000162E6D2DE00006C8F6A93764406478EDB9ABA665E4A1B000022DD2AB80000,SELECTED,
2020-09-29 14:19:12,2020,קרן ממויה,Keren@erco.co.il,(מסמך ממוחשב) הדפסת חשבונית מרכזת - R3420306154,7,p6494003612.pdf,2020-09-29__קרן-ממויה__p6494003612.pdf,+5 larger PDF (possible central invoice),LOW,000000002A0721BC1CEF6A4193EE5BF12F7DE63007006C8F6A93764406478EDB9ABA665E4A1B000162E6D2DE00006C8F6A93764406478EDB9ABA665E4A1B000022DD2AB70000,SELECTED,
2020-09-29 14:19:06,2020,קרן ממויה,Keren@erco.co.il,(מסמך ממוחשב) הדפסת חשבונית מרכזת - R3420306153,2,p6494003577.pdf,2020-09-29__קרן-ממויה__p6494003577.pdf,+5 larger PDF (possible central invoice),MEDIUM,000000002A0721BC1CEF6A4193EE5BF12F7DE63007006C8F6A93764406478EDB9ABA665E4A1B000162E6D2DE00006C8F6A93764406478EDB9ABA665E4A1B000022DD2AB60000,SELECTED,
2020-09-29 14:19:05,2020,קרן ממויה,Keren@erco.co.il,(מסמך ממוחשב) הדפסת חשבונית מרכזת - R3420306152,15,p6494003542.pdf,2020-09-29__קרן-ממויה__p6494003542.pdf,+5 larger PDF (possible central invoice),LOW,000000002A0721BC1CEF6A4193EE5BF12F7DE63007006C8F6A93764406478EDB9ABA665E4A1B000162E6D2DE00006C8F6A93764406478EDB9ABA665E4A1B000022DD2AB50000,SELECTED,
2020-09-29 14:18:46,2020,קרן ממויה,Keren@erco.co.il,(מסמך ממוחשב) הדפסת חשבונית מרכזת - R3420306149,12,p6494003437.pdf,2020-09-29__קרן-ממויה__p6494003437.pdf,+5 larger PDF (possible central invoice),LOW,000000002A0721BC1CEF6A4193EE5BF12F7DE63007006C8F6A93764406478EDB9ABA665E4A1B000162E6D2DE00006C8F6A93764406478EDB9ABA665E4A1B000022DD2AB40000,SELECTED,
2020-09-29 14:18:43,2020,קרן ממויה,Keren@erco.co.il,(מסמך ממוחשב) הדפסת חשבונית מרכזת - R3420306148,2,p6494003402.pdf,2020-09-29__קרן-ממויה__p6494003402.pdf,+5 larger PDF (possible central invoice),LOW,000000002A0721BC1CEF6A4193EE5BF12F7DE63007006C8F6A93764406478EDB9ABA665E4A1B000162E6D2DE00006C8F6A93764406478EDB9ABA665E4A1B000022DD2AB30000,SELECTED,
2020-09-13 10:43:49,2020,קרן ממויה,Keren@erco.co.il,"(מסמך ממוחשב) הדפסת חשבונית מרכזת - R3520300482, בגין ח""ן:R3420305802",1,p3545602018.pdf,2020-09-13__קרן-ממויה__p3545602018.pdf,+5 larger PDF (possible central invoice),MEDIUM,000000002A0721BC1CEF6A4193EE5BF12F7DE63007006C8F6A93764406478EDB9ABA665E4A1B000162E6D2DE00006C8F6A93764406478EDB9ABA665E4A1B00043BB8283B0000,SELECTED,
2020-09-13 10:43:46,2020,קרן ממויה,Keren@erco.co.il,"(מסמך ממוחשב) הדפסת חשבונית מרכזת - R3520300481, בגין ח""ן:R3420305784",1,p3545601989.pdf,2020-09-13__קרן-ממויה__p3545601989.pdf,+5 larger PDF (possible central invoice),MEDIUM,000000002A0721BC1CEF6A4193EE5BF12F7DE63007006C8F6A93764406478EDB9ABA665E4A1B000162E6D2DE00006C8F6A93764406478EDB9ABA665E4A1B00043BB8283A0000,SELECTED,
2020-09-01 09:16:42,2020,קרן ממויה,Keren@erco.co.il,(מסמך ממוחשב) הדפסת חשבונית מרכזת - R3420305803,16,p5108401844.pdf,2020-09-01__קרן-ממויה__p5108401844.pdf,+5 larger PDF (possible central invoice),LOW,000000002A0721BC1CEF6A4193EE5BF12F7DE63007006C8F6A93764406478EDB9ABA665E4A1B000162E6D2DE00006C8F6A93764406478EDB9ABA665E4A1B0004331751FB0000,SELECTED,
2020-09-01 09:16:33,2020,קרן ממויה,Keren@erco.co.il,(מסמך ממוחשב) הדפסת חשבונית מרכזת - R3420305802,27,p5108401815.pdf,2020-09-01__קרן-ממויה__p5108401815.pdf,+5 larger PDF (possible central invoice),LOW,000000002A0721BC1CEF6A4193EE5BF12F7DE63007006C8F6A93764406478EDB9ABA665E4A1B000162E6D2DE00006C8F6A93764406478EDB9ABA665E4A1B0004331751FC0000,SELECTED,
2020-08-30 14:55:46,2020,קרן ממויה,Keren@erco.co.il,(מסמך ממוחשב) הדפסת חשבונית מרכזת - R3420305785,9,p0948401499.pdf,2020-08-30__קרן-ממויה__p0948401499.pdf,+5 larger PDF (possible central invoice),LOW,000000002A0721BC1CEF6A4193EE5BF12F7DE63007006C8F6A93764406478EDB9ABA665E4A1B000162E6D2DE00006C8F6A93764406478EDB9ABA665E4A1B0004324B667B0000,SELECTED,
2020-08-30 14:55:39,2020,קרן ממויה,Keren@erco.co.il,(מסמך ממוחשב) הדפסת חשבונית מרכזת - R3420305784,17,p0948401470.pdf,2020-08-30__קרן-ממויה__p0948401470.pdf,+5 larger PDF (possible central invoice),LOW,000000002A0721BC1CEF6A4193EE5BF12F7DE63007006C8F6A93764406478EDB9ABA665E4A1B000162E6D2DE00006C8F6A93764406478EDB9ABA665E4A1B0004324B667A0000,SELECTED,
2020-08-30 10:09:08,2020,קרן ממויה,Keren@erco.co.il,(מסמך ממוחשב) הדפסת חשבונית מרכזת - R3420305701,13,p1760802021.pdf,2020-08-30__קרן-ממויה__p1760802021.pdf,+5 larger PDF (possible central invoice),LOW,000000002A0721BC1CEF6A4193EE5BF12F7DE63007006C8F6A93764406478EDB9ABA665E4A1B000162E6D2DE00006C8F6A93764406478EDB9ABA665E4A1B0004324B66790000,SELECTED,
2020-08-28 10:19:00,2020,קרן ממויה,Keren@erco.co.il,(מסמך ממוחשב) הדפסת חשבונית מרכזת - R3520300425,2,p2382403376.pdf,2020-08-28__קרן-ממויה__p2382403376.pdf,+5 larger PDF (possible central invoice),LOW,000000002A0721BC1CEF6A4193EE5BF12F7DE63007006C8F6A93764406478EDB9ABA665E4A1B000162E6D2DE00006C8F6A93764406478EDB9ABA665E4A1B0004324B66780000,SELECTED,
2020-08-11 08:44:01,2020,ניר סאייג,NirS@erco.co.il,הדפסת חשבונית מרכזת - T1553507,1,p4008401536.pdf,2020-08-11__ניר-סאייג__p4008401536.pdf,+5 larger PDF (possible central invoice),MEDIUM,000000002A0721BC1CEF6A4193EE5BF12F7DE63007006C8F6A93764406478EDB9ABA665E4A1B000162E6D2DE00006C8F6A93764406478EDB9ABA665E4A1B00025C8C65B70000,SELECTED,
2020-08-11 08:43:57,2020,ניר סאייג,NirS@erco.co.il,"הדפסת חשבונית מרכזת - R3420305070, חש. מרכזת יול-20",1,p4008401501.pdf,2020-08-11__ניר-סאייג__p4008401501.pdf,+5 larger PDF (possible central invoice),MEDIUM,000000002A0721BC1CEF6A4193EE5BF12F7DE63007006C8F6A93764406478EDB9ABA665E4A1B000162E6D2DE00006C8F6A93764406478EDB9ABA665E4A1B00025C8C65B80000,SELECTED,
2020-08-11 08:43:53,2020,ניר סאייג,NirS@erco.co.il,הדפסת חשבונית מרכזת - R3420305068,1,p4008401466.pdf,2020-08-11__ניר-סאייג__p4008401466.pdf,+5 larger PDF (possible central invoice),MEDIUM,000000002A0721BC1CEF6A4193EE5BF12F7DE63007006C8F6A93764406478EDB9ABA665E4A1B000162E6D2DE00006C8F6A93764406478EDB9ABA665E4A1B00025C8C65B90000,SELECTED,
2020-08-11 08:43:50,2020,ניר סאייג,NirS@erco.co.il,הדפסת חשבונית מרכזת - R3420305065,1,p4008401431.pdf,2020-08-11__ניר-סאייג__p4008401431.pdf,+5 larger PDF (possible central invoice),MEDIUM,000000002A0721BC1CEF6A4193EE5BF12F7DE63007006C8F6A93764406478EDB9ABA665E4A1B000162E6D2DE00006C8F6A93764406478EDB9ABA665E4A1B00025C8C65BA0000,SELECTED,
2020-08-11 08:43:44,2020,ניר סאייג,NirS@erco.co.il,הדפסת חשבונית מרכזת - R3420305058,1,p4008401396.pdf,2020-08-11__ניר-סאייג__p4008401396.pdf,+5 larger PDF (possible central invoice),MEDIUM,000000002A0721BC1CEF6A4193EE5BF12F7DE63007006C8F6A93764406478EDB9ABA665E4A1B000162E6D2DE00006C8F6A93764406478EDB9ABA665E4A1B00025C8C65BB0000,SELECTED,
2020-08-11 08:43:40,2020,ניר סאייג,NirS@erco.co.il,הדפסת חשבונית מרכזת - R3420305057,1,p4008401361.pdf,2020-08-11__ניר-סאייג__p4008401361.pdf,+5 larger PDF (possible central invoice),MEDIUM,000000002A0721BC1CEF6A4193EE5BF12F7DE63007006C8F6A93764406478EDB9ABA665E4A1B000162E6D2DE00006C8F6A93764406478EDB9ABA665E4A1B00025C8C65BC0000,SELECTED,
2020-08-11 08:43:36,2020,ניר סאייג,NirS@erco.co.il,הדפסת חשבונית מרכזת - R3420305056,1,p4008400017.pdf,2020-08-11__ניר-סאייג__p4008400017.pdf,+5 larger PDF (possible central invoice),MEDIUM,000000002A0721BC1CEF6A4193EE5BF12F7DE63007006C8F6A93764406478EDB9ABA665E4A1B000162E6D2DE00006C8F6A93764406478EDB9ABA665E4A1B00025C8C65BD0000,SELECTED,
2020-08-11 08:43:33,2020,ניר סאייג,NirS@erco.co.il,הדפסת חשבונית מרכזת - R3420305055,1,p4008400050.pdf,2020-08-11__ניר-סאייג__p4008400050.pdf,+5 larger PDF (possible central invoice),MEDIUM,000000002A0721BC1CEF6A4193EE5BF12F7DE63007006C8F6A93764406478EDB9ABA665E4A1B000162E6D2DE00006C8F6A93764406478EDB9ABA665E4A1B00025C8C65BE0000,SELECTED,
2020-08-11 08:43:30,2020,ניר סאייג,NirS@erco.co.il,"הדפסת חשבונית מרכזת - R3420304535, חש. מרכזת יול-20",1,p4008400664.pdf,2020-08-11__ניר-סאייג__p4008400664.pdf,+5 larger PDF (possible central invoice),MEDIUM,000000002A0721BC1CEF6A4193EE5BF12F7DE63007006C8F6A93764406478EDB9ABA665E4A1B000162E6D2DE00006C8F6A93764406478EDB9ABA665E4A1B00025C8C65BF0000,SELECTED,
2020-08-11 08:43:30,2020,ניר סאייג,NirS@erco.co.il,הדפסת חשבונית מרכזת - R3420305054,1,p4008400097.pdf,2020-08-11__ניר-סאייג__p4008400097.pdf,+5 larger PDF (possible central invoice),MEDIUM,000000002A0721BC1CEF6A4193EE5BF12F7DE63007006C8F6A93764406478EDB9ABA665E4A1B000162E6D2DE00006C8F6A93764406478EDB9ABA665E4A1B00025C8C65B60000,SELECTED,
2020-08-09 11:41:43,2020,קרן ממויה,Keren@erco.co.il,"RE: טופס הסכמה לקבלת חשבונית דיגיטלית- מתח ח.י הנדסת חשמל בע""מ",0,,,No saved PDF attachments,LOW,000000002A0721BC1CEF6A4193EE5BF12F7DE63007006C8F6A93764406478EDB9ABA665E4A1B000162E6D2DE00006C8F6A93764406478EDB9ABA665E4A1B00031D4DCEFA0000,NO_MAIN_INVOICE,
2020-07-06 14:36:56,2020,ניר סאייג,NirS@erco.co.il,R3420303712 - הדפסת חשבונית מרכזת,1,R3420303712 - הדפסת חשבונית מרכזת.pdf,2020-07-06__ניר-סאייג__R3420303712 - הדפסת חשבונית מרכזת.pdf,+100 filename contains 'חשבונית מרכזת'; +80 filename contains 'חשבונית'; +35 filename contains 'מרכזת'; +20 subject/filename both mention מרכזת (+1 more signals),HIGH,000000002A0721BC1CEF6A4193EE5BF12F7DE63007006C8F6A93764406478EDB9ABA665E4A1B000162E6D2DE00006C8F6A93764406478EDB9ABA665E4A1B000162E6E2A80000,SELECTED,
2020-06-24 14:19:52,2020,קרן ממויה,Keren@erco.co.il,הדפסת קבלה - R6020302449,1,p6422400971.pdf,2020-06-24__קרן-ממויה__p6422400971.pdf,+5 larger PDF (possible central invoice),MEDIUM,000000002A0721BC1CEF6A4193EE5BF12F7DE63007006C8F6A93764406478EDB9ABA665E4A1B000162E6D2DE00006C8F6A93764406478EDB9ABA665E4A1B0004049278E00000,SELECTED,
2020-05-26 16:15:57,2020,Eran Yosef,/O=EXCHANGELABS/OU=EXCHANGE ADMINISTRATIVE GROUP (FYDIBOHF23SPDLT)/CN=RECIPIENTS/CN=101D08D38A114362AE694F199E3D3091-ERAN,Fwd: R3420301565 - הדפסת חשבונית מרכזת,1,R3420301565 - הדפסת חשבונית מרכזת.pdf,2020-05-26__Eran-Yosef__R3420301565 - הדפסת חשבונית מרכזת.pdf,+100 filename contains 'חשבונית מרכזת'; +80 filename contains 'חשבונית'; +35 filename contains 'מרכזת'; +20 subject/filename both mention מרכזת (+1 more signals),HIGH,000000002A0721BC1CEF6A4193EE5BF12F7DE63007006C8F6A93764406478EDB9ABA665E4A1B000162E6D2DE00006C8F6A93764406478EDB9ABA665E4A1B000022DD2AB20000,SELECTED,
2020-05-26 16:14:32,2020,Eran Yosef,/O=EXCHANGELABS/OU=EXCHANGE ADMINISTRATIVE GROUP (FYDIBOHF23SPDLT)/CN=RECIPIENTS/CN=101D08D38A114362AE694F199E3D3091-ERAN,Fwd: R3420302620 - הדפסת חשבונית מרכזת,1,R3420302620 - הדפסת חשבונית מרכזת.pdf,2020-05-26__Eran-Yosef__R3420302620 - הדפסת חשבונית מרכזת.pdf,+100 filename contains 'חשבונית מרכזת'; +80 filename contains 'חשבונית'; +35 filename contains 'מרכזת'; +20 subject/filename both mention מרכזת (+1 more signals),HIGH,000000002A0721BC1CEF6A4193EE5BF12F7DE63007006C8F6A93764406478EDB9ABA665E4A1B000162E6D2DE00006C8F6A93764406478EDB9ABA665E4A1B000022DD2AB10000,SELECTED,
2020-03-08 13:41:12,2020,Eran Yosef,/O=EXCHANGELABS/OU=EXCHANGE ADMINISTRATIVE GROUP (FYDIBOHF23SPDLT)/CN=RECIPIENTS/CN=101D08D38A114362AE694F199E3D3091-ERAN,חשבונית ארכה פבואר,1,Attachment.pdf,2020-03-08__Eran-Yosef__Attachment.pdf,+5 larger PDF (possible central invoice),MEDIUM,000000002A0721BC1CEF6A4193EE5BF12F7DE63007006C8F6A93764406478EDB9ABA665E4A1B000162E6D2DE00006C8F6A93764406478EDB9ABA665E4A1B00031D4DCEF20000,SELECTED,
2020-02-10 08:53:54,2020,ניר סאייג,NirS@erco.co.il,הדפסת חשבונית מרכזת - R3420300441,8,p5236000593.pdf,2020-02-10__ניר-סאייג__p5236000593.pdf,+5 larger PDF (possible central invoice),LOW,000000002A0721BC1CEF6A4193EE5BF12F7DE63007006C8F6A93764406478EDB9ABA665E4A1B000162E6D2DE00006C8F6A93764406478EDB9ABA665E4A1B00025C8C65AE0000,SELECTED,
2020-02-10 08:53:51,2020,ניר סאייג,NirS@erco.co.il,הדפסת חשבונית מרכזת - R3420300442,6,p5172800593.pdf,2020-02-10__ניר-סאייג__p5172800593.pdf,+5 larger PDF (possible central invoice),LOW,000000002A0721BC1CEF6A4193EE5BF12F7DE63007006C8F6A93764406478EDB9ABA665E4A1B000162E6D2DE00006C8F6A93764406478EDB9ABA665E4A1B00025C8C65AF0000,SELECTED,
2020-02-10 08:53:48,2020,ניר סאייג,NirS@erco.co.il,הדפסת חשבונית מרכזת - R3420300444,9,p1070800593.pdf,2020-02-10__ניר-סאייג__p1070800593.pdf,+5 larger PDF (possible central invoice),LOW,000000002A0721BC1CEF6A4193EE5BF12F7DE63007006C8F6A93764406478EDB9ABA665E4A1B000162E6D2DE00006C8F6A93764406478EDB9ABA665E4A1B00025C8C65B00000,SELECTED,
2020-02-10 08:53:47,2020,ניר סאייג,NirS@erco.co.il,הדפסת חשבונית מרכזת - R3420300443,2,p5068400593.pdf,2020-02-10__ניר-סאייג__p5068400593.pdf,+5 larger PDF (possible central invoice),LOW,000000002A0721BC1CEF6A4193EE5BF12F7DE63007006C8F6A93764406478EDB9ABA665E4A1B000162E6D2DE00006C8F6A93764406478EDB9ABA665E4A1B00025C8C65B10000,SELECTED,
2020-02-10 08:53:42,2020,ניר סאייג,NirS@erco.co.il,הדפסת חשבונית מרכזת - R3420300445,3,p4564400593.pdf,2020-02-10__ניר-סאייג__p4564400593.pdf,+5 larger PDF (possible central invoice),LOW,000000002A0721BC1CEF6A4193EE5BF12F7DE63007006C8F6A93764406478EDB9ABA665E4A1B000162E6D2DE00006C8F6A93764406478EDB9ABA665E4A1B00025C8C65B20000,SELECTED,
2020-02-10 08:53:42,2020,ניר סאייג,NirS@erco.co.il,הדפסת חשבונית מרכזת - R3420300446,16,p4562800593.pdf,2020-02-10__ניר-סאייג__p4562800593.pdf,+5 larger PDF (possible central invoice),LOW,000000002A0721BC1CEF6A4193EE5BF12F7DE63007006C8F6A93764406478EDB9ABA665E4A1B000162E6D2DE00006C8F6A93764406478EDB9ABA665E4A1B00025C8C65B30000,SELECTED,
2020-02-10 08:53:41,2020,ניר סאייג,NirS@erco.co.il,הדפסת חשבונית מרכזת - R3420300455,14,p4474400593.pdf,2020-02-10__ניר-סאייג__p4474400593.pdf,+5 larger PDF (possible central invoice),LOW,000000002A0721BC1CEF6A4193EE5BF12F7DE63007006C8F6A93764406478EDB9ABA665E4A1B000162E6D2DE00006C8F6A93764406478EDB9ABA665E4A1B00025C8C65B40000,SELECTED,
2020-02-10 08:53:38,2020,ניר סאייג,NirS@erco.co.il,הדפסת חשבונית מרכזת - R3420300456,9,p4131200593.pdf,2020-02-10__ניר-סאייג__p4131200593.pdf,+5 larger PDF (possible central invoice),LOW,000000002A0721BC1CEF6A4193EE5BF12F7DE63007006C8F6A93764406478EDB9ABA665E4A1B000162E6D2DE00006C8F6A93764406478EDB9ABA665E4A1B00025C8C65B50000,SELECTED,
2019-11-28 09:59:59,2019,Keren Inao,Keren@erco.co.il,הדפסת חשבונית מרכזת - R3419311922,8,p3034801372.pdf,2019-11-28__Keren-Inao__p3034801372.pdf,+5 larger PDF (possible central invoice),MEDIUM,000000002A0721BC1CEF6A4193EE5BF12F7DE63007006C8F6A93764406478EDB9ABA665E4A1B000162E6D2DE00006C8F6A93764406478EDB9ABA665E4A1B00037C0358200000,SELECTED,
2019-11-28 09:59:42,2019,Keren Inao,Keren@erco.co.il,הדפסת חשבונית מרכזת - R3419311921,10,p3034800004.pdf,2019-11-28__Keren-Inao__p3034800004.pdf,+5 larger PDF (possible central invoice),MEDIUM,000000002A0721BC1CEF6A4193EE5BF12F7DE63007006C8F6A93764406478EDB9ABA665E4A1B000162E6D2DE00006C8F6A93764406478EDB9ABA665E4A1B00037C03581F0000,SELECTED,
2019-11-28 09:59:36,2019,Keren Inao,Keren@erco.co.il,הדפסת חשבונית מרכזת - R3419311920,2,p3034800005.pdf,2019-11-28__Keren-Inao__p3034800005.pdf,+5 larger PDF (possible central invoice),MEDIUM,000000002A0721BC1CEF6A4193EE5BF12F7DE63007006C8F6A93764406478EDB9ABA665E4A1B000162E6D2DE00006C8F6A93764406478EDB9ABA665E4A1B00037C03581E0000,SELECTED,
2019-11-28 09:59:33,2019,Keren Inao,Keren@erco.co.il,הדפסת חשבונית מרכזת - R3419311915,6,p3034800076.pdf,2019-11-28__Keren-Inao__p3034800076.pdf,+5 larger PDF (possible central invoice),MEDIUM,000000002A0721BC1CEF6A4193EE5BF12F7DE63007006C8F6A93764406478EDB9ABA665E4A1B000162E6D2DE00006C8F6A93764406478EDB9ABA665E4A1B00037C03581D0000,SELECTED,
2019-11-28 09:59:30,2019,Keren Inao,Keren@erco.co.il,הדפסת חשבונית מרכזת - R3419311914,11,p3034800110.pdf,2019-11-28__Keren-Inao__p3034800110.pdf,+5 larger PDF (possible central invoice),MEDIUM,000000002A0721BC1CEF6A4193EE5BF12F7DE63007006C8F6A93764406478EDB9ABA665E4A1B000162E6D2DE00006C8F6A93764406478EDB9ABA665E4A1B00037C03581C0000,SELECTED,
2019-11-28 09:59:24,2019,Keren Inao,Keren@erco.co.il,הדפסת חשבונית מרכזת - R3419311911,5,p3034800140.pdf,2019-11-28__Keren-Inao__p3034800140.pdf,+5 larger PDF (possible central invoice),MEDIUM,000000002A0721BC1CEF6A4193EE5BF12F7DE63007006C8F6A93764406478EDB9ABA665E4A1B000162E6D2DE00006C8F6A93764406478EDB9ABA665E4A1B00037C03581B0000,SELECTED,
2019-11-28 09:59:22,2019,Keren Inao,Keren@erco.co.il,הדפסת חשבונית מרכזת - R3419311901,19,p3034800706.pdf,2019-11-28__Keren-Inao__p3034800706.pdf,+5 larger PDF (possible central invoice),LOW,000000002A0721BC1CEF6A4193EE5BF12F7DE63007006C8F6A93764406478EDB9ABA665E4A1B000162E6D2DE00006C8F6A93764406478EDB9ABA665E4A1B00037C03581A0000,SELECTED,
2019-11-11 13:36:07,2019,ניר סאייג,NirS@erco.co.il,הדפסת חשבונית מרכזת - R3419311165,1,p2748400593.pdf,2019-11-11__ניר-סאייג__p2748400593.pdf,+5 larger PDF (possible central invoice),MEDIUM,000000002A0721BC1CEF6A4193EE5BF12F7DE63007006C8F6A93764406478EDB9ABA665E4A1B000162E6D2DE00006C8F6A93764406478EDB9ABA665E4A1B00031D4DCEFB0000,SELECTED,
2019-11-11 13:36:07,2019,ניר סאייג,NirS@erco.co.il,הדפסת חשבונית מרכזת - R3419311165,1,p2748400593.pdf,2019-11-11__ניר-סאייג__p2748400593__2.pdf,+5 larger PDF (possible central invoice),MEDIUM,000000002A0721BC1CEF6A4193EE5BF12F7DE63007006C8F6A93764406478EDB9ABA665E4A1B000162E6D2DE00006C8F6A93764406478EDB9ABA665E4A1B000370B921090000,SELECTED,
2019-11-11 13:35:59,2019,ניר סאייג,NirS@erco.co.il,הדפסת חשבונית מרכזת - R3419311172,1,p5066000593.pdf,2019-11-11__ניר-סאייג__p5066000593.pdf,+5 larger PDF (possible central invoice),MEDIUM,000000002A0721BC1CEF6A4193EE5BF12F7DE63007006C8F6A93764406478EDB9ABA665E4A1B000162E6D2DE00006C8F6A93764406478EDB9ABA665E4A1B00031D4DCEFC0000,SELECTED,
2019-11-11 13:35:59,2019,ניר סאייג,NirS@erco.co.il,הדפסת חשבונית מרכזת - R3419311172,1,p5066000593.pdf,2019-11-11__ניר-סאייג__p5066000593__2.pdf,+5 larger PDF (possible central invoice),MEDIUM,000000002A0721BC1CEF6A4193EE5BF12F7DE63007006C8F6A93764406478EDB9ABA665E4A1B000162E6D2DE00006C8F6A93764406478EDB9ABA665E4A1B000370B921080000,SELECTED,
2019-11-11 13:35:26,2019,ניר סאייג,NirS@erco.co.il,הדפסת חשבונית מרכזת - R3419311173,1,p4189200593.pdf,2019-11-11__ניר-סאייג__p4189200593.pdf,+5 larger PDF (possible central invoice),MEDIUM,000000002A0721BC1CEF6A4193EE5BF12F7DE63007006C8F6A93764406478EDB9ABA665E4A1B000162E6D2DE00006C8F6A93764406478EDB9ABA665E4A1B00031D4DCEFD0000,SELECTED,
2019-11-11 13:35:26,2019,ניר סאייג,NirS@erco.co.il,הדפסת חשבונית מרכזת - R3419311173,1,p4189200593.pdf,2019-11-11__ניר-סאייג__p4189200593__2.pdf,+5 larger PDF (possible central invoice),MEDIUM,000000002A0721BC1CEF6A4193EE5BF12F7DE63007006C8F6A93764406478EDB9ABA665E4A1B000162E6D2DE00006C8F6A93764406478EDB9ABA665E4A1B000370B921070000,SELECTED,
2019-11-11 13:35:17,2019,ניר סאייג,NirS@erco.co.il,הדפסת חשבונית מרכזת - R3419311174,1,p1884800593.pdf,2019-11-11__ניר-סאייג__p1884800593.pdf,+5 larger PDF (possible central invoice),MEDIUM,000000002A0721BC1CEF6A4193EE5BF12F7DE63007006C8F6A93764406478EDB9ABA665E4A1B000162E6D2DE00006C8F6A93764406478EDB9ABA665E4A1B00031D4DCEFE0000,SELECTED,
2019-11-11 13:35:17,2019,ניר סאייג,NirS@erco.co.il,הדפסת חשבונית מרכזת - R3419311174,1,p1884800593.pdf,2019-11-11__ניר-סאייג__p1884800593__2.pdf,+5 larger PDF (possible central invoice),MEDIUM,000000002A0721BC1CEF6A4193EE5BF12F7DE63007006C8F6A93764406478EDB9ABA665E4A1B000162E6D2DE00006C8F6A93764406478EDB9ABA665E4A1B000370B921060000,SELECTED,
2019-11-11 13:35:08,2019,ניר סאייג,NirS@erco.co.il,הדפסת חשבונית מרכזת - R3419311175,1,p4491200593.pdf,2019-11-11__ניר-סאייג__p4491200593.pdf,+5 larger PDF (possible central invoice),MEDIUM,000000002A0721BC1CEF6A4193EE5BF12F7DE63007006C8F6A93764406478EDB9ABA665E4A1B000162E6D2DE00006C8F6A93764406478EDB9ABA665E4A1B000370B921050000,SELECTED,
2019-11-11 13:35:08,2019,ניר סאייג,NirS@erco.co.il,הדפסת חשבונית מרכזת - R3419311175,1,p4491200593.pdf,2019-11-11__ניר-סאייג__p4491200593__2.pdf,+5 larger PDF (possible central invoice),MEDIUM,000000002A0721BC1CEF6A4193EE5BF12F7DE63007006C8F6A93764406478EDB9ABA665E4A1B000162E6D2DE00006C8F6A93764406478EDB9ABA665E4A1B00031D4DCEFF0000,SELECTED,
2019-11-11 13:34:04,2019,ניר סאייג,NirS@erco.co.il,הדפסת חשבונית מרכזת - R3419311176,1,p2148400593.pdf,2019-11-11__ניר-סאייג__p2148400593.pdf,+5 larger PDF (possible central invoice),MEDIUM,000000002A0721BC1CEF6A4193EE5BF12F7DE63007006C8F6A93764406478EDB9ABA665E4A1B000162E6D2DE00006C8F6A93764406478EDB9ABA665E4A1B000370B921040000,SELECTED,
2019-11-11 13:34:04,2019,ניר סאייג,NirS@erco.co.il,הדפסת חשבונית מרכזת - R3419311176,1,p2148400593.pdf,2019-11-11__ניר-סאייג__p2148400593__2.pdf,+5 larger PDF (possible central invoice),MEDIUM,000000002A0721BC1CEF6A4193EE5BF12F7DE63007006C8F6A93764406478EDB9ABA665E4A1B000162E6D2DE00006C8F6A93764406478EDB9ABA665E4A1B00031D4DCF000000,SELECTED,
2019-11-11 13:34:04,2019,ניר סאייג,NirS@erco.co.il,הדפסת חשבונית מרכזת - R3419311510,1,p3847600593.pdf,2019-11-11__ניר-סאייג__p3847600593.pdf,+5 larger PDF (possible central invoice),MEDIUM,000000002A0721BC1CEF6A4193EE5BF12F7DE63007006C8F6A93764406478EDB9ABA665E4A1B000162E6D2DE00006C8F6A93764406478EDB9ABA665E4A1B000370B921030000,SELECTED,
2019-11-11 13:34:04,2019,ניר סאייג,NirS@erco.co.il,הדפסת חשבונית מרכזת - R3419311510,1,p3847600593.pdf,2019-11-11__ניר-סאייג__p3847600593__2.pdf,+5 larger PDF (possible central invoice),MEDIUM,000000002A0721BC1CEF6A4193EE5BF12F7DE63007006C8F6A93764406478EDB9ABA665E4A1B000162E6D2DE00006C8F6A93764406478EDB9ABA665E4A1B00031D4DCF010000,SELECTED,
2019-11-11 13:33:46,2019,ניר סאייג,NirS@erco.co.il,הדפסת חשבונית מרכזת - R3419311614,1,p1484800593.pdf,2019-11-11__ניר-סאייג__p1484800593.pdf,+5 larger PDF (possible central invoice),MEDIUM,000000002A0721BC1CEF6A4193EE5BF12F7DE63007006C8F6A93764406478EDB9ABA665E4A1B000162E6D2DE00006C8F6A93764406478EDB9ABA665E4A1B00031D4DCF020000,SELECTED,
2019-11-11 13:33:46,2019,ניר סאייג,NirS@erco.co.il,הדפסת חשבונית מרכזת - R3419311614,1,p1484800593.pdf,2019-11-11__ניר-סאייג__p1484800593__2.pdf,+5 larger PDF (possible central invoice),MEDIUM,000000002A0721BC1CEF6A4193EE5BF12F7DE63007006C8F6A93764406478EDB9ABA665E4A1B000162E6D2DE00006C8F6A93764406478EDB9ABA665E4A1B000370B921020000,SELECTED,
2019-10-25 08:23:14,2019,ניר סאייג,NirS@erco.co.il,הדפסת חשבונית מרכזת - R3419309861,1,p2684400593.pdf,2019-10-25__ניר-סאייג__p2684400593.pdf,+5 larger PDF (possible central invoice),MEDIUM,000000002A0721BC1CEF6A4193EE5BF12F7DE63007006C8F6A93764406478EDB9ABA665E4A1B000162E6D2DE00006C8F6A93764406478EDB9ABA665E4A1B000364E7915A0000,SELECTED,
2019-10-25 08:23:06,2019,ניר סאייג,NirS@erco.co.il,הדפסת חשבונית מרכזת - R3419309862,1,p2615600593.pdf,2019-10-25__ניר-סאייג__p2615600593.pdf,+5 larger PDF (possible central invoice),MEDIUM,000000002A0721BC1CEF6A4193EE5BF12F7DE63007006C8F6A93764406478EDB9ABA665E4A1B000162E6D2DE00006C8F6A93764406478EDB9ABA665E4A1B000364E791590000,SELECTED,
2019-10-25 08:22:52,2019,ניר סאייג,NirS@erco.co.il,הדפסת חשבונית מרכזת - R3419309863,1,p2748000593.pdf,2019-10-25__ניר-סאייג__p2748000593.pdf,+5 larger PDF (possible central invoice),MEDIUM,000000002A0721BC1CEF6A4193EE5BF12F7DE63007006C8F6A93764406478EDB9ABA665E4A1B000162E6D2DE00006C8F6A93764406478EDB9ABA665E4A1B000364E791580000,SELECTED,
2019-10-25 08:22:35,2019,ניר סאייג,NirS@erco.co.il,הדפסת חשבונית מרכזת - R3419309864,1,p2750800593.pdf,2019-10-25__ניר-סאייג__p2750800593.pdf,+5 larger PDF (possible central invoice),MEDIUM,000000002A0721BC1CEF6A4193EE5BF12F7DE63007006C8F6A93764406478EDB9ABA665E4A1B000162E6D2DE00006C8F6A93764406478EDB9ABA665E4A1B000364E791570000,SELECTED,
2019-10-25 08:22:24,2019,ניר סאייג,NirS@erco.co.il,הדפסת חשבונית מרכזת - R3419309867,1,p2688800593.pdf,2019-10-25__ניר-סאייג__p2688800593.pdf,+5 larger PDF (possible central invoice),MEDIUM,000000002A0721BC1CEF6A4193EE5BF12F7DE63007006C8F6A93764406478EDB9ABA665E4A1B000162E6D2DE00006C8F6A93764406478EDB9ABA665E4A1B000364E791560000,SELECTED,
2019-10-25 08:22:15,2019,ניר סאייג,NirS@erco.co.il,הדפסת חשבונית מרכזת - R3419309875,1,p2639600593.pdf,2019-10-25__ניר-סאייג__p2639600593.pdf,+5 larger PDF (possible central invoice),MEDIUM,000000002A0721BC1CEF6A4193EE5BF12F7DE63007006C8F6A93764406478EDB9ABA665E4A1B000162E6D2DE00006C8F6A93764406478EDB9ABA665E4A1B000364E791550000,SELECTED,
2019-09-08 15:33:11,2019,Eran Yosef,/O=EXCHANGELABS/OU=EXCHANGE ADMINISTRATIVE GROUP (FYDIBOHF23SPDLT)/CN=RECIPIENTS/CN=101D08D38A114362AE694F199E3D3091-ERAN,Fwd: R3519300695 - הדפסת חשבונית מרכזת,1,R3519300695 - הדפסת חשבונית מרכזת.pdf,2019-09-08__Eran-Yosef__R3519300695 - הדפסת חשבונית מרכזת.pdf,+100 filename contains 'חשבונית מרכזת'; +80 filename contains 'חשבונית'; +35 filename contains 'מרכזת'; +20 subject/filename both mention מרכזת (+1 more signals),HIGH,000000002A0721BC1CEF6A4193EE5BF12F7DE63007006C8F6A93764406478EDB9ABA665E4A1B000162E6D2DE00006C8F6A93764406478EDB9ABA665E4A1B00025C8C65A90000,SELECTED,
2019-09-08 15:32:53,2019,Eran Yosef,/O=EXCHANGELABS/OU=EXCHANGE ADMINISTRATIVE GROUP (FYDIBOHF23SPDLT)/CN=RECIPIENTS/CN=101D08D38A114362AE694F199E3D3091-ERAN,Fwd: R3419309179 - הדפסת חשבונית מרכזת,1,R3419309179 - הדפסת חשבונית מרכזת.pdf,2019-09-08__Eran-Yosef__R3419309179 - הדפסת חשבונית מרכזת.pdf,+100 filename contains 'חשבונית מרכזת'; +80 filename contains 'חשבונית'; +35 filename contains 'מרכזת'; +20 subject/filename both mention מרכזת (+1 more signals),HIGH,000000002A0721BC1CEF6A4193EE5BF12F7DE63007006C8F6A93764406478EDB9ABA665E4A1B000162E6D2DE00006C8F6A93764406478EDB9ABA665E4A1B00025C8C65AA0000,SELECTED,
2019-09-08 15:32:36,2019,Eran Yosef,/O=EXCHANGELABS/OU=EXCHANGE ADMINISTRATIVE GROUP (FYDIBOHF23SPDLT)/CN=RECIPIENTS/CN=101D08D38A114362AE694F199E3D3091-ERAN,Fwd: R3419309180 - הדפסת חשבונית מרכזת,1,R3419309180 - הדפסת חשבונית מרכזת.pdf,2019-09-08__Eran-Yosef__R3419309180 - הדפסת חשבונית מרכזת.pdf,+100 filename contains 'חשבונית מרכזת'; +80 filename contains 'חשבונית'; +35 filename contains 'מרכזת'; +20 subject/filename both mention מרכזת (+1 more signals),HIGH,000000002A0721BC1CEF6A4193EE5BF12F7DE63007006C8F6A93764406478EDB9ABA665E4A1B000162E6D2DE00006C8F6A93764406478EDB9ABA665E4A1B00025C8C65AB0000,SELECTED,
2019-09-08 15:31:06,2019,Eran Yosef,/O=EXCHANGELABS/OU=EXCHANGE ADMINISTRATIVE GROUP (FYDIBOHF23SPDLT)/CN=RECIPIENTS/CN=101D08D38A114362AE694F199E3D3091-ERAN,Fwd: R3419309181 - הדפסת חשבונית מרכזת,1,R3419309181 - הדפסת חשבונית מרכזת.pdf,2019-09-08__Eran-Yosef__R3419309181 - הדפסת חשבונית מרכזת.pdf,+100 filename contains 'חשבונית מרכזת'; +80 filename contains 'חשבונית'; +35 filename contains 'מרכזת'; +20 subject/filename both mention מרכזת (+1 more signals),HIGH,000000002A0721BC1CEF6A4193EE5BF12F7DE63007006C8F6A93764406478EDB9ABA665E4A1B000162E6D2DE00006C8F6A93764406478EDB9ABA665E4A1B00025C8C65AC0000,SELECTED,
2019-09-08 15:30:54,2019,Eran Yosef,/O=EXCHANGELABS/OU=EXCHANGE ADMINISTRATIVE GROUP (FYDIBOHF23SPDLT)/CN=RECIPIENTS/CN=101D08D38A114362AE694F199E3D3091-ERAN,Fwd: R3419309635 - הדפסת חשבונית מרכזת,1,R3419309635 - הדפסת חשבונית מרכזת.pdf,2019-09-08__Eran-Yosef__R3419309635 - הדפסת חשבונית מרכזת.pdf,+100 filename contains 'חשבונית מרכזת'; +80 filename contains 'חשבונית'; +35 filename contains 'מרכזת'; +20 subject/filename both mention מרכזת (+1 more signals),HIGH,000000002A0721BC1CEF6A4193EE5BF12F7DE63007006C8F6A93764406478EDB9ABA665E4A1B000162E6D2DE00006C8F6A93764406478EDB9ABA665E4A1B00025C8C65AD0000,SELECTED,
2019-08-28 14:18:53,2019,ניר סאייג,NirS@erco.co.il,R1519304186 - הדפסת תעודת החזרה מלקוח,1,R1519304186 - הדפסת תעודת החזרה מלקוח.pdf,2019-08-28__ניר-סאייג__R1519304186 - הדפסת תעודת החזרה מלקוח.pdf,+5 larger PDF (possible central invoice),MEDIUM,000000002A0721BC1CEF6A4193EE5BF12F7DE63007006C8F6A93764406478EDB9ABA665E4A1B000162E6D2DE00006C8F6A93764406478EDB9ABA665E4A1B00025C8C65A30000,SELECTED,
2019-08-13 09:42:18,2019,ניר סאייג,NirS@erco.co.il,הדפסת חשבונית מרכזת - R3519300695,1,p4975600597.pdf,2019-08-13__ניר-סאייג__p4975600597.pdf,+5 larger PDF (possible central invoice),MEDIUM,000000002A0721BC1CEF6A4193EE5BF12F7DE63007006C8F6A93764406478EDB9ABA665E4A1B000162E6D2DE00006C8F6A93764406478EDB9ABA665E4A1B00025C8C65A80000,SELECTED,
2019-08-12 08:54:39,2019,ניר סאייג,NirS@erco.co.il,R3419307518 - הדפסת חשבונית מרכזת,11,R3419307518 - הדפסת חשבונית מרכזת.pdf,2019-08-12__ניר-סאייג__R3419307518 - הדפסת חשבונית מרכזת.pdf,+100 filename contains 'חשבונית מרכזת'; +80 filename contains 'חשבונית'; +35 filename contains 'מרכזת'; +20 subject/filename both mention מרכזת (+1 more signals),HIGH,000000002A0721BC1CEF6A4193EE5BF12F7DE63007006C8F6A93764406478EDB9ABA665E4A1B000162E6D2DE00006C8F6A93764406478EDB9ABA665E4A1B00025C8C65A70000,SELECTED,
2019-08-12 08:54:14,2019,ניר סאייג,NirS@erco.co.il,R3419307521 - הדפסת חשבונית מרכזת,2,R3419307521 - הדפסת חשבונית מרכזת.pdf,2019-08-12__ניר-סאייג__R3419307521 - הדפסת חשבונית מרכזת.pdf,+100 filename contains 'חשבונית מרכזת'; +80 filename contains 'חשבונית'; +35 filename contains 'מרכזת'; +20 subject/filename both mention מרכזת (+1 more signals),HIGH,000000002A0721BC1CEF6A4193EE5BF12F7DE63007006C8F6A93764406478EDB9ABA665E4A1B000162E6D2DE00006C8F6A93764406478EDB9ABA665E4A1B00025C8C65A60000,SELECTED,
2019-08-12 08:53:53,2019,ניר סאייג,NirS@erco.co.il,R3419307530 - הדפסת חשבונית מרכזת,11,R3419307530 - הדפסת חשבונית מרכזת.pdf,2019-08-12__ניר-סאייג__R3419307530 - הדפסת חשבונית מרכזת.pdf,+100 filename contains 'חשבונית מרכזת'; +80 filename contains 'חשבונית'; +35 filename contains 'מרכזת'; +20 subject/filename both mention מרכזת (+1 more signals),HIGH,000000002A0721BC1CEF6A4193EE5BF12F7DE63007006C8F6A93764406478EDB9ABA665E4A1B000162E6D2DE00006C8F6A93764406478EDB9ABA665E4A1B00025C8C65A50000,SELECTED,
2019-08-12 08:53:24,2019,ניר סאייג,NirS@erco.co.il,R3419307532 - הדפסת חשבונית מרכזת,4,R3419307532 - הדפסת חשבונית מרכזת.pdf,2019-08-12__ניר-סאייג__R3419307532 - הדפסת חשבונית מרכזת.pdf,+100 filename contains 'חשבונית מרכזת'; +80 filename contains 'חשבונית'; +35 filename contains 'מרכזת'; +20 subject/filename both mention מרכזת (+1 more signals),HIGH,000000002A0721BC1CEF6A4193EE5BF12F7DE63007006C8F6A93764406478EDB9ABA665E4A1B000162E6D2DE00006C8F6A93764406478EDB9ABA665E4A1B00025C8C65A40000,SELECTED,
2019-08-12 08:52:58,2019,ניר סאייג,NirS@erco.co.il,R3419307892 - הדפסת חשבונית מרכזת,8,R3419307892 - הדפסת חשבונית מרכזת.pdf,2019-08-12__ניר-סאייג__R3419307892 - הדפסת חשבונית מרכזת.pdf,+100 filename contains 'חשבונית מרכזת'; +80 filename contains 'חשבונית'; +35 filename contains 'מרכזת'; +20 subject/filename both mention מרכזת (+1 more signals),HIGH,000000002A0721BC1CEF6A4193EE5BF12F7DE63007006C8F6A93764406478EDB9ABA665E4A1B000162E6D2DE00006C8F6A93764406478EDB9ABA665E4A1B00025C8C65A20000,SELECTED,
2019-07-09 09:11:23,2019,ניר סאייג,NirS@erco.co.il,R3419306700 - הדפסת חשבונית מרכזת,12,R3419306700 - הדפסת חשבונית מרכזת.pdf,2019-07-09__ניר-סאייג__R3419306700 - הדפסת חשבונית מרכזת.pdf,+100 filename contains 'חשבונית מרכזת'; +80 filename contains 'חשבונית'; +35 filename contains 'מרכזת'; +20 subject/filename both mention מרכזת (+1 more signals),HIGH,000000002A0721BC1CEF6A4193EE5BF12F7DE63007006C8F6A93764406478EDB9ABA665E4A1B000162E6D2DE00006C8F6A93764406478EDB9ABA665E4A1B00025C8C659F0000,SELECTED,
2019-07-09 09:11:02,2019,ניר סאייג,NirS@erco.co.il,R3419306701 - הדפסת חשבונית מרכזת,2,R3419306701 - הדפסת חשבונית מרכזת.pdf,2019-07-09__ניר-סאייג__R3419306701 - הדפסת חשבונית מרכזת.pdf,+100 filename contains 'חשבונית מרכזת'; +80 filename contains 'חשבונית'; +35 filename contains 'מרכזת'; +20 subject/filename both mention מרכזת (+1 more signals),HIGH,000000002A0721BC1CEF6A4193EE5BF12F7DE63007006C8F6A93764406478EDB9ABA665E4A1B000162E6D2DE00006C8F6A93764406478EDB9ABA665E4A1B00025C8C65A00000,SELECTED,
2019-07-09 09:10:41,2019,ניר סאייג,NirS@erco.co.il,R3419306740 - הדפסת חשבונית מרכזת,11,R3419306740 - הדפסת חשבונית מרכזת.pdf,2019-07-09__ניר-סאייג__R3419306740 - הדפסת חשבונית מרכזת.pdf,+100 filename contains 'חשבונית מרכזת'; +80 filename contains 'חשבונית'; +35 filename contains 'מרכזת'; +20 subject/filename both mention מרכזת (+1 more signals),HIGH,000000002A0721BC1CEF6A4193EE5BF12F7DE63007006C8F6A93764406478EDB9ABA665E4A1B000162E6D2DE00006C8F6A93764406478EDB9ABA665E4A1B00025C8C65A10000,SELECTED,
2019-07-09 09:10:19,2019,ניר סאייג,NirS@erco.co.il,R3419306741 - הדפסת חשבונית מרכזת,14,R3419306741 - הדפסת חשבונית מרכזת.pdf,2019-07-09__ניר-סאייג__R3419306741 - הדפסת חשבונית מרכזת.pdf,+100 filename contains 'חשבונית מרכזת'; +80 filename contains 'חשבונית'; +35 filename contains 'מרכזת'; +20 subject/filename both mention מרכזת (+1 more signals),HIGH,000000002A0721BC1CEF6A4193EE5BF12F7DE63007006C8F6A93764406478EDB9ABA665E4A1B000162E6D2DE00006C8F6A93764406478EDB9ABA665E4A1B00025C8C659E0000,SELECTED,
2019-06-10 15:46:43,2019,Nir Sayag,NirS@erco.co.il,הדפסת חשבונית מרכזת - R3419305303,0,,,No saved PDF attachments,LOW,000000002A0721BC1CEF6A4193EE5BF12F7DE63007006C8F6A93764406478EDB9ABA665E4A1B000162E6D2DE00006C8F6A93764406478EDB9ABA665E4A1B00030A15C5320000,NO_MAIN_INVOICE,
2019-06-10 15:46:37,2019,Nir Sayag,NirS@erco.co.il,הדפסת חשבונית מרכזת - R3419305304,0,,,No saved PDF attachments,LOW,000000002A0721BC1CEF6A4193EE5BF12F7DE63007006C8F6A93764406478EDB9ABA665E4A1B000162E6D2DE00006C8F6A93764406478EDB9ABA665E4A1B00030A15C5310000,NO_MAIN_INVOICE,
2019-06-10 15:46:25,2019,Nir Sayag,NirS@erco.co.il,הדפסת חשבונית מרכזת - R3419305305,0,,,No saved PDF attachments,LOW,000000002A0721BC1CEF6A4193EE5BF12F7DE63007006C8F6A93764406478EDB9ABA665E4A1B000162E6D2DE00006C8F6A93764406478EDB9ABA665E4A1B00030A15C5300000,NO_MAIN_INVOICE,
2019-06-10 15:46:24,2019,Nir Sayag,NirS@erco.co.il,הדפסת חשבונית מרכזת - R3419305308,0,,,No saved PDF attachments,LOW,000000002A0721BC1CEF6A4193EE5BF12F7DE63007006C8F6A93764406478EDB9ABA665E4A1B000162E6D2DE00006C8F6A93764406478EDB9ABA665E4A1B00030A15C52F0000,NO_MAIN_INVOICE,
2019-06-10 15:46:24,2019,Nir Sayag,NirS@erco.co.il,הדפסת חשבונית מרכזת - R3419305309,0,,,No saved PDF attachments,LOW,000000002A0721BC1CEF6A4193EE5BF12F7DE63007006C8F6A93764406478EDB9ABA665E4A1B000162E6D2DE00006C8F6A93764406478EDB9ABA665E4A1B00030A15C52E0000,NO_MAIN_INVOICE,
2019-04-11 13:03:10,2019,Keren Inao,Keren@erco.co.il,הדפסת חשבונית מרכזת - R3419302836,1,p2368000013.pdf,2019-04-11__Keren-Inao__p2368000013.pdf,+5 larger PDF (possible central invoice),MEDIUM,000000002A0721BC1CEF6A4193EE5BF12F7DE63007006C8F6A93764406478EDB9ABA665E4A1B000162E6D2DE00006C8F6A93764406478EDB9ABA665E4A1B0002E0CCC9240000,SELECTED,
2019-04-11 13:02:33,2019,Keren Inao,Keren@erco.co.il,הדפסת חשבונית מרכזת - R3419302837,1,p2368001365.pdf,2019-04-11__Keren-Inao__p2368001365.pdf,+5 larger PDF (possible central invoice),MEDIUM,000000002A0721BC1CEF6A4193EE5BF12F7DE63007006C8F6A93764406478EDB9ABA665E4A1B000162E6D2DE00006C8F6A93764406478EDB9ABA665E4A1B0002E0CCC9230000,SELECTED,
2019-04-11 13:02:21,2019,Keren Inao,Keren@erco.co.il,הדפסת חשבונית מרכזת - R3419301980,1,p2368000116.pdf,2019-04-11__Keren-Inao__p2368000116.pdf,+5 larger PDF (possible central invoice),MEDIUM,000000002A0721BC1CEF6A4193EE5BF12F7DE63007006C8F6A93764406478EDB9ABA665E4A1B000162E6D2DE00006C8F6A93764406478EDB9ABA665E4A1B0002E0CCC9220000,SELECTED,
2019-04-11 13:02:13,2019,Keren Inao,Keren@erco.co.il,הדפסת חשבונית מרכזת - R3419302835,1,p2368000008.pdf,2019-04-11__Keren-Inao__p2368000008.pdf,+5 larger PDF (possible central invoice),MEDIUM,000000002A0721BC1CEF6A4193EE5BF12F7DE63007006C8F6A93764406478EDB9ABA665E4A1B000162E6D2DE00006C8F6A93764406478EDB9ABA665E4A1B0002E0CCC9210000,SELECTED,
2019-04-11 13:02:12,2019,Keren Inao,Keren@erco.co.il,הדפסת חשבונית מרכזת - R3419302832,1,p2368000079.pdf,2019-04-11__Keren-Inao__p2368000079.pdf,+5 larger PDF (possible central invoice),MEDIUM,000000002A0721BC1CEF6A4193EE5BF12F7DE63007006C8F6A93764406478EDB9ABA665E4A1B000162E6D2DE00006C8F6A93764406478EDB9ABA665E4A1B0002E0CCC9200000,SELECTED,
2019-04-11 13:02:12,2019,Keren Inao,Keren@erco.co.il,הדפסת חשבונית מרכזת - R3419301979,1,p2368000143.pdf,2019-04-11__Keren-Inao__p2368000143.pdf,+5 larger PDF (possible central invoice),MEDIUM,000000002A0721BC1CEF6A4193EE5BF12F7DE63007006C8F6A93764406478EDB9ABA665E4A1B000162E6D2DE00006C8F6A93764406478EDB9ABA665E4A1B0002E0CCC91F0000,SELECTED,
2019-04-11 13:01:33,2019,Keren Inao,Keren@erco.co.il,הדפסת חשבונית מרכזת - R3419301978,1,p2368000702.pdf,2019-04-11__Keren-Inao__p2368000702.pdf,+5 larger PDF (possible central invoice),MEDIUM,000000002A0721BC1CEF6A4193EE5BF12F7DE63007006C8F6A93764406478EDB9ABA665E4A1B000162E6D2DE00006C8F6A93764406478EDB9ABA665E4A1B0002E0CCC91E0000,SELECTED,
2019-03-07 13:35:59,2019,Keren Inao,Keren@erco.co.il,הדפסת חשבונית מרכזת - R3419301984,1,p2294407751.pdf,2019-03-07__Keren-Inao__p2294407751.pdf,+5 larger PDF (possible central invoice),MEDIUM,000000002A0721BC1CEF6A4193EE5BF12F7DE63007006C8F6A93764406478EDB9ABA665E4A1B000162E6D2DE00006C8F6A93764406478EDB9ABA665E4A1B0002CCA995C60000,SELECTED,
2019-03-07 13:35:55,2019,Keren Inao,Keren@erco.co.il,הדפסת חשבונית מרכזת - R3419301980,1,p2294407722.pdf,2019-03-07__Keren-Inao__p2294407722.pdf,+5 larger PDF (possible central invoice),MEDIUM,000000002A0721BC1CEF6A4193EE5BF12F7DE63007006C8F6A93764406478EDB9ABA665E4A1B000162E6D2DE00006C8F6A93764406478EDB9ABA665E4A1B0002CCA995C50000,SELECTED,
2019-03-07 13:35:48,2019,Keren Inao,Keren@erco.co.il,הדפסת חשבונית מרכזת - R3419301979,1,p2294407693.pdf,2019-03-07__Keren-Inao__p2294407693.pdf,+5 larger PDF (possible central invoice),MEDIUM,000000002A0721BC1CEF6A4193EE5BF12F7DE63007006C8F6A93764406478EDB9ABA665E4A1B000162E6D2DE00006C8F6A93764406478EDB9ABA665E4A1B0002CCA995C40000,SELECTED,
2019-03-07 13:35:46,2019,Keren Inao,Keren@erco.co.il,הדפסת חשבונית מרכזת - R3419301978,1,p2294407664.pdf,2019-03-07__Keren-Inao__p2294407664.pdf,+5 larger PDF (possible central invoice),MEDIUM,000000002A0721BC1CEF6A4193EE5BF12F7DE63007006C8F6A93764406478EDB9ABA665E4A1B000162E6D2DE00006C8F6A93764406478EDB9ABA665E4A1B0002CCA995C30000,SELECTED,
2019-02-06 08:53:35,2019,Nir Sayag,NirS@erco.co.il,הדפסת חשבונית מרכזת - R3419300097,1,p1063200593.pdf,2019-02-06__Nir-Sayag__p1063200593.pdf,+5 larger PDF (possible central invoice),MEDIUM,000000002A0721BC1CEF6A4193EE5BF12F7DE63007006C8F6A93764406478EDB9ABA665E4A1B000162E6D2DE00006C8F6A93764406478EDB9ABA665E4A1B0002B824222A0000,SELECTED,
2019-02-06 08:53:16,2019,Nir Sayag,NirS@erco.co.il,הדפסת חשבונית מרכזת - R3419300098,1,p2596000593.pdf,2019-02-06__Nir-Sayag__p2596000593.pdf,+5 larger PDF (possible central invoice),MEDIUM,000000002A0721BC1CEF6A4193EE5BF12F7DE63007006C8F6A93764406478EDB9ABA665E4A1B000162E6D2DE00006C8F6A93764406478EDB9ABA665E4A1B0002B82422290000,SELECTED,
2019-02-06 08:53:03,2019,Nir Sayag,NirS@erco.co.il,הדפסת חשבונית מרכזת - R3419300607,1,p1040400593.pdf,2019-02-06__Nir-Sayag__p1040400593.pdf,+5 larger PDF (possible central invoice),MEDIUM,000000002A0721BC1CEF6A4193EE5BF12F7DE63007006C8F6A93764406478EDB9ABA665E4A1B000162E6D2DE00006C8F6A93764406478EDB9ABA665E4A1B0002B82422280000,SELECTED,
2019-02-06 08:51:35,2019,Nir Sayag,NirS@erco.co.il,הדפסת חשבונית מרכזת - R3419300607,1,p1985200593.pdf,2019-02-06__Nir-Sayag__p1985200593.pdf,+5 larger PDF (possible central invoice),MEDIUM,000000002A0721BC1CEF6A4193EE5BF12F7DE63007006C8F6A93764406478EDB9ABA665E4A1B000162E6D2DE00006C8F6A93764406478EDB9ABA665E4A1B0002B82422270000,SELECTED,
2019-02-06 08:51:21,2019,Nir Sayag,NirS@erco.co.il,"הדפסת חשבונית מרכזת - R3419300609, חש. מרכזת ינו-19",1,p1511600593.pdf,2019-02-06__Nir-Sayag__p1511600593.pdf,+5 larger PDF (possible central invoice),MEDIUM,000000002A0721BC1CEF6A4193EE5BF12F7DE63007006C8F6A93764406478EDB9ABA665E4A1B000162E6D2DE00006C8F6A93764406478EDB9ABA665E4A1B0002B82422260000,SELECTED,
2019-02-06 08:51:20,2019,Nir Sayag,NirS@erco.co.il,הדפסת חשבונית מרכזת - R3419300608,1,p0761200593.pdf,2019-02-06__Nir-Sayag__p0761200593.pdf,+5 larger PDF (possible central invoice),MEDIUM,000000002A0721BC1CEF6A4193EE5BF12F7DE63007006C8F6A93764406478EDB9ABA665E4A1B000162E6D2DE00006C8F6A93764406478EDB9ABA665E4A1B0002B82422250000,SELECTED,
2019-01-13 15:18:15,2019,Keren Inao,Keren@erco.co.il,הדפסת חשבונית מרכזת - R3518300613,1,p3845601787.pdf,2019-01-13__Keren-Inao__p3845601787.pdf,+5 larger PDF (possible central invoice),MEDIUM,000000002A0721BC1CEF6A4193EE5BF12F7DE63007006C8F6A93764406478EDB9ABA665E4A1B000162E6D2DE00006C8F6A93764406478EDB9ABA665E4A1B0002AD4B12060000,SELECTED,
2019-01-03 08:48:00,2019,Nir Sayag,NirS@erco.co.il,הדפסת חשבונית מרכזת - R3418313754,16,p2424400597.pdf,2019-01-03__Nir-Sayag__p2424400597.pdf,+5 larger PDF (possible central invoice),LOW,000000002A0721BC1CEF6A4193EE5BF12F7DE63007006C8F6A93764406478EDB9ABA665E4A1B000162E6D2DE00006C8F6A93764406478EDB9ABA665E4A1B0002A6C771970000,SELECTED,
2019-01-03 08:47:26,2019,Nir Sayag,NirS@erco.co.il,הדפסת חשבונית מרכזת - R3418313753,15,p3634800597.pdf,2019-01-03__Nir-Sayag__p3634800597.pdf,+5 larger PDF (possible central invoice),LOW,000000002A0721BC1CEF6A4193EE5BF12F7DE63007006C8F6A93764406478EDB9ABA665E4A1B000162E6D2DE00006C8F6A93764406478EDB9ABA665E4A1B0002A6C771960000,SELECTED,
2019-01-03 08:46:59,2019,Nir Sayag,NirS@erco.co.il,הדפסת חשבונית מרכזת - R3418313752,23,p1773200597.pdf,2019-01-03__Nir-Sayag__p1773200597.pdf,+5 larger PDF (possible central invoice),LOW,000000002A0721BC1CEF6A4193EE5BF12F7DE63007006C8F6A93764406478EDB9ABA665E4A1B000162E6D2DE00006C8F6A93764406478EDB9ABA665E4A1B0002A6C771950000,SELECTED,
2019-01-03 08:46:27,2019,Nir Sayag,NirS@erco.co.il,הדפסת חשבונית מרכזת - R3418313751,8,p1894800597.pdf,2019-01-03__Nir-Sayag__p1894800597.pdf,+5 larger PDF (possible central invoice),LOW,000000002A0721BC1CEF6A4193EE5BF12F7DE63007006C8F6A93764406478EDB9ABA665E4A1B000162E6D2DE00006C8F6A93764406478EDB9ABA665E4A1B0002A6C771940000,SELECTED,
2018-12-09 15:57:44,2018,Nir Sayag,NirS@erco.co.il,הדפסת חשבונית מרכזת - R3418312083,1,p3285200593.pdf,2018-12-09__Nir-Sayag__p3285200593.pdf,+5 larger PDF (possible central invoice),MEDIUM,000000002A0721BC1CEF6A4193EE5BF12F7DE63007006C8F6A93764406478EDB9ABA665E4A1B000162E6D2DE00006C8F6A93764406478EDB9ABA665E4A1B00029640DB7E0000,SELECTED,
2018-12-09 15:57:41,2018,Nir Sayag,NirS@erco.co.il,הדפסת חשבונית מרכזת - R3418312087,1,p3232000593.pdf,2018-12-09__Nir-Sayag__p3232000593.pdf,+5 larger PDF (possible central invoice),MEDIUM,000000002A0721BC1CEF6A4193EE5BF12F7DE63007006C8F6A93764406478EDB9ABA665E4A1B000162E6D2DE00006C8F6A93764406478EDB9ABA665E4A1B00029640DB7D0000,SELECTED,
2018-12-09 15:57:37,2018,Nir Sayag,NirS@erco.co.il,הדפסת חשבונית מרכזת - R3418312088,1,p2764000593.pdf,2018-12-09__Nir-Sayag__p2764000593.pdf,+5 larger PDF (possible central invoice),MEDIUM,000000002A0721BC1CEF6A4193EE5BF12F7DE63007006C8F6A93764406478EDB9ABA665E4A1B000162E6D2DE00006C8F6A93764406478EDB9ABA665E4A1B00029640DB7C0000,SELECTED,
2018-12-09 15:57:32,2018,Nir Sayag,NirS@erco.co.il,הדפסת חשבונית מרכזת - R3418312089,1,p3483600593.pdf,2018-12-09__Nir-Sayag__p3483600593.pdf,+5 larger PDF (possible central invoice),MEDIUM,000000002A0721BC1CEF6A4193EE5BF12F7DE63007006C8F6A93764406478EDB9ABA665E4A1B000162E6D2DE00006C8F6A93764406478EDB9ABA665E4A1B00029640DB7B0000,SELECTED,
2018-12-09 15:57:27,2018,Nir Sayag,NirS@erco.co.il,הדפסת חשבונית מרכזת - R3418312090,1,p1725200593.pdf,2018-12-09__Nir-Sayag__p1725200593.pdf,+5 larger PDF (possible central invoice),MEDIUM,000000002A0721BC1CEF6A4193EE5BF12F7DE63007006C8F6A93764406478EDB9ABA665E4A1B000162E6D2DE00006C8F6A93764406478EDB9ABA665E4A1B00029640DB7A0000,SELECTED,
2018-12-09 15:57:22,2018,Nir Sayag,NirS@erco.co.il,הדפסת חשבונית מרכזת - R3418312091,1,p0414400593.pdf,2018-12-09__Nir-Sayag__p0414400593.pdf,+5 larger PDF (possible central invoice),MEDIUM,000000002A0721BC1CEF6A4193EE5BF12F7DE63007006C8F6A93764406478EDB9ABA665E4A1B000162E6D2DE00006C8F6A93764406478EDB9ABA665E4A1B00029640DB790000,SELECTED,
2018-11-01 12:36:48,2018,Keren Inao,Keren@erco.co.il,חשבונית מספר R3418311424 מארכה,14,,,No attachment scored as invoice; all look like support/delivery docs,LOW,000000002A0721BC1CEF6A4193EE5BF12F7DE63007006C8F6A93764406478EDB9ABA665E4A1B000162E6D2DE00006C8F6A93764406478EDB9ABA665E4A1B00027D131BF40000,NO_MAIN_INVOICE,
2018-11-01 12:36:27,2018,Keren Inao,Keren@erco.co.il,חשבונית מספר R3418311422 מארכה,1,,,No attachment scored as invoice; all look like support/delivery docs,LOW,000000002A0721BC1CEF6A4193EE5BF12F7DE63007006C8F6A93764406478EDB9ABA665E4A1B000162E6D2DE00006C8F6A93764406478EDB9ABA665E4A1B00027D131BF30000,NO_MAIN_INVOICE,
2018-11-01 12:36:19,2018,Keren Inao,Keren@erco.co.il,חשבונית מספר R3418311421 מארכה,9,,,No attachment scored as invoice; all look like support/delivery docs,LOW,000000002A0721BC1CEF6A4193EE5BF12F7DE63007006C8F6A93764406478EDB9ABA665E4A1B000162E6D2DE00006C8F6A93764406478EDB9ABA665E4A1B00027D131BF20000,NO_MAIN_INVOICE,
2018-11-01 12:36:07,2018,Keren Inao,Keren@erco.co.il,חשבונית מספר R3418311423 מארכה,14,,,No attachment scored as invoice; all look like support/delivery docs,LOW,000000002A0721BC1CEF6A4193EE5BF12F7DE63007006C8F6A93764406478EDB9ABA665E4A1B000162E6D2DE00006C8F6A93764406478EDB9ABA665E4A1B00027D131BF10000,NO_MAIN_INVOICE,
2018-11-01 12:19:51,2018,Keren Inao,Keren@erco.co.il,חשבונית מספר R3418311347 מארכה,5,,,No attachment scored as invoice; all look like support/delivery docs,LOW,000000002A0721BC1CEF6A4193EE5BF12F7DE63007006C8F6A93764406478EDB9ABA665E4A1B000162E6D2DE00006C8F6A93764406478EDB9ABA665E4A1B00027D131BF00000,NO_MAIN_INVOICE,
2018-11-01 06:59:21,2018,Mira Yarimi,Mira@erco.co.il,חשבונית מספר R3418311347 מארכה,5,,,No attachment scored as invoice; all look like support/delivery docs,LOW,000000002A0721BC1CEF6A4193EE5BF12F7DE63007006C8F6A93764406478EDB9ABA665E4A1B000162E6D2DE00006C8F6A93764406478EDB9ABA665E4A1B00027D131BEF0000,NO_MAIN_INVOICE,
2018-10-08 12:10:36,2018,Mira Yarimi,Mira@erco.co.il,חשבונית מספר R3418310423 מארכה,9,,,No attachment scored as invoice; all look like support/delivery docs,LOW,000000002A0721BC1CEF6A4193EE5BF12F7DE63007006C8F6A93764406478EDB9ABA665E4A1B000162E6D2DE00006C8F6A93764406478EDB9ABA665E4A1B00026C9B83810000,NO_MAIN_INVOICE,
2018-10-08 12:10:22,2018,Mira Yarimi,Mira@erco.co.il,חשבונית מספר R3418310420 מארכה,12,,,No attachment scored as invoice; all look like support/delivery docs,LOW,000000002A0721BC1CEF6A4193EE5BF12F7DE63007006C8F6A93764406478EDB9ABA665E4A1B000162E6D2DE00006C8F6A93764406478EDB9ABA665E4A1B00026C9B83800000,NO_MAIN_INVOICE,
2018-10-08 12:10:19,2018,Mira Yarimi,Mira@erco.co.il,חשבונית מספר R3418310421 מארכה,9,,,No attachment scored as invoice; all look like support/delivery docs,LOW,000000002A0721BC1CEF6A4193EE5BF12F7DE63007006C8F6A93764406478EDB9ABA665E4A1B000162E6D2DE00006C8F6A93764406478EDB9ABA665E4A1B00026C9B837F0000,NO_MAIN_INVOICE,
2018-10-08 12:09:50,2018,Mira Yarimi,Mira@erco.co.il,חשבונית מספר R3418309784 מארכה,3,,,No attachment scored as invoice; all look like support/delivery docs,LOW,000000002A0721BC1CEF6A4193EE5BF12F7DE63007006C8F6A93764406478EDB9ABA665E4A1B000162E6D2DE00006C8F6A93764406478EDB9ABA665E4A1B00026C9B837E0000,NO_MAIN_INVOICE,
2018-10-08 12:09:37,2018,Mira Yarimi,Mira@erco.co.il,חשבונית מספר R3418309781 מארכה,0,,,No saved PDF attachments,LOW,000000002A0721BC1CEF6A4193EE5BF12F7DE63007006C8F6A93764406478EDB9ABA665E4A1B000162E6D2DE00006C8F6A93764406478EDB9ABA665E4A1B00026C9B837D0000,NO_MAIN_INVOICE,
2018-10-08 12:09:26,2018,Mira Yarimi,Mira@erco.co.il,חשבונית מספר R3418309783 מארכה,1,,,No attachment scored as invoice; all look like support/delivery docs,LOW,000000002A0721BC1CEF6A4193EE5BF12F7DE63007006C8F6A93764406478EDB9ABA665E4A1B000162E6D2DE00006C8F6A93764406478EDB9ABA665E4A1B00026C9B837C0000,NO_MAIN_INVOICE,
2018-09-07 08:47:40,2018,Mira Yarimi,Mira@erco.co.il,חשבונית מספר R3518300257 מארכה,0,,,No saved PDF attachments,LOW,000000002A0721BC1CEF6A4193EE5BF12F7DE63007006C8F6A93764406478EDB9ABA665E4A1B000162E6D2DE00006C8F6A93764406478EDB9ABA665E4A1B000258CB026F0000,NO_MAIN_INVOICE,
2018-09-07 08:47:34,2018,Mira Yarimi,Mira@erco.co.il,חשבונית מספר R3518300256 מארכה,0,,,No saved PDF attachments,LOW,000000002A0721BC1CEF6A4193EE5BF12F7DE63007006C8F6A93764406478EDB9ABA665E4A1B000162E6D2DE00006C8F6A93764406478EDB9ABA665E4A1B000258CB026E0000,NO_MAIN_INVOICE,
2018-08-30 09:48:30,2018,Mira Yarimi,Mira@erco.co.il,חשבונית מספר R3418308700 מארכה,13,,,No attachment scored as invoice; all look like support/delivery docs,LOW,000000002A0721BC1CEF6A4193EE5BF12F7DE63007006C8F6A93764406478EDB9ABA665E4A1B000162E6D2DE00006C8F6A93764406478EDB9ABA665E4A1B00025361B7750000,NO_MAIN_INVOICE,
2018-08-30 09:48:23,2018,Mira Yarimi,Mira@erco.co.il,חשבונית מספר R3418308697 מארכה,12,,,No attachment scored as invoice; all look like support/delivery docs,LOW,000000002A0721BC1CEF6A4193EE5BF12F7DE63007006C8F6A93764406478EDB9ABA665E4A1B000162E6D2DE00006C8F6A93764406478EDB9ABA665E4A1B00025361B7740000,NO_MAIN_INVOICE,
2018-08-30 09:48:10,2018,Mira Yarimi,Mira@erco.co.il,חשבונית מספר R3418308695 מארכה,2,,,No attachment scored as invoice; all look like support/delivery docs,LOW,000000002A0721BC1CEF6A4193EE5BF12F7DE63007006C8F6A93764406478EDB9ABA665E4A1B000162E6D2DE00006C8F6A93764406478EDB9ABA665E4A1B00025361B7730000,NO_MAIN_INVOICE,
2018-08-30 09:48:09,2018,Mira Yarimi,Mira@erco.co.il,חשבונית מספר R3418308696 מארכה,11,,,No attachment scored as invoice; all look like support/delivery docs,LOW,000000002A0721BC1CEF6A4193EE5BF12F7DE63007006C8F6A93764406478EDB9ABA665E4A1B000162E6D2DE00006C8F6A93764406478EDB9ABA665E4A1B00025361B7720000,NO_MAIN_INVOICE,
2018-08-30 09:48:00,2018,Mira Yarimi,Mira@erco.co.il,חשבונית מספר R3418308698 מארכה,13,P5118435784.pdf,2018-08-30__Mira-Yarimi__P5118435784.pdf,+5 larger PDF (possible central invoice),MEDIUM,000000002A0721BC1CEF6A4193EE5BF12F7DE63007006C8F6A93764406478EDB9ABA665E4A1B000162E6D2DE00006C8F6A93764406478EDB9ABA665E4A1B00025361B7710000,SELECTED,
2018-07-25 14:41:47,2018,Mira Yarimi,Mira@erco.co.il,חשבונית מספר R3418307311 מארכה,18,,,Tied top candidates (score 5): P5118428673.pdf; P5118426644.pdf,LOW,000000002A0721BC1CEF6A4193EE5BF12F7DE63007006C8F6A93764406478EDB9ABA665E4A1B000162E6D2DE00006C8F6A93764406478EDB9ABA665E4A1B000162E6E2A30000,AMBIGUOUS,Candidates: P5118428673.pdf; P5118426644.pdf; P5118427239.pdf; P5118427641.pdf; P5118428066.pdf
2018-07-25 14:41:21,2018,Mira Yarimi,Mira@erco.co.il,חשבונית מספר R3418307312 מארכה,2,,,No attachment scored as invoice; all look like support/delivery docs,LOW,000000002A0721BC1CEF6A4193EE5BF12F7DE63007006C8F6A93764406478EDB9ABA665E4A1B000162E6D2DE00006C8F6A93764406478EDB9ABA665E4A1B000162E6E2A40000,NO_MAIN_INVOICE,
2018-07-25 14:41:04,2018,Mira Yarimi,Mira@erco.co.il,חשבונית מספר R3418307314 מארכה,1,,,No attachment scored as invoice; all look like support/delivery docs,LOW,000000002A0721BC1CEF6A4193EE5BF12F7DE63007006C8F6A93764406478EDB9ABA665E4A1B000162E6D2DE00006C8F6A93764406478EDB9ABA665E4A1B000162E6E2A50000,NO_MAIN_INVOICE,
2018-07-25 14:40:50,2018,Mira Yarimi,Mira@erco.co.il,חשבונית מספר R3418307313 מארכה,8,,,No attachment scored as invoice; all look like support/delivery docs,LOW,000000002A0721BC1CEF6A4193EE5BF12F7DE63007006C8F6A93764406478EDB9ABA665E4A1B000162E6D2DE00006C8F6A93764406478EDB9ABA665E4A1B000162E6E2A60000,NO_MAIN_INVOICE,
2018-07-04 15:06:57,2018,Mira Yarimi,Mira@erco.co.il,חשבונית מספר R3418306120 מארכה,17,,,No attachment scored as invoice; all look like support/delivery docs,LOW,000000002A0721BC1CEF6A4193EE5BF12F7DE63007006C8F6A93764406478EDB9ABA665E4A1B000162E6D2DE00006C8F6A93764406478EDB9ABA665E4A1B000162E6E29F0000,NO_MAIN_INVOICE,
2018-07-04 15:06:34,2018,Mira Yarimi,Mira@erco.co.il,חשבונית מספר R3418306122 מארכה,2,,,No attachment scored as invoice; all look like support/delivery docs,LOW,000000002A0721BC1CEF6A4193EE5BF12F7DE63007006C8F6A93764406478EDB9ABA665E4A1B000162E6D2DE00006C8F6A93764406478EDB9ABA665E4A1B000162E6E2A00000,NO_MAIN_INVOICE,
2018-07-04 15:06:27,2018,Mira Yarimi,Mira@erco.co.il,חשבונית מספר R3418306121 מארכה,10,,,Tied top candidates (score 5): P5118425640.pdf; P5118426217.pdf,LOW,000000002A0721BC1CEF6A4193EE5BF12F7DE63007006C8F6A93764406478EDB9ABA665E4A1B000162E6D2DE00006C8F6A93764406478EDB9ABA665E4A1B000162E6E2A10000,AMBIGUOUS,Candidates: P5118425640.pdf; P5118426217.pdf; R5118320852.pdf; R5118321715.pdf; R5118321795.pdf
2018-07-04 15:06:10,2018,Mira Yarimi,Mira@erco.co.il,חשבונית מספר R3418306123 מארכה,6,,,No attachment scored as invoice; all look like support/delivery docs,LOW,000000002A0721BC1CEF6A4193EE5BF12F7DE63007006C8F6A93764406478EDB9ABA665E4A1B000162E6D2DE00006C8F6A93764406478EDB9ABA665E4A1B000162E6E2A20000,NO_MAIN_INVOICE,
2018-06-07 07:49:14,2018,Mira Yarimi,Mira@erco.co.il,חשבונית מספר R3418305613 מארכה,23,,,No attachment scored as invoice; all look like support/delivery docs,LOW,000000002A0721BC1CEF6A4193EE5BF12F7DE63007006C8F6A93764406478EDB9ABA665E4A1B000162E6D2DE00006C8F6A93764406478EDB9ABA665E4A1B0000281B9E240000,NO_MAIN_INVOICE,
2018-06-03 15:29:59,2018,Mira Yarimi,Mira@erco.co.il,חשבונית מספר R3418305595 מארכה,9,,,No attachment scored as invoice; all look like support/delivery docs,LOW,000000002A0721BC1CEF6A4193EE5BF12F7DE63007006C8F6A93764406478EDB9ABA665E4A1B000162E6D2DE00006C8F6A93764406478EDB9ABA665E4A1B0000281B9E210000,NO_MAIN_INVOICE,
2018-06-03 15:29:40,2018,Mira Yarimi,Mira@erco.co.il,חשבונית מספר R3418305593 מארכה,5,,,No attachment scored as invoice; all look like support/delivery docs,LOW,000000002A0721BC1CEF6A4193EE5BF12F7DE63007006C8F6A93764406478EDB9ABA665E4A1B000162E6D2DE00006C8F6A93764406478EDB9ABA665E4A1B0000281B9E220000,NO_MAIN_INVOICE,
2018-06-03 15:29:26,2018,Mira Yarimi,Mira@erco.co.il,חשבונית מספר R3418305594 מארכה,17,,,No attachment scored as invoice; all look like support/delivery docs,LOW,000000002A0721BC1CEF6A4193EE5BF12F7DE63007006C8F6A93764406478EDB9ABA665E4A1B000162E6D2DE00006C8F6A93764406478EDB9ABA665E4A1B0000281B9E230000,NO_MAIN_INVOICE,
2018-05-08 13:02:37,2018,Keren Inao,Keren@erco.co.il,,0,,,No saved PDF attachments,LOW,000000002A0721BC1CEF6A4193EE5BF12F7DE63007006C8F6A93764406478EDB9ABA665E4A1B000162E6D2DE00006C8F6A93764406478EDB9ABA665E4A1B00039ED241B00000,NO_MAIN_INVOICE,
2018-05-08 11:11:42,2018,Mira Yarimi,Mira@erco.co.il,חשבונית מספר R3418304649 מארכה,4,,,No attachment scored as invoice; all look like support/delivery docs,LOW,000000002A0721BC1CEF6A4193EE5BF12F7DE63007006C8F6A93764406478EDB9ABA665E4A1B000162E6D2DE00006C8F6A93764406478EDB9ABA665E4A1B000162E6E29B0000,NO_MAIN_INVOICE,
2018-05-08 11:11:36,2018,Mira Yarimi,Mira@erco.co.il,חשבונית מספר R3418304648 מארכה,17,,,No attachment scored as invoice; all look like support/delivery docs,LOW,000000002A0721BC1CEF6A4193EE5BF12F7DE63007006C8F6A93764406478EDB9ABA665E4A1B000162E6D2DE00006C8F6A93764406478EDB9ABA665E4A1B000162E6E29C0000,NO_MAIN_INVOICE,
2018-05-02 14:17:58,2018,Mira Yarimi,Mira@erco.co.il,חשבונית מספר R3418304492 מארכה,5,,,No attachment scored as invoice; all look like support/delivery docs,LOW,000000002A0721BC1CEF6A4193EE5BF12F7DE63007006C8F6A93764406478EDB9ABA665E4A1B000162E6D2DE00006C8F6A93764406478EDB9ABA665E4A1B000162E6E29D0000,NO_MAIN_INVOICE,
2018-05-02 14:17:55,2018,Mira Yarimi,Mira@erco.co.il,חשבונית מספר R3418304491 מארכה,6,,,No attachment scored as invoice; all look like support/delivery docs,LOW,000000002A0721BC1CEF6A4193EE5BF12F7DE63007006C8F6A93764406478EDB9ABA665E4A1B000162E6D2DE00006C8F6A93764406478EDB9ABA665E4A1B000162E6E29E0000,NO_MAIN_INVOICE,
2018-04-12 06:46:37,2018,Mira Yarimi,Mira@erco.co.il,חשבונית מספר R3418303619 מארכה,12,,,No attachment scored as invoice; all look like support/delivery docs,LOW,000000002A0721BC1CEF6A4193EE5BF12F7DE63007006C8F6A93764406478EDB9ABA665E4A1B000162E6D2DE00006C8F6A93764406478EDB9ABA665E4A1B000162E6E2980000,NO_MAIN_INVOICE,
2018-04-09 11:52:16,2018,Mira Yarimi,Mira@erco.co.il,חשבונית מספר R3418303549 מארכה,6,,,No attachment scored as invoice; all look like support/delivery docs,LOW,000000002A0721BC1CEF6A4193EE5BF12F7DE63007006C8F6A93764406478EDB9ABA665E4A1B000162E6D2DE00006C8F6A93764406478EDB9ABA665E4A1B000162E6E2990000,NO_MAIN_INVOICE,
2018-04-09 11:52:15,2018,Mira Yarimi,Mira@erco.co.il,חשבונית מספר R3418303548 מארכה,6,,,No attachment scored as invoice; all look like support/delivery docs,LOW,000000002A0721BC1CEF6A4193EE5BF12F7DE63007006C8F6A93764406478EDB9ABA665E4A1B000162E6D2DE00006C8F6A93764406478EDB9ABA665E4A1B000162E6E29A0000,NO_MAIN_INVOICE,
2018-03-04 14:56:07,2018,Keren Inao,Keren@erco.co.il,חשבונית מספר R3418302232 מארכה,14,,,No attachment scored as invoice; all look like support/delivery docs,LOW,000000002A0721BC1CEF6A4193EE5BF12F7DE63007006C8F6A93764406478EDB9ABA665E4A1B000162E6D2DE00006C8F6A93764406478EDB9ABA665E4A1B000162E6E2940000,NO_MAIN_INVOICE,
2018-03-04 14:56:00,2018,Keren Inao,Keren@erco.co.il,חשבונית מספר R3418302234 מארכה,19,,,No attachment scored as invoice; all look like support/delivery docs,LOW,000000002A0721BC1CEF6A4193EE5BF12F7DE63007006C8F6A93764406478EDB9ABA665E4A1B000162E6D2DE00006C8F6A93764406478EDB9ABA665E4A1B000162E6E2950000,NO_MAIN_INVOICE,
2018-03-04 14:55:51,2018,Keren Inao,Keren@erco.co.il,חשבונית מספר R3418302233 מארכה,5,,,No attachment scored as invoice; all look like support/delivery docs,LOW,000000002A0721BC1CEF6A4193EE5BF12F7DE63007006C8F6A93764406478EDB9ABA665E4A1B000162E6D2DE00006C8F6A93764406478EDB9ABA665E4A1B000162E6E2960000,NO_MAIN_INVOICE,
2018-03-04 14:54:00,2018,Keren Inao,Keren@erco.co.il,חשבונית מספר R3418302053 מארכה,6,,,No attachment scored as invoice; all look like support/delivery docs,LOW,000000002A0721BC1CEF6A4193EE5BF12F7DE63007006C8F6A93764406478EDB9ABA665E4A1B000162E6D2DE00006C8F6A93764406478EDB9ABA665E4A1B000162E6E2970000,NO_MAIN_INVOICE,
2018-02-04 16:02:23,2018,Keren Inao,Keren@erco.co.il,Emailing: (חובות מפורט עפי חודשים (חשבוני ,0,,,No saved PDF attachments,LOW,000000002A0721BC1CEF6A4193EE5BF12F7DE63007006C8F6A93764406478EDB9ABA665E4A1B000162E6D2DE00006C8F6A93764406478EDB9ABA665E4A1B00039ED241B10000,NO_MAIN_INVOICE,
2017-10-03 10:10:45,2017,Nir Sayag,NirS@erco.co.il,R3417309113 - הדפסת חשבונית מרכזת,87,R3417309113 - הדפסת חשבונית מרכזת.pdf,2017-10-03__Nir-Sayag__R3417309113 - הדפסת חשבונית מרכזת.pdf,+100 filename contains 'חשבונית מרכזת'; +80 filename contains 'חשבונית'; +35 filename contains 'מרכזת'; +20 subject/filename both mention מרכזת (+1 more signals),HIGH,000000002A0721BC1CEF6A4193EE5BF12F7DE63007006C8F6A93764406478EDB9ABA665E4A1B000162E6D2DE00006C8F6A93764406478EDB9ABA665E4A1B000162E6E2930000,SELECTED,
