invoice_date,invoice_number,invoice_year,source_file,source_sha256,format_family,supplier_name,supplier_tax_id,customer_name,subtotal_net,vat,total_gross,selection_confidence,extraction_confidence,notes
27/11/25,25342508770,2025,main_invoices\2025\2025-12-03__קרן-ממויה__הדפסת חשבונית מרכזת - 25342508770.pdf,ee1feca1f875d177272f0d1f1d87049d4715e695b3d4b420654910c0188a1c8c,FORMAT_A_2017_2018,"ארכה בע""מ",511022493,"מתח ח.י הנדסת חשמל בע""מ",,511022493,31,HIGH,HIGH,TEXT_NATIVE
27/11/25,25342508768,2025,main_invoices\2025\2025-12-03__קרן-ממויה__הדפסת חשבונית מרכזת - 25342508768_ חש.pdf,1aa4a1a504903925969d684acb4df0e12da1d6a78a1cee93cffa81616d03b73d,FORMAT_A_2017_2018,"ארכה בע""מ",511022493,"מתח ח.י הנדסת חשמל בע""מ",,511022493,31,HIGH,HIGH,TEXT_NATIVE
27/11/25,25342508769,2025,main_invoices\2025\2025-12-03__קרן-ממויה__הדפסת חשבונית מרכזת - 25342508769.pdf,f5d214794dd8d468e496b2b8c67a05db23f372768894b4e4e8d57cf59818a9ff,FORMAT_C_2022_2026,"ארכה בע""מ",511022493,"מתח ח.י הנדסת חשמל בע""מ",,511022493,31,HIGH,LOW,TEXT_NATIVE
30/10/25,25342507863,2025,main_invoices\2025\2025-11-04__קרן-ממויה__הדפסת חשבונית מרכזת - 25342507863_ חש.pdf,2b1685dbc7c46a7c253bb304934c95845e26b3e138a31ed316f9388711294a56,FORMAT_A_2017_2018,"ארכה בע""מ",511022493,"מתח ח.י הנדסת חשמל בע""מ",,511022493,28,HIGH,HIGH,TEXT_NATIVE
30/10/25,25342507862,2025,main_invoices\2025\2025-11-04__קרן-ממויה__הדפסת חשבונית מרכזת - 25342507862.pdf,d2004308fe8f4b27dd76b46b7e5107686b4671281a6b5e2e1058edef0c667ac4,FORMAT_C_2022_2026,"ארכה בע""מ",511022493,"מתח ח.י הנדסת חשמל בע""מ",,511022493,28,HIGH,LOW,TEXT_NATIVE
30/10/25,25342507861,2025,main_invoices\2025\2025-11-04__קרן-ממויה__הדפסת חשבונית מרכזת - 25342507861.pdf,360f5fed0a3e819fdf23036698835cd2059e5c84ec13a26f473da40863cf7edc,FORMAT_A_2017_2018,"ארכה בע""מ",511022493,"מתח ח.י הנדסת חשמל בע""מ",,511022493,28,HIGH,LOW,TEXT_NATIVE
30/09/25,25342507079,2025,main_invoices\2025\2025-10-08__קרן-ממויה__הדפסת חשבונית מרכזת - 25342507079.pdf,e6f17679d6b818665625f1bfa7eb7f03aab3deda622dfd59980c02ea92fdf966,FORMAT_B_2019_2021,"ארכה בע""מ",511022493,"מתח ח.י הנדסת חשמל בע""מ",,511022493,31,HIGH,HIGH,TEXT_NATIVE
30/09/25,25342507078,2025,main_invoices\2025\2025-10-08__קרן-ממויה__הדפסת חשבונית מרכזת - 25342507078_ חש.pdf,abae61257f45e1c965552554a1c8e1ebd79b716843ddc34982761b19691d24a8,FORMAT_A_2017_2018,"ארכה בע""מ",511022493,"מתח ח.י הנדסת חשמל בע""מ",,511022493,31,HIGH,LOW,TEXT_NATIVE
30/09/25,25342507077,2025,main_invoices\2025\2025-10-08__קרן-ממויה__הדפסת חשבונית מרכזת - 25342507077.pdf,b86bc26d0c9138bacc483d58b949e76e824be642f9fca95f7e7bcca43c543300,FORMAT_C_2022_2026,"ארכה בע""מ",511022493,"מתח ח.י הנדסת חשמל בע""מ",,511022493,31,HIGH,LOW,TEXT_NATIVE
30/09/25,25342507076,2025,main_invoices\2025\2025-10-08__קרן-ממויה__הדפסת חשבונית מרכזת - 25342507076.pdf,a0626eb2776e93e152e365b36cb9bc2c234299500dc9974ed6d01bcd48fb17c5,FORMAT_C_2022_2026,"ארכה בע""מ",511022493,"מתח ח.י הנדסת חשמל בע""מ",,511022493,31,HIGH,LOW,TEXT_NATIVE
28/08/25,25342506003,2025,main_invoices\2025\2025-09-02__קרן-ממויה__הדפסת חשבונית מרכזת - 25342506003.pdf,8a659841ebb7591ef79c6666f45d1f374642deec89b592f7a383db13f4137be3,FORMAT_A_2017_2018,"ארכה בע""מ",511022493,"מתח ח.י הנדסת חשמל בע""מ",,511022493,31,HIGH,HIGH,TEXT_NATIVE
28/08/25,25342506002,2025,main_invoices\2025\2025-09-02__קרן-ממויה__הדפסת חשבונית מרכזת - 25342506002_ חש.pdf,6b35cc34e33dd8c89b221766034f14ce5b49d1be728654a00a08accea04d09a8,FORMAT_A_2017_2018,"ארכה בע""מ",511022493,"מתח ח.י הנדסת חשמל בע""מ",,511022493,31,HIGH,HIGH,TEXT_NATIVE
28/08/25,25342506001,2025,main_invoices\2025\2025-09-02__קרן-ממויה__הדפסת חשבונית מרכזת - 25342506001_ חש.pdf,893108dbda80edb91f4256ec12c242ac66d62ad21aac0af0ff9ed408c4d23a8d,FORMAT_C_2022_2026,"ארכה בע""מ",511022493,"מתח ח.י הנדסת חשמל בע""מ",,511022493,30,HIGH,LOW,TEXT_NATIVE
28/08/25,25342506000,2025,main_invoices\2025\2025-09-02__קרן-ממויה__הדפסת חשבונית מרכזת - 25342506000.pdf,85b0d375e16bb87842af76a61fdc24b925882640428d485b8b84f5dfad7f899f,FORMAT_A_2017_2018,"ארכה בע""מ",511022493,"מתח ח.י הנדסת חשמל בע""מ",,511022493,31,HIGH,HIGH,TEXT_NATIVE
27/07/25,25342505259,2025,main_invoices\2025\2025-07-31__קרן-ממויה__הדפסת חשבונית מרכזת - 25342505259.pdf,ad51e06d3953f98aa02487c353eda22731b85775f58114a86417806a3ea42fe0,FORMAT_C_2022_2026,"ארכה בע""מ",511022493,"מתח ח.י הנדסת חשמל בע""מ",,511022493,30,HIGH,LOW,TEXT_NATIVE
27/07/25,25342505258,2025,main_invoices\2025\2025-07-31__קרן-ממויה__הדפסת חשבונית מרכזת - 25342505258.pdf,923757fd03e75640f5281174c3646c8555d33c44380b3cf50117383ce6293181,FORMAT_A_2017_2018,"ארכה בע""מ",511022493,"מתח ח.י הנדסת חשמל בע""מ",,511022493,30,HIGH,HIGH,TEXT_NATIVE
27/07/25,25342505257,2025,main_invoices\2025\2025-07-31__קרן-ממויה__הדפסת חשבונית מרכזת - 25342505257.pdf,b1345e46bf9f009ae83f839430cdfbabb32bac9470f0167a4657930d2e65741e,FORMAT_C_2022_2026,"ארכה בע""מ",511022493,"מתח ח.י הנדסת חשמל בע""מ",,511022493,30,HIGH,LOW,TEXT_NATIVE
27/07/25,25342505256,2025,main_invoices\2025\2025-07-31__קרן-ממויה__הדפסת חשבונית מרכזת - 25342505256_ חש.pdf,6cc65b23f6e0ac508655a87a7cd0f7223c63b3f5f68e74ef0b5314647241384a,FORMAT_A_2017_2018,"ארכה בע""מ",511022493,"מתח ח.י הנדסת חשמל בע""מ",,511022493,30,HIGH,HIGH,TEXT_NATIVE
29/06/25,25342504339,2025,main_invoices\2025\2025-07-01__קרן-ממויה__הדפסת חשבונית מרכזת - 25342504339.pdf,bf9569ed4ad6ce02318a551a76a7cb1481bfbd51c0f6927b7d5fe0a77fb86d97,FORMAT_C_2022_2026,"ארכה בע""מ",511022493,"מתח ח.י הנדסת חשמל בע""מ",,511022493,31,HIGH,LOW,TEXT_NATIVE
29/06/25,25342504305,2025,main_invoices\2025\2025-07-01__קרן-ממויה__הדפסת חשבונית מרכזת - 25342504305.pdf,2e0915f207716e0354ceb3bcb6081ce762bd66143c2d03fd5837876ba7cbc440,FORMAT_C_2022_2026,"ארכה בע""מ",511022493,"מתח ח.י הנדסת חשמל בע""מ",,511022493,31,HIGH,LOW,TEXT_NATIVE
29/06/25,25342504271,2025,main_invoices\2025\2025-07-01__קרן-ממויה__הדפסת חשבונית מרכזת - 25342504271_ חש.pdf,866404d9f9cd008283deef0f64db89946b08f3760c18b79e220269050be9d42f,FORMAT_A_2017_2018,"ארכה בע""מ",511022493,"מתח ח.י הנדסת חשמל בע""מ",,511022493,31,HIGH,LOW,TEXT_NATIVE
29/05/25,25342503682,2025,main_invoices\2025\2025-06-04__קרן-ממויה__הדפסת חשבונית מרכזת - 25342503682.pdf,4d3a7c25b42a564da4e12e9b939e77d2f987f88a427603d98fd45eb6f13d8b36,FORMAT_A_2017_2018,"ארכה בע""מ",511022493,"מתח ח.י הנדסת חשמל בע""מ",,511022493,30,HIGH,LOW,TEXT_NATIVE
29/05/25,25342503681,2025,main_invoices\2025\2025-06-04__קרן-ממויה__הדפסת חשבונית מרכזת - 25342503681.pdf,1513f4953722fd01b1d401b7f0b26255e65a6641c34916f386ee25521fa92b18,FORMAT_A_2017_2018,"ארכה בע""מ",511022493,"מתח ח.י הנדסת חשמל בע""מ",,511022493,30,HIGH,LOW,TEXT_NATIVE
29/05/25,25342503680,2025,main_invoices\2025\2025-06-04__קרן-ממויה__הדפסת חשבונית מרכזת - 25342503680.pdf,a901ad78a41e2cb19f08f04caf135d9f1af9806c27974bf37b2d4528c787c0c9,FORMAT_C_2022_2026,"ארכה בע""מ",511022493,"מתח ח.י הנדסת חשמל בע""מ",,511022493,30,HIGH,LOW,TEXT_NATIVE
29/05/25,25342503679,2025,main_invoices\2025\2025-06-04__קרן-ממויה__הדפסת חשבונית מרכזת - 25342503679_ חש.pdf,5ac6efaedc0a6ce97ba04cd9a74f8b112c6ad3554da112058770cb790b3820ed,FORMAT_A_2017_2018,"ארכה בע""מ",511022493,"מתח ח.י הנדסת חשמל בע""מ",,511022493,30,HIGH,HIGH,TEXT_NATIVE
27/03/25,,2025,main_invoices\2025\2025-04-08__קרן-ממויה__הדפסת חשבונית מרכזת - 25342502226_ חש.pdf,d62770cf11ec201626016c97f8e69ba41242f01afd9080b8a0a6af025a558ccd,FORMAT_B_2019_2021,"ארכה בע""מ",511022493,"מתח ח.י הנדסת חשמל בע""מ",,511022493,,HIGH,HIGH,TEXT_NATIVE
27/03/25,,2025,main_invoices\2025\2025-04-08__קרן-ממויה__הדפסת חשבונית מרכזת - 25342502225.pdf,44e9c875851b31264d6c26f84886c4a332c7182a134b5a43d40f93a757e73e31,FORMAT_B_2019_2021,"ארכה בע""מ",511022493,"מתח ח.י הנדסת חשמל בע""מ",,511022493,,HIGH,HIGH,TEXT_NATIVE
27/03/25,,2025,main_invoices\2025\2025-04-08__קרן-ממויה__הדפסת חשבונית מרכזת - 25342502224.pdf,8ed8bb069436d2028b0f4ead5e5e56ff46997773d45da8ed358c8702ec6e8184,FORMAT_B_2019_2021,"ארכה בע""מ",511022493,"מתח ח.י הנדסת חשמל בע""מ",,511022493,,HIGH,HIGH,TEXT_NATIVE
26/02/25,,2025,main_invoices\2025\2025-03-04__קרן-ממויה__הדפסת חשבונית מרכזת - 25342501315.pdf,747c40413e3ae1912ac25449589a49ec39c4b6e46e9145ae33b7a76dea9cbacc,FORMAT_B_2019_2021,"ארכה בע""מ",511022493,"מתח ח.י הנדסת חשמל בע""מ",,511022493,,HIGH,HIGH,TEXT_NATIVE
26/02/25,,2025,main_invoices\2025\2025-03-04__קרן-ממויה__הדפסת חשבונית מרכזת - 25342501314_ חש.pdf,0c6fdf554d7793acc9be8761a31a977be7d0383f260eb408b814422ca95862c7,FORMAT_B_2019_2021,"ארכה בע""מ",511022493,"מתח ח.י הנדסת חשמל בע""מ",,511022493,,HIGH,HIGH,TEXT_NATIVE
26/02/25,,2025,main_invoices\2025\2025-03-04__קרן-ממויה__הדפסת חשבונית מרכזת - 25342501313.pdf,4825c619ec6259fc2f60389c5f26ab9843e76d19f7674b9345611f9dbdfba33d,FORMAT_B_2019_2021,"ארכה בע""מ",511022493,"מתח ח.י הנדסת חשמל בע""מ",,511022493,,HIGH,HIGH,TEXT_NATIVE
28/01/25,,2025,main_invoices\2025\2025-02-03__קרן-ממויה__הדפסת חשבונית מרכזת - 25342500489_ חש.pdf,b435f3042633a17c8a2543fcbc876525d8390624a95936eec927d2f2ff040bcd,FORMAT_B_2019_2021,"ארכה בע""מ",511022493,"מתח ח.י הנדסת חשמל בע""מ",,511022493,,HIGH,HIGH,TEXT_NATIVE
28/01/25,,2025,main_invoices\2025\2025-02-03__קרן-ממויה__הדפסת חשבונית מרכזת - 25342500488.pdf,4c11f68f96378c72b4fdfc7cca626ca623d76ff4ff6966b80f4b0bcd94d7f179,FORMAT_B_2019_2021,"ארכה בע""מ",511022493,"מתח ח.י הנדסת חשמל בע""מ",,511022493,,HIGH,HIGH,TEXT_NATIVE
28/01/25,,2025,main_invoices\2025\2025-02-03__קרן-ממויה__הדפסת חשבונית מרכזת - 25342500487.pdf,3c75f3460fddcdec52d94c6bd0c7e7bc08f92e13fa08b6561f926994072831a9,FORMAT_B_2019_2021,"ארכה בע""מ",511022493,"מתח ח.י הנדסת חשמל בע""מ",,511022493,,HIGH,HIGH,TEXT_NATIVE
28/01/25,,2025,main_invoices\2025\2025-02-03__קרן-ממויה__הדפסת חשבונית מרכזת - 25342500486.pdf,ad362ae0445427954445d0967fba2153f04951c55b346ffa135efcdaa59eead4,FORMAT_B_2019_2021,"ארכה בע""מ",511022493,"מתח ח.י הנדסת חשמל בע""מ",,511022493,,HIGH,HIGH,TEXT_NATIVE
31/12/24,,2025,main_invoices\2025\2025-01-02__קרן-ממויה__הדפסת חשבונית מרכזת - 25342412102_ חש.pdf,9e20f39543f3cc861e9b0c9f81029932c6fbe0c82c9d3a4c9f3ed1d0d4b82d43,FORMAT_B_2019_2021,"ארכה בע""מ",511022493,"מתח ח.י הנדסת חשמל בע""מ",,511022493,,HIGH,HIGH,TEXT_NATIVE
29/12/24,25342411682,2024,main_invoices\2024\2024-12-31__קרן-ממויה__הדפסת חשבונית מרכזת - 25342411682.pdf,02b43e29eeec88bbfa7da9e349ee3c933f143c708044b43a9a159d97e0632b68,FORMAT_A_2017_2018,"ארכה בע""מ",511022493,"מתח ח.י הנדסת חשמל בע""מ",,511022493,31,HIGH,HIGH,TEXT_NATIVE
29/12/24,25342411681,2024,main_invoices\2024\2024-12-31__קרן-ממויה__הדפסת חשבונית מרכזת - 25342411681_ חש.pdf,9b4113edb000d14cca82eaff909f6c6e78690467200f50837171af223b9ef26f,FORMAT_B_2019_2021,"ארכה בע""מ",511022493,"מתח ח.י הנדסת חשמל בע""מ",,511022493,31,HIGH,HIGH,TEXT_NATIVE
29/12/24,25342411680,2024,main_invoices\2024\2024-12-31__קרן-ממויה__הדפסת חשבונית מרכזת - 25342411680.pdf,081c0b73e5017a782e590248a60cb1a935dedb2a5cb420ea3cde7103584453b5,FORMAT_C_2022_2026,"ארכה בע""מ",511022493,"מתח ח.י הנדסת חשמל בע""מ",,511022493,31,HIGH,HIGH,TEXT_NATIVE
28/11/24,,2024,main_invoices\2024\2024-12-11__קרן-ממויה__הדפסת חשבונית מרכזת - 25342411013.pdf,2a388b3eef3d3c2dcac140dd76bc87a33ea994640bca9ebfe2e032818b479fcb,FORMAT_B_2019_2021,"ארכה בע""מ",511022493,"מתח ח.י הנדסת חשמל בע""מ",,511022493,,HIGH,HIGH,TEXT_NATIVE
28/11/24,,2024,main_invoices\2024\2024-12-08__קרן-ממויה__הדפסת חשבונית מרכזת - 25342411015_ חש.pdf,be40da81a16fe4ade34c61065968fe0c1e8f9a28916c2ff87eec7b96e4a2f2f5,FORMAT_B_2019_2021,"ארכה בע""מ",511022493,"מתח ח.י הנדסת חשמל בע""מ",,511022493,,HIGH,HIGH,TEXT_NATIVE
28/11/24,,2024,main_invoices\2024\2024-12-08__קרן-ממויה__הדפסת חשבונית מרכזת - 25342411014.pdf,268b8223ac2d7cf14cb7b901dec050e041e4e21adfddd56f92206eccad65a2f0,FORMAT_B_2019_2021,"ארכה בע""מ",511022493,"מתח ח.י הנדסת חשמל בע""מ",,511022493,,HIGH,HIGH,TEXT_NATIVE
31/10/24,,2024,main_invoices\2024\2024-11-04__קרן-ממויה__הדפסת חשבונית מרכזת - 25342409667_ חש.pdf,89a25508cc45ba1557116b50fcf94f17ba3d23ac350175d6d0df9449a68c9804,FORMAT_B_2019_2021,"ארכה בע""מ",511022493,"מתח ח.י הנדסת חשמל בע""מ",,511022493,,HIGH,HIGH,TEXT_NATIVE
31/10/24,,2024,main_invoices\2024\2024-11-04__קרן-ממויה__הדפסת חשבונית מרכזת - 25342409666.pdf,00f0aa3b352e97e37375a3810435f3b74c078d48d0962c17c098f36a253c47c2,FORMAT_B_2019_2021,"ארכה בע""מ",511022493,"מתח ח.י הנדסת חשמל בע""מ",,511022493,,HIGH,HIGH,TEXT_NATIVE
31/10/24,,2024,main_invoices\2024\2024-11-04__קרן-ממויה__הדפסת חשבונית מרכזת - 25342409665.pdf,790c7b1953958af3c26cc01037b7ad430efb4b7fbd4e493b48e77ad72b022e5c,FORMAT_B_2019_2021,"ארכה בע""מ",511022493,"מתח ח.י הנדסת חשמל בע""מ",,511022493,,HIGH,HIGH,TEXT_NATIVE
31/10/24,,2024,main_invoices\2024\2024-11-04__קרן-ממויה__הדפסת חשבונית מרכזת - 25342409664.pdf,95a37dd1d87c6f493b9055848d309f82ba3238be82cdf0a86d32f3e71ea68b4b,FORMAT_B_2019_2021,"ארכה בע""מ",511022493,"מתח ח.י הנדסת חשמל בע""מ",,511022493,,HIGH,HIGH,TEXT_NATIVE
30/09/24,,2024,main_invoices\2024\2024-10-06__קרן-ממויה__הדפסת חשבונית מרכזת - 25342409031.pdf,d40be89ca65146f96fc30990b79a537806c3d3ddfeb3860c0208f2bc3a94a99c,FORMAT_B_2019_2021,"ארכה בע""מ",511022493,"מתח ח.י הנדסת חשמל בע""מ",,511022493,,HIGH,HIGH,TEXT_NATIVE
30/09/24,,2024,main_invoices\2024\2024-10-06__קרן-ממויה__הדפסת חשבונית מרכזת - 25342409030.pdf,ed9a73b18fbce26a8e277c2fc93c3ef15899d4ec5bace2ad7a65b910621d1c26,FORMAT_B_2019_2021,"ארכה בע""מ",511022493,"מתח ח.י הנדסת חשמל בע""מ",,511022493,,HIGH,HIGH,TEXT_NATIVE
30/09/24,,2024,main_invoices\2024\2024-10-06__קרן-ממויה__הדפסת חשבונית מרכזת - 25342409029.pdf,a6bea843b9a837fb580eab187436543f8e548820733f1a25517b0107988402b3,FORMAT_B_2019_2021,"ארכה בע""מ",511022493,"מתח ח.י הנדסת חשמל בע""מ",,511022493,,HIGH,HIGH,TEXT_NATIVE
30/09/24,,2024,main_invoices\2024\2024-10-06__קרן-ממויה__הדפסת חשבונית מרכזת - 25342409028_ חש.pdf,477bec3655ee3bc8934f509507fcc09bcccb8e815a01e1c9a518bde937f69b8d,FORMAT_B_2019_2021,"ארכה בע""מ",511022493,"מתח ח.י הנדסת חשמל בע""מ",,511022493,,HIGH,HIGH,TEXT_NATIVE
29/08/24,,2024,main_invoices\2024\2024-09-03__קרן-ממויה__הדפסת חשבונית מרכזת - 25342407628.pdf,caf7f0a982e16d8f2f6db65b60bc8619b63f11fdce860edc8a64eb81c07b39ce,FORMAT_B_2019_2021,"ארכה בע""מ",511022493,"מתח ח.י הנדסת חשמל בע""מ",,511022493,,HIGH,HIGH,TEXT_NATIVE
29/08/24,,2024,main_invoices\2024\2024-09-03__קרן-ממויה__הדפסת חשבונית מרכזת - 25342407629.pdf,94696a3b4e48b2e5cbd7e74a1c230a900691296dd38045c912938a33bbdcea0c,FORMAT_B_2019_2021,"ארכה בע""מ",511022493,"מתח ח.י הנדסת חשמל בע""מ",,511022493,,HIGH,HIGH,TEXT_NATIVE
29/08/24,,2024,main_invoices\2024\2024-09-03__קרן-ממויה__הדפסת חשבונית מרכזת - 25342407627.pdf,c64d702e8550f8a9958022b9ff9db271ea5915c6f85dbbb952976d82fff19830,FORMAT_B_2019_2021,"ארכה בע""מ",511022493,"מתח ח.י הנדסת חשמל בע""מ",,511022493,,HIGH,HIGH,TEXT_NATIVE
29/08/24,,2024,main_invoices\2024\2024-09-03__קרן-ממויה__הדפסת חשבונית מרכזת - 25342407626_ חש.pdf,945095bf3476971a2e01262dabbf439507407f033b12065a8ee63d76ebef87dc,FORMAT_B_2019_2021,"ארכה בע""מ",511022493,"מתח ח.י הנדסת חשמל בע""מ",,511022493,,HIGH,HIGH,TEXT_NATIVE
29/08/24,,2024,main_invoices\2024\2024-09-03__קרן-ממויה__הדפסת חשבונית מרכזת - 25342407625.pdf,ac60382f7becfea7b964c0770996f5a08f76643de95c96ba974b4283b9bc2473,FORMAT_B_2019_2021,"ארכה בע""מ",511022493,"מתח ח.י הנדסת חשמל בע""מ",,511022493,,HIGH,HIGH,TEXT_NATIVE
28/07/24,,2024,main_invoices\2024\2024-08-01__קרן-ממויה__הדפסת חשבונית מרכזת - 25342406777_ חש.pdf,09adccfac4293c1c5d9154afd6a42d525ea60990ea644f88cd9acf0bbfa2b2da,FORMAT_B_2019_2021,"ארכה בע""מ",511022493,"מתח ח.י הנדסת חשמל בע""מ",,511022493,,HIGH,HIGH,TEXT_NATIVE
28/07/24,,2024,main_invoices\2024\2024-07-30__קרן-ממויה__הדפסת חשבונית מרכזת - 25342406202.pdf,b0c9eae1a36ba36fe4d8badcf0d83e13924b563689d4adc575d7b90d2eb95371,FORMAT_B_2019_2021,"ארכה בע""מ",511022493,"מתח ח.י הנדסת חשמל בע""מ",,511022493,,HIGH,HIGH,TEXT_NATIVE
28/07/24,,2024,main_invoices\2024\2024-07-30__קרן-ממויה__הדפסת חשבונית מרכזת - 25342406201.pdf,eb803998db9d9113c2ebc53297752a3344c1eed5ffb22e8d049c91374bef6996,FORMAT_B_2019_2021,"ארכה בע""מ",511022493,"מתח ח.י הנדסת חשמל בע""מ",,511022493,,HIGH,HIGH,TEXT_NATIVE
28/07/24,,2024,main_invoices\2024\2024-07-30__קרן-ממויה__הדפסת חשבונית מרכזת - 25342406200.pdf,ccb0b789e134b031c636acef9470db359745ec89fbe865ecc2f6925823030f6f,FORMAT_B_2019_2021,"ארכה בע""מ",511022493,"מתח ח.י הנדסת חשמל בע""מ",,511022493,,HIGH,HIGH,TEXT_NATIVE
2024-07-08,,2024,main_invoices\2024\2024-07-08__קרן-ממויה__הדפסת חשבונית מרכזת - 25352400386_ בגין ח .pdf,71c23b563fb71f361fcd11b95f1ea863249df8d876bba8713861d5106b473cad,FORMAT_B_2019_2021,"ארכה בע""מ",511022493,"מתח ח.י הנדסת חשמל בע""מ",,511022493,,HIGH,LOW,TEXT_NATIVE
2024-07-08,,2024,main_invoices\2024\2024-07-08__קרן-ממויה__הדפסת חשבונית מרכזת - 25352400385.pdf,faf4989a0438dcfa5c62388152e006c380fe2a032c504294f4766781046ea977,FORMAT_B_2019_2021,"ארכה בע""מ",511022493,"מתח ח.י הנדסת חשמל בע""מ",,511022493,,HIGH,LOW,TEXT_NATIVE
2024-07-08,,2024,main_invoices\2024\2024-07-08__קרן-ממויה__הדפסת חשבונית מרכזת - 25352400384_ בגין ח .pdf,5fe08238c8fd3ef05988c9aa30f1bd7dc7750db659605a2336b041fdbdb1f8a9,FORMAT_B_2019_2021,"ארכה בע""מ",511022493,"מתח ח.י הנדסת חשמל בע""מ",,511022493,,HIGH,LOW,TEXT_NATIVE
2024-07-07,,2024,main_invoices\2024\2024-07-07__ניר-סאייג__25352400386 - הדפסת חשבונית מרכזת.pdf,e965a0a9a9b9f6bf1635628d10b07fb852bac5a45742a7595f7cef1bdd89afca,FORMAT_B_2019_2021,"ארכה בע""מ",511022493,"מתח ח.י הנדסת חשמל בע""מ",,511022493,,HIGH,LOW,TEXT_NATIVE
2024-07-07,,2024,main_invoices\2024\2024-07-07__ניר-סאייג__25352400385 - הדפסת חשבונית מרכזת.pdf,cae5851ca304d089f6cfc9192c67a24d584c27bc38cc9f32fa7bf1181530bb95,FORMAT_B_2019_2021,"ארכה בע""מ",511022493,"מתח ח.י הנדסת חשמל בע""מ",,511022493,,HIGH,LOW,TEXT_NATIVE
2024-07-07,,2024,main_invoices\2024\2024-07-07__ניר-סאייג__25352400384 - הדפסת חשבונית מרכזת.pdf,dad0beee4ec5736b15a8fd2ac6da2d7a5decae143e29d0bc11f1c32fb84f7fce,FORMAT_B_2019_2021,"ארכה בע""מ",511022493,"מתח ח.י הנדסת חשמל בע""מ",,511022493,,HIGH,LOW,TEXT_NATIVE
27/06/24,,2024,main_invoices\2024\2024-06-30__קרן-ממויה__הדפסת חשבונית מרכזת - 25342405347.pdf,8c08a0edc9f3da3618758d4e37149ab8cc83a54595a7a676d9f8d831f1cde7cb,FORMAT_B_2019_2021,"ארכה בע""מ",511022493,"מתח ח.י הנדסת חשמל בע""מ",,511022493,,HIGH,HIGH,TEXT_NATIVE
2024-06-30,,2024,main_invoices\2024\2024-06-30__קרן-ממויה__הדפסת חשבונית מרכזת - 25352400353_ בגין ח .pdf,10226303844dbfa3a30a5e753b9d1cbe1b022985063afbad4e1c8b3e17e92fbd,FORMAT_B_2019_2021,"ארכה בע""מ",511022493,"מתח ח.י הנדסת חשמל בע""מ",,511022493,,HIGH,LOW,TEXT_NATIVE
2024-06-30,,2024,main_invoices\2024\2024-06-30__קרן-ממויה__הדפסת חשבונית מרכזת - 25352400352_ בגין ח .pdf,f6188c1b5a741b40612befaec010342d073a189db6cffe25940f5bead2731469,FORMAT_B_2019_2021,"ארכה בע""מ",511022493,"מתח ח.י הנדסת חשמל בע""מ",,511022493,,HIGH,LOW,TEXT_NATIVE
27/06/24,,2024,main_invoices\2024\2024-06-30__קרן-ממויה__הדפסת חשבונית מרכזת - 25342405345.pdf,648c5ab976a21ce2f39184b3454699418a0f65bf57b7186e1a4c47a9e42866fa,FORMAT_B_2019_2021,"ארכה בע""מ",511022493,"מתח ח.י הנדסת חשמל בע""מ",,511022493,,HIGH,HIGH,TEXT_NATIVE
27/06/24,,2024,main_invoices\2024\2024-06-30__קרן-ממויה__הדפסת חשבונית מרכזת - 25342405346.pdf,2a9b695d4dcbe618cb39671f907391d334ecb548470fb40aa0da8503593e0841,FORMAT_B_2019_2021,"ארכה בע""מ",511022493,"מתח ח.י הנדסת חשמל בע""מ",,511022493,,HIGH,HIGH,TEXT_NATIVE
27/06/24,,2024,main_invoices\2024\2024-06-30__קרן-ממויה__הדפסת חשבונית מרכזת - 25342405344.pdf,68ee2f5dbf6ef1f1d086cb1b7e550eb68d24cc74fcf175619171ecafb11c030c,FORMAT_B_2019_2021,"ארכה בע""מ",511022493,"מתח ח.י הנדסת חשמל בע""מ",,511022493,,HIGH,HIGH,TEXT_NATIVE
27/06/24,,2024,main_invoices\2024\2024-06-30__קרן-ממויה__הדפסת חשבונית מרכזת - 25342405343_ חש.pdf,2d74b49ef6c9d7a2b32ed010a80c7c544f08b0bce661ab55c8793abb3fb182e2,FORMAT_B_2019_2021,"ארכה בע""מ",511022493,"מתח ח.י הנדסת חשמל בע""מ",,511022493,,HIGH,HIGH,TEXT_NATIVE
29/05/24,,2024,main_invoices\2024\2024-06-03__קרן-ממויה__הדפסת חשבונית מרכזת - 25342404396_ חש.pdf,e857bd7f55cac6f26d92d613ed575ee5fd5147f6165d70936cf33b332e26b232,FORMAT_B_2019_2021,"ארכה בע""מ",511022493,"מתח ח.י הנדסת חשמל בע""מ",,511022493,,HIGH,HIGH,TEXT_NATIVE
29/05/24,,2024,main_invoices\2024\2024-06-03__קרן-ממויה__הדפסת חשבונית מרכזת - 25342404399.pdf,1ddb2eb4ec79d6c7e32242a6b0c2dca4f1fb2e0b0c466cfc5bbeec69813b8390,FORMAT_B_2019_2021,"ארכה בע""מ",511022493,"מתח ח.י הנדסת חשמל בע""מ",,511022493,,HIGH,HIGH,TEXT_NATIVE
29/05/24,,2024,main_invoices\2024\2024-06-03__קרן-ממויה__הדפסת חשבונית מרכזת - 25342404398.pdf,8bfb97405967a97c4f976a632ed954f5d0e0acbed27b5497687b6423651312c4,FORMAT_B_2019_2021,"ארכה בע""מ",511022493,"מתח ח.י הנדסת חשמל בע""מ",,511022493,,HIGH,HIGH,TEXT_NATIVE
29/05/24,,2024,main_invoices\2024\2024-06-03__קרן-ממויה__הדפסת חשבונית מרכזת - 25342404397.pdf,7426edcd178db915a4d66be266f3b6fe4244da3772110cd0b67018b15f4c18a1,FORMAT_B_2019_2021,"ארכה בע""מ",511022493,"מתח ח.י הנדסת חשמל בע""מ",,511022493,,HIGH,HIGH,TEXT_NATIVE
29/05/24,,2024,main_invoices\2024\2024-06-03__קרן-ממויה__הדפסת חשבונית מרכזת - 25342404395.pdf,d9d32a646a3d3f33af8033c4e8e130a9ba5578f5f3529c6adcf539a33200fcc1,FORMAT_B_2019_2021,"ארכה בע""מ",511022493,"מתח ח.י הנדסת חשמל בע""מ",,511022493,,HIGH,HIGH,TEXT_NATIVE
30/04/24,,2024,main_invoices\2024\2024-05-05__קרן-ממויה__הדפסת חשבונית מרכזת - 25342403628_ חש.pdf,209647fe9808134e6ce0107ac7a55a98193e233a5dec57de5bdd6e8a7098f007,FORMAT_B_2019_2021,"ארכה בע""מ",511022493,"מתח ח.י הנדסת חשמל בע""מ",,511022493,,HIGH,HIGH,TEXT_NATIVE
30/04/24,,2024,main_invoices\2024\2024-05-05__קרן-ממויה__הדפסת חשבונית מרכזת - 25342403630.pdf,ade1441d3253bac18b8df6336654372a6ea5a67c7939cb3e26eec0411cf7dedc,FORMAT_B_2019_2021,"ארכה בע""מ",511022493,"מתח ח.י הנדסת חשמל בע""מ",,511022493,,HIGH,HIGH,TEXT_NATIVE
30/04/24,,2024,main_invoices\2024\2024-05-05__קרן-ממויה__הדפסת חשבונית מרכזת - 25342403627.pdf,22ef0aeddce052d90306ee073be4389b2c4bb64aa7021ee71dde88a101f318c7,FORMAT_B_2019_2021,"ארכה בע""מ",511022493,"מתח ח.י הנדסת חשמל בע""מ",,511022493,,HIGH,HIGH,TEXT_NATIVE
30/04/24,,2024,main_invoices\2024\2024-05-05__קרן-ממויה__הדפסת חשבונית מרכזת - 25342403629.pdf,73104d55d5dc321cd11c6d0b5b31991f7a02cd1520072e0ac52cd26a2a3387ab,FORMAT_B_2019_2021,"ארכה בע""מ",511022493,"מתח ח.י הנדסת חשמל בע""מ",,511022493,,HIGH,HIGH,TEXT_NATIVE
31/03/24,,2024,main_invoices\2024\2024-04-03__קרן-ממויה__(מסמך ממוחשב) הדפסת חשבונית מרכזת - 25342402738.pdf,4c4e34ca342401d3a51956b3769cebc80719fd1aa0b041926a11fa153c9de32b,FORMAT_B_2019_2021,"ארכה בע""מ",511022493,"מתח ח.י הנדסת חשמל בע""מ",,511022493,,HIGH,HIGH,TEXT_NATIVE
31/03/24,,2024,main_invoices\2024\2024-04-03__קרן-ממויה__(מסמך ממוחשב) הדפסת חשבונית מרכזת - 25342402737.pdf,228d16bf38b1ca8c9d37cdb7b2ca4e51ed991a0db9ba36540101b44f0a3dd5b7,FORMAT_B_2019_2021,"ארכה בע""מ",511022493,"מתח ח.י הנדסת חשמל בע""מ",,511022493,,HIGH,HIGH,TEXT_NATIVE
31/03/24,,2024,main_invoices\2024\2024-04-03__קרן-ממויה__(מסמך ממוחשב) הדפסת חשבונית מרכזת - 25342402736.pdf,e6ad97318f5c6f6cd00f7c512f9bf517a84cd87fea4c534999d05615f6d2370c,FORMAT_B_2019_2021,"ארכה בע""מ",511022493,"מתח ח.י הנדסת חשמל בע""מ",,511022493,,HIGH,HIGH,TEXT_NATIVE
31/03/24,,2024,"main_invoices\2024\2024-04-03__קרן-ממויה__(מסמך ממוחשב) הדפסת חשבונית מרכזת - 25342402734, חש. מרכזת מרץ-.pdf",449dd43e6c5c500eeacdf28c5356e95f7331cc929b82b75218515f35c6178fd0,FORMAT_B_2019_2021,"ארכה בע""מ",511022493,"מתח ח.י הנדסת חשמל בע""מ",,511022493,,HIGH,HIGH,TEXT_NATIVE
31/03/24,,2024,main_invoices\2024\2024-04-03__קרן-ממויה__(מסמך ממוחשב) הדפסת חשבונית מרכזת - 25342402735.pdf,c76ec9683ea9ad9fa78fd393008491d4e625091db9a3daa64c670dcf83fc0018,FORMAT_B_2019_2021,"ארכה בע""מ",511022493,"מתח ח.י הנדסת חשמל בע""מ",,511022493,,HIGH,HIGH,TEXT_NATIVE
2024-03-27,25602401363,2024,main_invoices\2024\2024-03-27__רחלי-מזרחי__הדפסת קבלה - 25602401363.pdf,1712e7cd2a5c40ec036b9ec2e9568080b8f92339e8b2c7aead5051dda4fef0f6,FORMAT_A_2017_2018,"ארכה בע""מ",511022493,"מתח ח.י הנדסת חשמל בע""מ",,511022493,,MEDIUM,LOW,TEXT_NATIVE
2024-03-27,25602401363,2024,main_invoices\2024\2024-03-27__רחלי-מזרחי__הדפסת קבלה - 25602401363__2.pdf,6841c6078ebcf93fa15d8a39f9a89276cdfc9812b4cf444880040698873b7e5b,FORMAT_A_2017_2018,"ארכה בע""מ",511022493,"מתח ח.י הנדסת חשמל בע""מ",,511022493,,MEDIUM,LOW,TEXT_NATIVE
28/02/24,,2024,main_invoices\2024\2024-03-03__קרן-ממויה__(מסמך ממוחשב) הדפסת חשבונית מרכזת - 25342401368.pdf,748765f011908ed9a0e4d4f9e4dfd8ddb54565c0bebe11e217c55ba08ebfb741,FORMAT_B_2019_2021,"ארכה בע""מ",511022493,"מתח ח.י הנדסת חשמל בע""מ",,511022493,,HIGH,HIGH,TEXT_NATIVE
28/02/24,,2024,main_invoices\2024\2024-03-03__קרן-ממויה__(מסמך ממוחשב) הדפסת חשבונית מרכזת - 25342401367.pdf,ac9063566125ea4c4c6b94ba672b5c2b851c87b3c82a8ba86171e08c77f048fb,FORMAT_B_2019_2021,"ארכה בע""מ",511022493,"מתח ח.י הנדסת חשמל בע""מ",,511022493,,HIGH,HIGH,TEXT_NATIVE
28/02/24,,2024,"main_invoices\2024\2024-03-03__קרן-ממויה__(מסמך ממוחשב) הדפסת חשבונית מרכזת - 25342401365, חש. מרכזת פבר-.pdf",71319f96e3f53da56dca7a7ad388ea006f864506a205e76cf44a9cca4362d8d4,FORMAT_B_2019_2021,"ארכה בע""מ",511022493,"מתח ח.י הנדסת חשמל בע""מ",,511022493,,HIGH,HIGH,TEXT_NATIVE
28/02/24,,2024,main_invoices\2024\2024-03-03__קרן-ממויה__(מסמך ממוחשב) הדפסת חשבונית מרכזת - 25342401366.pdf,5d635b4c7209e920aca401f1381e314b73db8d6af5118ded508b277e9b037e43,FORMAT_B_2019_2021,"ארכה בע""מ",511022493,"מתח ח.י הנדסת חשמל בע""מ",,511022493,,HIGH,HIGH,TEXT_NATIVE
28/01/24,,2024,"main_invoices\2024\2024-01-31__קרן-ממויה__(מסמך ממוחשב) הדפסת חשבונית מרכזת - 25342400171, חש. מרכזת ינו-.pdf",c8f071fab24595ef9317503704730fbaf3d2864de2d5970de49f09744e7db1ec,FORMAT_B_2019_2021,"ארכה בע""מ",511022493,"מתח ח.י הנדסת חשמל בע""מ",,511022493,,HIGH,HIGH,TEXT_NATIVE
28/01/24,,2024,main_invoices\2024\2024-01-31__קרן-ממויה__(מסמך ממוחשב) הדפסת חשבונית מרכזת - 25342400169.pdf,f9ee01f1466569c43400566b0f4ae19931cdcf251621dd6859062eff7b0eb54f,FORMAT_B_2019_2021,"ארכה בע""מ",511022493,"מתח ח.י הנדסת חשמל בע""מ",,511022493,,HIGH,HIGH,TEXT_NATIVE
28/01/24,,2024,main_invoices\2024\2024-01-31__קרן-ממויה__(מסמך ממוחשב) הדפסת חשבונית מרכזת - 25342400170.pdf,fa3f5f0fab179af69ac4a5d20b02aeed543a94865f2284b2aab9e820180fa1cb,FORMAT_B_2019_2021,"ארכה בע""מ",511022493,"מתח ח.י הנדסת חשמל בע""מ",,511022493,,HIGH,HIGH,TEXT_NATIVE
28/01/24,,2024,main_invoices\2024\2024-01-31__קרן-ממויה__(מסמך ממוחשב) הדפסת חשבונית מרכזת - 25342400168.pdf,e4546b61afeb5d7f9056491e6599e1490cd04782dc91e41ebd69ac7aa0529d9b,FORMAT_B_2019_2021,"ארכה בע""מ",511022493,"מתח ח.י הנדסת חשמל בע""מ",,511022493,,HIGH,HIGH,TEXT_NATIVE
31/12/23,,2024,"main_invoices\2024\2024-01-02__קרן-ממויה__(מסמך ממוחשב) הדפסת חשבונית מרכזת - 25342312055, חש. מרכזת דצמ-.pdf",9cb9796801fdde5176e2bdb7731c21426ea3a47c367a35283063793994b6920e,FORMAT_B_2019_2021,"ארכה בע""מ",511022493,"מתח ח.י הנדסת חשמל בע""מ",,511022493,,HIGH,HIGH,TEXT_NATIVE
31/12/23,,2024,main_invoices\2024\2024-01-02__קרן-ממויה__(מסמך ממוחשב) הדפסת חשבונית מרכזת - 25342312054.pdf,bf4a7fa30b0940cdc4fa28fd3d1cdbcc59bb04dd6188069bbe2152ae0366d46c,FORMAT_B_2019_2021,"ארכה בע""מ",511022493,"מתח ח.י הנדסת חשמל בע""מ",,511022493,,HIGH,HIGH,TEXT_NATIVE
31/12/23,,2024,main_invoices\2024\2024-01-02__קרן-ממויה__(מסמך ממוחשב) הדפסת חשבונית מרכזת - 25342312053.pdf,c5da29c2b3c5b5c08da50768318e96250dd711cda36883dbb2ec55a8004369d9,FORMAT_B_2019_2021,"ארכה בע""מ",511022493,"מתח ח.י הנדסת חשמל בע""מ",,511022493,,HIGH,HIGH,TEXT_NATIVE
31/12/23,,2024,main_invoices\2024\2024-01-02__קרן-ממויה__(מסמך ממוחשב) הדפסת חשבונית מרכזת - 25342312052.pdf,cb57df43df0ad138c677a2875e82e994ba2663fbce41114737a904a74216d95e,FORMAT_B_2019_2021,"ארכה בע""מ",511022493,"מתח ח.י הנדסת חשמל בע""מ",,511022493,,HIGH,HIGH,TEXT_NATIVE
2023-12-10,,2023,"main_invoices\2023\2023-12-10__קרן-ממויה__(מסמך ממוחשב) הדפסת חשבונית מרכזת - 25352300738, בגין ח ן 25342.pdf",b20b4e686f74b4055393b8dbe73479dc81fb0a73e2b49c9794fb2b2ea422538f,FORMAT_B_2019_2021,"ארכה בע""מ",511022493,"מתח ח.י הנדסת חשמל בע""מ",,511022493,,HIGH,LOW,TEXT_NATIVE
28/11/23,,2023,"main_invoices\2023\2023-12-05__קרן-ממויה__(מסמך ממוחשב) הדפסת חשבונית מרכזת - 25342311158, חש. מרכזת נוב-.pdf",7fe161f96850bc6bd946b28688f3901a764954be772d75c4f5746664a0a6f491,FORMAT_B_2019_2021,"ארכה בע""מ",511022493,"מתח ח.י הנדסת חשמל בע""מ",,511022493,,HIGH,HIGH,TEXT_NATIVE
28/11/23,,2023,main_invoices\2023\2023-12-05__קרן-ממויה__(מסמך ממוחשב) הדפסת חשבונית מרכזת - 25342311079.pdf,5b0cdde8d2c84ec3fa8b6734991068806d4c1b76d44a6d08f093ba32027b06db,FORMAT_B_2019_2021,"ארכה בע""מ",511022493,"מתח ח.י הנדסת חשמל בע""מ",,511022493,,HIGH,HIGH,TEXT_NATIVE
28/11/23,,2023,main_invoices\2023\2023-12-05__קרן-ממויה__(מסמך ממוחשב) הדפסת חשבונית מרכזת - 25342311078.pdf,a5e04c517f328896a88556863658776a48a93171000b88906a767e361ef85e60,FORMAT_B_2019_2021,"ארכה בע""מ",511022493,"מתח ח.י הנדסת חשמל בע""מ",,511022493,,HIGH,HIGH,TEXT_NATIVE
28/11/23,,2023,main_invoices\2023\2023-12-05__קרן-ממויה__(מסמך ממוחשב) הדפסת חשבונית מרכזת - 25342311077.pdf,e2685bae0a44968149dc7813ddc3687c1e116468a56bab89314f3538aad29e0b,FORMAT_B_2019_2021,"ארכה בע""מ",511022493,"מתח ח.י הנדסת חשמל בע""מ",,511022493,,HIGH,LOW,TEXT_NATIVE
2023-12-04,,2023,"main_invoices\2023\2023-12-04__קרן-ממויה__(מסמך ממוחשב) הדפסת חשבונית מרכזת - 25352300718, בגין ח ן 25342.pdf",e1fea9c384c604aca81323a1808b6b886762e5474498ead3339eefa2817aa96f,FORMAT_B_2019_2021,"ארכה בע""מ",511022493,"מתח ח.י הנדסת חשמל בע""מ",,511022493,,HIGH,LOW,TEXT_NATIVE
2023-12-04,,2023,"main_invoices\2023\2023-12-04__קרן-ממויה__(מסמך ממוחשב) הדפסת חשבונית מרכזת - 25352300717, בגין ח ן 25342.pdf",9cc00a39fdabcc03cf6a28f3e3b0b5e48f084897f6e98c04cb46adb50863f846,FORMAT_B_2019_2021,"ארכה בע""מ",511022493,"מתח ח.י הנדסת חשמל בע""מ",,511022493,,HIGH,LOW,TEXT_NATIVE
2023-12-04,,2023,"main_invoices\2023\2023-12-04__קרן-ממויה__(מסמך ממוחשב) הדפסת חשבונית מרכזת - 25352300716, בגין ח ן 25342.pdf",e26a94d5924ec539d2c76dcc38c507e5da9f2d7e39888c439f8e0cf4eb598c5d,FORMAT_B_2019_2021,"ארכה בע""מ",511022493,"מתח ח.י הנדסת חשמל בע""מ",,511022493,,HIGH,LOW,TEXT_NATIVE
2023-12-04,,2023,"main_invoices\2023\2023-12-04__קרן-ממויה__(מסמך ממוחשב) הדפסת חשבונית מרכזת - 25352300715, בגין ח ן 25342.pdf",a1dbe1830bffbaeaffa9ec2a9ca585dcbfc3d1532611a497591ebd877db98365,FORMAT_B_2019_2021,"ארכה בע""מ",511022493,"מתח ח.י הנדסת חשמל בע""מ",,511022493,,HIGH,LOW,TEXT_NATIVE
2023-12-04,,2023,"main_invoices\2023\2023-12-04__קרן-ממויה__(מסמך ממוחשב) הדפסת חשבונית מרכזת - 25352300714, בגין ח ן 25342.pdf",99cb78b13cf5ed23ee389e6ea5eb180e28565fbada5e50ca4100985ec5da4355,FORMAT_B_2019_2021,"ארכה בע""מ",511022493,"מתח ח.י הנדסת חשמל בע""מ",,511022493,,HIGH,LOW,TEXT_NATIVE
2023-11-05,,2023,main_invoices\2023\2023-11-05__קרן-ממויה__(מסמך ממוחשב) הדפסת חשבונית מרכזת - 25352300676.pdf,c19ed49fab2ac4f90e863e0659b3e6b41059af29aca86a651781b94273fe0767,FORMAT_B_2019_2021,"ארכה בע""מ",511022493,"מתח ח.י הנדסת חשמל בע""מ",,511022493,,HIGH,HIGH,TEXT_NATIVE
29/10/23,,2023,"main_invoices\2023\2023-11-05__קרן-ממויה__(מסמך ממוחשב) הדפסת חשבונית מרכזת - 25342310271, חש. מרכזת אוק-.pdf",69a0f585e5dc81625219fa6f92a1639ad128206c43847ea3eb6857f96ca85acc,FORMAT_B_2019_2021,"ארכה בע""מ",511022493,"מתח ח.י הנדסת חשמל בע""מ",,511022493,,HIGH,HIGH,TEXT_NATIVE
29/10/23,,2023,main_invoices\2023\2023-11-05__קרן-ממויה__(מסמך ממוחשב) הדפסת חשבונית מרכזת - 25342310317.pdf,6c7e2730d441d78278294f911faeb39201b419cd2ba0975f1362c2e887ac890e,FORMAT_B_2019_2021,"ארכה בע""מ",511022493,"מתח ח.י הנדסת חשמל בע""מ",,511022493,,HIGH,HIGH,TEXT_NATIVE
29/10/23,,2023,main_invoices\2023\2023-11-05__קרן-ממויה__(מסמך ממוחשב) הדפסת חשבונית מרכזת - 25342310316.pdf,bb34db56769415113e03169c2f35a086c8d6a601687e889366c5647be5146711,FORMAT_B_2019_2021,"ארכה בע""מ",511022493,"מתח ח.י הנדסת חשמל בע""מ",,511022493,,HIGH,HIGH,TEXT_NATIVE
29/10/23,,2023,main_invoices\2023\2023-11-05__קרן-ממויה__(מסמך ממוחשב) הדפסת חשבונית מרכזת - 25342310249.pdf,c84c2f02d136b6384a47647de9986873ea5eb975e7bb1dab78cb42760efdc9cd,FORMAT_B_2019_2021,"ארכה בע""מ",511022493,"מתח ח.י הנדסת חשמל בע""מ",,511022493,,HIGH,HIGH,TEXT_NATIVE
28/09/23,,2023,"main_invoices\2023\2023-10-05__קרן-ממויה__(מסמך ממוחשב) הדפסת חשבונית מרכזת - 25342309511, חש. מרכזת ספט-.pdf",862bfe313a5a1b6cc9903731be743e6f117d729ee91f60028cdea8d2a68358c3,FORMAT_B_2019_2021,"ארכה בע""מ",511022493,"מתח ח.י הנדסת חשמל בע""מ",,511022493,,HIGH,HIGH,TEXT_NATIVE
28/09/23,,2023,main_invoices\2023\2023-10-02__קרן-ממויה__(מסמך ממוחשב) הדפסת חשבונית מרכזת - 25342308697.pdf,b1bd6282c29f44a9f348cffcebcafd71773866a4c42217be512ec3810dd8bd45,FORMAT_B_2019_2021,"ארכה בע""מ",511022493,"מתח ח.י הנדסת חשמל בע""מ",,511022493,,HIGH,HIGH,TEXT_NATIVE
28/09/23,,2023,main_invoices\2023\2023-10-02__קרן-ממויה__(מסמך ממוחשב) הדפסת חשבונית מרכזת - 25342308699.pdf,a7a643466028a3643d80089e03a21ab141030fb30bf2a351fa7f4eaaac0ff856,FORMAT_B_2019_2021,"ארכה בע""מ",511022493,"מתח ח.י הנדסת חשמל בע""מ",,511022493,,HIGH,HIGH,TEXT_NATIVE
28/09/23,,2023,main_invoices\2023\2023-10-02__קרן-ממויה__(מסמך ממוחשב) הדפסת חשבונית מרכזת - 25342308698.pdf,526d95aa846b8ee55dc5a8fca33e879d912a01ffa707c8dc6be444878335e342,FORMAT_B_2019_2021,"ארכה בע""מ",511022493,"מתח ח.י הנדסת חשמל בע""מ",,511022493,,HIGH,HIGH,TEXT_NATIVE
28/09/23,,2023,main_invoices\2023\2023-10-02__קרן-ממויה__(מסמך ממוחשב) הדפסת חשבונית מרכזת - 25342308696.pdf,4790498e531162876053058e6995627fa73747807b56ff88c2ba4e83e5c1f85a,FORMAT_B_2019_2021,"ארכה בע""מ",511022493,"מתח ח.י הנדסת חשמל בע""מ",,511022493,,HIGH,HIGH,TEXT_NATIVE
28/09/23,,2023,main_invoices\2023\2023-10-02__קרן-ממויה__(מסמך ממוחשב) הדפסת חשבונית מרכזת - 25342308695.pdf,6b61343451611b5f459124a00c1bc41cf80af77041a6699cf66d6ea88d14e761,FORMAT_B_2019_2021,"ארכה בע""מ",511022493,"מתח ח.י הנדסת חשמל בע""מ",,511022493,,HIGH,HIGH,TEXT_NATIVE
29/08/23,,2023,main_invoices\2023\2023-09-03__קרן-ממויה__(מסמך ממוחשב) הדפסת חשבונית מרכזת - 25342308014.pdf,03a98d57d16a3a18c0fdb5e173bd6f02b37d694001aff3c915c9d9b692746e84,FORMAT_B_2019_2021,"ארכה בע""מ",511022493,"מתח ח.י הנדסת חשמל בע""מ",,511022493,,HIGH,HIGH,TEXT_NATIVE
29/08/23,,2023,main_invoices\2023\2023-09-03__קרן-ממויה__(מסמך ממוחשב) הדפסת חשבונית מרכזת - 25342308013.pdf,9d7879f175c21133a16f25dbcb7cd9081f23b2a735091e23db74fc4d1fa4dcb5,FORMAT_B_2019_2021,"ארכה בע""מ",511022493,"מתח ח.י הנדסת חשמל בע""מ",,511022493,,HIGH,HIGH,TEXT_NATIVE
29/08/23,,2023,main_invoices\2023\2023-09-03__קרן-ממויה__(מסמך ממוחשב) הדפסת חשבונית מרכזת - 25342308012.pdf,8f97f639ef9990395dcb2f9bb0a0ba1c48461cf1b139d109ca404f9379170ede,FORMAT_B_2019_2021,"ארכה בע""מ",511022493,"מתח ח.י הנדסת חשמל בע""מ",,511022493,,HIGH,HIGH,TEXT_NATIVE
29/08/23,,2023,main_invoices\2023\2023-09-03__קרן-ממויה__(מסמך ממוחשב) הדפסת חשבונית מרכזת - 25342308011.pdf,7503de1acb904dbf8d3785aa4cc71e5788e93ee54619d7a6ff3cc53c1e2de762,FORMAT_B_2019_2021,"ארכה בע""מ",511022493,"מתח ח.י הנדסת חשמל בע""מ",,511022493,,HIGH,HIGH,TEXT_NATIVE
29/08/23,,2023,"main_invoices\2023\2023-09-03__קרן-ממויה__(מסמך ממוחשב) הדפסת חשבונית מרכזת - 25342308010, חש. מרכזת אוג-.pdf",5a8a1a106bd8261369d70f4ca2b88fdfeba1f1241865a62ade705a06a13183ff,FORMAT_B_2019_2021,"ארכה בע""מ",511022493,"מתח ח.י הנדסת חשמל בע""מ",,511022493,,HIGH,HIGH,TEXT_NATIVE
29/08/23,,2023,main_invoices\2023\2023-09-03__קרן-ממויה__(מסמך ממוחשב) הדפסת חשבונית מרכזת - 25342308009.pdf,87df9115cddd54557df99f6b25533369269cc7a37038ec41e8d7004a238ed302,FORMAT_B_2019_2021,"ארכה בע""מ",511022493,"מתח ח.י הנדסת חשמל בע""מ",,511022493,,HIGH,HIGH,TEXT_NATIVE
27/07/23,,2023,"main_invoices\2023\2023-08-02__קרן-ממויה__(מסמך ממוחשב) הדפסת חשבונית מרכזת - 25342306865, חש. מרכזת יול-.pdf",65d20ad3d4cfd411c4f6f6bf794ca708ee4e5c52b1ef75a7958e88a372a083bd,FORMAT_B_2019_2021,"ארכה בע""מ",511022493,"מתח ח.י הנדסת חשמל בע""מ",,511022493,,HIGH,HIGH,TEXT_NATIVE
27/07/23,,2023,main_invoices\2023\2023-08-02__קרן-ממויה__(מסמך ממוחשב) הדפסת חשבונית מרכזת - 25342306863.pdf,536db14897897e46baae9e8ef95d33cf60d7f6b175dd5c7a5bc548b82f5f0e01,FORMAT_B_2019_2021,"ארכה בע""מ",511022493,"מתח ח.י הנדסת חשמל בע""מ",,511022493,,HIGH,HIGH,TEXT_NATIVE
27/07/23,,2023,main_invoices\2023\2023-08-02__קרן-ממויה__(מסמך ממוחשב) הדפסת חשבונית מרכזת - 25342306864.pdf,377b565a5373529366e3ce196b4f2eee8285b7b0d372db00f489b0142e1c7f53,FORMAT_B_2019_2021,"ארכה בע""מ",511022493,"מתח ח.י הנדסת חשמל בע""מ",,511022493,,HIGH,HIGH,TEXT_NATIVE
2023-07-13,,2023,"main_invoices\2023\2023-07-13__קרן-ממויה__(מסמך ממוחשב) הדפסת חשבונית מרכזת - 25352300463, בגין ח ן 25342.pdf",7232a57fecd1e6ec247cb00ac2b827d4ac2337dc807e403a9f256a2c24efdac7,FORMAT_B_2019_2021,"ארכה בע""מ",511022493,"מתח ח.י הנדסת חשמל בע""מ",,511022493,,HIGH,LOW,TEXT_NATIVE
29/06/23,,2023,main_invoices\2023\2023-07-04__קרן-ממויה__(מסמך ממוחשב) הדפסת חשבונית מרכזת - 25342306025.pdf,c35313f1b5a814d4081b58c505cb3c651124307c1944618433b54cd1cd2d1558,FORMAT_B_2019_2021,"ארכה בע""מ",511022493,"מתח ח.י הנדסת חשמל בע""מ",,511022493,,HIGH,HIGH,TEXT_NATIVE
29/06/23,,2023,main_invoices\2023\2023-07-04__קרן-ממויה__(מסמך ממוחשב) הדפסת חשבונית מרכזת - 25342306024.pdf,b970d65bee993b3cc28e2d56344a74f44ad1fe1240feb7c5e62ee5e70cf65d02,FORMAT_B_2019_2021,"ארכה בע""מ",511022493,"מתח ח.י הנדסת חשמל בע""מ",,511022493,,HIGH,HIGH,TEXT_NATIVE
29/06/23,,2023,"main_invoices\2023\2023-07-04__קרן-ממויה__(מסמך ממוחשב) הדפסת חשבונית מרכזת - 25342306022, חש. מרכזת יונ-.pdf",a7aefe1b458be067615b23619c446326932dda637105cf2907758c6864eac2f4,FORMAT_B_2019_2021,"ארכה בע""מ",511022493,"מתח ח.י הנדסת חשמל בע""מ",,511022493,,HIGH,HIGH,TEXT_NATIVE
29/06/23,,2023,main_invoices\2023\2023-07-04__קרן-ממויה__(מסמך ממוחשב) הדפסת חשבונית מרכזת - 25342306023.pdf,bd84a471117e324236facf28275d0d9956ce9758b744e3ab6352be017f5190be,FORMAT_B_2019_2021,"ארכה בע""מ",511022493,"מתח ח.י הנדסת חשמל בע""מ",,511022493,,HIGH,HIGH,TEXT_NATIVE
29/06/23,,2023,main_invoices\2023\2023-07-04__קרן-ממויה__(מסמך ממוחשב) הדפסת חשבונית מרכזת - 25342306021.pdf,63b002af86756d443d3323a1b9e2bf59aeb4871d3349eb0bc2faae0b0f7c84ce,FORMAT_B_2019_2021,"ארכה בע""מ",511022493,"מתח ח.י הנדסת חשמל בע""מ",,511022493,,HIGH,HIGH,TEXT_NATIVE
28/05/23,,2023,"main_invoices\2023\2023-05-31__קרן-ממויה__(מסמך ממוחשב) הדפסת חשבונית מרכזת - 25342304092, חש. מרכזת מאי-.pdf",38a1b73705c8c7ed05a22057dc49146f26010211a2c099cf5724aef505fd479a,FORMAT_B_2019_2021,"ארכה בע""מ",511022493,"מתח ח.י הנדסת חשמל בע""מ",,511022493,,HIGH,HIGH,TEXT_NATIVE
28/05/23,,2023,main_invoices\2023\2023-05-31__קרן-ממויה__(מסמך ממוחשב) הדפסת חשבונית מרכזת - 25342304090.pdf,5d93069182d219710a90fd613e5cb6e7acef5c0b2d79af827ec59ab99a9dc624,FORMAT_B_2019_2021,"ארכה בע""מ",511022493,"מתח ח.י הנדסת חשמל בע""מ",,511022493,,HIGH,HIGH,TEXT_NATIVE
28/05/23,,2023,main_invoices\2023\2023-05-31__קרן-ממויה__(מסמך ממוחשב) הדפסת חשבונית מרכזת - 25342304091.pdf,e11db7441822240f1efb62d636c1e961bddfb82e09e00a04cf94c89f50310893,FORMAT_B_2019_2021,"ארכה בע""מ",511022493,"מתח ח.י הנדסת חשמל בע""מ",,511022493,,HIGH,HIGH,TEXT_NATIVE
28/05/23,,2023,main_invoices\2023\2023-05-31__קרן-ממויה__(מסמך ממוחשב) הדפסת חשבונית מרכזת - 25342304089.pdf,b0921cec1f19a7d074274d559b2d5b19a309b321ff4c616b8ac1860a7f4e8854,FORMAT_B_2019_2021,"ארכה בע""מ",511022493,"מתח ח.י הנדסת חשמל בע""מ",,511022493,,HIGH,HIGH,TEXT_NATIVE
28/05/23,,2023,main_invoices\2023\2023-05-31__קרן-ממויה__(מסמך ממוחשב) הדפסת חשבונית מרכזת - 25342304088.pdf,55515dfcf915a7d68b6960530c1b7ef887e4283878a90abaf01b4e7c61847191,FORMAT_B_2019_2021,"ארכה בע""מ",511022493,"מתח ח.י הנדסת חשמל בע""מ",,511022493,,HIGH,HIGH,TEXT_NATIVE
27/04/23,,2023,"main_invoices\2023\2023-05-03__קרן-ממויה__(מסמך ממוחשב) הדפסת חשבונית מרכזת - 25342303327, חש. מרכזת אפר-.pdf",63e217c4d90eebaf8d7acbe961b1ddaba61cb6703c56ad06d6a778f2300f5add,FORMAT_B_2019_2021,"ארכה בע""מ",511022493,"מתח ח.י הנדסת חשמל בע""מ",,511022493,,HIGH,HIGH,TEXT_NATIVE
27/04/23,,2023,main_invoices\2023\2023-05-03__קרן-ממויה__(מסמך ממוחשב) הדפסת חשבונית מרכזת - 25342303325.pdf,2f71d5e968b436fd117854d9bd7c4a286fe34fb86dc7ddf356c42ae4da698935,FORMAT_B_2019_2021,"ארכה בע""מ",511022493,"מתח ח.י הנדסת חשמל בע""מ",,511022493,,HIGH,HIGH,TEXT_NATIVE
27/04/23,,2023,main_invoices\2023\2023-05-03__קרן-ממויה__(מסמך ממוחשב) הדפסת חשבונית מרכזת - 25342303326.pdf,12efb023c317c94b98397595db20bb5a3c660e83dbff7c5aac098cee1fe6c67d,FORMAT_B_2019_2021,"ארכה בע""מ",511022493,"מתח ח.י הנדסת חשמל בע""מ",,511022493,,HIGH,HIGH,TEXT_NATIVE
27/04/23,,2023,main_invoices\2023\2023-05-03__קרן-ממויה__(מסמך ממוחשב) הדפסת חשבונית מרכזת - 25342303324.pdf,232eb54fba6a11a08e4ab19976d2c41fbe98a87fc44e46fafe63721feea3bd65,FORMAT_B_2019_2021,"ארכה בע""מ",511022493,"מתח ח.י הנדסת חשמל בע""מ",,511022493,,HIGH,HIGH,TEXT_NATIVE
2023-04-13,25352300219,2023,"main_invoices\2023\2023-04-13__קרן-ממויה__(מסמך ממוחשב) הדפסת חשבונית מרכזת - 25352300219, בגין ח ן 25342.pdf",4c431d1b1cb731922b6d4a4e0e9cf27df80a19dfb662bf8884af9578f315c0c4,FORMAT_C_2022_2026,"ארכה בע""מ",511022493,"מתח ח.י הנדסת חשמל בע""מ",,511022493,31,HIGH,LOW,TEXT_NATIVE
2023-04-13,25352300218,2023,"main_invoices\2023\2023-04-13__קרן-ממויה__(מסמך ממוחשב) הדפסת חשבונית מרכזת - 25352300218, בגין ח ן 25342.pdf",69707c773e4eb5e4921d12135eea62ad43644060c9630ddc51e4c51a5e61c35a,FORMAT_C_2022_2026,"ארכה בע""מ",511022493,"מתח ח.י הנדסת חשמל בע""מ",,511022493,31,HIGH,LOW,TEXT_NATIVE
2023-04-13,,2023,main_invoices\2023\2023-04-13__ניר-סאייג__25352300219 - הדפסת חשבונית מרכזת.pdf,d0a1cf0e845ac728304297fdab1b125d2b82376a8592c5d426a8920f6408af87,FORMAT_A_2017_2018,"ארכה בע""מ",511022493,"מתח ח.י הנדסת חשמל בע""מ",,511022493,31,HIGH,LOW,TEXT_NATIVE
2023-04-13,,2023,main_invoices\2023\2023-04-13__ניר-סאייג__25352300218 - הדפסת חשבונית מרכזת.pdf,6db7f248359ed68c9d0466529480693f79edde2072320f731a78e773d0c8fcd7,FORMAT_A_2017_2018,"ארכה בע""מ",511022493,"מתח ח.י הנדסת חשמל בע""מ",,511022493,31,HIGH,LOW,TEXT_NATIVE
29/03/23,25342302717,2023,"main_invoices\2023\2023-04-09__קרן-ממויה__(מסמך ממוחשב) הדפסת חשבונית מרכזת - 25342302717, חש. מרכזת מרץ-.pdf",d4bd25a899f9f018ad4de7ea47cbf99459e3b2b382655f45c27f668e92d9ba19,FORMAT_A_2017_2018,"ארכה בע""מ",511022493,"מתח ח.י הנדסת חשמל בע""מ",,511022493,30,HIGH,HIGH,TEXT_NATIVE
29/03/23,25342302619,2023,main_invoices\2023\2023-04-09__קרן-ממויה__(מסמך ממוחשב) הדפסת חשבונית מרכזת - 25342302619.pdf,badb10ee03d4ffc75bc02253273d2780b72ed69d224cf4dd869577b98eb38e44,FORMAT_B_2019_2021,"ארכה בע""מ",511022493,"מתח ח.י הנדסת חשמל בע""מ",,511022493,30,HIGH,HIGH,TEXT_NATIVE
29/03/23,25342302618,2023,main_invoices\2023\2023-04-09__קרן-ממויה__(מסמך ממוחשב) הדפסת חשבונית מרכזת - 25342302618.pdf,eb1a509dcb4386df0ffbcd25a73ac7cbc11f8d438fbf6170cd9c61844fa64848,FORMAT_C_2022_2026,"ארכה בע""מ",511022493,"מתח ח.י הנדסת חשמל בע""מ",,511022493,30,HIGH,HIGH,TEXT_NATIVE
29/03/23,25342302616,2023,main_invoices\2023\2023-04-09__קרן-ממויה__(מסמך ממוחשב) הדפסת חשבונית מרכזת - 25342302616.pdf,c1a33e01c0f8b1900978eee8ffef5fb814d54a79544d2b1ddaa9cc33e3b30324,FORMAT_C_2022_2026,"ארכה בע""מ",511022493,"מתח ח.י הנדסת חשמל בע""מ",,511022493,30,HIGH,HIGH,TEXT_NATIVE
29/03/23,25342302617,2023,main_invoices\2023\2023-04-09__קרן-ממויה__(מסמך ממוחשב) הדפסת חשבונית מרכזת - 25342302617.pdf,673de930865086f48236d9052d94c869f0e2238be0b59d5bae07ecb1fd43761c,FORMAT_C_2022_2026,"ארכה בע""מ",511022493,"מתח ח.י הנדסת חשמל בע""מ",,511022493,30,HIGH,LOW,TEXT_NATIVE
2023-04-04,25602301348,2023,main_invoices\2023\2023-04-04__קרן-ממויה__(מסמך ממוחשב) הדפסת קבלה - 25602301348.pdf,f39015e4209827f7ef0173a993ee48af8a499229c2867b314da67d2e315825f1,FORMAT_A_2017_2018,"ארכה בע""מ",511022493,"מתח ח.י הנדסת חשמל בע""מ",,511022493,,MEDIUM,LOW,TEXT_NATIVE
28/02/23,,2023,main_invoices\2023\2023-03-05__קרן-ממויה__(מסמך ממוחשב) הדפסת חשבונית מרכזת - 25342301552.pdf,7e6bb9a38228019c726f84e39300eaec0893bde3f75d5a6cad2e0656bf822e67,FORMAT_B_2019_2021,"ארכה בע""מ",511022493,"מתח ח.י הנדסת חשמל בע""מ",,511022493,,HIGH,HIGH,TEXT_NATIVE
28/02/23,,2023,main_invoices\2023\2023-03-05__קרן-ממויה__(מסמך ממוחשב) הדפסת חשבונית מרכזת - 25342301553.pdf,8edd7a1c28d5f2b6cd7381a30bc45add55a33da26b1a65b3cac898202b644637,FORMAT_B_2019_2021,"ארכה בע""מ",511022493,"מתח ח.י הנדסת חשמל בע""מ",,511022493,,HIGH,HIGH,TEXT_NATIVE
28/02/23,,2023,"main_invoices\2023\2023-03-05__קרן-ממויה__(מסמך ממוחשב) הדפסת חשבונית מרכזת - 25342301550, חש. מרכזת פבר-.pdf",945b3e7ce5209c8f6b2e041258364318de93900a4105407f1d68fdd2485d0985,FORMAT_B_2019_2021,"ארכה בע""מ",511022493,"מתח ח.י הנדסת חשמל בע""מ",,511022493,,HIGH,HIGH,TEXT_NATIVE
28/02/23,,2023,main_invoices\2023\2023-03-05__קרן-ממויה__(מסמך ממוחשב) הדפסת חשבונית מרכזת - 25342301551.pdf,4628ed908427a597bcf21c3eb734fb8e2da9151e7e9307c04969bc6c296e56d3,FORMAT_B_2019_2021,"ארכה בע""מ",511022493,"מתח ח.י הנדסת חשמל בע""מ",,511022493,,HIGH,HIGH,TEXT_NATIVE
28/02/23,,2023,main_invoices\2023\2023-03-05__קרן-ממויה__(מסמך ממוחשב) הדפסת חשבונית מרכזת - 25342301549.pdf,f79aeaf5ae4da86806a7749f9bcb0286c620066aa31f7ac140c9bd757becbe9d,FORMAT_B_2019_2021,"ארכה בע""מ",511022493,"מתח ח.י הנדסת חשמל בע""מ",,511022493,,HIGH,HIGH,TEXT_NATIVE
28/02/23,,2023,main_invoices\2023\2023-03-02__קרן-ממויה__(מסמך ממוחשב) הדפסת חשבונית מרכזת - 25342301304.pdf,25f3291e3b23128f9bbff3d15821c3e89c6ef616683e2564b4522392ef39ccc8,FORMAT_B_2019_2021,"ארכה בע""מ",511022493,"מתח ח.י הנדסת חשמל בע""מ",,511022493,,HIGH,HIGH,TEXT_NATIVE
28/02/23,,2023,main_invoices\2023\2023-03-02__קרן-ממויה__(מסמך ממוחשב) הדפסת חשבונית מרכזת - 25342301303.pdf,52a8d42e7853697d74c6164b0c639abcf8c3db709c0ed2930a23d0c07e9eefdb,FORMAT_B_2019_2021,"ארכה בע""מ",511022493,"מתח ח.י הנדסת חשמל בע""מ",,511022493,,HIGH,HIGH,TEXT_NATIVE
2023-02-05,,2023,"main_invoices\2023\2023-02-05__קרן-ממויה__(מסמך ממוחשב) הדפסת חשבונית מרכזת - 25352300080, בגין ח ן 25342.pdf",6a425e43c5233aa4eca3fbc4087dfb585cee0fcdb506c998a274e9a190a62909,FORMAT_B_2019_2021,"ארכה בע""מ",511022493,"מתח ח.י הנדסת חשמל בע""מ",,511022493,,HIGH,LOW,TEXT_NATIVE
2023-02-05,,2023,"main_invoices\2023\2023-02-05__קרן-ממויה__(מסמך ממוחשב) הדפסת חשבונית מרכזת - 25352300079, בגין ח ן 25342.pdf",7569c35e23e30aed1a841ea53d2c52fccf810ce8bc96ccedc99bbc6f8c18564b,FORMAT_B_2019_2021,"ארכה בע""מ",511022493,"מתח ח.י הנדסת חשמל בע""מ",,511022493,,HIGH,LOW,TEXT_NATIVE
29/12/22,,2023,main_invoices\2023\2023-01-01__מרי-גבאי__(מסמך ממוחשב) הדפסת חשבונית מרכזת - 25342210321.pdf,c5b5992bf463f266845c20baf95b829b4e77b354ef794b006107f874cacad380,FORMAT_B_2019_2021,"ארכה בע""מ",511022493,"מתח ח.י הנדסת חשמל בע""מ",,511022493,,HIGH,HIGH,TEXT_NATIVE
29/12/22,,2023,main_invoices\2023\2023-01-01__מרי-גבאי__(מסמך ממוחשב) הדפסת חשבונית מרכזת - 25342210318.pdf,17713664238c6beb9bab3186b7690ffbd30f7374b0befec0cda4efea9fec4617,FORMAT_B_2019_2021,"ארכה בע""מ",511022493,"מתח ח.י הנדסת חשמל בע""מ",,511022493,,HIGH,HIGH,TEXT_NATIVE
29/12/22,,2023,main_invoices\2023\2023-01-01__מרי-גבאי__(מסמך ממוחשב) הדפסת חשבונית מרכזת - 25342210320.pdf,dbe1a5237a81d863a2eb56c666c3ec1492b41ee4694d39c76142c2daf61e8fcd,FORMAT_B_2019_2021,"ארכה בע""מ",511022493,"מתח ח.י הנדסת חשמל בע""מ",,511022493,,HIGH,HIGH,TEXT_NATIVE
29/12/22,,2023,main_invoices\2023\2023-01-01__מרי-גבאי__(מסמך ממוחשב) הדפסת חשבונית מרכזת - 25342210319.pdf,3cf623d85a74c9a39b2decf9ab26902c705983694af8fe94999b14ef086d9821,FORMAT_B_2019_2021,"ארכה בע""מ",511022493,"מתח ח.י הנדסת חשמל בע""מ",,511022493,,HIGH,HIGH,TEXT_NATIVE
29/12/22,,2023,main_invoices\2023\2023-01-01__מרי-גבאי__(מסמך ממוחשב) הדפסת חשבונית מרכזת - 25342210317.pdf,c78d2fb28dacb9d840896c5d551c8e46d7e8f2e109724bdf02d805b52bb78c49,FORMAT_B_2019_2021,"ארכה בע""מ",511022493,"מתח ח.י הנדסת חשמל בע""מ",,511022493,,HIGH,HIGH,TEXT_NATIVE
29/12/22,,2023,main_invoices\2023\2023-01-01__מרי-גבאי__(מסמך ממוחשב) הדפסת חשבונית מרכזת - 25342210304.pdf,3bcd00d759a5311e67a06e4bd25bae9e093c75fa0e2307347ae1e1dfb1e09df7,FORMAT_B_2019_2021,"ארכה בע""מ",511022493,"מתח ח.י הנדסת חשמל בע""מ",,511022493,,HIGH,HIGH,TEXT_NATIVE
27/11/22,,2022,main_invoices\2022\2022-11-30__מרי-גבאי__(מסמך ממוחשב) הדפסת חשבונית מרכזת - 25342209304.pdf,400377675f6728bdc3a98e547e11a08dba5ee526d8bee5aedf06b0e4dfca7b15,FORMAT_B_2019_2021,"ארכה בע""מ",511022493,"מתח ח.י הנדסת חשמל בע""מ",,511022493,,HIGH,HIGH,TEXT_NATIVE
27/11/22,,2022,main_invoices\2022\2022-11-30__מרי-גבאי__(מסמך ממוחשב) הדפסת חשבונית מרכזת - 25342209303.pdf,48a2a42e57551baa18f0b74d981fd3a4619d4441fc4fbd1d7bd23a179bc3fefb,FORMAT_B_2019_2021,"ארכה בע""מ",511022493,"מתח ח.י הנדסת חשמל בע""מ",,511022493,,HIGH,HIGH,TEXT_NATIVE
27/11/22,,2022,main_invoices\2022\2022-11-30__מרי-גבאי__(מסמך ממוחשב) הדפסת חשבונית מרכזת - 25342209302.pdf,b5872fdcc2c9ee3b13363067bd2f218f7a8bb60486649004e66284f711d13d01,FORMAT_B_2019_2021,"ארכה בע""מ",511022493,"מתח ח.י הנדסת חשמל בע""מ",,511022493,,HIGH,HIGH,TEXT_NATIVE
27/11/22,,2022,main_invoices\2022\2022-11-30__מרי-גבאי__(מסמך ממוחשב) הדפסת חשבונית מרכזת - 25342209301.pdf,b119d737cc47ecf3cdb2b5b0693869aec07f779038e38558362cd1892d394778,FORMAT_B_2019_2021,"ארכה בע""מ",511022493,"מתח ח.י הנדסת חשמל בע""מ",,511022493,,HIGH,HIGH,TEXT_NATIVE
27/10/22,,2022,"main_invoices\2022\2022-11-03__מרי-גבאי__(מסמך ממוחשב) הדפסת חשבונית מרכזת - 25342208640, חש. מרכזת אוק-.pdf",12b22ff16e05e4b20ede39065b175bfffce3df14e8a4c0012731222dc92dd74e,FORMAT_B_2019_2021,"ארכה בע""מ",511022493,"מתח ח.י הנדסת חשמל בע""מ",,511022493,,HIGH,HIGH,TEXT_NATIVE
27/10/22,,2022,main_invoices\2022\2022-11-03__מרי-גבאי__(מסמך ממוחשב) הדפסת חשבונית מרכזת - 25342208221.pdf,f0dae872475e97b7e4f6c1b9e033a65e25b096b9176a83f98f93b422f61d0597,FORMAT_B_2019_2021,"ארכה בע""מ",511022493,"מתח ח.י הנדסת חשמל בע""מ",,511022493,,HIGH,HIGH,TEXT_NATIVE
27/10/22,,2022,main_invoices\2022\2022-11-03__מרי-גבאי__(מסמך ממוחשב) הדפסת חשבונית מרכזת - 25342208219.pdf,5c7386d8228ad4eaa0e12c52826b3c223bcfed4dc99dd2cf36bdd4b6238e4dd7,FORMAT_B_2019_2021,"ארכה בע""מ",511022493,"מתח ח.י הנדסת חשמל בע""מ",,511022493,,HIGH,HIGH,TEXT_NATIVE
27/10/22,,2022,main_invoices\2022\2022-11-03__מרי-גבאי__(מסמך ממוחשב) הדפסת חשבונית מרכזת - 25342208220.pdf,5f4ad79205a509a75911ed6cce8372dc49c8177180fb810c478add9e86c48a35,FORMAT_B_2019_2021,"ארכה בע""מ",511022493,"מתח ח.י הנדסת חשמל בע""מ",,511022493,,HIGH,HIGH,TEXT_NATIVE
27/10/22,,2022,main_invoices\2022\2022-11-03__מרי-גבאי__(מסמך ממוחשב) הדפסת חשבונית מרכזת - 25342208218.pdf,7a48557254503d0aa1692611d527ed5b5349320e787348858fff935769a6c61c,FORMAT_B_2019_2021,"ארכה בע""מ",511022493,"מתח ח.י הנדסת חשמל בע""מ",,511022493,,HIGH,HIGH,TEXT_NATIVE
28/09/22,,2022,"main_invoices\2022\2022-10-03__קרן-ממויה__(מסמך ממוחשב) הדפסת חשבונית מרכזת - 25342207830, חש. מרכזת ספט-.pdf",76113191b7a8131507782019eb625755baf9d73c7e71ddec2208663e30ec6694,FORMAT_B_2019_2021,"ארכה בע""מ",511022493,"מתח ח.י הנדסת חשמל בע""מ",,511022493,,HIGH,HIGH,TEXT_NATIVE
28/09/22,,2022,main_invoices\2022\2022-10-03__קרן-ממויה__(מסמך ממוחשב) הדפסת חשבונית מרכזת - 25342207829.pdf,4c29d16cdc7886f1dd2ea1f624df4c62067557df25dccf13688b60dffaef1fa1,FORMAT_B_2019_2021,"ארכה בע""מ",511022493,"מתח ח.י הנדסת חשמל בע""מ",,511022493,,HIGH,HIGH,TEXT_NATIVE
28/09/22,,2022,main_invoices\2022\2022-10-03__קרן-ממויה__(מסמך ממוחשב) הדפסת חשבונית מרכזת - 25342207421.pdf,87df30b3f6992c61316a233508de3342fd58f7bad328a8f6fd26062eb1c7f8be,FORMAT_B_2019_2021,"ארכה בע""מ",511022493,"מתח ח.י הנדסת חשמל בע""מ",,511022493,,HIGH,HIGH,TEXT_NATIVE
28/09/22,,2022,main_invoices\2022\2022-10-03__קרן-ממויה__(מסמך ממוחשב) הדפסת חשבונית מרכזת - 25342207420.pdf,b946c4f886cbe8630b8c1b343ebd50e46c1fc600fa1614ea35e37cd348cc9ed6,FORMAT_B_2019_2021,"ארכה בע""מ",511022493,"מתח ח.י הנדסת חשמל בע""מ",,511022493,,HIGH,HIGH,TEXT_NATIVE
28/09/22,,2022,main_invoices\2022\2022-10-03__קרן-ממויה__(מסמך ממוחשב) הדפסת חשבונית מרכזת - 25342207418.pdf,45b382892cc0daa9c3a8a049bb98a878aaed2ce2299b0f8ea4a8199ecb4594c9,FORMAT_B_2019_2021,"ארכה בע""מ",511022493,"מתח ח.י הנדסת חשמל בע""מ",,511022493,,HIGH,HIGH,TEXT_NATIVE
28/09/22,,2022,main_invoices\2022\2022-10-03__קרן-ממויה__(מסמך ממוחשב) הדפסת חשבונית מרכזת - 25342207419.pdf,a74bc933ec2b57301c5eff96875273557a0c98ef7bf892b4e48f033247e1099e,FORMAT_B_2019_2021,"ארכה בע""מ",511022493,"מתח ח.י הנדסת חשמל בע""מ",,511022493,,HIGH,HIGH,TEXT_NATIVE
2022-09-12,25602204205,2022,main_invoices\2022\2022-09-12__קרן-ממויה__(מסמך ממוחשב) הדפסת קבלה - 25602204205.pdf,bc9aad40436b2d5539df02a51ce278d1227cbfa0d22d3b5c397b5e7e4fdf8b8e,FORMAT_A_2017_2018,"ארכה בע""מ",511022493,"מתח ח.י הנדסת חשמל בע""מ",,511022493,,MEDIUM,LOW,TEXT_NATIVE
25/08/22,,2022,"main_invoices\2022\2022-08-31__קרן-ממויה__(מסמך ממוחשב) הדפסת חשבונית מרכזת - 25342206986, חש. מרכזת אוג-.pdf",85368ea2fd7b16f5caf6eb399b615f40762b519be835850def692435bb46389d,FORMAT_B_2019_2021,"ארכה בע""מ",511022493,"מתח ח.י הנדסת חשמל בע""מ",,511022493,,HIGH,HIGH,TEXT_NATIVE
25/08/22,,2022,main_invoices\2022\2022-08-29__קרן-ממויה__(מסמך ממוחשב) הדפסת חשבונית מרכזת - 25342206369.pdf,286e151021b58d08e81a6dd178200ff665bf60a7ca735f92c5e0e67bada2fd68,FORMAT_B_2019_2021,"ארכה בע""מ",511022493,"מתח ח.י הנדסת חשמל בע""מ",,511022493,,HIGH,HIGH,TEXT_NATIVE
25/08/22,,2022,main_invoices\2022\2022-08-29__קרן-ממויה__(מסמך ממוחשב) הדפסת חשבונית מרכזת - 25342206368.pdf,5730e666891218f62e4154395b8cfa90bcbc799a0f60b0c6cd882f58b9dd4011,FORMAT_B_2019_2021,"ארכה בע""מ",511022493,"מתח ח.י הנדסת חשמל בע""מ",,511022493,,HIGH,HIGH,TEXT_NATIVE
25/08/22,,2022,main_invoices\2022\2022-08-29__קרן-ממויה__(מסמך ממוחשב) הדפסת חשבונית מרכזת - 25342206367.pdf,a95e215aaccdd664400c7425b50591a7c3c827e05319a80bacd8cd08d04e4c90,FORMAT_B_2019_2021,"ארכה בע""מ",511022493,"מתח ח.י הנדסת חשמל בע""מ",,511022493,,HIGH,HIGH,TEXT_NATIVE
25/08/22,,2022,main_invoices\2022\2022-08-29__קרן-ממויה__(מסמך ממוחשב) הדפסת חשבונית מרכזת - 25342206366.pdf,88afb5ade5aecd8e70f294601c611911c2c57e2605c91b5723cc59b6de478755,FORMAT_B_2019_2021,"ארכה בע""מ",511022493,"מתח ח.י הנדסת חשמל בע""מ",,511022493,,HIGH,HIGH,TEXT_NATIVE
26/07/22,25342205934,2022,"main_invoices\2022\2022-07-31__קרן-ממויה__(מסמך ממוחשב) הדפסת חשבונית מרכזת - 25342205934, חש. מרכזת יול-.pdf",00e05e26186a8315a3b3a716d89c278979cecb5441d9565222be0a29c7d23347,FORMAT_C_2022_2026,"ארכה בע""מ",511022493,"מתח ח.י הנדסת חשמל בע""מ",,511022493,31,HIGH,HIGH,TEXT_NATIVE
2022-07-31,25352200381,2022,main_invoices\2022\2022-07-31__קרן-ממויה__(מסמך ממוחשב) הדפסת חשבונית מרכזת - 25352200381.pdf,6d8e4d717b61f7defe1a4003142af410d96e2d0ed000f3d969bcd9b002066f8d,FORMAT_A_2017_2018,"ארכה בע""מ",511022493,"מתח ח.י הנדסת חשמל בע""מ",,511022493,31,HIGH,LOW,TEXT_NATIVE
26/07/22,,2022,main_invoices\2022\2022-07-28__קרן-ממויה__(מסמך ממוחשב) הדפסת חשבונית מרכזת - 25342205657.pdf,1dbbecdb489456f4de462ab24cb6944d1157797d08fb4c2c933e233ec123b245,FORMAT_B_2019_2021,"ארכה בע""מ",511022493,"מתח ח.י הנדסת חשמל בע""מ",,511022493,,HIGH,HIGH,TEXT_NATIVE
26/07/22,,2022,main_invoices\2022\2022-07-28__קרן-ממויה__(מסמך ממוחשב) הדפסת חשבונית מרכזת - 25342205656.pdf,e7d450a3d5c86e2a4c4c6002d482b25ee51f7836d215ad8452b71d514f6febd2,FORMAT_B_2019_2021,"ארכה בע""מ",511022493,"מתח ח.י הנדסת חשמל בע""מ",,511022493,,HIGH,LOW,TEXT_NATIVE
26/07/22,,2022,main_invoices\2022\2022-07-28__קרן-ממויה__(מסמך ממוחשב) הדפסת חשבונית מרכזת - 25342205655.pdf,af777ccdcc3c3c2eb6cf47abf0b2b951fb5789507f135e589cdf6cc13e440ae2,FORMAT_B_2019_2021,"ארכה בע""מ",511022493,"מתח ח.י הנדסת חשמל בע""מ",,511022493,,HIGH,HIGH,TEXT_NATIVE
27/06/22,,2022,"main_invoices\2022\2022-07-04__קרן-ממויה__(מסמך ממוחשב) הדפסת חשבונית מרכזת - 25342204942, חש. מרכזת יונ-.pdf",db1df5fa10f3e2efcd92c53b61c4554ecb7f4804c42e9953d9d41a08daadf586,FORMAT_B_2019_2021,"ארכה בע""מ",511022493,"מתח ח.י הנדסת חשמל בע""מ",,511022493,,HIGH,HIGH,TEXT_NATIVE
27/06/22,,2022,main_invoices\2022\2022-07-04__קרן-ממויה__(מסמך ממוחשב) הדפסת חשבונית מרכזת - 25342204940.pdf,94e18c17a9b28c4b0cfa3d9a1d285a186443705d09e3ee26bb6809582c893567,FORMAT_B_2019_2021,"ארכה בע""מ",511022493,"מתח ח.י הנדסת חשמל בע""מ",,511022493,,HIGH,HIGH,TEXT_NATIVE
2022-07-04,,2022,"main_invoices\2022\2022-07-04__קרן-ממויה__(מסמך ממוחשב) הדפסת חשבונית מרכזת - 25352200337, בגין ח ן 25342.pdf",ef6bbdec4570bcacae86b42c662a318d0161c525ae4c466591ab9c95894fb1e3,FORMAT_B_2019_2021,"ארכה בע""מ",511022493,"מתח ח.י הנדסת חשמל בע""מ",,511022493,,HIGH,LOW,TEXT_NATIVE
27/06/22,,2022,main_invoices\2022\2022-07-04__קרן-ממויה__(מסמך ממוחשב) הדפסת חשבונית מרכזת - 25342204939.pdf,990128bf4aa07b633393e921dc1b96029bfe41e62b8ad85125f1b3088c4e922f,FORMAT_B_2019_2021,"ארכה בע""מ",511022493,"מתח ח.י הנדסת חשמל בע""מ",,511022493,,HIGH,HIGH,TEXT_NATIVE
27/06/22,,2022,main_invoices\2022\2022-07-04__קרן-ממויה__(מסמך ממוחשב) הדפסת חשבונית מרכזת - 25342204941.pdf,bd9de022824703fc2004cd8ba67515a41828e51b00f2938429abf9aaf38b6238,FORMAT_B_2019_2021,"ארכה בע""מ",511022493,"מתח ח.י הנדסת חשמל בע""מ",,511022493,,HIGH,HIGH,TEXT_NATIVE
27/06/22,,2022,main_invoices\2022\2022-07-04__קרן-ממויה__(מסמך ממוחשב) הדפסת חשבונית מרכזת - 25342204938.pdf,55d05f3c70f05c853b45350af218c85f1a9ecd5ebf24541f8cee7f8d432e48ee,FORMAT_B_2019_2021,"ארכה בע""מ",511022493,"מתח ח.י הנדסת חשמל בע""מ",,511022493,,HIGH,HIGH,TEXT_NATIVE
2022-05-31,,2022,"main_invoices\2022\2022-05-31__קרן-ממויה__(מסמך ממוחשב) הדפסת חשבונית מרכזת - 25352200256, בגין ח ן 25342.pdf",2879a05209443b0733ead5613c686800165669690f2c2c59e03160400a874c3d,FORMAT_B_2019_2021,"ארכה בע""מ",511022493,"מתח ח.י הנדסת חשמל בע""מ",,511022493,,HIGH,LOW,TEXT_NATIVE
2022-05-31,,2022,"main_invoices\2022\2022-05-31__קרן-ממויה__(מסמך ממוחשב) הדפסת חשבונית מרכזת - 25352200255, בגין ח ן 25342.pdf",42fdaec18ae433f0a3003e6279cf0561f91656402bcda219d82f1cd2a5a31588,FORMAT_B_2019_2021,"ארכה בע""מ",511022493,"מתח ח.י הנדסת חשמל בע""מ",,511022493,,HIGH,LOW,TEXT_NATIVE
29/05/22,,2022,"main_invoices\2022\2022-05-30__קרן-ממויה__(מסמך ממוחשב) הדפסת חשבונית מרכזת - 25342203602, חש. מרכזת מאי-.pdf",e6f4856f4be2b1a31950a67e794ac07c2a14c0ddb08afd0bad3948ce8f2e407b,FORMAT_B_2019_2021,"ארכה בע""מ",511022493,"מתח ח.י הנדסת חשמל בע""מ",,511022493,,HIGH,HIGH,TEXT_NATIVE
29/05/22,,2022,main_invoices\2022\2022-05-30__קרן-ממויה__(מסמך ממוחשב) הדפסת חשבונית מרכזת - 25342203600.pdf,c8ede99a5eb1cda3e8b7708f87a6933d71b4437afee810451330110b609884bb,FORMAT_B_2019_2021,"ארכה בע""מ",511022493,"מתח ח.י הנדסת חשמל בע""מ",,511022493,,HIGH,HIGH,TEXT_NATIVE
29/05/22,,2022,main_invoices\2022\2022-05-30__קרן-ממויה__(מסמך ממוחשב) הדפסת חשבונית מרכזת - 25342203601.pdf,871484873cb15cff5aee9317e020a72041e9a8848ca30995ac411d362e973b9a,FORMAT_B_2019_2021,"ארכה בע""מ",511022493,"מתח ח.י הנדסת חשמל בע""מ",,511022493,,HIGH,HIGH,TEXT_NATIVE
29/05/22,,2022,main_invoices\2022\2022-05-30__קרן-ממויה__(מסמך ממוחשב) הדפסת חשבונית מרכזת - 25342203599.pdf,92a3b374a1477cd86b98aecc17cf1eb7e38154fe6d194ad708cb630133fbdd27,FORMAT_B_2019_2021,"ארכה בע""מ",511022493,"מתח ח.י הנדסת חשמל בע""מ",,511022493,,HIGH,HIGH,TEXT_NATIVE
27/04/22,,2022,"main_invoices\2022\2022-05-02__קרן-ממויה__(מסמך ממוחשב) הדפסת חשבונית מרכזת - 25342203100, חש. מרכזת אפר-.pdf",fff46ce0eb32e8a18f90eacbf355c0f51f764a7c0ad69b0ecdcf048a6c82702b,FORMAT_B_2019_2021,"ארכה בע""מ",511022493,"מתח ח.י הנדסת חשמל בע""מ",,511022493,,HIGH,HIGH,TEXT_NATIVE
27/04/22,,2022,main_invoices\2022\2022-05-02__קרן-ממויה__(מסמך ממוחשב) הדפסת חשבונית מרכזת - 25342202956.pdf,0551c655db4e83b89ec3531d3e4b5f5f196bee2ceae93a24f14a98386f1effc4,FORMAT_B_2019_2021,"ארכה בע""מ",511022493,"מתח ח.י הנדסת חשמל בע""מ",,511022493,,HIGH,HIGH,TEXT_NATIVE
27/04/22,,2022,main_invoices\2022\2022-05-02__קרן-ממויה__(מסמך ממוחשב) הדפסת חשבונית מרכזת - 25342202957.pdf,9810bf2e9ff74085a41171f230a46d90ca4ffba5cbd854a7255b4320a84bb7cb,FORMAT_B_2019_2021,"ארכה בע""מ",511022493,"מתח ח.י הנדסת חשמל בע""מ",,511022493,,HIGH,HIGH,TEXT_NATIVE
27/04/22,,2022,main_invoices\2022\2022-05-02__קרן-ממויה__(מסמך ממוחשב) הדפסת חשבונית מרכזת - 25342202955.pdf,5d02f67080ed244c3cbfc9e662f775a257d9f71ec32702bb465131dad2787d0e,FORMAT_B_2019_2021,"ארכה בע""מ",511022493,"מתח ח.י הנדסת חשמל בע""מ",,511022493,,HIGH,HIGH,TEXT_NATIVE
27/04/22,,2022,main_invoices\2022\2022-05-02__קרן-ממויה__(מסמך ממוחשב) הדפסת חשבונית מרכזת - 25342202954.pdf,72a8d22996b2773f4eff8a1fd6b4abe61073355870bde23a9a004941fecb64e2,FORMAT_B_2019_2021,"ארכה בע""מ",511022493,"מתח ח.י הנדסת חשמל בע""מ",,511022493,,HIGH,HIGH,TEXT_NATIVE
24/02/22,,2022,main_invoices\2022\2022-03-01__קרן-ממויה__(מסמך ממוחשב) הדפסת חשבונית מרכזת - 25342201616.pdf,6aae1b2d61f7983dc9acc4d76d7b9a3ea77aeb24277ab90a7477275882ae37cc,FORMAT_A_2017_2018,"ארכה בע""מ",511022493,"מתח ח.י הנדסת חשמל בע""מ",,511022493,,HIGH,HIGH,TEXT_NATIVE
24/02/22,,2022,main_invoices\2022\2022-03-01__קרן-ממויה__(מסמך ממוחשב) הדפסת חשבונית מרכזת - 25342201614.pdf,c63aea549053bb104eb147022873a565611b528022c36329730b1c30c0edf513,FORMAT_A_2017_2018,"ארכה בע""מ",511022493,"מתח ח.י הנדסת חשמל בע""מ",,511022493,,HIGH,HIGH,TEXT_NATIVE
24/02/22,,2022,"main_invoices\2022\2022-03-01__קרן-ממויה__(מסמך ממוחשב) הדפסת חשבונית מרכזת - 25342201495, חש. מרכזת פבר-.pdf",b0d18085aafdda09edb2a63910c1f8562b8ce54e049b9b101869e1836c2a866f,FORMAT_A_2017_2018,"ארכה בע""מ",511022493,"מתח ח.י הנדסת חשמל בע""מ",,511022493,,HIGH,HIGH,TEXT_NATIVE
24/02/22,,2022,main_invoices\2022\2022-03-01__קרן-ממויה__(מסמך ממוחשב) הדפסת חשבונית מרכזת - 25342201493.pdf,1a505cb542d0fa5a6721dab91fd0099486dd65c3da13464d5a88a48678c2e74a,FORMAT_B_2019_2021,"ארכה בע""מ",511022493,"מתח ח.י הנדסת חשמל בע""מ",,511022493,,HIGH,HIGH,TEXT_NATIVE
24/02/22,,2022,main_invoices\2022\2022-03-01__קרן-ממויה__(מסמך ממוחשב) הדפסת חשבונית מרכזת - 25342201494.pdf,1d34994b427e52ef2098251f8e0f28ec55d7d0a1ecf3efb35aaab130c4ab28b1,FORMAT_A_2017_2018,"ארכה בע""מ",511022493,"מתח ח.י הנדסת חשמל בע""מ",,511022493,,HIGH,HIGH,TEXT_NATIVE
24/02/22,,2022,main_invoices\2022\2022-03-01__קרן-ממויה__(מסמך ממוחשב) הדפסת חשבונית מרכזת - 25342201492.pdf,f037631c2fe44988724503ce57f2eda04430e3ee081e83e3ae2bd49c7b10367b,FORMAT_A_2017_2018,"ארכה בע""מ",511022493,"מתח ח.י הנדסת חשמל בע""מ",,511022493,,HIGH,HIGH,TEXT_NATIVE
26/01/22,,2022,"main_invoices\2022\2022-01-30__קרן-ממויה__(מסמך ממוחשב) הדפסת חשבונית מרכזת - 25342200135, חש. מרכזת ינו-.pdf",7bf5de47c278b13506590d9cb98dce1713cbaacd3edf029e40e6ccfea2db28e7,FORMAT_B_2019_2021,"ארכה בע""מ",511022493,"מתח ח.י הנדסת חשמל בע""מ",,511022493,,HIGH,HIGH,TEXT_NATIVE
26/01/22,,2022,main_invoices\2022\2022-01-30__קרן-ממויה__(מסמך ממוחשב) הדפסת חשבונית מרכזת - 25342200133.pdf,4a0365792c4b9db2e9353eabfd962f71271341799ed99b744b7c1ed42ed47c3a,FORMAT_A_2017_2018,"ארכה בע""מ",511022493,"מתח ח.י הנדסת חשמל בע""מ",,511022493,,HIGH,HIGH,TEXT_NATIVE
26/01/22,,2022,main_invoices\2022\2022-01-30__קרן-ממויה__(מסמך ממוחשב) הדפסת חשבונית מרכזת - 25342200134.pdf,ce89da261e3e18700254bbbdb543b01ab95c85a8f0f5957610b53a81d9b97bb6,FORMAT_A_2017_2018,"ארכה בע""מ",511022493,"מתח ח.י הנדסת חשמל בע""מ",,511022493,,HIGH,HIGH,TEXT_NATIVE
26/01/22,,2022,main_invoices\2022\2022-01-30__קרן-ממויה__(מסמך ממוחשב) הדפסת חשבונית מרכזת - 25342200132.pdf,982c33d9c7a726c8a5929c24c4137aadf452f8f3ad6510e520811c007019f08a,FORMAT_A_2017_2018,"ארכה בע""מ",511022493,"מתח ח.י הנדסת חשמל בע""מ",,511022493,,HIGH,HIGH,TEXT_NATIVE
26/01/22,,2022,main_invoices\2022\2022-01-30__קרן-ממויה__(מסמך ממוחשב) הדפסת חשבונית מרכזת - 25342200131.pdf,707e53c70ceeba0d4d06c278623aa00831fad7f8f4740aa07c93e813866dd073,FORMAT_A_2017_2018,"ארכה בע""מ",511022493,"מתח ח.י הנדסת חשמל בע""מ",,511022493,,HIGH,HIGH,TEXT_NATIVE
2022-01-02,R3521250709,2022,main_invoices\2022\2022-01-02__קרן-ממויה__(מסמך ממוחשב) הדפסת חשבונית מרכזת - R3521250709.pdf,ba6fffca19332285073c8ca33c46036f6fbd8af2b35706f7bf45600bc237dd0b,FORMAT_C_2022_2026,"ארכה בע""מ",511022493,"מתח ח.י הנדסת חשמל בע""מ",,511022493,31,HIGH,HIGH,TEXT_NATIVE
31/12/21,R34212510641,2022,main_invoices\2022\2022-01-02__קרן-ממויה__(מסמך ממוחשב) הדפסת חשבונית מרכזת - R34212510641.pdf,eb8ba7e48aaa732c702bae001b6d4bb8b0cbe98ab0159a1b9da4e1c0c0f920c2,FORMAT_C_2022_2026,"ארכה בע""מ",511022493,"מתח ח.י הנדסת חשמל בע""מ",,511022493,31,HIGH,LOW,TEXT_NATIVE
31/12/21,R34212510640,2022,main_invoices\2022\2022-01-02__קרן-ממויה__(מסמך ממוחשב) הדפסת חשבונית מרכזת - R34212510640.pdf,868e9e7f5d632e24882e5f67127b28df48a29889f662d0c2b5ed22d4529b9b48,FORMAT_C_2022_2026,"ארכה בע""מ",511022493,"מתח ח.י הנדסת חשמל בע""מ",,511022493,31,HIGH,LOW,TEXT_NATIVE
29/12/21,R34212510300,2021,main_invoices\2021\2021-12-30__קרן-ממויה__(מסמך ממוחשב) הדפסת חשבונית מרכזת - R34212510300.pdf,d89efc97e7f1f699d47b96909ef209388e8282620c5ad7d3ae46050137b965dd,FORMAT_C_2022_2026,"ארכה בע""מ",511022493,"מתח ח.י הנדסת חשמל בע""מ",,511022493,31,HIGH,HIGH,TEXT_NATIVE
29/12/21,R34212510299,2021,main_invoices\2021\2021-12-30__קרן-ממויה__(מסמך ממוחשב) הדפסת חשבונית מרכזת - R34212510299.pdf,3522afd780fec9f92556bb59c3b7a4460d07e4ce245411e0c9d218f40d4417c1,FORMAT_C_2022_2026,"ארכה בע""מ",511022493,"מתח ח.י הנדסת חשמל בע""מ",,511022493,31,HIGH,HIGH,TEXT_NATIVE
29/12/21,R34212510037,2021,"main_invoices\2021\2021-12-30__קרן-ממויה__(מסמך ממוחשב) הדפסת חשבונית מרכזת - R34212510037, חש. מרכזת דצמ.pdf",9f6d837f29b4379ca57d2abedda76d50df558bd31925a7f95a04fca81df108f2,FORMAT_C_2022_2026,"ארכה בע""מ",511022493,"מתח ח.י הנדסת חשמל בע""מ",,511022493,31,HIGH,HIGH,TEXT_NATIVE
29/12/21,R34212510036,2021,main_invoices\2021\2021-12-30__קרן-ממויה__(מסמך ממוחשב) הדפסת חשבונית מרכזת - R34212510036.pdf,8e52f6c4d0e24515f12f5771100fe405eab8252fe45d851647c1aec9333439cf,FORMAT_C_2022_2026,"ארכה בע""מ",511022493,"מתח ח.י הנדסת חשמל בע""מ",,511022493,31,HIGH,HIGH,TEXT_NATIVE
29/12/21,R34212510035,2021,main_invoices\2021\2021-12-30__קרן-ממויה__(מסמך ממוחשב) הדפסת חשבונית מרכזת - R34212510035.pdf,765b5f32d4fc7fd71438e4b864780e9c72cec06b31d958faff119418c5767b3b,FORMAT_C_2022_2026,"ארכה בע""מ",511022493,"מתח ח.י הנדסת חשמל בע""מ",,511022493,31,HIGH,HIGH,TEXT_NATIVE
25/11/21,,2021,"main_invoices\2021\2021-11-28__קרן-ממויה__(מסמך ממוחשב) הדפסת חשבונית מרכזת - R34212508991, חש. מרכזת נוב.pdf",08e04ed1fbc82c9fa43a3364f579ada33e7340f621e5b40d226f893177f23a69,FORMAT_B_2019_2021,"ארכה בע""מ",511022493,"מתח ח.י הנדסת חשמל בע""מ",,511022493,,HIGH,HIGH,TEXT_NATIVE
25/11/21,,2021,main_invoices\2021\2021-11-28__קרן-ממויה__(מסמך ממוחשב) הדפסת חשבונית מרכזת - R34212508990.pdf,89896244c898c0ec318fa7d1813a46936f59ae5d1551ceec867d4e33839520cb,FORMAT_A_2017_2018,"ארכה בע""מ",511022493,"מתח ח.י הנדסת חשמל בע""מ",,511022493,,HIGH,HIGH,TEXT_NATIVE
25/11/21,,2021,main_invoices\2021\2021-11-28__קרן-ממויה__(מסמך ממוחשב) הדפסת חשבונית מרכזת - R34212508989.pdf,df5a4b84dfed15784e5e9bc4ac6976772cc2c990c43ba410c393f64ed37bc9d0,FORMAT_A_2017_2018,"ארכה בע""מ",511022493,"מתח ח.י הנדסת חשמל בע""מ",,511022493,,HIGH,HIGH,TEXT_NATIVE
25/11/21,,2021,main_invoices\2021\2021-11-28__קרן-ממויה__(מסמך ממוחשב) הדפסת חשבונית מרכזת - R34212508986.pdf,a67c582d0f405d7e552916cf879ff07f4fa7363b7e0a94dfe38f2db17f541694,FORMAT_A_2017_2018,"ארכה בע""מ",511022493,"מתח ח.י הנדסת חשמל בע""מ",,511022493,,HIGH,HIGH,TEXT_NATIVE
25/11/21,,2021,main_invoices\2021\2021-11-28__קרן-ממויה__(מסמך ממוחשב) הדפסת חשבונית מרכזת - R34212508988.pdf,9b46d6d7bd5c22918249cdeaf27cb5135d2bc00ba63ed11ea10e23a3ae7bdb94,FORMAT_A_2017_2018,"ארכה בע""מ",511022493,"מתח ח.י הנדסת חשמל בע""מ",,511022493,,HIGH,HIGH,TEXT_NATIVE
25/11/21,,2021,main_invoices\2021\2021-11-28__קרן-ממויה__(מסמך ממוחשב) הדפסת חשבונית מרכזת - R34212508987.pdf,067bb0cf7cbea6f63694fc4002f2026aaa729c6f04aebabdcb62945d2ae75072,FORMAT_A_2017_2018,"ארכה בע""מ",511022493,"מתח ח.י הנדסת חשמל בע""מ",,511022493,,HIGH,HIGH,TEXT_NATIVE
25/11/21,,2021,main_invoices\2021\2021-11-28__קרן-ממויה__(מסמך ממוחשב) הדפסת חשבונית מרכזת - R34212508985.pdf,b296b2bd8a8bd9ebb95b0c36911e1bb8e9ff9f2ee334bb73211dad79d1a23e41,FORMAT_A_2017_2018,"ארכה בע""מ",511022493,"מתח ח.י הנדסת חשמל בע""מ",,511022493,,HIGH,HIGH,TEXT_NATIVE
27/10/21,,2021,"main_invoices\2021\2021-10-31__קרן-ממויה__(מסמך ממוחשב) הדפסת חשבונית מרכזת - R34212508240, חש. מרכזת אוק.pdf",cfa60fc5ffedd13634c8fd4a5b796227b9daaf52c01d2b6859f9f05c05131d6a,FORMAT_A_2017_2018,"ארכה בע""מ",511022493,"מתח ח.י הנדסת חשמל בע""מ",,511022493,,HIGH,HIGH,TEXT_NATIVE
27/10/21,,2021,main_invoices\2021\2021-10-31__קרן-ממויה__(מסמך ממוחשב) הדפסת חשבונית מרכזת - R34212508237.pdf,0f7dd2c99363f509f4ec12f8c59dc4e4ba24e48bc6e5819e10b5078548e79472,FORMAT_A_2017_2018,"ארכה בע""מ",511022493,"מתח ח.י הנדסת חשמל בע""מ",,511022493,,HIGH,HIGH,TEXT_NATIVE
27/10/21,,2021,main_invoices\2021\2021-10-31__קרן-ממויה__(מסמך ממוחשב) הדפסת חשבונית מרכזת - R34212508239.pdf,c2c663b93b250b3d37e00a43b3aeec5c83af2ebafe3bf96a010e95a5005ee70f,FORMAT_A_2017_2018,"ארכה בע""מ",511022493,"מתח ח.י הנדסת חשמל בע""מ",,511022493,,HIGH,HIGH,TEXT_NATIVE
27/10/21,,2021,main_invoices\2021\2021-10-31__קרן-ממויה__(מסמך ממוחשב) הדפסת חשבונית מרכזת - R34212508238.pdf,ed9d54c24b9e62c4c911c5eb2c9d8bfcc8e099839a1acd18b4604c2ef48d51ba,FORMAT_A_2017_2018,"ארכה בע""מ",511022493,"מתח ח.י הנדסת חשמל בע""מ",,511022493,,HIGH,HIGH,TEXT_NATIVE
27/10/21,,2021,main_invoices\2021\2021-10-31__קרן-ממויה__(מסמך ממוחשב) הדפסת חשבונית מרכזת - R34212508236.pdf,bccfca4c658da1b6bd99ec98e676c2319873a112953339273c591d8fc9292df2,FORMAT_A_2017_2018,"ארכה בע""מ",511022493,"מתח ח.י הנדסת חשמל בע""מ",,511022493,,HIGH,HIGH,TEXT_NATIVE
27/10/21,,2021,main_invoices\2021\2021-10-31__קרן-ממויה__(מסמך ממוחשב) הדפסת חשבונית מרכזת - R34212508235.pdf,abc05f00bc9846da1654b17b3ba3a0d3c9a2e903fe843d2cb2785eaf6e0c2d9c,FORMAT_A_2017_2018,"ארכה בע""מ",511022493,"מתח ח.י הנדסת חשמל בע""מ",,511022493,,HIGH,HIGH,TEXT_NATIVE
26/09/21,R34212507225,2021,"main_invoices\2021\2021-09-30__קרן-ממויה__(מסמך ממוחשב) הדפסת חשבונית מרכזת - R34212507225, חש. מרכזת ספט.pdf",21da5b941a59e7a1e64bfd6cefc5b210725cae3623551fffefe23051bfa0a75e,FORMAT_C_2022_2026,"ארכה בע""מ",511022493,"מתח ח.י הנדסת חשמל בע""מ",,511022493,31,HIGH,HIGH,TEXT_NATIVE
29/09/21,R34212507309,2021,"main_invoices\2021\2021-09-30__קרן-ממויה__(מסמך ממוחשב) הדפסת חשבונית מרכזת - R34212507309, חש. מרכזת ספט.pdf",834f3a5303cec80f071ba8cdfdfffd35aca9562b83f6fe68356adf52b87dd7c1,FORMAT_C_2022_2026,"ארכה בע""מ",511022493,"מתח ח.י הנדסת חשמל בע""מ",,511022493,31,HIGH,LOW,TEXT_NATIVE
26/09/21,R34212507224,2021,main_invoices\2021\2021-09-30__קרן-ממויה__(מסמך ממוחשב) הדפסת חשבונית מרכזת - R34212507224.pdf,00ee7049fc9b84abeb966a17c87137c4ad9afd942334176cc01fd0fd58d9a913,FORMAT_C_2022_2026,"ארכה בע""מ",511022493,"מתח ח.י הנדסת חשמל בע""מ",,511022493,31,HIGH,HIGH,TEXT_NATIVE
26/09/21,R34212507223,2021,main_invoices\2021\2021-09-30__קרן-ממויה__(מסמך ממוחשב) הדפסת חשבונית מרכזת - R34212507223.pdf,960237808675e8db8f300065a7944df1c771da3a430d71fbd0923470e99bed5c,FORMAT_C_2022_2026,"ארכה בע""מ",511022493,"מתח ח.י הנדסת חשמל בע""מ",,511022493,31,HIGH,HIGH,TEXT_NATIVE
26/09/21,R34212507222,2021,main_invoices\2021\2021-09-30__קרן-ממויה__(מסמך ממוחשב) הדפסת חשבונית מרכזת - R34212507222.pdf,05e7bd351d025f34a06d40a6bc0e7f97a18a9499bcceb5505d9104961206c844,FORMAT_C_2022_2026,"ארכה בע""מ",511022493,"מתח ח.י הנדסת חשמל בע""מ",,511022493,31,HIGH,LOW,TEXT_NATIVE
26/09/21,R34212507221,2021,main_invoices\2021\2021-09-30__קרן-ממויה__(מסמך ממוחשב) הדפסת חשבונית מרכזת - R34212507221.pdf,9853a302a3644fc0fdf62186a0871bfb4d8d1366391704550f6c469dd491a04d,FORMAT_C_2022_2026,"ארכה בע""מ",511022493,"מתח ח.י הנדסת חשמל בע""מ",,511022493,31,HIGH,LOW,TEXT_NATIVE
26/08/21,,2021,"main_invoices\2021\2021-08-30__קרן-ממויה__(מסמך ממוחשב) הדפסת חשבונית מרכזת - R34212506528, חש. מרכזת אוג.pdf",6acabcd45c9b0d73349a72fe792e10a550e5baf83e498b7bde89de21ff6dd01f,FORMAT_B_2019_2021,"ארכה בע""מ",511022493,"מתח ח.י הנדסת חשמל בע""מ",,511022493,,HIGH,HIGH,TEXT_NATIVE
26/08/21,,2021,main_invoices\2021\2021-08-30__קרן-ממויה__(מסמך ממוחשב) הדפסת חשבונית מרכזת - R34212506255.pdf,279a6288b3b4de60adbaddc68cf619fb95c7eb1808aa1582ccef4e58355bba63,FORMAT_A_2017_2018,"ארכה בע""מ",511022493,"מתח ח.י הנדסת חשמל בע""מ",,511022493,,HIGH,HIGH,TEXT_NATIVE
26/08/21,,2021,main_invoices\2021\2021-08-30__קרן-ממויה__(מסמך ממוחשב) הדפסת חשבונית מרכזת - R34212506253.pdf,833d8fa1ff6b41dfe6db910e7fbc8ed619fa4bf9deecf351d8f7421b369d0985,FORMAT_B_2019_2021,"ארכה בע""מ",511022493,"מתח ח.י הנדסת חשמל בע""מ",,511022493,,HIGH,HIGH,TEXT_NATIVE
26/08/21,,2021,main_invoices\2021\2021-08-30__קרן-ממויה__(מסמך ממוחשב) הדפסת חשבונית מרכזת - R34212506254.pdf,baa85e9791db176297e724ee7f9da0758ddfdc145ae63af979ab3405fedf6885,FORMAT_A_2017_2018,"ארכה בע""מ",511022493,"מתח ח.י הנדסת חשמל בע""מ",,511022493,,HIGH,HIGH,TEXT_NATIVE
26/08/21,,2021,main_invoices\2021\2021-08-30__קרן-ממויה__(מסמך ממוחשב) הדפסת חשבונית מרכזת - R34212506252.pdf,dcabf29aa4a3401af3672930a031fedfbc12f807e56d1c614cbc8d7af2cf084b,FORMAT_B_2019_2021,"ארכה בע""מ",511022493,"מתח ח.י הנדסת חשמל בע""מ",,511022493,,HIGH,HIGH,TEXT_NATIVE
26/08/21,,2021,main_invoices\2021\2021-08-30__קרן-ממויה__(מסמך ממוחשב) הדפסת חשבונית מרכזת - R34212506251.pdf,65212af28ec7e6a5ab5d4ea046446439dfef9ad47314aba8c008e92409b9c081,FORMAT_A_2017_2018,"ארכה בע""מ",511022493,"מתח ח.י הנדסת חשמל בע""מ",,511022493,,HIGH,HIGH,TEXT_NATIVE
26/08/21,,2021,main_invoices\2021\2021-08-30__קרן-ממויה__(מסמך ממוחשב) הדפסת חשבונית מרכזת - R34212506250.pdf,d594e2b4b3005fafed41cfc39e6d5c58312477f36544f7c48a794b5ebf526a5f,FORMAT_A_2017_2018,"ארכה בע""מ",511022493,"מתח ח.י הנדסת חשמל בע""מ",,511022493,,HIGH,HIGH,TEXT_NATIVE
2021-08-26,,2021,main_invoices\2021\2021-08-26__ניר-סאייג__(מסמך ממוחשב) הדפסת חשבונית מרכזת - R3521250444.pdf,f8c91cd8c260eb73dd6401a41b27a824fe13ed8f0031060794a1a6ccba9e067e,FORMAT_A_2017_2018,"ארכה בע""מ",511022493,"מתח ח.י הנדסת חשמל בע""מ",,511022493,,HIGH,LOW,TEXT_NATIVE
28/07/21,,2021,main_invoices\2021\2021-07-30__קרן-ממויה__(מסמך ממוחשב) הדפסת חשבונית מרכזת - R34212505558.pdf,9212c2161db975c32844c25f8ced84c1373170395aff7a97871e343e970dfd26,FORMAT_A_2017_2018,"ארכה בע""מ",511022493,"מתח ח.י הנדסת חשמל בע""מ",,511022493,,HIGH,HIGH,TEXT_NATIVE
28/07/21,,2021,main_invoices\2021\2021-07-30__קרן-ממויה__(מסמך ממוחשב) הדפסת חשבונית מרכזת - R34212505557.pdf,2f01659b3ebcb130ac1a0d72e03f3ecc3ac33e0c9ed95ffeb4cddf11f138a330,FORMAT_A_2017_2018,"ארכה בע""מ",511022493,"מתח ח.י הנדסת חשמל בע""מ",,511022493,,HIGH,HIGH,TEXT_NATIVE
28/07/21,,2021,main_invoices\2021\2021-07-30__קרן-ממויה__(מסמך ממוחשב) הדפסת חשבונית מרכזת - R34212505556.pdf,b331e805e7d00cdc6f1f7826fe5c060134c1a83957e9a0b522d677d3c91c3879,FORMAT_A_2017_2018,"ארכה בע""מ",511022493,"מתח ח.י הנדסת חשמל בע""מ",,511022493,,HIGH,HIGH,TEXT_NATIVE
28/07/21,,2021,main_invoices\2021\2021-07-30__קרן-ממויה__(מסמך ממוחשב) הדפסת חשבונית מרכזת - R34212505555.pdf,1494d4b057185c577be70814dd590a947840cc7f98d4d7c7e8435b74a802e519,FORMAT_A_2017_2018,"ארכה בע""מ",511022493,"מתח ח.י הנדסת חשמל בע""מ",,511022493,,HIGH,HIGH,TEXT_NATIVE
28/07/21,,2021,main_invoices\2021\2021-07-30__קרן-ממויה__(מסמך ממוחשב) הדפסת חשבונית מרכזת - R34212505554.pdf,28947b8b2a15e675d1a0841bf511fce71fa498001839da68901cbfea009e398a,FORMAT_A_2017_2018,"ארכה בע""מ",511022493,"מתח ח.י הנדסת חשמל בע""מ",,511022493,,HIGH,HIGH,TEXT_NATIVE
28/07/21,,2021,main_invoices\2021\2021-07-30__קרן-ממויה__(מסמך ממוחשב) הדפסת חשבונית מרכזת - R34212505553.pdf,ae9b454d98912cbb52252de0867fc6bb7e99ad86b79b1033110155e49771162e,FORMAT_A_2017_2018,"ארכה בע""מ",511022493,"מתח ח.י הנדסת חשמל בע""מ",,511022493,,HIGH,HIGH,TEXT_NATIVE
30/06/21,,2021,main_invoices\2021\2021-07-04__קרן-ממויה__(מסמך ממוחשב) הדפסת חשבונית מרכזת - R34212504462.pdf,d762f6eaae71d4af863256d6041ad001ef10fce0165a9cd0115a9c4609a31cbc,FORMAT_A_2017_2018,"ארכה בע""מ",511022493,"מתח ח.י הנדסת חשמל בע""מ",,511022493,,HIGH,HIGH,TEXT_NATIVE
30/06/21,,2021,main_invoices\2021\2021-07-04__קרן-ממויה__(מסמך ממוחשב) הדפסת חשבונית מרכזת - R34212504465.pdf,1708a777ba8e5bb7e7cf8b979f6b224c6641e5b3eca6225937c03f68af04cb52,FORMAT_A_2017_2018,"ארכה בע""מ",511022493,"מתח ח.י הנדסת חשמל בע""מ",,511022493,,HIGH,HIGH,TEXT_NATIVE
30/06/21,,2021,main_invoices\2021\2021-07-04__קרן-ממויה__(מסמך ממוחשב) הדפסת חשבונית מרכזת - R34212504464.pdf,f46ecafa16a9e3f30a7a218be6f22381586f75e80202cff2a1befa4d51cbd9a4,FORMAT_A_2017_2018,"ארכה בע""מ",511022493,"מתח ח.י הנדסת חשמל בע""מ",,511022493,,HIGH,HIGH,TEXT_NATIVE
30/06/21,,2021,main_invoices\2021\2021-07-04__קרן-ממויה__(מסמך ממוחשב) הדפסת חשבונית מרכזת - R34212504463.pdf,c78ba2163670c22d90ab32caedd2dfc67b8bd673858e32b76baa8148ede2a74c,FORMAT_A_2017_2018,"ארכה בע""מ",511022493,"מתח ח.י הנדסת חשמל בע""מ",,511022493,,HIGH,HIGH,TEXT_NATIVE
30/06/21,,2021,main_invoices\2021\2021-07-04__קרן-ממויה__(מסמך ממוחשב) הדפסת חשבונית מרכזת - R34212504461.pdf,4c8f0afacb19bc6efa304de0b85d42ad0276153fdd139e5ea0b8d061a1a7dd7f,FORMAT_B_2019_2021,"ארכה בע""מ",511022493,"מתח ח.י הנדסת חשמל בע""מ",,511022493,,HIGH,HIGH,TEXT_NATIVE
30/06/21,,2021,main_invoices\2021\2021-07-04__קרן-ממויה__(מסמך ממוחשב) הדפסת חשבונית מרכזת - R34212504460.pdf,920eed847c3277098c8732eac79b4d822ef637604319b75f2437d6f96a4d91ad,FORMAT_A_2017_2018,"ארכה בע""מ",511022493,"מתח ח.י הנדסת חשמל בע""מ",,511022493,,HIGH,HIGH,TEXT_NATIVE
27/05/21,,2021,main_invoices\2021\2021-05-31__קרן-ממויה__(מסמך ממוחשב) הדפסת חשבונית מרכזת - R34212503861.pdf,8a57f991184dc2c28d931e1a5945890adceac8f3d717c276da24774e05678b52,FORMAT_B_2019_2021,"ארכה בע""מ",511022493,"מתח ח.י הנדסת חשמל בע""מ",,511022493,,HIGH,HIGH,TEXT_NATIVE
27/05/21,,2021,main_invoices\2021\2021-05-31__קרן-ממויה__(מסמך ממוחשב) הדפסת חשבונית מרכזת - R34212503860.pdf,dd1bf8aa799b6c614cf0d24fcb1e00856d58d63e1c1ab945cf78be49290c3660,FORMAT_A_2017_2018,"ארכה בע""מ",511022493,"מתח ח.י הנדסת חשמל בע""מ",,511022493,,HIGH,HIGH,TEXT_NATIVE
27/05/21,,2021,main_invoices\2021\2021-05-31__קרן-ממויה__(מסמך ממוחשב) הדפסת חשבונית מרכזת - R34212503859.pdf,ae2dcff305037e1f2379f0bdfac62c8ffd54596a7cddfdbd498a284660fb2485,FORMAT_B_2019_2021,"ארכה בע""מ",511022493,"מתח ח.י הנדסת חשמל בע""מ",,511022493,,HIGH,HIGH,TEXT_NATIVE
27/05/21,,2021,main_invoices\2021\2021-05-31__קרן-ממויה__(מסמך ממוחשב) הדפסת חשבונית מרכזת - R34212503858.pdf,a86036b84f3ac22228a8024f479e0a7ea8f0dff09409ff5381cbf56822df7ee8,FORMAT_A_2017_2018,"ארכה בע""מ",511022493,"מתח ח.י הנדסת חשמל בע""מ",,511022493,,HIGH,HIGH,TEXT_NATIVE
27/05/21,,2021,main_invoices\2021\2021-05-31__קרן-ממויה__(מסמך ממוחשב) הדפסת חשבונית מרכזת - R34212503857.pdf,029bfa00f9fa976dc68ae651c8258b35903c977f4838af1a84372e64621bd78f,FORMAT_A_2017_2018,"ארכה בע""מ",511022493,"מתח ח.י הנדסת חשמל בע""מ",,511022493,,HIGH,HIGH,TEXT_NATIVE
27/05/21,,2021,main_invoices\2021\2021-05-31__קרן-ממויה__(מסמך ממוחשב) הדפסת חשבונית מרכזת - R34212503856.pdf,c364d6cc2d997e5de6807386e2abfca07eb219e5dc825bc416382bf5d038d60a,FORMAT_A_2017_2018,"ארכה בע""מ",511022493,"מתח ח.י הנדסת חשמל בע""מ",,511022493,,HIGH,HIGH,TEXT_NATIVE
27/04/21,,2021,main_invoices\2021\2021-05-03__קרן-ממויה__(מסמך ממוחשב) הדפסת חשבונית מרכזת - R34212502849.pdf,4b4852f0ffb98da73ad7ef1ea5a12c985bc34c4703a926b935807efb27ca4420,FORMAT_B_2019_2021,"ארכה בע""מ",511022493,"מתח ח.י הנדסת חשמל בע""מ",,511022493,,HIGH,HIGH,TEXT_NATIVE
27/04/21,,2021,main_invoices\2021\2021-05-03__קרן-ממויה__(מסמך ממוחשב) הדפסת חשבונית מרכזת - R34212502850.pdf,5ae0f864412cc84733a9b89f1ad7ae5f795eb83f571a5d1b58a3c52a23142a2a,FORMAT_B_2019_2021,"ארכה בע""מ",511022493,"מתח ח.י הנדסת חשמל בע""מ",,511022493,,HIGH,HIGH,TEXT_NATIVE
27/04/21,,2021,main_invoices\2021\2021-05-03__קרן-ממויה__(מסמך ממוחשב) הדפסת חשבונית מרכזת - R34212502848.pdf,a2771191151b873d753379efb51d260562a41dad0e0f2db3b0ff218bf0297135,FORMAT_B_2019_2021,"ארכה בע""מ",511022493,"מתח ח.י הנדסת חשמל בע""מ",,511022493,,HIGH,HIGH,TEXT_NATIVE
27/04/21,,2021,main_invoices\2021\2021-05-03__קרן-ממויה__(מסמך ממוחשב) הדפסת חשבונית מרכזת - R34212502847.pdf,c366b7c83fce77f0b6471f572e696f8ab86982119ea44c179f99aedccd0ef8ba,FORMAT_B_2019_2021,"ארכה בע""מ",511022493,"מתח ח.י הנדסת חשמל בע""מ",,511022493,,HIGH,LOW,TEXT_NATIVE
27/04/21,,2021,main_invoices\2021\2021-05-03__קרן-ממויה__(מסמך ממוחשב) הדפסת חשבונית מרכזת - R34212502846.pdf,927d7125fd0178d9791b4f3f0aa16cdc5a9d87cdc34f849db78ee2a75dbeaba2,FORMAT_B_2019_2021,"ארכה בע""מ",511022493,"מתח ח.י הנדסת חשמל בע""מ",,511022493,,HIGH,HIGH,TEXT_NATIVE
27/04/21,,2021,main_invoices\2021\2021-05-03__קרן-ממויה__(מסמך ממוחשב) הדפסת חשבונית מרכזת - R34212502845.pdf,a86704f7da42dac4ff5a788d8ccaec5430b9287a3ccc955ddd78d7333b724dff,FORMAT_B_2019_2021,"ארכה בע""מ",511022493,"מתח ח.י הנדסת חשמל בע""מ",,511022493,,HIGH,HIGH,TEXT_NATIVE
25/03/21,R34212502037,2021,main_invoices\2021\2021-03-31__קרן-ממויה__p2530001934.pdf,495203a5a13113723173e109c45b5d29df27c55a07c83bd9ccf8c128d59c5c72,FORMAT_C_2022_2026,"ארכה בע""מ",511022493,"מתח ח.י הנדסת חשמל בע""מ",,511022493,30,LOW,HIGH,TEXT_NATIVE
25/03/21,R34212502036,2021,main_invoices\2021\2021-03-31__קרן-ממויה__p2530001905.pdf,6dc2484574d409a8be585fcf61574b4f89d0a15d0281a4f2f8d238f2bac41156,FORMAT_C_2022_2026,"ארכה בע""מ",511022493,"מתח ח.י הנדסת חשמל בע""מ",,511022493,30,LOW,HIGH,TEXT_NATIVE
25/03/21,R34212502035,2021,main_invoices\2021\2021-03-31__קרן-ממויה__p2530001876.pdf,9c634ed51041e46b8626979d6774000240b459516e510234eecb1795c6e63771,FORMAT_C_2022_2026,"ארכה בע""מ",511022493,"מתח ח.י הנדסת חשמל בע""מ",,511022493,30,LOW,HIGH,TEXT_NATIVE
25/03/21,R34212502034,2021,main_invoices\2021\2021-03-31__קרן-ממויה__p2530001847.pdf,7e3309f31b3d926e62c31252129ee9d20dfc457fa4354a1a58a175beed5f45b0,FORMAT_C_2022_2026,"ארכה בע""מ",511022493,"מתח ח.י הנדסת חשמל בע""מ",,511022493,30,LOW,HIGH,TEXT_NATIVE
25/03/21,R34212501757,2021,main_invoices\2021\2021-03-31__קרן-ממויה__p2530001818.pdf,bdc18da80217213dc2c8e49899842661067469a3fc567fd88870fb43ec6a3ab4,FORMAT_C_2022_2026,"ארכה בע""מ",511022493,"מתח ח.י הנדסת חשמל בע""מ",,511022493,30,LOW,HIGH,TEXT_NATIVE
25/03/21,R34212501756,2021,main_invoices\2021\2021-03-31__קרן-ממויה__p2530001789.pdf,531ac8f1accf5672f025a9c676b8bdf112a2dac445b1088c23ba9fce4fe694e9,FORMAT_C_2022_2026,"ארכה בע""מ",511022493,"מתח ח.י הנדסת חשמל בע""מ",,511022493,30,LOW,LOW,TEXT_NATIVE
25/03/21,R34212501755,2021,main_invoices\2021\2021-03-31__קרן-ממויה__p2530001760.pdf,d7fcb5690be0a0b44bb2530f13cac19d001ee7b57f6f097731e0ba82b05c8246,FORMAT_C_2022_2026,"ארכה בע""מ",511022493,"מתח ח.י הנדסת חשמל בע""מ",,511022493,30,LOW,HIGH,TEXT_NATIVE
28/02/21,R34212501647,2021,main_invoices\2021\2021-03-14__קרן-ממויה__p3116801499.pdf,4233ec327c009a6b125ddb0ff858e373e555e5dba2e462efb746cbd162508668,FORMAT_C_2022_2026,"ארכה בע""מ",511022493,"מתח ח.י הנדסת חשמל בע""מ",,511022493,31,LOW,LOW,TEXT_NATIVE
28/02/21,R34212501084,2021,main_invoices\2021\2021-03-04__קרן-ממויה__p1241601354.pdf,a904fd674759ff20197c6ee41e1cd9f8ed34a1447538b28675515fad192e917b,FORMAT_C_2022_2026,"ארכה בע""מ",511022493,"מתח ח.י הנדסת חשמל בע""מ",,511022493,31,LOW,HIGH,TEXT_NATIVE
28/02/21,R34212501247,2021,main_invoices\2021\2021-03-04__קרן-ממויה__p1241601499.pdf,5271d23f191d0a458b009f1fddee6819c801238d66f7b66799af93ae5a7e655b,FORMAT_C_2022_2026,"ארכה בע""מ",511022493,"מתח ח.י הנדסת חשמל בע""מ",,511022493,31,LOW,HIGH,TEXT_NATIVE
28/02/21,R34212501248,2021,main_invoices\2021\2021-03-04__קרן-ממויה__p1241601528.pdf,a48d30b97fa9aee157286dbd0439e1014dc12d2a749396ef78ec986ec865d2df,FORMAT_C_2022_2026,"ארכה בע""מ",511022493,"מתח ח.י הנדסת חשמל בע""מ",,511022493,31,LOW,HIGH,TEXT_NATIVE
28/02/21,R34212501246,2021,main_invoices\2021\2021-03-04__קרן-ממויה__p1241601470.pdf,9440e4b7a8e21aae39bc703dee070db08947b46c7b2960378d7c835f06caf421,FORMAT_C_2022_2026,"ארכה בע""מ",511022493,"מתח ח.י הנדסת חשמל בע""מ",,511022493,31,LOW,LOW,TEXT_NATIVE
28/02/21,R34212501087,2021,main_invoices\2021\2021-03-04__קרן-ממויה__p1241601441.pdf,f63c3a0519a38c6de51362942ac1ee57ef505232e1fdd7dc7b7c4fc7597bc3ba,FORMAT_C_2022_2026,"ארכה בע""מ",511022493,"מתח ח.י הנדסת חשמל בע""מ",,511022493,31,LOW,HIGH,TEXT_NATIVE
28/02/21,R34212501086,2021,main_invoices\2021\2021-03-04__קרן-ממויה__p1241601412.pdf,8d9beda64e1d60e45cfc29ce2a4aa17c04c1db62abdc3e3de707bbfbd46de761,FORMAT_C_2022_2026,"ארכה בע""מ",511022493,"מתח ח.י הנדסת חשמל בע""מ",,511022493,31,LOW,HIGH,TEXT_NATIVE
28/02/21,R34212501085,2021,main_invoices\2021\2021-03-04__קרן-ממויה__p1241601383.pdf,b656884029682ca4069d3393d3b4f6ed52a2bbdfe56149d919d252fa93f123b5,FORMAT_C_2022_2026,"ארכה בע""מ",511022493,"מתח ח.י הנדסת חשמל בע""מ",,511022493,31,LOW,LOW,TEXT_NATIVE
28/02/21,R34212501083,2021,main_invoices\2021\2021-03-04__קרן-ממויה__p1241600002.pdf,32bac5459d9bf205ffd4e197f91ea8b71f19694d77fa44cafca77e756f0eb22a,FORMAT_C_2022_2026,"ארכה בע""מ",511022493,"מתח ח.י הנדסת חשמל בע""מ",,511022493,31,LOW,LOW,TEXT_NATIVE
2021-01-28,R3521250027,2021,main_invoices\2021\2021-01-28__קרן-ממויה__p4827202108.pdf,5b5312cc0799dba8e3f80f57b9fc67005f820d4c6993593d4403e413c8f1e83c,FORMAT_C_2022_2026,"ארכה בע""מ",511022493,"מתח ח.י הנדסת חשמל בע""מ",,511022493,30,MEDIUM,LOW,TEXT_NATIVE
2021-01-28,R3521250026,2021,main_invoices\2021\2021-01-28__קרן-ממויה__p4827202079.pdf,10a9e0f40c04f20d1c75a1cbdc57775f1012cd03daa1324ff35ef7afa56f33b6,FORMAT_C_2022_2026,"ארכה בע""מ",511022493,"מתח ח.י הנדסת חשמל בע""מ",,511022493,30,MEDIUM,LOW,TEXT_NATIVE
2021-01-28,R3521250025,2021,main_invoices\2021\2021-01-28__קרן-ממויה__p4827202050.pdf,9f44bc488fe486da82e4d39a03915f0c19487250bc898818f41a9c65886d8766,FORMAT_C_2022_2026,"ארכה בע""מ",511022493,"מתח ח.י הנדסת חשמל בע""מ",,511022493,30,MEDIUM,LOW,TEXT_NATIVE
26/01/21,R34212500330,2021,main_invoices\2021\2021-01-28__קרן-ממויה__p4827202021.pdf,8475081493e70c39731d196b673e15d005a0fc5dc29a19933150ce75ae05931d,FORMAT_C_2022_2026,"ארכה בע""מ",511022493,"מתח ח.י הנדסת חשמל בע""מ",,511022493,30,LOW,LOW,TEXT_NATIVE
26/01/21,R34212500327,2021,main_invoices\2021\2021-01-28__קרן-ממויה__p4827201934.pdf,0619f061cc234f9ec0395bcaa4981026d2173d713c05b14c28a25945b643bb7a,FORMAT_C_2022_2026,"ארכה בע""מ",511022493,"מתח ח.י הנדסת חשמל בע""מ",,511022493,30,LOW,HIGH,TEXT_NATIVE
26/01/21,R34212500329,2021,main_invoices\2021\2021-01-28__קרן-ממויה__p4827201992.pdf,0faea7877b14fb268707c1917d5eadf0af9517faab55f2b20fde45f4bf75b32d,FORMAT_C_2022_2026,"ארכה בע""מ",511022493,"מתח ח.י הנדסת חשמל בע""מ",,511022493,30,LOW,HIGH,TEXT_NATIVE
26/01/21,R34212500328,2021,main_invoices\2021\2021-01-28__קרן-ממויה__p4827201963.pdf,9df0208b6c3cfdade06e710478cd15ff31c12d974f13c4a8bfd8e8ac7efc6d42,FORMAT_C_2022_2026,"ארכה בע""מ",511022493,"מתח ח.י הנדסת חשמל בע""מ",,511022493,30,LOW,HIGH,TEXT_NATIVE
26/01/21,R34212500326,2021,main_invoices\2021\2021-01-28__קרן-ממויה__p4827201905.pdf,5b83d6a7562b8e79a8201ccda5849a92a0e62431c3ed18575814f0875fd8c67f,FORMAT_C_2022_2026,"ארכה בע""מ",511022493,"מתח ח.י הנדסת חשמל בע""מ",,511022493,30,LOW,HIGH,TEXT_NATIVE
26/01/21,R34212500324,2021,main_invoices\2021\2021-01-28__קרן-ממויה__p4827201847.pdf,18ba581c436c9b58286781f5d69201670a7abac66ef64ab42e716afd6eb5a6d2,FORMAT_C_2022_2026,"ארכה בע""מ",511022493,"מתח ח.י הנדסת חשמל בע""מ",,511022493,30,LOW,HIGH,TEXT_NATIVE
2021-01-27,R6021250358,2021,main_invoices\2021\2021-01-27__קרן-ממויה__p2263600971.pdf,27072556ffb5f9dfd11f3400fc927f3afefec3bfd029b4fc5ebfdce867f31813,FORMAT_A_2017_2018,"ארכה בע""מ",511022493,"מתח ח.י הנדסת חשמל בע""מ",,511022493,,MEDIUM,LOW,TEXT_NATIVE
31/12/20,R3420309568,2021,main_invoices\2021\2021-01-06__קרן-ממויה__p6522001470.pdf,133defada7eb55e07847e5e08a7666477e0532dd79e43ce7e56c5c54206d52f7,FORMAT_C_2022_2026,"ארכה בע""מ",511022493,"מתח ח.י הנדסת חשמל בע""מ",,511022493,31,MEDIUM,LOW,TEXT_NATIVE
30/12/20,,2020,main_invoices\2020\2020-12-31__קרן-ממויה__p5002802046.pdf,83bf28fd7b9f3a208b5243ddb23fbcc0624a2014b6723f7d2ed66e414b20717b,FORMAT_B_2019_2021,"ארכה בע""מ",511022493,"מתח ח.י הנדסת חשמל בע""מ",,511022493,,LOW,HIGH,TEXT_NATIVE
30/12/20,,2020,main_invoices\2020\2020-12-31__קרן-ממויה__p5002802011.pdf,6bb0b1e994e592d31433c10e4ef0d5c669989f63fb27404cefa76778fbb225ad,FORMAT_B_2019_2021,"ארכה בע""מ",511022493,"מתח ח.י הנדסת חשמל בע""מ",,511022493,,LOW,HIGH,TEXT_NATIVE
30/12/20,,2020,main_invoices\2020\2020-12-31__קרן-ממויה__p5002801976.pdf,b8565fd21b56c7023fef3ad8a78d0588eb47eb5a417bf914a2ba395a1d26b25a,FORMAT_B_2019_2021,"ארכה בע""מ",511022493,"מתח ח.י הנדסת חשמל בע""מ",,511022493,,LOW,HIGH,TEXT_NATIVE
30/12/20,,2020,main_invoices\2020\2020-12-31__קרן-ממויה__p5002801941.pdf,84e2319b27b5d0cea6b149cdeb4a13e3591a953744fd4f88e2d819203f50b08c,FORMAT_B_2019_2021,"ארכה בע""מ",511022493,"מתח ח.י הנדסת חשמל בע""מ",,511022493,,LOW,HIGH,TEXT_NATIVE
30/12/20,,2020,main_invoices\2020\2020-12-31__קרן-ממויה__p5002801906.pdf,5917711af83c3e0efacf1772d7c27ac5b639e817ece4eb4105b43560cf578482,FORMAT_B_2019_2021,"ארכה בע""מ",511022493,"מתח ח.י הנדסת חשמל בע""מ",,511022493,,LOW,HIGH,TEXT_NATIVE
30/12/20,,2020,main_invoices\2020\2020-12-31__קרן-ממויה__p5002801871.pdf,e2ee46a0b7f684dd082fdd2925be6b97e36d22e5054cfe6395400b998d47cd4c,FORMAT_B_2019_2021,"ארכה בע""מ",511022493,"מתח ח.י הנדסת חשמל בע""מ",,511022493,,MEDIUM,LOW,TEXT_NATIVE
30/12/20,,2020,main_invoices\2020\2020-12-31__קרן-ממויה__p5002801836.pdf,cd237d30a590a1f5b87234879e3936a0a874ecef88cd3243b89fe61ac5d73de8,FORMAT_B_2019_2021,"ארכה בע""מ",511022493,"מתח ח.י הנדסת חשמל בע""מ",,511022493,,LOW,HIGH,TEXT_NATIVE
30/12/20,,2020,main_invoices\2020\2020-12-31__קרן-ממויה__p5002801801.pdf,6b46628306ec4b1dca1048a8cadeab0053381fac73cee95562e46dacba341a73,FORMAT_B_2019_2021,"ארכה בע""מ",511022493,"מתח ח.י הנדסת חשמל בע""מ",,511022493,,LOW,LOW,TEXT_NATIVE
26/11/20,,2020,main_invoices\2020\2020-11-30__קרן-ממויה__p6121203796.pdf,4ed2ba8ea2cf872cda25962fc9ed1a102e4b4b60a01fcd200f0c7e118230d5e4,FORMAT_B_2019_2021,"ארכה בע""מ",511022493,"מתח ח.י הנדסת חשמל בע""מ",,511022493,,LOW,HIGH,TEXT_NATIVE
26/11/20,,2020,main_invoices\2020\2020-11-30__קרן-ממויה__p6121203936.pdf,bd4b4ecbc29351ff76652990b3add9082eeef51dc40f1deea5756031cbcbb9c2,FORMAT_B_2019_2021,"ארכה בע""מ",511022493,"מתח ח.י הנדסת חשמל בע""מ",,511022493,,LOW,HIGH,TEXT_NATIVE
26/11/20,,2020,main_invoices\2020\2020-11-30__קרן-ממויה__p6121203901.pdf,341f28430351b9a26e82a7a8073b71e1ca33bdef9fbe382db812e8943c64888c,FORMAT_B_2019_2021,"ארכה בע""מ",511022493,"מתח ח.י הנדסת חשמל בע""מ",,511022493,,MEDIUM,LOW,TEXT_NATIVE
26/11/20,,2020,main_invoices\2020\2020-11-30__קרן-ממויה__p6121203866.pdf,a04a062cf2d4853b210f587e322337329310b1152e80a104d4a74b4eada4ac85,FORMAT_B_2019_2021,"ארכה בע""מ",511022493,"מתח ח.י הנדסת חשמל בע""מ",,511022493,,LOW,HIGH,TEXT_NATIVE
26/11/20,,2020,main_invoices\2020\2020-11-30__קרן-ממויה__p6121203831.pdf,5de821289d8e4cf4e860fd097d1a4dd49cea85f4bbc9c685637f17c7170fda82,FORMAT_B_2019_2021,"ארכה בע""מ",511022493,"מתח ח.י הנדסת חשמל בע""מ",,511022493,,LOW,HIGH,TEXT_NATIVE
26/11/20,,2020,main_invoices\2020\2020-11-27__קרן-ממויה__p2902001486.pdf,6198ac4ecbafa33785122771e3de91a5a419e0baaedf85ffc654cc73321e1f11,FORMAT_B_2019_2021,"ארכה בע""מ",511022493,"מתח ח.י הנדסת חשמל בע""מ",,511022493,,LOW,HIGH,TEXT_NATIVE
26/11/20,,2020,main_invoices\2020\2020-11-27__קרן-ממויה__p2902001451.pdf,20d500f9474086f1fbd6b9cf205eb6cfc1b08f1e4425ebf24eb2ee6d61c8b03b,FORMAT_B_2019_2021,"ארכה בע""מ",511022493,"מתח ח.י הנדסת חשמל בע""מ",,511022493,,LOW,HIGH,TEXT_NATIVE
22/10/20,,2020,main_invoices\2020\2020-10-25__קרן-ממויה__p5671601766.pdf,34ee6a62b0b6760b7fc9f667334c9e9a17cc3319397d4c9b60247e912fb52c77,FORMAT_B_2019_2021,"ארכה בע""מ",511022493,"מתח ח.י הנדסת חשמל בע""מ",,511022493,,LOW,HIGH,TEXT_NATIVE
22/10/20,,2020,main_invoices\2020\2020-10-25__קרן-ממויה__p5671601731.pdf,35e8ae9e1c781e72b8a3c95ee409f05aac46f316336215ef044d99258109b7c7,FORMAT_B_2019_2021,"ארכה בע""מ",511022493,"מתח ח.י הנדסת חשמל בע""מ",,511022493,,LOW,HIGH,TEXT_NATIVE
22/10/20,,2020,main_invoices\2020\2020-10-25__קרן-ממויה__p5671601696.pdf,240bc632353291490a3aa65f6c1e3b39b436447fc88480c6bcecf7a64684002c,FORMAT_B_2019_2021,"ארכה בע""מ",511022493,"מתח ח.י הנדסת חשמל בע""מ",,511022493,,LOW,HIGH,TEXT_NATIVE
22/10/20,,2020,main_invoices\2020\2020-10-25__קרן-ממויה__p5671601661.pdf,9c93416ffac812d3fde1f39b0ae576f25f6a97dbdce7bca7936e8cfc5b4c9f00,FORMAT_B_2019_2021,"ארכה בע""מ",511022493,"מתח ח.י הנדסת חשמל בע""מ",,511022493,,LOW,HIGH,TEXT_NATIVE
22/10/20,,2020,main_invoices\2020\2020-10-23__קרן-ממויה__p0432000661.pdf,905566439677e95b2f545529bef1d431743fdbd6e9bd367ff5331221119d1c80,FORMAT_B_2019_2021,"ארכה בע""מ",511022493,"מתח ח.י הנדסת חשמל בע""מ",,511022493,,LOW,HIGH,TEXT_NATIVE
22/10/20,,2020,main_invoices\2020\2020-10-23__קרן-ממויה__p1217202625.pdf,8653318574844f4aa455df1fd4bd546621a5b5369a5cf8dc662a300ecb668e9f,FORMAT_B_2019_2021,"ארכה בע""מ",511022493,"מתח ח.י הנדסת חשמל בע""מ",,511022493,,LOW,HIGH,TEXT_NATIVE
22/10/20,,2020,main_invoices\2020\2020-10-23__קרן-ממויה__p1217202590.pdf,627dca490fe79c8c486968955351922d685957948bab64e63b0a6067e55dea8f,FORMAT_B_2019_2021,"ארכה בע""מ",511022493,"מתח ח.י הנדסת חשמל בע""מ",,511022493,,LOW,HIGH,TEXT_NATIVE
24/09/20,,2020,main_invoices\2020\2020-09-29__קרן-ממויה__p6494003472.pdf,68ddda169f7f0eb30bcd5d7b67e05f5048f494f70c4bc0dd546a8a40c6d20899,FORMAT_B_2019_2021,"ארכה בע""מ",511022493,"מתח ח.י הנדסת חשמל בע""מ",,511022493,,LOW,HIGH,TEXT_NATIVE
24/09/20,,2020,main_invoices\2020\2020-09-29__קרן-ממויה__p6494003507.pdf,ba66a703c4ae0f0903007250b160678c4b642637e53b176578881a61af27dffe,FORMAT_B_2019_2021,"ארכה בע""מ",511022493,"מתח ח.י הנדסת חשמל בע""מ",,511022493,,LOW,HIGH,TEXT_NATIVE
24/09/20,,2020,main_invoices\2020\2020-09-29__קרן-ממויה__p6494003612.pdf,64d1a916380e7fc4b4763f798fa68b3ca2c9d213ec6202d22c2b91de5408234f,FORMAT_B_2019_2021,"ארכה בע""מ",511022493,"מתח ח.י הנדסת חשמל בע""מ",,511022493,,LOW,HIGH,TEXT_NATIVE
24/09/20,,2020,main_invoices\2020\2020-09-29__קרן-ממויה__p6494003577.pdf,9ac3ccef10b74e0d0fd6d46a6f37fb33577920aabd2ec03324d161a59795aee0,FORMAT_B_2019_2021,"ארכה בע""מ",511022493,"מתח ח.י הנדסת חשמל בע""מ",,511022493,,MEDIUM,LOW,TEXT_NATIVE
24/09/20,,2020,main_invoices\2020\2020-09-29__קרן-ממויה__p6494003542.pdf,ee2fa7349dfbca7268a29658d93764bffc1b59d7c55043db12f5f23d4f8d49f9,FORMAT_B_2019_2021,"ארכה בע""מ",511022493,"מתח ח.י הנדסת חשמל בע""מ",,511022493,,LOW,HIGH,TEXT_NATIVE
24/09/20,,2020,main_invoices\2020\2020-09-29__קרן-ממויה__p6494003437.pdf,7cae622a55f512bf0fe5df78fb25bf225219a50b31cceeae5e5e7669e6fde398,FORMAT_B_2019_2021,"ארכה בע""מ",511022493,"מתח ח.י הנדסת חשמל בע""מ",,511022493,,LOW,HIGH,TEXT_NATIVE
24/09/20,,2020,main_invoices\2020\2020-09-29__קרן-ממויה__p6494003402.pdf,9841ac6813156daffd66025d82a26ad8557a0334bc04dec44293e77af94325f5,FORMAT_B_2019_2021,"ארכה בע""מ",511022493,"מתח ח.י הנדסת חשמל בע""מ",,511022493,,LOW,LOW,TEXT_NATIVE
2020-09-13,R3520300482,2020,main_invoices\2020\2020-09-13__קרן-ממויה__p3545602018.pdf,8f59858a8452eae8c89e242287a409b47e8953acb37b558b95e2d4961539d9d1,FORMAT_C_2022_2026,"ארכה בע""מ",511022493,"מתח ח.י הנדסת חשמל בע""מ",,511022493,31,MEDIUM,LOW,TEXT_NATIVE
2020-09-13,R3520300481,2020,main_invoices\2020\2020-09-13__קרן-ממויה__p3545601989.pdf,6635cf6bf92f17d2ad14a1d51802d96d4199b7231bb0d62b16d09edcb7ce24a1,FORMAT_C_2022_2026,"ארכה בע""מ",511022493,"מתח ח.י הנדסת חשמל בע""מ",,511022493,31,MEDIUM,LOW,TEXT_NATIVE
27/08/20,R3420305803,2020,main_invoices\2020\2020-09-01__קרן-ממויה__p5108401844.pdf,6db80d578f13a33e07847a2af9e92a8d7ba07254e53368250159117195e2fad7,FORMAT_C_2022_2026,"ארכה בע""מ",511022493,"מתח ח.י הנדסת חשמל בע""מ",,511022493,30,LOW,HIGH,TEXT_NATIVE
27/08/20,R3420305802,2020,main_invoices\2020\2020-09-01__קרן-ממויה__p5108401815.pdf,76f2f7765f484334f46d247f01b4298ad2abea43da5024748bddff880be5abda,FORMAT_C_2022_2026,"ארכה בע""מ",511022493,"מתח ח.י הנדסת חשמל בע""מ",,511022493,30,LOW,HIGH,TEXT_NATIVE
27/08/20,R3420305785,2020,main_invoices\2020\2020-08-30__קרן-ממויה__p0948401499.pdf,b19bafaa44b2e3a6774d5a6c1cb69fdf697e1ca946dd41493980fcf2e853c485,FORMAT_C_2022_2026,"ארכה בע""מ",511022493,"מתח ח.י הנדסת חשמל בע""מ",,511022493,30,LOW,HIGH,TEXT_NATIVE
27/08/20,R3420305784,2020,main_invoices\2020\2020-08-30__קרן-ממויה__p0948401470.pdf,7a307b217b872c4e196e7579e84149db98bfeb329f9d971182e0b2bdfb91eb2d,FORMAT_C_2022_2026,"ארכה בע""מ",511022493,"מתח ח.י הנדסת חשמל בע""מ",,511022493,30,LOW,HIGH,TEXT_NATIVE
27/08/20,R3420305701,2020,main_invoices\2020\2020-08-30__קרן-ממויה__p1760802021.pdf,c03b067074c2d28373bb4dca334ddd6eb68c0234d7b0a8a558207e92cd7ab592,FORMAT_C_2022_2026,"ארכה בע""מ",511022493,"מתח ח.י הנדסת חשמל בע""מ",,511022493,30,LOW,HIGH,TEXT_NATIVE
2020-08-28,,2020,main_invoices\2020\2020-08-28__קרן-ממויה__p2382403376.pdf,c1efab6be74eefe417439c3d74244f58b27f8887b3cadcd6b3be994266ad11f5,FORMAT_B_2019_2021,"ארכה בע""מ",511022493,"מתח ח.י הנדסת חשמל בע""מ",,511022493,,LOW,LOW,TEXT_NATIVE
2020-08-11,,2020,main_invoices\2020\2020-08-11__ניר-סאייג__p4008401536.pdf,f408215b27da86e7a89e8ed4bf9331628a3b0a4c3bcd61b13d3ae9c9e0144404,FORMAT_B_2019_2021,"ארכה בע""מ",511022493,"מתח ח.י הנדסת חשמל בע""מ",,511022493,,MEDIUM,LOW,TEXT_NATIVE
26/07/20,,2020,main_invoices\2020\2020-08-11__ניר-סאייג__p4008401501.pdf,f82fcd1563565ae4b36c0bf931ce260194521086bf48177ea21cbe2ed466ae51,FORMAT_B_2019_2021,"ארכה בע""מ",511022493,"מתח ח.י הנדסת חשמל בע""מ",,511022493,,MEDIUM,HIGH,TEXT_NATIVE
26/07/20,,2020,main_invoices\2020\2020-08-11__ניר-סאייג__p4008401466.pdf,3eaf40aee421b4b8d359b205c3ec626f9e812f47b8e5a627657661780fd19e2b,FORMAT_B_2019_2021,"ארכה בע""מ",511022493,"מתח ח.י הנדסת חשמל בע""מ",,511022493,,MEDIUM,HIGH,TEXT_NATIVE
30/07/20,,2020,main_invoices\2020\2020-08-11__ניר-סאייג__p4008401431.pdf,60eb98a37df8fb54f4358b28118b7dfbff7632500dabf4371566a457db071678,FORMAT_B_2019_2021,"ארכה בע""מ",511022493,"מתח ח.י הנדסת חשמל בע""מ",,511022493,,MEDIUM,HIGH,TEXT_NATIVE
26/07/20,,2020,main_invoices\2020\2020-08-11__ניר-סאייג__p4008401396.pdf,892af3abc0bac66adb4283a27fce292d346a714c33cc2a6d169aaa8378215a8e,FORMAT_B_2019_2021,"ארכה בע""מ",511022493,"מתח ח.י הנדסת חשמל בע""מ",,511022493,,MEDIUM,LOW,TEXT_NATIVE
26/07/20,,2020,main_invoices\2020\2020-08-11__ניר-סאייג__p4008401361.pdf,5bc69bcefee7e796da42e75c42cfb02bfe41ec8feea082f283e7eb48f887353d,FORMAT_B_2019_2021,"ארכה בע""מ",511022493,"מתח ח.י הנדסת חשמל בע""מ",,511022493,,MEDIUM,HIGH,TEXT_NATIVE
26/07/20,,2020,main_invoices\2020\2020-08-11__ניר-סאייג__p4008400017.pdf,48e32a27cf397659968bf333b6c29c066e3f426b4307904db1da7b062fc54e3b,FORMAT_B_2019_2021,"ארכה בע""מ",511022493,"מתח ח.י הנדסת חשמל בע""מ",,511022493,,MEDIUM,HIGH,TEXT_NATIVE
26/07/20,,2020,main_invoices\2020\2020-08-11__ניר-סאייג__p4008400050.pdf,6ffe736834c6c5d50ef71d52ce5b5637866a02f13d54c3e5c159cfbbf6361f2e,FORMAT_B_2019_2021,"ארכה בע""מ",511022493,"מתח ח.י הנדסת חשמל בע""מ",,511022493,,MEDIUM,HIGH,TEXT_NATIVE
26/07/20,,2020,main_invoices\2020\2020-08-11__ניר-סאייג__p4008400664.pdf,881f636d35c8ad5fca3415b96ec3dc54b19f951d3190ea6df592a7a961aec31b,FORMAT_B_2019_2021,"ארכה בע""מ",511022493,"מתח ח.י הנדסת חשמל בע""מ",,511022493,,MEDIUM,LOW,TEXT_NATIVE
26/07/20,,2020,main_invoices\2020\2020-08-11__ניר-סאייג__p4008400097.pdf,761942153b570aaf0e923b02fdb41ad962135c4f2ce4b8912355f3ed3a8edb00,FORMAT_B_2019_2021,"ארכה בע""מ",511022493,"מתח ח.י הנדסת חשמל בע""מ",,511022493,,MEDIUM,LOW,TEXT_NATIVE
28/06/20,,2020,main_invoices\2020\2020-07-06__ניר-סאייג__R3420303712 - הדפסת חשבונית מרכזת.pdf,b0a79ebbb3604d6adf298eebcc240511429f4c5ac6b8d543b9a2901b3881671d,FORMAT_B_2019_2021,"ארכה בע""מ",511022493,"מתח ח.י הנדסת חשמל בע""מ",,511022493,,HIGH,HIGH,TEXT_NATIVE
2020-06-24,R6020302449,2020,main_invoices\2020\2020-06-24__קרן-ממויה__p6422400971.pdf,b47d4b8d212a1a4701fa58b4ed2d165a9677214352ae84fd390701f4f0ad5faa,FORMAT_A_2017_2018,"ארכה בע""מ",511022493,"מתח ח.י הנדסת חשמל בע""מ",,511022493,,MEDIUM,LOW,TEXT_NATIVE
29/03/20,,2020,main_invoices\2020\2020-05-26__Eran-Yosef__R3420301565 - הדפסת חשבונית מרכזת.pdf,5c9bd2ea460a88644609eb9255ba9a0fba86df5f8e265f258db4769eae74e856,FORMAT_B_2019_2021,"ארכה בע""מ",511022493,"מתח ח.י הנדסת חשמל בע""מ",,511022493,,HIGH,HIGH,TEXT_NATIVE
28/01/20,,2020,main_invoices\2020\2020-02-10__ניר-סאייג__p5236000593.pdf,752e295833ef3c2eef6c369407b0c2dc02e1b1777886d09201d1c83541eda095,FORMAT_B_2019_2021,"ארכה בע""מ",511022493,"מתח ח.י הנדסת חשמל בע""מ",,511022493,,LOW,HIGH,TEXT_NATIVE
28/01/20,,2020,main_invoices\2020\2020-02-10__ניר-סאייג__p5172800593.pdf,b000594f6f17ba07dd81e53b17f86e9eeebfa09f452d571bb3f31efdd56296f7,FORMAT_B_2019_2021,"ארכה בע""מ",511022493,"מתח ח.י הנדסת חשמל בע""מ",,511022493,,LOW,HIGH,TEXT_NATIVE
28/01/20,,2020,main_invoices\2020\2020-02-10__ניר-סאייג__p1070800593.pdf,f90de5925307e25d13f678e30479c8f81ba7250d7cb147ce0c84fe7432923ad6,FORMAT_B_2019_2021,"ארכה בע""מ",511022493,"מתח ח.י הנדסת חשמל בע""מ",,511022493,,LOW,HIGH,TEXT_NATIVE
28/01/20,,2020,main_invoices\2020\2020-02-10__ניר-סאייג__p5068400593.pdf,703da7dd9a8d2cd99893f905d4cc22a1d4d662a1f392d79a3eec9a488692718a,FORMAT_B_2019_2021,"ארכה בע""מ",511022493,"מתח ח.י הנדסת חשמל בע""מ",,511022493,,LOW,LOW,TEXT_NATIVE
28/01/20,,2020,main_invoices\2020\2020-02-10__ניר-סאייג__p4564400593.pdf,0a7bb72d5263bf7befee86bd8ef019756f450c88995633079d55baaa65c98e83,FORMAT_B_2019_2021,"ארכה בע""מ",511022493,"מתח ח.י הנדסת חשמל בע""מ",,511022493,,LOW,HIGH,TEXT_NATIVE
28/01/20,,2020,main_invoices\2020\2020-02-10__ניר-סאייג__p4562800593.pdf,fd5e70ff5b2913a5f793407bf66b7c1e0dbd8be4c7fe5023ca119abc4cbf18c9,FORMAT_B_2019_2021,"ארכה בע""מ",511022493,"מתח ח.י הנדסת חשמל בע""מ",,511022493,,LOW,HIGH,TEXT_NATIVE
28/01/20,,2020,main_invoices\2020\2020-02-10__ניר-סאייג__p4474400593.pdf,e03b88c0814b73b5db153d3a32b221fef8ef674a355d0131a0fdb854e3aaff00,FORMAT_B_2019_2021,"ארכה בע""מ",511022493,"מתח ח.י הנדסת חשמל בע""מ",,511022493,,LOW,HIGH,TEXT_NATIVE
28/01/20,,2020,main_invoices\2020\2020-02-10__ניר-סאייג__p4131200593.pdf,6ae16bc4deabdffe2041bfa9b12a58e56a8d6b785baa1c6a2d03bc5eecab39b2,FORMAT_B_2019_2021,"ארכה בע""מ",511022493,"מתח ח.י הנדסת חשמל בע""מ",,511022493,,LOW,HIGH,TEXT_NATIVE
27/11/19,R3419311922,2019,main_invoices\2019\2019-11-28__Keren-Inao__p3034801372.pdf,d9e7f8c525843d99899e3e1b9d797df32c3d07f52cd7df1e91fdc50e046bd967,FORMAT_C_2022_2026,"ארכה בע""מ",511022493,"מתח ח.י הנדסת חשמל בע""מ",,511022493,29,MEDIUM,HIGH,TEXT_NATIVE
27/11/19,R3419311921,2019,main_invoices\2019\2019-11-28__Keren-Inao__p3034800004.pdf,74b64edf1c6fb16b69feac9422c3b1dc041549f1b74690c7f0710b333cec07b0,FORMAT_C_2022_2026,"ארכה בע""מ",511022493,"מתח ח.י הנדסת חשמל בע""מ",,511022493,29,MEDIUM,HIGH,TEXT_NATIVE
27/11/19,R3419311920,2019,main_invoices\2019\2019-11-28__Keren-Inao__p3034800005.pdf,a00295de44334184cbbefe7ac2afc5efb4c253c26785831d60927fb55e3c3046,FORMAT_C_2022_2026,"ארכה בע""מ",511022493,"מתח ח.י הנדסת חשמל בע""מ",,511022493,29,MEDIUM,HIGH,TEXT_NATIVE
27/11/19,R3419311915,2019,main_invoices\2019\2019-11-28__Keren-Inao__p3034800076.pdf,513681f7ff34d7b6ac0f426598a39cf03266a10f7abc7b8d17c23fc814568532,FORMAT_C_2022_2026,"ארכה בע""מ",511022493,"מתח ח.י הנדסת חשמל בע""מ",,511022493,29,MEDIUM,HIGH,TEXT_NATIVE
27/11/19,R3419311914,2019,main_invoices\2019\2019-11-28__Keren-Inao__p3034800110.pdf,5f7fc39d74957072e05b72e3ff2b771e6c6c217dcc8725ade969b58a747c3a57,FORMAT_C_2022_2026,"ארכה בע""מ",511022493,"מתח ח.י הנדסת חשמל בע""מ",,511022493,29,MEDIUM,HIGH,TEXT_NATIVE
27/11/19,R3419311911,2019,main_invoices\2019\2019-11-28__Keren-Inao__p3034800140.pdf,5d6d34ee06bc08bff7705ec05450d944cab7176ca9339b7a17565f5a8c6d0fc7,FORMAT_C_2022_2026,"ארכה בע""מ",511022493,"מתח ח.י הנדסת חשמל בע""מ",,511022493,29,MEDIUM,HIGH,TEXT_NATIVE
27/11/19,R3419311901,2019,main_invoices\2019\2019-11-28__Keren-Inao__p3034800706.pdf,c76ed2009932534a38d25837bee4886f180c049c1c17930abda5ddc05cf76fac,FORMAT_C_2022_2026,"ארכה בע""מ",511022493,"מתח ח.י הנדסת חשמל בע""מ",,511022493,29,LOW,HIGH,TEXT_NATIVE
25/10/19,,2019,main_invoices\2019\2019-11-11__ניר-סאייג__p2748400593.pdf,03f6f183c20148893fea99717cc3387440f4f3dfd7a86edfb570f2dd2c9cd1c8,FORMAT_B_2019_2021,"ארכה בע""מ",511022493,"מתח ח.י הנדסת חשמל בע""מ",,511022493,,MEDIUM,HIGH,TEXT_NATIVE
25/10/19,,2019,main_invoices\2019\2019-11-11__ניר-סאייג__p5066000593.pdf,ef8f8d31b1b096e94cd82b4efe3a3dd208833f83d9a1b43a706c0ca6949c4aef,FORMAT_B_2019_2021,"ארכה בע""מ",511022493,"מתח ח.י הנדסת חשמל בע""מ",,511022493,,MEDIUM,HIGH,TEXT_NATIVE
25/10/19,,2019,main_invoices\2019\2019-11-11__ניר-סאייג__p4189200593.pdf,278ef47ed4c417acfe6aa3221cb4946c1b560d2b365901e437d9fc17783b593b,FORMAT_B_2019_2021,"ארכה בע""מ",511022493,"מתח ח.י הנדסת חשמל בע""מ",,511022493,,MEDIUM,HIGH,TEXT_NATIVE
25/10/19,,2019,main_invoices\2019\2019-11-11__ניר-סאייג__p1884800593.pdf,1eaac208219df6873f0cf81ab83272a7ab25d67fff86afeb24fb156fae5fcc22,FORMAT_B_2019_2021,"ארכה בע""מ",511022493,"מתח ח.י הנדסת חשמל בע""מ",,511022493,,MEDIUM,HIGH,TEXT_NATIVE
25/10/19,,2019,main_invoices\2019\2019-11-11__ניר-סאייג__p4491200593.pdf,c6f2fdbaa2d4a5a825eabdbcb4da2b71170acc8e03ee9a11939f23bd771cf84b,FORMAT_B_2019_2021,"ארכה בע""מ",511022493,"מתח ח.י הנדסת חשמל בע""מ",,511022493,,MEDIUM,HIGH,TEXT_NATIVE
25/10/19,,2019,main_invoices\2019\2019-11-11__ניר-סאייג__p2148400593.pdf,88f87cd755f8b0ef08edac928562f95e3fc4c187e5133630f748e389931d3a1d,FORMAT_B_2019_2021,"ארכה בע""מ",511022493,"מתח ח.י הנדסת חשמל בע""מ",,511022493,,MEDIUM,HIGH,TEXT_NATIVE
25/10/19,,2019,main_invoices\2019\2019-11-11__ניר-סאייג__p3847600593.pdf,2983f25f14d4efa9468affc9b45196f7b1bbfb75939ae3fe54754d1bce5fb55b,FORMAT_B_2019_2021,"ארכה בע""מ",511022493,"מתח ח.י הנדסת חשמל בע""מ",,511022493,,MEDIUM,HIGH,TEXT_NATIVE
25/10/19,,2019,main_invoices\2019\2019-11-11__ניר-סאייג__p1484800593.pdf,8967e9ca5b1c1fe37b40d72c7f7c51ea7bfaa905cc453776e0a378abb9606c9b,FORMAT_B_2019_2021,"ארכה בע""מ",511022493,"מתח ח.י הנדסת חשמל בע""מ",,511022493,,MEDIUM,HIGH,TEXT_NATIVE
24/09/19,,2019,main_invoices\2019\2019-10-25__ניר-סאייג__p2684400593.pdf,d04c834c0b8ccf0495ab412bb77adbbb7235ad70f00454510a82d645d6e63361,FORMAT_B_2019_2021,"ארכה בע""מ",511022493,"מתח ח.י הנדסת חשמל בע""מ",,511022493,,MEDIUM,HIGH,TEXT_NATIVE
24/09/19,,2019,main_invoices\2019\2019-10-25__ניר-סאייג__p2615600593.pdf,32fc9b8029455b0ddd91fcaa1203f4f49a969a18563a1f2c9644127d12ac832d,FORMAT_B_2019_2021,"ארכה בע""מ",511022493,"מתח ח.י הנדסת חשמל בע""מ",,511022493,,MEDIUM,HIGH,TEXT_NATIVE
24/09/19,,2019,main_invoices\2019\2019-10-25__ניר-סאייג__p2748000593.pdf,6016e6bbdd964eff6de58b05737886069bc298b287d1bb93842dac5c68304eca,FORMAT_B_2019_2021,"ארכה בע""מ",511022493,"מתח ח.י הנדסת חשמל בע""מ",,511022493,,MEDIUM,HIGH,TEXT_NATIVE
24/09/19,,2019,main_invoices\2019\2019-10-25__ניר-סאייג__p2750800593.pdf,ca9645c7b70dc2624ce731d4f1de42c57a54110ad16a55270b41c094e387ce96,FORMAT_B_2019_2021,"ארכה בע""מ",511022493,"מתח ח.י הנדסת חשמל בע""מ",,511022493,,MEDIUM,HIGH,TEXT_NATIVE
24/09/19,,2019,main_invoices\2019\2019-10-25__ניר-סאייג__p2688800593.pdf,e73f7dfe2612a7b408f74ed6d61b636ac5202c3123b905243bb2b288162c7cc0,FORMAT_B_2019_2021,"ארכה בע""מ",511022493,"מתח ח.י הנדסת חשמל בע""מ",,511022493,,MEDIUM,HIGH,TEXT_NATIVE
24/09/19,,2019,main_invoices\2019\2019-10-25__ניר-סאייג__p2639600593.pdf,6922d858f77716a58fb693b4639d005e62a6b8dbaafa1ed6af881384ecd46111,FORMAT_B_2019_2021,"ארכה בע""מ",511022493,"מתח ח.י הנדסת חשמל בע""מ",,511022493,,MEDIUM,LOW,TEXT_NATIVE
2019-09-08,,2019,main_invoices\2019\2019-09-08__Eran-Yosef__R3519300695 - הדפסת חשבונית מרכזת.pdf,fc2d0b37bde47ee6910365da2aa5f8f8bb5b85398c3358a7239e80865373f751,FORMAT_B_2019_2021,"ארכה בע""מ",511022493,"מתח ח.י הנדסת חשמל בע""מ",,511022493,,HIGH,LOW,TEXT_NATIVE
25/08/19,,2019,main_invoices\2019\2019-09-08__Eran-Yosef__R3419309179 - הדפסת חשבונית מרכזת.pdf,5abd349d3af864cc54d95c6a37aca46705c13b3ff279d9529f8ca3b450252714,FORMAT_B_2019_2021,"ארכה בע""מ",511022493,"מתח ח.י הנדסת חשמל בע""מ",,511022493,,HIGH,HIGH,TEXT_NATIVE
25/08/19,,2019,main_invoices\2019\2019-09-08__Eran-Yosef__R3419309180 - הדפסת חשבונית מרכזת.pdf,2fabdadbb696cf0e044433ca68b769402ec2b636e01f902880e610663ce7fb58,FORMAT_B_2019_2021,"ארכה בע""מ",511022493,"מתח ח.י הנדסת חשמל בע""מ",,511022493,,HIGH,LOW,TEXT_NATIVE
25/08/19,,2019,main_invoices\2019\2019-09-08__Eran-Yosef__R3419309181 - הדפסת חשבונית מרכזת.pdf,c45680e5f186118c4580b732eb20edbe05cc00fbdfd1c27ee2cf73a5f3632422,FORMAT_B_2019_2021,"ארכה בע""מ",511022493,"מתח ח.י הנדסת חשמל בע""מ",,511022493,,HIGH,HIGH,TEXT_NATIVE
25/08/19,,2019,main_invoices\2019\2019-09-08__Eran-Yosef__R3419309635 - הדפסת חשבונית מרכזת.pdf,07449139c41b042c960d71f82b51464de53a5dd60f1c8d2e1dd9db7533ce903b,FORMAT_B_2019_2021,"ארכה בע""מ",511022493,"מתח ח.י הנדסת חשמל בע""מ",,511022493,,HIGH,LOW,TEXT_NATIVE
2019-08-28,,2019,main_invoices\2019\2019-08-28__ניר-סאייג__R1519304186 - הדפסת תעודת החזרה מלקוח.pdf,f7f1905300dffbe4053eae16f86fdf4e0a4c3d99ec825acc3421a4f4cab393da,FORMAT_A_2017_2018,"ארכה בע""מ",511022493,"מתח ח.י הנדסת חשמל בע""מ",,511022493,,MEDIUM,LOW,TEXT_NATIVE
2019-08-13,,2019,main_invoices\2019\2019-08-13__ניר-סאייג__p4975600597.pdf,8e6127c5120aff4ee2717c888ca46372dc01006dc4ce5976624da3a9e5a903f6,FORMAT_B_2019_2021,"ארכה בע""מ",511022493,"מתח ח.י הנדסת חשמל בע""מ",,511022493,,MEDIUM,LOW,TEXT_NATIVE
28/07/19,,2019,main_invoices\2019\2019-08-12__ניר-סאייג__R3419307518 - הדפסת חשבונית מרכזת.pdf,96068b85de2ffe5165100ca19960144f79ebd606018bd70fd9e877e45fa7aeed,FORMAT_B_2019_2021,"ארכה בע""מ",511022493,"מתח ח.י הנדסת חשמל בע""מ",,511022493,,HIGH,HIGH,TEXT_NATIVE
28/07/19,,2019,main_invoices\2019\2019-08-12__ניר-סאייג__R3419307521 - הדפסת חשבונית מרכזת.pdf,ee2e3ebd652414d5abc3b6893a724eada6c301ca95c9b04874b8d48d5da2a8dc,FORMAT_B_2019_2021,"ארכה בע""מ",511022493,"מתח ח.י הנדסת חשמל בע""מ",,511022493,,HIGH,LOW,TEXT_NATIVE
28/07/19,,2019,main_invoices\2019\2019-08-12__ניר-סאייג__R3419307530 - הדפסת חשבונית מרכזת.pdf,196ea072e2980f3bfa9f05cb8f37530fa8eafe53b1d8a5f180ba5bae782909c4,FORMAT_B_2019_2021,"ארכה בע""מ",511022493,"מתח ח.י הנדסת חשמל בע""מ",,511022493,,HIGH,HIGH,TEXT_NATIVE
28/07/19,,2019,main_invoices\2019\2019-08-12__ניר-סאייג__R3419307532 - הדפסת חשבונית מרכזת.pdf,bb68b41f60ccc5002ceb2e658e4bb293858b00e6eb5d3e224f188e54d3f34a1e,FORMAT_B_2019_2021,"ארכה בע""מ",511022493,"מתח ח.י הנדסת חשמל בע""מ",,511022493,,HIGH,HIGH,TEXT_NATIVE
28/07/19,,2019,main_invoices\2019\2019-08-12__ניר-סאייג__R3419307892 - הדפסת חשבונית מרכזת.pdf,f0c4a957e3fae1928685a9c53c8d781c300edfa66974d25f63dd41e0040b62eb,FORMAT_B_2019_2021,"ארכה בע""מ",511022493,"מתח ח.י הנדסת חשמל בע""מ",,511022493,,HIGH,HIGH,TEXT_NATIVE
27/06/19,,2019,main_invoices\2019\2019-07-09__ניר-סאייג__R3419306701 - הדפסת חשבונית מרכזת.pdf,9f3085accdb759074ab95a35b772b3a8f55fb02997a05bad807933887041cab7,FORMAT_B_2019_2021,"ארכה בע""מ ,ארכה בע""מ",511022493,"מתח ח.י הנדסת חשמל בע""מ",,511022493,,HIGH,HIGH,TEXT_NATIVE
27/06/19,,2019,main_invoices\2019\2019-07-09__ניר-סאייג__R3419306740 - הדפסת חשבונית מרכזת.pdf,6bf4cf5e7815a066f2927d753dc8160c3bcb1ca11a821eeeee6ff4538f47b115,FORMAT_B_2019_2021,"ארכה בע""מ ,ארכה בע""מ",511022493,"מתח ח.י הנדסת חשמל בע""מ",,511022493,,HIGH,HIGH,TEXT_NATIVE
27/06/19,,2019,main_invoices\2019\2019-07-09__ניר-סאייג__R3419306741 - הדפסת חשבונית מרכזת.pdf,3b52e31e41c5369d0ad37b785edb7244e8ffb413b59ef375fb92e1902cb3061a,FORMAT_B_2019_2021,"ארכה בע""מ ,ארכה בע""מ",511022493,"מתח ח.י הנדסת חשמל בע""מ",,511022493,,HIGH,HIGH,TEXT_NATIVE
29/03/19,R3419302836,2019,main_invoices\2019\2019-04-11__Keren-Inao__p2368000013.pdf,ea612e680f445b0adf77d6dac8b8e50bcad2789f5ba24ff232554419d5a02be5,FORMAT_C_2022_2026,"ארכה בע""מ ,ארכה בע""מ",511022493,"מתח ח.י הנדסת חשמל בע""מ",,511022493,30,MEDIUM,LOW,TEXT_NATIVE
29/03/19,R3419302837,2019,main_invoices\2019\2019-04-11__Keren-Inao__p2368001365.pdf,ca3e11b35e1279103640164ca95fa19cc03a56eadaedb418d08e79e4f7d44c87,FORMAT_C_2022_2026,"ארכה בע""מ ,ארכה בע""מ",511022493,"מתח ח.י הנדסת חשמל בע""מ",,511022493,30,MEDIUM,HIGH,TEXT_NATIVE
04/03/19,R3419301980,2019,main_invoices\2019\2019-04-11__Keren-Inao__p2368000116.pdf,58d6238ace9fd6f4ff10f4b6205f8b272c95b887f81fa7473ee2d177bcd561a1,FORMAT_C_2022_2026,"ארכה בע""מ ,ארכה בע""מ",511022493,"מתח ח.י הנדסת חשמל בע""מ",,511022493,30,MEDIUM,HIGH,TEXT_NATIVE
29/03/19,R3419302835,2019,main_invoices\2019\2019-04-11__Keren-Inao__p2368000008.pdf,3721075f1a591aa74e24b8c14ca1bead9cb1f098b1606fc9529bdf78b4f6bae1,FORMAT_C_2022_2026,"ארכה בע""מ ,ארכה בע""מ",511022493,"מתח ח.י הנדסת חשמל בע""מ",,511022493,30,MEDIUM,HIGH,TEXT_NATIVE
29/03/19,R3419302832,2019,main_invoices\2019\2019-04-11__Keren-Inao__p2368000079.pdf,dbfed0fd08bc0bd52085a1d014d2cb47ab5e57fcdf90661678e015a0317e7488,FORMAT_C_2022_2026,"ארכה בע""מ ,ארכה בע""מ",511022493,"מתח ח.י הנדסת חשמל בע""מ",,511022493,30,MEDIUM,HIGH,TEXT_NATIVE
04/03/19,R3419301979,2019,main_invoices\2019\2019-04-11__Keren-Inao__p2368000143.pdf,8b1910c0783189685c25358bdf844b338b7c5a4531a8b4150ec82cba478ab5c8,FORMAT_C_2022_2026,"ארכה בע""מ ,ארכה בע""מ",511022493,"מתח ח.י הנדסת חשמל בע""מ",,511022493,30,MEDIUM,HIGH,TEXT_NATIVE
04/03/19,R3419301978,2019,main_invoices\2019\2019-04-11__Keren-Inao__p2368000702.pdf,1af85e6651f17b18cf79c3dd0ccf309a30b4ca2a7074ddf7b084e3a68289bd16,FORMAT_C_2022_2026,"ארכה בע""מ ,ארכה בע""מ",511022493,"מתח ח.י הנדסת חשמל בע""מ",,511022493,30,MEDIUM,HIGH,TEXT_NATIVE
28/02/19,R3419301984,2019,main_invoices\2019\2019-03-07__Keren-Inao__p2294407751.pdf,ee3157d72eca3258074ce2697a6b203b97b7d0c3f502a1d4a647bbca495938ea,FORMAT_C_2022_2026,"ארכה בע""מ ,ארכה בע""מ",511022493,"מתח ח.י הנדסת חשמל בע""מ",,511022493,31,MEDIUM,HIGH,TEXT_NATIVE
04/03/19,R3419301980,2019,main_invoices\2019\2019-03-07__Keren-Inao__p2294407722.pdf,932d0bd23af60f79e9157411c4c30dbe3a53f0318da191efb2664dabd82c0469,FORMAT_C_2022_2026,"ארכה בע""מ ,ארכה בע""מ",511022493,"מתח ח.י הנדסת חשמל בע""מ",,511022493,30,MEDIUM,HIGH,TEXT_NATIVE
04/03/19,R3419301979,2019,main_invoices\2019\2019-03-07__Keren-Inao__p2294407693.pdf,febdf5851d021b927d2a6a7fabd3374b68bdad104b0b73260685653b5d4d7634,FORMAT_C_2022_2026,"ארכה בע""מ ,ארכה בע""מ",511022493,"מתח ח.י הנדסת חשמל בע""מ",,511022493,30,MEDIUM,HIGH,TEXT_NATIVE
04/03/19,R3419301978,2019,main_invoices\2019\2019-03-07__Keren-Inao__p2294407664.pdf,afd98a6a4c3a28585245e5078f9f9de7e1a80d57f10410e9990344ad5b91dc48,FORMAT_C_2022_2026,"ארכה בע""מ ,ארכה בע""מ",511022493,"מתח ח.י הנדסת חשמל בע""מ",,511022493,30,MEDIUM,HIGH,TEXT_NATIVE
27/01/19,,2019,main_invoices\2019\2019-02-06__Nir-Sayag__p1063200593.pdf,242347bcc4972794a0ea407cd0957df6595cbd1dbdaacc210c108963ef534d02,FORMAT_B_2019_2021,"ארכה בע""מ ,ארכה בע""מ",511022493,"מתח ח.י הנדסת חשמל בע""מ",,511022493,,MEDIUM,HIGH,TEXT_NATIVE
27/01/19,,2019,main_invoices\2019\2019-02-06__Nir-Sayag__p2596000593.pdf,c6e8c13e5e31ed5130a62b088b1ad802dc99b8d2b7a5f9c9cd812931d5d3639c,FORMAT_B_2019_2021,"ארכה בע""מ ,ארכה בע""מ",511022493,"מתח ח.י הנדסת חשמל בע""מ",,511022493,,MEDIUM,HIGH,TEXT_NATIVE
27/01/19,,2019,main_invoices\2019\2019-02-06__Nir-Sayag__p1040400593.pdf,869002891f42349a1afedd11cca6a5e57fc7bcec0998d4335db381ae952d276f,FORMAT_B_2019_2021,"ארכה בע""מ ,ארכה בע""מ",511022493,"מתח ח.י הנדסת חשמל בע""מ",,511022493,,MEDIUM,HIGH,TEXT_NATIVE
27/01/19,,2019,main_invoices\2019\2019-02-06__Nir-Sayag__p1985200593.pdf,e43df38fc6f74505c9fb06408e119e1b17c7cb41d60ed7dafc793a2549e29de6,FORMAT_B_2019_2021,"ארכה בע""מ ,ארכה בע""מ",511022493,"מתח ח.י הנדסת חשמל בע""מ",,511022493,,MEDIUM,HIGH,TEXT_NATIVE
27/01/19,,2019,main_invoices\2019\2019-02-06__Nir-Sayag__p1511600593.pdf,2f33b1062fd5fba055e16fcacc91adca79a44fce21f02de89c3462154f250a0e,FORMAT_B_2019_2021,"ארכה בע""מ ,ארכה בע""מ",511022493,"מתח ח.י הנדסת חשמל בע""מ",,511022493,,MEDIUM,HIGH,TEXT_NATIVE
27/01/19,,2019,main_invoices\2019\2019-02-06__Nir-Sayag__p0761200593.pdf,df54ffe1258669df11ddec7a38cb016bb0912c3a70941df15eea306750e921d4,FORMAT_B_2019_2021,"ארכה בע""מ ,ארכה בע""מ",511022493,"מתח ח.י הנדסת חשמל בע""מ",,511022493,,MEDIUM,HIGH,TEXT_NATIVE
2019-01-13,R3518300613,2019,main_invoices\2019\2019-01-13__Keren-Inao__p3845601787.pdf,9c2315192fb103b4ca2347c24721cdb488f15bd04cb93ce35625353abc12a7bc,FORMAT_C_2022_2026,"ארכה בע""מ ,ארכה בע""מ",511022493,"מתח ח.י הנדסת חשמל בע""מ",,511022493,31,MEDIUM,LOW,TEXT_NATIVE
31/12/18,,2019,main_invoices\2019\2019-01-03__Nir-Sayag__p2424400597.pdf,963a9a3fe8b576f8990b17d490f752b4f2503513d99bb2e59cc3781a6cf32a04,FORMAT_B_2019_2021,"ארכה בע""מ ,ארכה בע""מ",511022493,"מתח ח.י הנדסת חשמל בע""מ",,511022493,,LOW,LOW,TEXT_NATIVE
31/12/18,,2019,main_invoices\2019\2019-01-03__Nir-Sayag__p3634800597.pdf,53f77a8079694a55da765d9c9dc8b9190cd8623510a19ae63e9837035811185d,FORMAT_B_2019_2021,"ארכה בע""מ ,ארכה בע""מ",511022493,"מתח ח.י הנדסת חשמל בע""מ",,511022493,,LOW,HIGH,TEXT_NATIVE
31/12/18,,2019,main_invoices\2019\2019-01-03__Nir-Sayag__p1773200597.pdf,1af9c75a31f8adea7d15557b8ecac4fc75ceabd341d623712fc14312fc8139b0,FORMAT_B_2019_2021,"ארכה בע""מ ,ארכה בע""מ",511022493,"מתח ח.י הנדסת חשמל בע""מ",,511022493,,LOW,HIGH,TEXT_NATIVE
31/12/18,,2019,main_invoices\2019\2019-01-03__Nir-Sayag__p1894800597.pdf,58d2436fff50c8ec072fcd6004cb24f0e57b65a1a779ab35c93bcb84e09bb0ef,FORMAT_B_2019_2021,"ארכה בע""מ ,ארכה בע""מ",511022493,"מתח ח.י הנדסת חשמל בע""מ",,511022493,,LOW,HIGH,TEXT_NATIVE
27/11/18,,2018,main_invoices\2018\2018-12-09__Nir-Sayag__p3285200593.pdf,70dc685842ccbb55aa32ba81863e12cab2ce6ada07b52831ff1196cc617627e6,FORMAT_B_2019_2021,"ארכה בע""מ ,ארכה בע""מ",511022493,"מתח ח.י הנדסת חשמל בע""מ",,511022493,,MEDIUM,HIGH,TEXT_NATIVE
27/11/18,,2018,main_invoices\2018\2018-12-09__Nir-Sayag__p3232000593.pdf,0f6d3d4d016e7ca12e681941ea22cf48d4aec1bf6157da2a117af1c24e493ea8,FORMAT_B_2019_2021,"ארכה בע""מ ,ארכה בע""מ",511022493,"מתח ח.י הנדסת חשמל בע""מ",,511022493,,MEDIUM,HIGH,TEXT_NATIVE
27/11/18,,2018,main_invoices\2018\2018-12-09__Nir-Sayag__p2764000593.pdf,24eab55cf2e1c51374718a686b0318f95a12739afdb43e16da2626b62c25d567,FORMAT_B_2019_2021,"ארכה בע""מ ,ארכה בע""מ",511022493,"מתח ח.י הנדסת חשמל בע""מ",,511022493,,MEDIUM,HIGH,TEXT_NATIVE
27/11/18,,2018,main_invoices\2018\2018-12-09__Nir-Sayag__p3483600593.pdf,39acbfbca32f6d162dcdedc7985a6ab276c888b278fc24a9a76f1a77f08641f1,FORMAT_B_2019_2021,"ארכה בע""מ ,ארכה בע""מ",511022493,"מתח ח.י הנדסת חשמל בע""מ",,511022493,,MEDIUM,HIGH,TEXT_NATIVE
27/11/18,,2018,main_invoices\2018\2018-12-09__Nir-Sayag__p1725200593.pdf,5cda73a39ceea24584339754c9bd92c02ff04e66e6c7784fa8ffb32f54c121bf,FORMAT_B_2019_2021,"ארכה בע""מ ,ארכה בע""מ",511022493,"מתח ח.י הנדסת חשמל בע""מ",,511022493,,MEDIUM,HIGH,TEXT_NATIVE
27/11/18,,2018,main_invoices\2018\2018-12-09__Nir-Sayag__p0414400593.pdf,22758fd3d656ac1562a83e4bdea653e39b0fbdf1ac2f01db3a28218a70b31e96,FORMAT_B_2019_2021,"ארכה בע""מ ,ארכה בע""מ",511022493,"מתח ח.י הנדסת חשמל בע""מ",,511022493,,MEDIUM,LOW,TEXT_NATIVE
2018-08-30,,2018,main_invoices\2018\2018-08-30__Mira-Yarimi__P5118435784.pdf,57838108d9149c7790462dde19d6654705c3fd39a4a61a5cebdd1c2df6a63c4e,FORMAT_A_2017_2018,"ארכה בע""מ ,ארכה בע""מ",511022493,"מתח ח.י הנדסת חשמל בע""מ",,511022493,,MEDIUM,HIGH,TEXT_NATIVE
2017-10-03,,2017,main_invoices\2017\2017-10-03__Nir-Sayag__R3417309113 - הדפסת חשבונית מרכזת.pdf,1a754467bb71629a70037f02664eb7a6aa59ba671f14625a1584260587834872,FORMAT_A_2017_2018,"ארכה בע""מ",,"מתח ח.י הנדסת חשמל בע""מ",,511022493,,HIGH,HIGH,TEXT_NATIVE
30/04/20,,2020,main_invoices\2020\2020-05-26__Eran-Yosef__R3420302620 - הדפסת חשבונית מרכזת.pdf,3da7c9e13a395ba74cd09655178540e1d2db9e858fd8c92d32c3a6a97269bfb0,FORMAT_B_2019_2021,"ארכה בע""מ",511022493,"מתח ח.י הנדסת חשמל בע""מ",,511022493,,HIGH,HIGH,MIXED
27/02/20,,2020,main_invoices\2020\2020-03-08__Eran-Yosef__Attachment.pdf,5a7538967066f13a799332289cac13f7c091d0256550e6d2d6adc60acedbb210,FORMAT_B_2019_2021,"ארכה בע""מ",511022493,"מתח ח.י הנדסת חשמל בע""מ",,511022493,,MEDIUM,HIGH,MIXED
27/06/19,,2019,main_invoices\2019\2019-07-09__ניר-סאייג__R3419306700 - הדפסת חשבונית מרכזת.pdf,43b9e5fb9ea547d067e88e885c61037aa22b6242de63aadd7ab89156454f60d6,FORMAT_B_2019_2021,"ארכה בע""מ ,ארכה בע""מ",511022493,"מתח ח.י הנדסת חשמל בע""מ",,511022493,,HIGH,HIGH,MIXED
27/08/26,25342607483,2026,main_invoices\2026\2026-09-03__קרן-ממויה__הדפסת חשבונית מרכזת - 25342607483_ חש.pdf,f639068d4904376b3cd001f8c56338aa8f30806289813093189cbf55a43896d0,FORMAT_A_2017_2018,"ארכה בע""מ",511022493,"מתח ח.י הנדסת חשמל בע""מ",,511022493,31,HIGH,HIGH,TEXT_NATIVE
27/08/26,25342607482,2026,main_invoices\2026\2026-09-03__קרן-ממויה__הדפסת חשבונית מרכזת - 25342607482.pdf,fab84d7188a1bda73b16b59c2b052338180b06d3b6e5c00ac98a2d5b6d2a9f56,FORMAT_B_2019_2021,"ארכה בע""מ",511022493,"מתח ח.י הנדסת חשמל בע""מ",,511022493,31,HIGH,HIGH,TEXT_NATIVE
27/08/26,25342607484,2026,main_invoices\2026\2026-09-03__קרן-ממויה__הדפסת חשבונית מרכזת - 25342607484.pdf,1fead078328283429b7e3f60eb1761c366bb89e67a66a04d535d696e58c3c0c3,FORMAT_A_2017_2018,"ארכה בע""מ",511022493,"מתח ח.י הנדסת חשמל בע""מ",,511022493,31,HIGH,HIGH,TEXT_NATIVE
27/08/26,25342607485,2026,main_invoices\2026\2026-09-03__קרן-ממויה__הדפסת חשבונית מרכזת - 25342607485.pdf,fdd2a844e297502066ea7632eccaad969ef5e6a0dc7695407c874a100fdeb4a8,FORMAT_C_2022_2026,"ארכה בע""מ",511022493,"מתח ח.י הנדסת חשמל בע""מ",,511022493,31,HIGH,HIGH,TEXT_NATIVE
26/07/26,25342606185,2026,main_invoices\2026\2026-08-03__קרן-ממויה__הדפסת חשבונית מרכזת - 25342606185.pdf,e21c2f6a0204e369bc775c257de902a27935aabace2de4563a028f1239f12688,FORMAT_A_2017_2018,"ארכה בע""מ",511022493,"מתח ח.י הנדסת חשמל בע""מ",,511022493,30,HIGH,HIGH,TEXT_NATIVE
26/07/26,25342606188,2026,main_invoices\2026\2026-08-03__קרן-ממויה__הדפסת חשבונית מרכזת - 25342606188_ חש.pdf,28d3b8d01e0bb4b4cc90ba4accec5a85e9418a20670bebaa6bcf1a409d55957e,FORMAT_A_2017_2018,"ארכה בע""מ",511022493,"מתח ח.י הנדסת חשמל בע""מ",,511022493,30,HIGH,HIGH,TEXT_NATIVE
26/07/26,25342606187,2026,main_invoices\2026\2026-08-03__קרן-ממויה__הדפסת חשבונית מרכזת - 25342606187.pdf,efb1cbb48d5703fe6ed4250777dee0fbac1feb340bb1b409790e823f97959f12,FORMAT_B_2019_2021,"ארכה בע""מ",511022493,"מתח ח.י הנדסת חשמל בע""מ",,511022493,30,HIGH,HIGH,TEXT_NATIVE
26/07/26,25342606186,2026,main_invoices\2026\2026-08-03__קרן-ממויה__הדפסת חשבונית מרכזת - 25342606186.pdf,7548328810139de38739119ef7568799823643e103c15da3404f432cffe14c6c,FORMAT_ERCO_2026,"ארכה בע""מ",511022493,"מתח ח.י הנדסת חשמל בע""מ",,511022493,30,HIGH,HIGH,TEXT_NATIVE
25/06/26,25342605228,2026,main_invoices\2026\2026-07-06__קרן-ממויה__הדפסת חשבונית מרכזת - 25342605228.pdf,b62a82e7b63512ebdff497eab6bd0d3683e41b2221940e060dbc9a342e9c1c12,FORMAT_C_2022_2026,"ארכה בע""מ",511022493,"מתח ח.י הנדסת חשמל בע""מ",,511022493,31,HIGH,LOW,TEXT_NATIVE
25/06/26,25342605225,2026,main_invoices\2026\2026-07-06__קרן-ממויה__הדפסת חשבונית מרכזת - 25342605225.pdf,2ea710659dbd8252355a764c78c6112a51f2577d3583e7411c7875646728787d,FORMAT_ERCO_2026,"ארכה בע""מ",511022493,"מתח ח.י הנדסת חשמל בע""מ",,511022493,31,HIGH,HIGH,TEXT_NATIVE
25/06/26,25342605226,2026,main_invoices\2026\2026-07-06__קרן-ממויה__הדפסת חשבונית מרכזת - 25342605226_ חש.pdf,f7c9ab736d02c5db968c64104e5f279241527ade155a503ab555fb77a0ec9af1,FORMAT_A_2017_2018,"ארכה בע""מ",511022493,"מתח ח.י הנדסת חשמל בע""מ",,511022493,31,HIGH,HIGH,TEXT_NATIVE
25/06/26,25342605227,2026,main_invoices\2026\2026-07-06__קרן-ממויה__הדפסת חשבונית מרכזת - 25342605227.pdf,96e4274a2168004b09c2a6b4d93e002ff5deb6952d19df17b66a010d2ab91a3a,FORMAT_A_2017_2018,"ארכה בע""מ",511022493,"מתח ח.י הנדסת חשמל בע""מ",,511022493,31,HIGH,HIGH,TEXT_NATIVE
2026-06-03,,2026,main_invoices\2026\2026-06-03__קרן-ממויה__הדפסת חשבונית מרכזת - 25342604237.pdf,f3bb5a6a859e58d60566d8114ecd9510f03de64c08e7873bc9f4223ae989aa7b,FORMAT_C_2022_2026,"ארכה בע""מ",,"מתח ח.י הנדסת חשמל בע""מ",,18.00,684.00,HIGH,LOW,TEXT_NATIVE
2026-06-03,,2026,main_invoices\2026\2026-06-03__קרן-ממויה__הדפסת חשבונית מרכזת - 25342604236_ חש.pdf,6583ff148232fa6551a5d56da20c12aefa25589f3484b0f34e756b4b0712c3fa,FORMAT_C_2022_2026,"ארכה בע""מ",,"מתח ח.י הנדסת חשמל בע""מ",,18.00,9131.00,HIGH,LOW,TEXT_NATIVE
2026-06-03,,2026,main_invoices\2026\2026-06-03__קרן-ממויה__הדפסת חשבונית מרכזת - 25342604234.pdf,cac728dd8ea66162c5d411b927095baf85f033bd504bf6bff92ee11bf887d9a4,FORMAT_C_2022_2026,"ארכה בע""מ",,"מתח ח.י הנדסת חשמל בע""מ",,18.00,2205.00,HIGH,LOW,TEXT_NATIVE
2026-06-03,,2026,main_invoices\2026\2026-06-03__קרן-ממויה__הדפסת חשבונית מרכזת - 25342604235.pdf,aff57fff65888b691650527628df2871d949dbe76e5af268fa128139af3e5216,FORMAT_C_2022_2026,"ארכה בע""מ",,"מתח ח.י הנדסת חשמל בע""מ",,1726.00,1462.70,HIGH,LOW,TEXT_NATIVE
28/04/26,25342603252,2026,main_invoices\2026\2026-05-05__קרן-ממויה__הדפסת חשבונית מרכזת - 25342603252.pdf,82b9e82834ca0e7d4e215e91c3f63aa047ee34be2b9960960a5e081964bfc0b4,FORMAT_A_2017_2018,"ארכה בע""מ",511022493,"מתח ח.י הנדסת חשמל בע""מ",,511022493,31,HIGH,HIGH,TEXT_NATIVE
28/04/26,25342603253,2026,main_invoices\2026\2026-05-05__קרן-ממויה__הדפסת חשבונית מרכזת - 25342603253.pdf,6df9830e82c669a8e26fbd4b8a327d7b9dc507ce91b763b08b71118bbe194c95,FORMAT_A_2017_2018,"ארכה בע""מ",511022493,"מתח ח.י הנדסת חשמל בע""מ",,511022493,31,HIGH,HIGH,TEXT_NATIVE
28/04/26,25342603251,2026,main_invoices\2026\2026-05-05__קרן-ממויה__הדפסת חשבונית מרכזת - 25342603251_ חש.pdf,332cfaacf79e8152cfe4fe37754fd105f7d27fe9d8a4ef3a7ff60ff8126cd39b,FORMAT_A_2017_2018,"ארכה בע""מ",511022493,"מתח ח.י הנדסת חשמל בע""מ",,511022493,31,HIGH,HIGH,TEXT_NATIVE
28/04/26,25342603254,2026,main_invoices\2026\2026-05-05__קרן-ממויה__הדפסת חשבונית מרכזת - 25342603254.pdf,1415fa8ecba9d3a1a6678b20cc575c50ffd780903c4f21e36653aee48e62ff6b,FORMAT_ERCO_2026,"ארכה בע""מ",511022493,"מתח ח.י הנדסת חשמל בע""מ",,511022493,31,HIGH,HIGH,TEXT_NATIVE
29/03/26,25342602560,2026,main_invoices\2026\2026-04-06__קרן-ממויה__הדפסת חשבונית מרכזת - 25342602560.pdf,e0ba2e957535cd9cc9511180de9376f2e0c907f316c4a9b201599b0f33d15899,FORMAT_A_2017_2018,"ארכה בע""מ",511022493,"מתח ח.י הנדסת חשמל בע""מ",,511022493,31,HIGH,HIGH,TEXT_NATIVE
29/03/26,25342602477,2026,main_invoices\2026\2026-04-06__קרן-ממויה__הדפסת חשבונית מרכזת - 25342602477_ חש.pdf,424faf51d0f811826e0fd99001c5b7654d7a9a6c0340a65b434547cbc34e4f52,FORMAT_ERCO_2026,"ארכה בע""מ",511022493,"מתח ח.י הנדסת חשמל בע""מ",,511022493,31,HIGH,HIGH,TEXT_NATIVE
28/02/26,25342601565,2026,main_invoices\2026\2026-03-04__קרן-ממויה__הדפסת חשבונית מרכזת - 25342601565_ חש.pdf,bcd0c74763ac20c96e16585f332fcaafd9d7b131da6bf1210d38449ff10ddc6e,FORMAT_ERCO_2026,"ארכה בע""מ",511022493,"מתח ח.י הנדסת חשמל בע""מ",,511022493,30,HIGH,HIGH,TEXT_NATIVE
28/02/26,25342601046,2026,main_invoices\2026\2026-03-04__קרן-ממויה__הדפסת חשבונית מרכזת - 25342601046.pdf,9681b116046f16be148a251a55f1a0f54772ca36b3eba3865168a1b79ed6e18e,FORMAT_A_2017_2018,"ארכה בע""מ",511022493,"מתח ח.י הנדסת חשמל בע""מ",,511022493,30,HIGH,HIGH,TEXT_NATIVE
28/01/26,25342600454,2026,main_invoices\2026\2026-02-03__קרן-ממויה__הדפסת חשבונית מרכזת - 25342600454_ חש.pdf,986a39c5d6f3123eb0a5c0bdeace92302cee87749435cdc8d40cb736a26b7717,FORMAT_B_2019_2021,"ארכה בע""מ",511022493,"מתח ח.י הנדסת חשמל בע""מ",,511022493,31,HIGH,HIGH,TEXT_NATIVE
28/01/26,25342600455,2026,main_invoices\2026\2026-02-03__קרן-ממויה__הדפסת חשבונית מרכזת - 25342600455.pdf,344ba079dc5c7d132dfe282c4db4da861f95a5680946a32513f5249edf55dadc,FORMAT_ERCO_2026,"ארכה בע""מ",511022493,"מתח ח.י הנדסת חשמל בע""מ",,511022493,31,HIGH,HIGH,TEXT_NATIVE
28/01/26,25342600502,2026,main_invoices\2026\2026-02-03__קרן-ממויה__הדפסת חשבונית מרכזת - 25342600502.pdf,4db0cc8ff66af29c719036fb087f48ce95644688f0188d71f5f79552c9c1add2,FORMAT_C_2022_2026,"ארכה בע""מ",511022493,"מתח ח.י הנדסת חשמל בע""מ",,511022493,31,HIGH,HIGH,TEXT_NATIVE
31/12/25,25342509668,2026,main_invoices\2026\2026-01-05__קרן-ממויה__הדפסת חשבונית מרכזת - 25342509668_ חש.pdf,d1be3fbad6bd7fa916d4fdfbb3c1d71446e085b9a6cfb5046056049e2fc72968,FORMAT_A_2017_2018,"ארכה בע""מ",511022493,"מתח ח.י הנדסת חשמל בע""מ",,511022493,30,HIGH,HIGH,TEXT_NATIVE
31/12/25,25342509669,2026,main_invoices\2026\2026-01-05__קרן-ממויה__הדפסת חשבונית מרכזת - 25342509669.pdf,7cbfc9024c76c69ec6e9568deddf3e7f5bc58a0c846776d0dafa8aabee0e2993,FORMAT_C_2022_2026,"ארכה בע""מ",511022493,"מתח ח.י הנדסת חשמל בע""מ",,511022493,30,HIGH,LOW,TEXT_NATIVE
31/12/25,25342509667,2026,main_invoices\2026\2026-01-05__קרן-ממויה__הדפסת חשבונית מרכזת - 25342509667.pdf,1d512cd9163a3a7ce68f65000e757919b8ffa116cb9d4ddca15ad2c5e5a52b4d,FORMAT_B_2019_2021,"ארכה בע""מ",511022493,"מתח ח.י הנדסת חשמל בע""מ",,511022493,30,HIGH,HIGH,TEXT_NATIVE
