year_month,normalized_product_key,item_code,canonical_description,observation_count,quantity_total,median_unit_price_net,weighted_avg_unit_price_net,min_unit_price_net,max_unit_price_net,first_price,last_price
2024-02,SKU:03005,03005,CAT SDS-PLUS 7x110/16 מקדח לפטישון2492DA,1,1,14.985,14.99,14.985,14.985,14.985,14.985
2023-07,SKU:03015,03015,CAT SDS-PLUS 22x410/45 מקדח לפטישון2492DA,1,1,141.99,141.99,141.99,141.99,141.99,141.99
2024-02,SKU:03017,03017,CAT SDS-PLUS 7x50/10 מקדח לפטישון2492DA,1,1,13.125,13.13,13.125,13.125,13.125,13.125
2024-03,SKU:03017,03017,CAT SDS-PLUS 7x50/10 מקדח לפטישון2492DA,2,3,13.125,13.1267,13.125,13.125,13.125,13.125
2024-09,SKU:03017,03017,CAT SDS-PLUS 7x50/10 מקדח לפטישון2492DA,1,1,13.125,13.13,13.125,13.125,13.125,13.125
2024-11,SKU:03017,03017,CAT SDS-PLUS 7x50/10 מקדח לפטישון2492DA,1,2,13.125,13.125,13.125,13.125,13.125,13.125
2023-07,SKU:03024,03024,CAT SDS-PLUS 8x100/16 מקדח לפטישון2492DA,1,3,16.905,16.9067,16.905,16.905,16.905,16.905
2022-08,SKU:03903,03903,"CAT יח'(שפיץ, שטוח, שטוח רחב3) סט איזמלים לפטישון2492DA",1,1,100.71,100.71,100.71,100.71,100.71,100.71
2022-10,SKU:07041,07041,GOLDBLATT מגני ברכיים ג'ל246G,1,1,62.0712,62.07,62.0712,62.0712,62.0712,62.0712
2025-03,SKU:10021021,10021021,3x1.5 N2XY (מטר כבל)בחבילה,1,100,2.923,2.923,2.923,2.923,2.923,2.923
2022-02,SKU:10150201,10150201,' מ5 ' חב- 3x1.5 כבל נאופרן,1,3,3.546,,3.546,3.546,3.546,3.546
2017-10,SKU:1015150,1015150,תוף- 5x6 כבל נאופרן,1,15,13.6584,13.6587,13.6584,13.6584,13.6584,13.6584
2018-11,SKU:1020102,1020102,EL-011 PG 9 צינור גמיש שחור,1,30,1.6,1.6,1.6,1.6,1.6,1.6
2019-08,SKU:1020102,1020102,EL-011 PG 9 צינור גמיש שחור,1,30,1.6,1.6,1.6,1.6,1.6,1.6
2021-04,SKU:1020102,1020102,EL-011 PG 9 צינור גמיש שחור,2,60,1.8471,1.8472,1.7292,1.965,1.965,1.7292
2024-11,SKU:1020102,1020102,EL-011 PG 9 צינור גמיש שחור,1,30,1.8825,1.8827,1.8825,1.8825,1.8825,1.8825
2018-12,SKU:10201031,10201031,EL-011 PG 9 צינור גמיש לבן,1,30,1.6,1.6,1.6,1.6,1.6,1.6
2025-01,SKU:10201031,10201031,EL-011 PG 9 צינור גמיש לבן,1,30,1.7925,1.7927,1.7925,1.7925,1.7925,1.7925
2019-01,SKU:10201032,10201032,EL-011 PG 9 צינור גמיש אדום,2,60,1.4,1.4,1.4,1.4,1.4,1.4
2019-08,SKU:1020105,1020105,EL-014 PG 11 צינור גמיש שחור,2,60,1.8,1.8,1.8,1.8,1.8,1.8
2023-08,SKU:1020105,1020105,EL-014 PG 11 צינור גמיש שחור,2,60,2.025,2.025,2.025,2.025,2.025,2.025
2024-11,SKU:1020105,1020105,EL-014 PG 11 צינור גמיש שחור,1,30,2.025,2.025,2.025,2.025,2.025,2.025
2021-10,SKU:10201051,10201051,EL-014 PG 11 צינור גמיש לבן,1,30,1.8072,,1.8072,1.8072,1.8072,1.8072
2024-12,SKU:10201051,10201051,EL-014 PG 11 צינור גמיש לבן,2,60,2.025,2.025,2.025,2.025,2.025,2.025
2022-01,SKU:10201052,10201052,EL-014 PG 11 צינור גמיש אדום,1,30,1.71,,1.71,1.71,1.71,1.71
2022-09,SKU:1020106,1020106,EL-016 PG 13 צינור גמיש אפור,1,30,2.1525,2.1527,2.1525,2.1525,2.1525,2.1525
2022-11,SKU:1020106,1020106,EL-016 PG 13 צינור גמיש אפור,2,90,2.1525,2.1526,2.1525,2.1525,2.1525,2.1525
2022-12,SKU:1020106,1020106,EL-016 PG 13 צינור גמיש אפור,1,30,2.1525,2.1527,2.1525,2.1525,2.1525,2.1525
2017-10,SKU:1020107,1020107,EL-016 PG 13 צינור גמיש שחור,1,30,1.7,1.7,1.7,1.7,1.7,1.7
2019-06,SKU:1020107,1020107,EL-016 PG 13 צינור גמיש שחור,1,30,1.6,1.6,1.6,1.6,1.6,1.6
2019-07,SKU:1020107,1020107,EL-016 PG 13 צינור גמיש שחור,1,30,1.6,1.6,1.6,1.6,1.6,1.6
2019-10,SKU:1020107,1020107,EL-016 PG 13 צינור גמיש שחור,1,30,1.6,1.6,1.6,1.6,1.6,1.6
2020-04,SKU:1020107,1020107,EL-016 PG 13 צינור גמיש שחור,1,30,1.6,1.6,1.6,1.6,1.6,1.6
2020-11,SKU:1020107,1020107,EL-016 PG 13 צינור גמיש שחור,1,30,1.6,1.6,1.6,1.6,1.6,1.6
2021-06,SKU:1020107,1020107,EL-016 PG 13 צינור גמיש שחור,1,30,2.0115,,2.0115,2.0115,2.0115,2.0115
2021-07,SKU:1020107,1020107,EL-016 PG 13 צינור גמיש שחור,1,90,1.815,,1.815,1.815,1.815,1.815
2021-11,SKU:1020107,1020107,EL-016 PG 13 צינור גמיש שחור,1,30,2.0025,,2.0025,2.0025,2.0025,2.0025
2022-01,SKU:1020107,1020107,EL-016 PG 13 צינור גמיש שחור,1,30,2.0025,,2.0025,2.0025,2.0025,2.0025
2022-06,SKU:1020107,1020107,EL-016 PG 13 צינור גמיש שחור,1,30,2.1525,2.1527,2.1525,2.1525,2.1525,2.1525
2022-07,SKU:1020107,1020107,EL-016 PG 13 צינור גמיש שחור,1,30,2.1525,2.1527,2.1525,2.1525,2.1525,2.1525
2023-02,SKU:1020107,1020107,EL-016 PG 13 צינור גמיש שחור,1,30,2.1525,2.1527,2.1525,2.1525,2.1525,2.1525
2023-05,SKU:1020107,1020107,EL-016 PG 13 צינור גמיש שחור,1,30,2.1525,2.1527,2.1525,2.1525,2.1525,2.1525
2023-09,SKU:1020107,1020107,EL-016 PG 13 צינור גמיש שחור,3,90,2.0664,2.0663,2.0664,2.0664,2.0664,2.0664
2023-12,SKU:1020107,1020107,EL-016 PG 13 צינור גמיש שחור,1,30,2.1525,2.1527,2.1525,2.1525,2.1525,2.1525
2024-08,SKU:1020107,1020107,EL-016 PG 13 צינור גמיש שחור,1,30,2.1525,2.1527,2.1525,2.1525,2.1525,2.1525
2025-02,SKU:1020107,1020107,EL-016 PG 13 צינור גמיש שחור,1,30,2.0475,2.0477,2.0475,2.0475,2.0475,2.0475
2020-01,SKU:10201071,10201071,EL-016 PG 13 צינור גמיש לבן,1,30,1.8,1.8,1.8,1.8,1.8,1.8
2022-02,SKU:10201071,10201071,EL-016 PG 13 צינור גמיש לבן,1,30,2.0025,,2.0025,2.0025,2.0025,2.0025
2023-11,SKU:10201071,10201071,EL-016 PG 13 צינור גמיש לבן,1,30,2.1525,2.1527,2.1525,2.1525,2.1525,2.1525
2024-01,SKU:10201071,10201071,EL-016 PG 13 צינור גמיש לבן,1,30,2.1525,2.1527,2.1525,2.1525,2.1525,2.1525
2024-05,SKU:10201071,10201071,EL-016 PG 13 צינור גמיש לבן,2,60,2.1525,2.1527,2.1525,2.1525,2.1525,2.1525
2024-07,SKU:10201071,10201071,EL-016 PG 13 צינור גמיש לבן,1,30,2.1525,2.1527,2.1525,2.1525,2.1525,2.1525
2024-08,SKU:10201071,10201071,EL-016 PG 13 צינור גמיש לבן,1,30,2.1525,2.1527,2.1525,2.1525,2.1525,2.1525
2024-09,SKU:10201071,10201071,EL-016 PG 13 צינור גמיש לבן,1,30,2.1525,2.1527,2.1525,2.1525,2.1525,2.1525
2024-10,SKU:10201071,10201071,EL-016 PG 13 צינור גמיש לבן,1,60,2.1525,2.1525,2.1525,2.1525,2.1525,2.1525
2020-11,SKU:10201081,10201081,EL-018 PG 16 צינור גמיש לבן,1,30,1.8225,1.8227,1.8225,1.8225,1.8225,1.8225
2022-01,SKU:10201081,10201081,EL-018 PG 16 צינור גמיש לבן,1,30,2.115,,2.115,2.115,2.115,2.115
2024-03,SKU:10201081,10201081,EL-018 PG 16 צינור גמיש לבן,1,30,2.265,2.265,2.265,2.265,2.265,2.265
2024-04,SKU:10201081,10201081,EL-018 PG 16 צינור גמיש לבן,2,60,2.265,2.265,2.265,2.265,2.265,2.265
2018-12,SKU:1020109,1020109,EL-018 PG 16 צינור גמיש שחור,1,30,1.8,1.8,1.8,1.8,1.8,1.8
2020-01,SKU:1020109,1020109,EL-018 PG 16 צינור גמיש שחור,1,30,1.8,1.8,1.8,1.8,1.8,1.8
2020-04,SKU:1020109,1020109,EL-018 PG 16 צינור גמיש שחור,1,30,1.8,1.8,1.8,1.8,1.8,1.8
2020-12,SKU:1020109,1020109,EL-018 PG 16 צינור גמיש שחור,1,30,1.8,1.8,1.8,1.8,1.8,1.8
2021-04,SKU:1020109,1020109,EL-018 PG 16 צינור גמיש שחור,1,30,2.0768,2.0767,2.0768,2.0768,2.0768,2.0768
2021-06,SKU:1020109,1020109,EL-018 PG 16 צינור גמיש שחור,1,30,2.124,,2.124,2.124,2.124,2.124
2021-07,SKU:1020109,1020109,EL-018 PG 16 צינור גמיש שחור,1,30,1.92,,1.92,1.92,1.92,1.92
2021-11,SKU:1020109,1020109,EL-018 PG 16 צינור גמיש שחור,1,30,2.115,,2.115,2.115,2.115,2.115
2022-01,SKU:1020109,1020109,EL-018 PG 16 צינור גמיש שחור,3,90,2.115,,2.115,2.115,2.115,2.115
2022-02,SKU:1020109,1020109,EL-018 PG 16 צינור גמיש שחור,1,30,2.115,,2.115,2.115,2.115,2.115
2023-03,SKU:1020109,1020109,EL-018 PG 16 צינור גמיש שחור,1,30,2.265,2.265,2.265,2.265,2.265,2.265
2023-09,SKU:1020109,1020109,EL-018 PG 16 צינור גמיש שחור,1,60,2.1744,2.1743,2.1744,2.1744,2.1744,2.1744
2023-11,SKU:1020109,1020109,EL-018 PG 16 צינור גמיש שחור,1,30,2.265,2.265,2.265,2.265,2.265,2.265
2024-01,SKU:1020109,1020109,EL-018 PG 16 צינור גמיש שחור,1,30,2.265,2.265,2.265,2.265,2.265,2.265
2024-03,SKU:1020109,1020109,EL-018 PG 16 צינור גמיש שחור,1,30,2.265,2.265,2.265,2.265,2.265,2.265
2024-09,SKU:1020109,1020109,EL-018 PG 16 צינור גמיש שחור,1,60,2.265,2.265,2.265,2.265,2.265,2.265
2020-01,SKU:1020111,1020111,EL-022 PG 21 צינור גמיש שחור,2,60,2.4,2.4,2.2,2.6,2.2,2.6
2020-11,SKU:1020111,1020111,EL-022 PG 21 צינור גמיש שחור,1,60,2.2,2.2,2.2,2.2,2.2,2.2
2020-12,SKU:1020111,1020111,EL-022 PG 21 צינור גמיש שחור,1,30,2.2,2.2,2.2,2.2,2.2,2.2
2022-01,SKU:1020111,1020111,EL-022 PG 21 צינור גמיש שחור,1,30,2.535,,2.535,2.535,2.535,2.535
2022-05,SKU:1020111,1020111,EL-022 PG 21 צינור גמיש שחור,1,30,2.6208,2.6207,2.6208,2.6208,2.6208,2.6208
2022-06,SKU:1020111,1020111,EL-022 PG 21 צינור גמיש שחור,1,30,2.73,2.73,2.73,2.73,2.73,2.73
2023-06,SKU:1020111,1020111,EL-022 PG 21 צינור גמיש שחור,1,30,2.73,2.73,2.73,2.73,2.73,2.73
2023-12,SKU:1020111,1020111,EL-022 PG 21 צינור גמיש שחור,1,30,2.73,2.73,2.73,2.73,2.73,2.73
2024-11,SKU:1020111,1020111,EL-022 PG 21 צינור גמיש שחור,1,30,2.73,2.73,2.73,2.73,2.73,2.73
2021-07,SKU:10201111,10201111,EL-022 PG 21 צינור גמיש לבן,1,30,2.3025,,2.3025,2.3025,2.3025,2.3025
2023-05,SKU:10201111,10201111,EL-022 PG 21 צינור גמיש לבן,1,30,2.73,2.73,2.73,2.73,2.73,2.73
2023-11,SKU:10201111,10201111,EL-022 PG 21 צינור גמיש לבן,1,30,2.73,2.73,2.73,2.73,2.73,2.73
2020-01,SKU:1021109,1021109,"3/4"" צינור מתכתי משוריין שחור",1,100,4.8,4.8,4.8,4.8,4.8,4.8
2021-06,SKU:1021109,1021109,"3/4"" צינור מתכתי משוריין שחור",1,50,5.484,,5.484,5.484,5.484,5.484
2023-12,SKU:1021109,1021109,"3/4"" צינור מתכתי משוריין שחור",1,150,5.6,5.6,5.6,5.6,5.6,5.6
2021-11,SKU:1027100,1027100,"""מ1.5-6 E9100x100x60קופסא חיבורים כתום",1,2,110.4375,,110.4375,110.4375,110.4375,110.4375
2020-01,SKU:1040101,1040101,גודל103 וו דגם,2,100,1.325,1.325,1,1.65,1,1.65
2017-10,SKU:1050020,1050020,!!! בלדח דקור' קומפלט תקני,2,50,4,4,4,4,4,4
2018-11,SKU:1050020,1050020,!!! בלדח דקור' קומפלט תקני,1,20,3,3,3,3,3,3
2019-01,SKU:1050020,1050020,!!! בלדח דקור' קומפלט תקני,2,200,2.6,2.6,2.6,2.6,2.6,2.6
2019-07,SKU:1050020,1050020,!!! בלדח דקור' קומפלט תקני,1,40,2.6,2.6,2.6,2.6,2.6,2.6
2019-09,SKU:1050020,1050020,!!! בלדח דקור' קומפלט תקני,3,81,2.6,2.6,2.6,2.6,2.6,2.6
2019-10,SKU:1050020,1050020,!!! בלדח דקור' קומפלט תקני,2,120,2.6,2.6,2.6,2.6,2.6,2.6
2020-01,SKU:1050020,1050020,!!! בלדח דקור' קומפלט תקני,3,45,2.6,2.6,2.6,2.6,2.6,2.6
2020-02,SKU:1050020,1050020,!!! בלדח דקור' קומפלט תקני,2,40,2.6,2.6,2.6,2.6,2.6,2.6
2020-03,SKU:1050020,1050020,!!! בלדח דקור' קומפלט תקני,1,20,2.6,2.6,2.6,2.6,2.6,2.6
2020-04,SKU:1050020,1050020,!!! בלדח דקור' קומפלט תקני,1,20,2.6,2.6,2.6,2.6,2.6,2.6
2020-06,SKU:1050020,1050020,!!! בלדח דקור' קומפלט תקני,1,100,2.6,2.6,2.6,2.6,2.6,2.6
2020-07,SKU:1050020,1050020,!!! בלדח דקור' קומפלט תקני,1,20,2.6,2.6,2.6,2.6,2.6,2.6
2020-09,SKU:1050020,1050020,!!! בלדח דקור' קומפלט תקני,3,60,2.6,2.6,2.6,2.6,2.6,2.6
2020-11,SKU:1050020,1050020,!!! בלדח דקור' קומפלט תקני,2,120,2.5065,2.5065,2.5065,2.5065,2.5065,2.5065
2020-12,SKU:1050020,1050020,!!! בלדח דקור' קומפלט תקני,2,80,2.6,2.6,2.6,2.6,2.6,2.6
2021-04,SKU:1050020,1050020,!!! בלדח דקור' קומפלט תקני,3,160,2.5,2.5,2.5,2.5,2.5,2.5
2021-05,SKU:1050020,1050020,!!! בלדח דקור' קומפלט תקני,1,60,2.5,,2.5,2.5,2.5,2.5
2021-06,SKU:1050020,1050020,!!! בלדח דקור' קומפלט תקני,2,140,2.5065,,2.5065,2.5065,2.5065,2.5065
2021-07,SKU:1050020,1050020,!!! בלדח דקור' קומפלט תקני,1,20,2.996,,2.996,2.996,2.996,2.996
2021-08,SKU:1050020,1050020,!!! בלדח דקור' קומפלט תקני,3,185,2.5,,2.5,2.5,2.5,2.5
2021-10,SKU:1050020,1050020,!!! בלדח דקור' קומפלט תקני,1,10,2.95,,2.95,2.95,2.95,2.95
2022-01,SKU:1050020,1050020,!!! בלדח דקור' קומפלט תקני,2,70,3.525,,3.525,3.525,3.525,3.525
2022-02,SKU:1050020,1050020,!!! בלדח דקור' קומפלט תקני,2,60,3,,3,3,3,3
2022-04,SKU:1050020,1050020,!!! בלדח דקור' קומפלט תקני,3,220,3.055,3.0593,3.055,3.102,3.055,3.055
2022-08,SKU:1050020,1050020,!!! בלדח דקור' קומפלט תקני,1,20,3.384,3.384,3.384,3.384,3.384,3.384
2022-10,SKU:1050020,1050020,!!! בלדח דקור' קומפלט תקני,1,100,3.384,3.384,3.384,3.384,3.384,3.384
2022-11,SKU:1050020,1050020,!!! בלדח דקור' קומפלט תקני,2,160,3.4545,3.4721,3.384,3.525,3.384,3.525
2023-02,SKU:1050020,1050020,!!! בלדח דקור' קומפלט תקני,1,40,3.384,3.384,3.384,3.384,3.384,3.384
2023-05,SKU:1050020,1050020,!!! בלדח דקור' קומפלט תקני,3,140,3.196,3.196,3.196,3.196,3.196,3.196
2023-06,SKU:1050020,1050020,!!! בלדח דקור' קומפלט תקני,2,160,3.196,3.196,3.196,3.196,3.196,3.196
2023-11,SKU:1050020,1050020,!!! בלדח דקור' קומפלט תקני,1,3,3.384,3.3833,3.384,3.384,3.384,3.384
2024-01,SKU:1050020,1050020,!!! בלדח דקור' קומפלט תקני,1,40,3.525,3.525,3.525,3.525,3.525,3.525
2024-02,SKU:1050020,1050020,!!! בלדח דקור' קומפלט תקני,1,100,3.196,3.196,3.196,3.196,3.196,3.196
2024-05,SKU:1050020,1050020,!!! בלדח דקור' קומפלט תקני,2,140,3.525,3.525,3.525,3.525,3.525,3.525
2024-10,SKU:1050020,1050020,!!! בלדח דקור' קומפלט תקני,1,100,2.8,2.8,2.8,2.8,2.8,2.8
2020-12,SKU:10505640,10505640,IP-68 מקודד מתכתי מוגן מים,1,1,144,144,144,144,144,144
2020-12,SKU:10505641,10505641,DC 12-24V מקודד מואר מתכת,1,1,91,91,91,91,91,91
2022-01,SKU:10505641,10505641,DC 12-24V מקודד מואר מתכת,1,1,104.625,,104.625,104.625,104.625,104.625
2022-05,SKU:10505641,10505641,DC 12-24V מקודד מואר מתכת,3,3,100.44,100.44,100.44,100.44,100.44,100.44
2022-11,SKU:10505641,10505641,DC 12-24V מקודד מואר מתכת,1,1,104.625,104.63,104.625,104.625,104.625,104.625
2018-12,SKU:10603,10603,FE18 E9 NHxH 3x1.5 כבל,2,194,3.048,3.048,3.048,3.048,3.048,3.048
2019-08,SKU:10603,10603,FE18 E9 NHxH 3x1.5 כבל,1,150,2.8044,2.8044,2.8044,2.8044,2.8044,2.8044
2020-12,SKU:10603,10603,FE18 E9 NHxH 3x1.5 כבל,1,300,2.6391,2.6391,2.6391,2.6391,2.6391,2.6391
2021-04,SKU:10603,10603,FE18 E9 NHxH 3x1.5 כבל,1,150,3.0153,3.0153,3.0153,3.0153,3.0153,3.0153
2021-06,SKU:10603,10603,FE18 E9 NHxH 3x1.5 כבל,1,90,3.2091,,3.2091,3.2091,3.2091,3.2091
2021-07,SKU:10603,10603,FE18 E9 NHxH 3x1.5 כבל,1,40,3.0552,,3.0552,3.0552,3.0552,3.0552
2021-08,SKU:10603,10603,FE18 E9 NHxH 3x1.5 כבל,1,35,3.0951,,3.0951,3.0951,3.0951,3.0951
2019-08,SKU:10610,10610,FE18 E9 NHxH 5x1.5 כבל,1,500,4.3776,4.3776,4.3776,4.3776,4.3776,4.3776
2020-12,SKU:10610,10610,FE18 E9 NHxH 5x1.5 כבל,1,300,4.218,4.218,4.218,4.218,4.218,4.218
2021-04,SKU:10610,10610,FE18 E9 NHxH 5x1.5 כבל,1,150,4.8678,4.8678,4.8678,4.8678,4.8678,4.8678
2021-06,SKU:10610,10610,FE18 E9 NHxH 5x1.5 כבל,1,100,5.187,,5.187,5.187,5.187,5.187
2018-12,SKU:10614,10614,FE18 E9 NHxH 12x1.5 כבל,2,135,10.692,10.692,10.692,10.692,10.692,10.692
2021-06,SKU:10614,10614,FE18 E9 NHxH 12x1.5 כבל,1,90,12.5001,,12.5001,12.5001,12.5001,12.5001
2021-08,SKU:10640,10640,FE18 E9 NHxH 5x2.5 כבל,1,30,7.581,,7.581,7.581,7.581,7.581
2020-12,SKU:10650,10650,FE18 E9 NHxH 5x4 כבל,1,300,9.5931,9.5931,9.5931,9.5931,9.5931,9.5931
2022-01,SKU:10650,10650,FE18 E9 NHxH 5x4 כבל,1,100,12.7395,,12.7395,12.7395,12.7395,12.7395
2019-08,SKU:10660,10660,FE18 E9 NHxH 5x6 כבל,1,55,13.9251,13.9251,13.9251,13.9251,13.9251,13.9251
2021-07,SKU:10660,10660,FE18 E9 NHxH 5x6 כבל,1,40,16.245,,16.245,16.245,16.245,16.245
2020-11,SKU:10670,10670,FE18 E9 NHxH 5x1 כבל,1,10,20.5542,20.554,20.5542,20.5542,20.5542,20.5542
2020-12,SKU:10670,10670,FE18 E9 NHxH 5x1 כבל,2,72,21.4006,21.1365,21.0045,21.7968,21.0045,21.7968
2022-08,SKU:10680,10680,FE18 E9 NHxH 5x16 כבל,1,22,44.1351,44.135,44.1351,44.1351,44.1351,44.1351
2018-12,SKU:10690,10690,FE18 E9 NHxH 3x25+16 כבל,1,60,35.958,35.958,35.958,35.958,35.958,35.958
2022-08,SKU:10690,10690,FE18 E9 NHxH 3x25+16 כבל,1,48,50.8383,50.8383,50.8383,50.8383,50.8383,50.8383
2021-06,SKU:106912,106912,FE18 E9 NHxH 4x25 כבל,1,100,52.0296,,52.0296,52.0296,52.0296,52.0296
2020-12,SKU:106913,106913,FE18 E9 NHxH 4x35 כבל,1,75,56.4357,56.4357,56.4357,56.4357,56.4357,56.4357
2023-04,SKU:106913,106913,FE18 E9 NHxH 4x35 כבל,1,33,79.743,79.743,79.743,79.743,79.743,79.743
2019-06,SKU:10733,10733,E92x2x0.8 כבל,1,50,2.16,2.16,2.16,2.16,2.16,2.16
2019-08,SKU:10733,10733,E92x2x0.8 כבל,1,55,2.052,2.052,2.052,2.052,2.052,2.052
2019-08,SKU:10734,10734,E94x2x0.8 כבל,1,100,3.7962,3.7962,3.7962,3.7962,3.7962,3.7962
2021-12,SKU:1107408,1107408,(אדום בלתי מחיק שטדלרS/M)טוש סימון,1,1,3.08,3.08,3.08,3.08,3.08,3.08
2020-03,SKU:1107409,1107409,(שחור בלתי מחיק שטדלרS/M)טוש סימון,1,2,3.785,3.785,3.785,3.785,3.785,3.785
2020-08,SKU:11074095,11074095,(100) SAPISELCO 284.5 חבק לבן900216x2x0.5 כבל רכזת99911034,1,2,5.79,5.785,5.79,5.79,5.79,5.79
2020-10,SKU:11074095,11074095,(100) SAPISELCO 284.5 חבק לבן900216x2x0.5 כבל רכזת99911034,1,2,5.787,5.785,5.787,5.787,5.787,5.787
2021-09,SKU:11074095,11074095,(100) SAPISELCO 284.5 חבק לבן900216x2x0.5 כבל רכזת99911034,1,2,5.03,5.025,5.03,5.03,5.03,5.03
2021-10,SKU:11074095,11074095,(100) SAPISELCO 284.5 חבק לבן900216x2x0.5 כבל רכזת99911034,1,2,5.0256,,5.0256,5.0256,5.0256,5.0256
2021-12,SKU:11074095,11074095,(100) SAPISELCO 284.5 חבק לבן900216x2x0.5 כבל רכזת99911034,1,2,5.24,5.235,5.24,5.24,5.24,5.24
2022-02,SKU:11074095,11074095,(100) SAPISELCO 284.5 חבק לבן900216x2x0.5 כבל רכזת99911034,1,1,5.235,,5.235,5.235,5.235,5.235
2022-04,SKU:11074095,11074095,(100) SAPISELCO 284.5 חבק לבן900216x2x0.5 כבל רכזת99911034,1,2,5.235,5.235,5.235,5.235,5.235,5.235
2022-06,SKU:11074095,11074095,(100) SAPISELCO 284.5 חבק לבן900216x2x0.5 כבל רכזת99911034,1,2,5.235,5.235,5.235,5.235,5.235,5.235
2022-08,SKU:11074095,11074095,(100) SAPISELCO 284.5 חבק לבן900216x2x0.5 כבל רכזת99911034,1,1,5.235,5.24,5.235,5.235,5.235,5.235
2022-10,SKU:11074095,11074095,(100) SAPISELCO 284.5 חבק לבן900216x2x0.5 כבל רכזת99911034,1,1,5.235,5.24,5.235,5.235,5.235,5.235
2022-11,SKU:11074095,11074095,(100) SAPISELCO 284.5 חבק לבן900216x2x0.5 כבל רכזת99911034,1,2,5.235,5.235,5.235,5.235,5.235,5.235
2022-12,SKU:11074095,11074095,(100) SAPISELCO 284.5 חבק לבן900216x2x0.5 כבל רכזת99911034,1,2,5.235,5.235,5.235,5.235,5.235,5.235
2023-05,SKU:11074095,11074095,(100) SAPISELCO 284.5 חבק לבן900216x2x0.5 כבל רכזת99911034,1,2,5.235,5.235,5.235,5.235,5.235,5.235
2023-12,SKU:11074095,11074095,(100) SAPISELCO 284.5 חבק לבן900216x2x0.5 כבל רכזת99911034,1,1,5.235,5.24,5.235,5.235,5.235,5.235
2024-02,SKU:11074095,11074095,(100) SAPISELCO 284.5 חבק לבן900216x2x0.5 כבל רכזת99911034,1,1,5.235,5.24,5.235,5.235,5.235,5.235
2024-07,SKU:11074095,11074095,(100) SAPISELCO 284.5 חבק לבן900216x2x0.5 כבל רכזת99911034,1,1,5.235,5.24,5.235,5.235,5.235,5.235
2019-03,SKU:1107410,1107410,"4000K 4W מ""מ105 לד עגולVEGA שקוע3850044",2,2,3.83,3.83,3.83,3.83,3.83,3.83
2025-01,SKU:1107410,1107410,"4000K 4W מ""מ105 לד עגולVEGA שקוע3850044",1,1,3.84,3.84,3.84,3.84,3.84,3.84
2018-11,SKU:1109806,1109806,5x1.5/2.5 מהדק חיבור מהיר99150592,1,3,13,13,13,13,13,13
2018-12,SKU:1109806,1109806,5x1.5/2.5 מהדק חיבור מהיר99150592,1,3,13,13,13,13,13,13
2019-01,SKU:1109806,1109806,5x1.5/2.5 מהדק חיבור מהיר99150592,2,26,13,13,13,13,13,13
2019-10,SKU:1109806,1109806,5x1.5/2.5 מהדק חיבור מהיר99150592,1,13,13,13,13,13,13,13
2019-11,SKU:1109806,1109806,5x1.5/2.5 מהדק חיבור מהיר99150592,1,13,13,13,13,13,13,13
2020-03,SKU:1109806,1109806,5x1.5/2.5 מהדק חיבור מהיר99150592,1,13,10,10,10,10,10,10
2020-06,SKU:1109806,1109806,5x1.5/2.5 מהדק חיבור מהיר99150592,1,13,10,10,10,10,10,10
2020-08,SKU:1109806,1109806,5x1.5/2.5 מהדק חיבור מהיר99150592,1,8,10,10,10,10,10,10
2020-09,SKU:1109806,1109806,5x1.5/2.5 מהדק חיבור מהיר99150592,2,26,10.9708,10.9708,10,11.9416,10,11.9416
2020-12,SKU:1109806,1109806,5x1.5/2.5 מהדק חיבור מהיר99150592,3,26,11.3988,11.3992,11.3988,11.3988,11.3988,11.3988
2021-02,SKU:1109806,1109806,5x1.5/2.5 מהדק חיבור מהיר99150592,2,25,12.21,12.2132,12.21,12.21,12.21,12.21
2021-03,SKU:1109806,1109806,5x1.5/2.5 מהדק חיבור מהיר99150592,1,13,12.21,12.2131,12.21,12.21,12.21,12.21
2021-06,SKU:1109806,1109806,5x1.5/2.5 מהדק חיבור מהיר99150592,1,13,12.213,,12.213,12.213,12.213,12.213
2021-07,SKU:1109806,1109806,5x1.5/2.5 מהדק חיבור מהיר99150592,1,13,11.0475,,11.0475,11.0475,11.0475,11.0475
2021-08,SKU:1109806,1109806,5x1.5/2.5 מהדק חיבור מהיר99150592,2,18,10.6056,,10.6056,10.6056,10.6056,10.6056
2022-01,SKU:1109806,1109806,5x1.5/2.5 מהדק חיבור מהיר99150592,1,1,12.21,,12.21,12.21,12.21,12.21
2022-06,SKU:1109806,1109806,5x1.5/2.5 מהדק חיבור מהיר99150592,1,12,12.21,12.21,12.21,12.21,12.21,12.21
2022-11,SKU:1109806,1109806,5x1.5/2.5 מהדק חיבור מהיר99150592,1,13,12.21,12.21,12.21,12.21,12.21,12.21
2023-02,SKU:1109806,1109806,5x1.5/2.5 מהדק חיבור מהיר99150592,1,13,12.21,12.21,12.21,12.21,12.21,12.21
2023-08,SKU:1109806,1109806,5x1.5/2.5 מהדק חיבור מהיר99150592,1,13,12.21,12.21,12.21,12.21,12.21,12.21
2024-04,SKU:1109806,1109806,5x1.5/2.5 מהדק חיבור מהיר99150592,1,13,12.21,12.21,12.21,12.21,12.21,12.21
2024-05,SKU:1109806,1109806,5x1.5/2.5 מהדק חיבור מהיר99150592,1,13,12.21,12.21,12.21,12.21,12.21,12.21
2024-06,SKU:1109806,1109806,5x1.5/2.5 מהדק חיבור מהיר99150592,1,5,12.21,12.21,12.21,12.21,12.21,12.21
2024-07,SKU:1109806,1109806,5x1.5/2.5 מהדק חיבור מהיר99150592,1,3,12.21,12.21,12.21,12.21,12.21,12.21
2019-07,SKU:1119535,1119535,A ' קונטD נתיך דגם,1,5,1.8,1.8,1.8,1.8,1.8,1.8
2020-07,SKU:1119535,1119535,A ' קונטD נתיך דגם,1,5,2.025,2.026,2.025,2.025,2.025,2.025
2021-04,SKU:1119535,1119535,A ' קונטD נתיך דגם,1,10,1.98,1.98,1.98,1.98,1.98,1.98
2022-04,SKU:1119535,1119535,A ' קונטD נתיך דגם,1,5,2.025,2.026,2.025,2.025,2.025,2.025
2022-09,SKU:1119535,1119535,A ' קונטD נתיך דגם,1,5,2.025,2.026,2.025,2.025,2.025,2.025
2019-07,SKU:1119550,1119550,A ' קונטD נתיך דגם,1,2,2.2185,2.22,2.2185,2.2185,2.2185,2.2185
2019-07,SKU:1119595,1119595,A גודל35A 'נתיך קונט,1,5,1.8,1.8,1.8,1.8,1.8,1.8
2020-07,SKU:1119595,1119595,A גודל35A 'נתיך קונט,1,5,2.025,2.026,2.025,2.025,2.025,2.025
2021-04,SKU:1119595,1119595,A גודל35A 'נתיך קונט,1,10,1.98,1.98,1.98,1.98,1.98,1.98
2020-07,SKU:1119735,1119735,A נתיך נאוזד,1,5,2.1015,2.102,2.1015,2.1015,2.1015,2.1015
2022-09,SKU:1119735,1119735,A נתיך נאוזד,1,5,2.025,2.026,2.025,2.025,2.025,2.025
2019-07,SKU:1119750,1119750,A נתיך נאוזד,1,2,2.668,2.67,2.668,2.668,2.668,2.668
2024-03,SKU:1195003,1195003,חוםmm 12-6 ' מ1.25 צינור/מוט מתכווץ,1,4,3.105,3.105,3.105,3.105,3.105,3.105
2024-03,SKU:1195004,1195004,חום שחורmm 12-6 ' מ1.25 צינור/מוט מתכווץ,1,3,6.975,6.9767,6.975,6.975,6.975,6.975
2024-03,SKU:1195005,1195005,חום כתום12/6 ' מ1.25 צינור/מוט מתכווץ,1,3,6.975,6.9767,6.975,6.975,6.975,6.975
2020-03,SKU:1200201,1200201,1155 נחושת לפי תקן2x2x0.5 (כבל טל')תוף,1,500,0.5376,0.5376,0.5376,0.5376,0.5376,0.5376
2024-09,SKU:1200201,1200201,1155 נחושת לפי תקן2x2x0.5 (כבל טל')תוף,1,500,0.675,0.675,0.675,0.675,0.675,0.675
2020-01,SKU:12002025,12002025,1155)חב'(נחושת לפי תקן3x2x0.5 'כבל טל,1,400,0.7896,0.7896,0.7896,0.7896,0.7896,0.7896
2020-02,SKU:12002025,12002025,1155)חב'(נחושת לפי תקן3x2x0.5 'כבל טל,1,200,0.7896,0.7896,0.7896,0.7896,0.7896,0.7896
2020-04,SKU:12002025,12002025,1155)חב'(נחושת לפי תקן3x2x0.5 'כבל טל,1,200,0.7896,0.7896,0.7896,0.7896,0.7896,0.7896
2021-10,SKU:1200203,1200203,1155 נחושת לפי תקן4x2x0.5 (כבל טלפון)תוף,1,600,1.25,,1.25,1.25,1.25,1.25
2022-04,SKU:1200203,1200203,1155 נחושת לפי תקן4x2x0.5 (כבל טלפון)תוף,1,200,1.624,1.624,1.624,1.624,1.624,1.624
2018-12,SKU:12002035,12002035,)בחב'(נחושת ת4x2x0.5 כבל טלפון,1,200,1.05,1.05,1.05,1.05,1.05,1.05
2020-01,SKU:12002035,12002035,)בחב'(נחושת ת4x2x0.5 כבל טלפון,2,400,1.075,1.075,1.05,1.1,1.05,1.1
2020-02,SKU:12002035,12002035,)בחב'(נחושת ת4x2x0.5 כבל טלפון,1,200,1.05,1.05,1.05,1.05,1.05,1.05
2020-06,SKU:12002035,12002035,)בחב'(נחושת ת4x2x0.5 כבל טלפון,1,400,1.05,1.05,1.05,1.05,1.05,1.05
2020-07,SKU:12002035,12002035,)בחב'(נחושת ת4x2x0.5 כבל טלפון,3,1400,1.1,1.1,1.1,1.1,1.1,1.1
2020-09,SKU:12002035,12002035,)בחב'(נחושת ת4x2x0.5 כבל טלפון,2,400,1.1,1.1,1.1,1.1,1.1,1.1
2020-12,SKU:12002035,12002035,)בחב'(נחושת ת4x2x0.5 כבל טלפון,1,200,1.05,1.05,1.05,1.05,1.05,1.05
2021-07,SKU:12002035,12002035,)בחב'(נחושת ת4x2x0.5 כבל טלפון,1,200,0.996,,0.996,0.996,0.996,0.996
2022-02,SKU:12002035,12002035,)בחב'(נחושת ת4x2x0.5 כבל טלפון,1,200,1.2,,1.2,1.2,1.2,1.2
2022-06,SKU:12002035,12002035,)בחב'(נחושת ת4x2x0.5 כבל טלפון,1,200,1.529,1.529,1.529,1.529,1.529,1.529
2022-12,SKU:12002035,12002035,)בחב'(נחושת ת4x2x0.5 כבל טלפון,1,200,1.529,1.529,1.529,1.529,1.529,1.529
2023-02,SKU:12002035,12002035,)בחב'(נחושת ת4x2x0.5 כבל טלפון,1,200,1.331,1.331,1.331,1.331,1.331,1.331
2023-03,SKU:12002035,12002035,)בחב'(נחושת ת4x2x0.5 כבל טלפון,1,200,1.331,1.331,1.331,1.331,1.331,1.331
2024-02,SKU:12002035,12002035,)בחב'(נחושת ת4x2x0.5 כבל טלפון,1,200,1.7424,1.7424,1.7424,1.7424,1.7424,1.7424
2024-06,SKU:12002035,12002035,)בחב'(נחושת ת4x2x0.5 כבל טלפון,1,200,1.2675,1.2675,1.2675,1.2675,1.2675,1.2675
2024-08,SKU:12002035,12002035,)בחב'(נחושת ת4x2x0.5 כבל טלפון,1,200,1.2075,1.2075,1.2075,1.2075,1.2075,1.2075
2024-08,SKU:12002055,12002055,1155)חב'(נחושת לפי תקן6x2x0.5 כבל טלפון,2,300,1.755,1.755,1.755,1.755,1.755,1.755
2019-01,SKU:12002075,12002075,1155)חב'(לפי תקן10x2x0.5 'כבל טל,3,500,2.1,2.158,2.1,2.3898,2.1,2.3898
2019-10,SKU:12002075,12002075,1155)חב'(לפי תקן10x2x0.5 'כבל טל,1,200,2.1,2.1,2.1,2.1,2.1,2.1
2021-07,SKU:12002075,12002075,1155)חב'(לפי תקן10x2x0.5 'כבל טל,1,200,2.6175,,2.6175,2.6175,2.6175,2.6175
2022-10,SKU:12002075,12002075,1155)חב'(לפי תקן10x2x0.5 'כבל טל,1,200,3.7675,3.7675,3.7675,3.7675,3.7675,3.7675
2022-11,SKU:12002075,12002075,1155)חב'(לפי תקן10x2x0.5 'כבל טל,1,200,3.7675,3.7675,3.7675,3.7675,3.7675,3.7675
2023-10,SKU:12002075,12002075,1155)חב'(לפי תקן10x2x0.5 'כבל טל,1,100,3.2725,3.2725,3.2725,3.2725,3.2725,3.2725
2024-03,SKU:12002075,12002075,1155)חב'(לפי תקן10x2x0.5 'כבל טל,1,200,4.4625,4.4625,4.4625,4.4625,4.4625,4.4625
2025-03,SKU:1200502,1200502,נחושת2x0.75 חוט לרמקול,1,200,1.23,1.23,1.23,1.23,1.23,1.23
2025-02,SKU:1200504,1200504,נחושת2x1.5 חוט לרמקול,1,200,2.3925,2.3925,2.3925,2.3925,2.3925,2.3925
2024-07,SKU:1200506,1200506,נחושת2x2.5 חוט לרמקול,1,100,4.02,4.02,4.02,4.02,4.02,4.02
2018-11,SKU:1201005,1201005,נחושת8x0.5 כבל פיקוד,1,400,1.0395,1.0395,1.0395,1.0395,1.0395,1.0395
2019-01,SKU:1201005,1201005,נחושת8x0.5 כבל פיקוד,1,400,0.9702,0.9702,0.9702,0.9702,0.9702,0.9702
2023-10,SKU:1201005,1201005,נחושת8x0.5 כבל פיקוד,1,200,1.331,1.331,1.331,1.331,1.331,1.331
2023-11,SKU:1201005,1201005,נחושת8x0.5 כבל פיקוד,1,200,1.331,1.331,1.331,1.331,1.331,1.331
2025-02,SKU:1201005,1201005,נחושת8x0.5 כבל פיקוד,1,200,1.245,1.245,1.245,1.245,1.245,1.245
2020-11,SKU:13116016,13116016,LED 28W דק' עד6 הרכבה+ממיר,1,3,120,120,120,120,120,120
2024-05,SKU:1312014,1312014,לוקס מרובע לקיר-ארמטורה דה,1,10,5.64,5.64,5.64,5.64,5.64,5.64
2017-10,SKU:1313420,1313420,"x16 מגע ""שוקו""עה""ט5 שקע",2,2,40,40,40,40,40,40
2020-02,SKU:1512106,1512106,"מפסק כפול תה""ט-אלגנט",1,1,15.028,15.03,15.028,15.028,15.028,15.028
2023-06,SKU:15150372,15150372,שקע כח-פאר מוגן מים 15150372 שקוף,1,10,6.2175,6.218,6.2175,6.2175,6.2175,6.2175
2017-10,SKU:1515038,1515038,SUPER N N-2 קופסא695220102,1,1,6.915,6.92,6.915,6.915,6.915,6.915
2018-12,SKU:1515038,1515038,SUPER N N-2 קופסא695220102,1,8,6.2235,6.2237,6.2235,6.2235,6.2235,6.2235
2020-07,SKU:1515038,1515038,SUPER N N-2 קופסא695220102,2,30,6.2235,6.2237,6.2235,6.2235,6.2235,6.2235
2020-11,SKU:1515038,1515038,SUPER N N-2 קופסא695220102,1,15,6.0852,6.0853,6.0852,6.0852,6.0852,6.0852
2021-03,SKU:1515038,1515038,SUPER N N-2 קופסא695220102,2,20,6.86,6.856,6.86,6.86,6.86,6.86
2022-02,SKU:1515038,1515038,SUPER N N-2 קופסא695220102,1,20,6.78,,6.78,6.78,6.78,6.78
2022-07,SKU:1515038,1515038,SUPER N N-2 קופסא695220102,1,10,6.22,6.218,6.22,6.22,6.22,6.22
2023-07,SKU:1515038,1515038,SUPER N N-2 קופסא695220102,1,5,6.2175,6.218,6.2175,6.2175,6.2175,6.2175
2023-11,SKU:1515038,1515038,SUPER N N-2 קופסא695220102,2,11,6.2175,6.2182,6.2175,6.2175,6.2175,6.2175
2017-10,SKU:1516201,1516201,NEW פוקוס מפסק יחיד,1,9,6.71,6.71,6.71,6.71,6.71,6.71
2018-12,SKU:1516201,1516201,NEW פוקוס מפסק יחיד,1,5,6.056,6.056,6.056,6.056,6.056,6.056
2019-09,SKU:1516201,1516201,NEW פוקוס מפסק יחיד,1,10,6.056,6.056,6.056,6.056,6.056,6.056
2020-01,SKU:1516201,1516201,NEW פוקוס מפסק יחיד,3,35,6.6616,6.3374,6.056,6.813,6.813,6.6616
2017-10,SKU:1516202,1516202,NEW פוקוס מפסק כפול,1,2,6.71,6.71,6.71,6.71,6.71,6.71
2018-12,SKU:1516202,1516202,NEW פוקוס מפסק כפול,1,5,6.056,6.056,6.056,6.056,6.056,6.056
2019-09,SKU:1516202,1516202,NEW פוקוס מפסק כפול,1,10,6.056,6.056,6.056,6.056,6.056,6.056
2020-01,SKU:1516202,1516202,NEW פוקוס מפסק כפול,1,10,6.6616,6.662,6.6616,6.6616,6.6616,6.6616
2017-10,SKU:1516203,1516203,פוקוס מפסק חילוף,1,2,6.71,6.71,6.71,6.71,6.71,6.71
2020-04,SKU:1516205,1516205,NEW פול מואר חדיש2 פוקוס מפסק לדוד,1,1,9.1305,9.13,9.1305,9.1305,9.1305,9.1305
2017-10,SKU:1516207,1516207,NEW פוקוס לחצן חדיש מואר,1,1,10.89,10.89,10.89,10.89,10.89,10.89
2018-12,SKU:1516207,1516207,NEW פוקוס לחצן חדיש מואר,1,10,7.772,7.772,7.772,7.772,7.772,7.772
2017-10,SKU:1516209,1516209,"NEW פוקוס שקע כח תה""ט",1,16,4.85,4.85,4.85,4.85,4.85,4.85
2018-12,SKU:1516209,1516209,"NEW פוקוס שקע כח תה""ט",1,10,3.428,3.428,3.428,3.428,3.428,3.428
2019-09,SKU:1516209,1516209,"NEW פוקוס שקע כח תה""ט",1,10,3.428,3.428,3.428,3.428,3.428,3.428
2019-10,SKU:1516209,1516209,"NEW פוקוס שקע כח תה""ט",1,60,3.428,3.428,3.428,3.428,3.428,3.428
2020-01,SKU:1516209,1516209,"NEW פוקוס שקע כח תה""ט",2,30,3.5994,3.6567,3.428,3.7708,3.428,3.7708
2019-09,SKU:15162091,15162091,"NEW פוקוס שקע כח מוגן מים תה""ט",1,10,6.856,6.856,6.856,6.856,6.856,6.856
2019-07,SKU:1516213,1516213,"NEW פוקוס טלפון בזק תה""ט",1,1,7.052,7.05,7.052,7.052,7.052,7.052
2019-08,SKU:151700203,151700203,' מהדקים)שורה(מס1151700203 א.נתך,1,1,10.284,10.28,10.284,10.284,10.284,10.284
2020-01,SKU:151700203,151700203,' מהדקים)שורה(מס1151700203 א.נתך,1,1,10.284,10.28,10.284,10.284,10.284,10.284
2020-09,SKU:151700203,151700203,' מהדקים)שורה(מס1151700203 א.נתך,1,5,8.9985,8.998,8.9985,8.9985,8.9985,8.9985
2020-11,SKU:151700203,151700203,' מהדקים)שורה(מס1151700203 א.נתך,2,4,11.5695,11.57,11.5695,11.5695,11.5695,11.5695
2020-12,SKU:151700203,151700203,' מהדקים)שורה(מס1151700203 א.נתך,1,2,10.7982,10.8,10.7982,10.7982,10.7982,10.7982
2021-11,SKU:151700203,151700203,' מהדקים)שורה(מס1151700203 א.נתך,1,2,11.625,,11.625,11.625,11.625,11.625
2023-06,SKU:151700203,151700203,' מהדקים)שורה(מס1151700203 א.נתך,1,1,11.625,11.63,11.625,11.625,11.625,11.625
2023-07,SKU:151700203,151700203,' מהדקים)שורה(מס1151700203 א.נתך,1,1,11.625,11.63,11.625,11.625,11.625,11.625
2023-11,SKU:151700203,151700203,' מהדקים)שורה(מס1151700203 א.נתך,1,2,11.625,11.625,11.625,11.625,11.625,11.625
2024-01,SKU:151700203,151700203,' מהדקים)שורה(מס1151700203 א.נתך,1,1,11.625,11.63,11.625,11.625,11.625,11.625
2023-09,SKU:151700204,151700204,א.נתך5 ' מהדקים)שורה(מס6,1,1,22.8816,22.88,22.8816,22.8816,22.8816,22.8816
2018-11,SKU:15170053,15170053,(יח12)שורה של3 ' מסTRIDONIC מהדק גמיש,1,1,3,3,3,3,3,3
2020-02,SKU:15170053,15170053,(יח12)שורה של3 ' מסTRIDONIC מהדק גמיש,2,6,3.9,3.9,3.9,3.9,3.9,3.9
2020-04,SKU:15170053,15170053,(יח12)שורה של3 ' מסTRIDONIC מהדק גמיש,1,1,3.9,3.9,3.9,3.9,3.9,3.9
2021-09,SKU:15170053,15170053,(יח12)שורה של3 ' מסTRIDONIC מהדק גמיש,1,4,3.69,3.6875,3.69,3.69,3.69,3.69
2023-02,SKU:15170053,15170053,(יח12)שורה של3 ' מסTRIDONIC מהדק גמיש,1,1,3.84,3.84,3.84,3.84,3.84,3.84
2019-06,SKU:15170060,15170060,(יח12)שורה של4 ' מסTRIDONIC מהדק גמיש,1,1,9,9,9,9,9,9
2023-02,SKU:15170060,15170060,(יח12)שורה של4 ' מסTRIDONIC מהדק גמיש,1,1,10.6275,10.63,10.6275,10.6275,10.6275,10.6275
2023-09,SKU:15170060,15170060,(יח12)שורה של4 ' מסTRIDONIC מהדק גמיש,1,1,10.2024,10.2,10.2024,10.2024,10.2024,10.2024
2017-10,SKU:15170061,15170061,(פלסטי תקני)וויסבורד/נתך4 מהדק מס,1,10,1.1308,1.131,1.1308,1.1308,1.1308,1.1308
2019-01,SKU:15170061,15170061,(פלסטי תקני)וויסבורד/נתך4 מהדק מס,2,20,1.1308,1.131,1.1308,1.1308,1.1308,1.1308
2024-08,SKU:1524002,1524002,פיני-תקע צד דו,1,6,2.04,2.04,2.04,2.04,2.04,2.04
2025-03,SKU:15240055,15240055,מפסק מואר+ שקע תקע,1,1,16.0425,16.04,16.0425,16.0425,16.0425,16.0425
2020-02,SKU:15240067,15240067,שקע קופלונג כח לבן,1,1,2.925,2.93,2.925,2.925,2.925,2.925
2020-03,SKU:15240067,15240067,שקע קופלונג כח לבן,1,3,2.73,2.73,2.73,2.73,2.73,2.73
2023-02,SKU:15240067,15240067,שקע קופלונג כח לבן,1,3,4.095,4.0967,4.095,4.095,4.095,4.095
2024-07,SKU:15240067,15240067,שקע קופלונג כח לבן,1,1,3,3,3,3,3,3
2022-02,SKU:15240068,15240068,שקע קופלונג כח שחור,1,1,4.095,,4.095,4.095,4.095,4.095
2021-03,SKU:1524009,1524009,תקע צד תלת פיני שחור,1,6,5.7,5.6967,5.7,5.7,5.7,5.7
2022-02,SKU:1524009,1524009,תקע צד תלת פיני שחור,1,1,3.21,,3.21,3.21,3.21,3.21
2020-12,SKU:1524011,1524011,T-2 תקע כפול,1,1,3.3308,3.33,3.3308,3.3308,3.3308,3.3308
2017-10,SKU:1524012,1524012,T-3 תקע משולש,1,10,6.6,6.6,6.6,6.6,6.6,6.6
2021-06,SKU:1524012,1524012,T-3 תקע משולש,1,1,4.05,,4.05,4.05,4.05,4.05
2020-07,SKU:15240121,15240121,(אנכי)תקניT-3 תקע משולש,1,1,6.4305,6.43,6.4305,6.4305,6.4305,6.4305
2021-01,SKU:1525010,1525010,!!! בלדח דקור' קומפלט תקני1050020,1,1,102.86,102.86,102.86,102.86,102.86,102.86
2022-08,SKU:1525010,1525010,!!! בלדח דקור' קומפלט תקני1050020,1,1,145.3125,145.31,145.3125,145.3125,145.3125,145.3125
2022-10,SKU:1525010,1525010,!!! בלדח דקור' קומפלט תקני1050020,1,1,145.3125,145.31,145.3125,145.3125,145.3125,145.3125
2019-09,SKU:1525011,1525011,' מ5 באורך3x1.5 כבל+תוף,1,1,141.88,141.88,141.88,141.88,141.88,141.88
2020-01,SKU:1525011,1525011,' מ5 באורך3x1.5 כבל+תוף,1,1,141.88,141.88,141.88,141.88,141.88,141.88
2022-05,SKU:1525011,1525011,' מ5 באורך3x1.5 כבל+תוף,1,1,212.04,212.04,212.04,212.04,212.04,212.04
2022-10,SKU:1525011,1525011,' מ5 באורך3x1.5 כבל+תוף,2,2,249.9375,249.94,249.9375,249.9375,249.9375,249.9375
2024-03,SKU:1525011,1525011,' מ5 באורך3x1.5 כבל+תוף,1,1,249.9375,249.94,249.9375,249.9375,249.9375,249.9375
2021-07,SKU:1527015,1527015,"נורה עה""ט+לחצן פעמון מלבני",1,12,5.325,,5.325,5.325,5.325,5.325
2022-01,SKU:1527015,1527015,"נורה עה""ט+לחצן פעמון מלבני",1,1,5.8575,,5.8575,5.8575,5.8575,5.8575
2022-09,SKU:1527015,1527015,"נורה עה""ט+לחצן פעמון מלבני",1,8,3.72,3.72,3.72,3.72,3.72,3.72
2022-11,SKU:1527015,1527015,"נורה עה""ט+לחצן פעמון מלבני",1,30,5.8575,5.8577,5.8575,5.8575,5.8575,5.8575
2023-06,SKU:1527015,1527015,"נורה עה""ט+לחצן פעמון מלבני",1,1,5.8575,5.86,5.8575,5.8575,5.8575,5.8575
2024-01,SKU:1527015,1527015,"נורה עה""ט+לחצן פעמון מלבני",1,1,5.8575,5.86,5.8575,5.8575,5.8575,5.8575
2020-06,SKU:1530007,1530007,GRASSLIN טיימאון שקע ישראלי,2,3,58,58,58,58,58,58
2022-10,SKU:1531005,1531005,תקע יצוק+ ' מ1 כבל+ 3 רב שקע,1,1,9.6525,9.65,9.6525,9.6525,9.6525,9.6525
2017-10,SKU:1531008,1531008,תקע יצוק+ ' מ1 כבל+ 6 רב שקע,1,4,17,17,17,17,17,17
2020-11,SKU:1531008,1531008,תקע יצוק+ ' מ1 כבל+ 6 רב שקע,1,1,10.1816,10.18,10.1816,10.1816,10.1816,10.1816
2022-10,SKU:1531008,1531008,תקע יצוק+ ' מ1 כבל+ 6 רב שקע,1,1,15.2325,15.23,15.2325,15.2325,15.2325,15.2325
2020-07,SKU:1531011,1531011,מפסק+כבל+RK5-K-S רב שקע,1,1,11.7,11.7,11.7,11.7,11.7,11.7
2024-06,SKU:1531011,1531011,מפסק+כבל+RK5-K-S רב שקע,1,1,13.3725,13.37,13.3725,13.3725,13.3725,13.3725
2023-10,SKU:1531012,1531012,תקע יצוק+ ' מ1 כבל+ מפסק+ 6 רב שקע,1,1,14.535,14.54,14.535,14.535,14.535,14.535
2023-10,SKU:1531014,1531014,מפסק+ ' מ3 כבל+ 4 רב שקע,1,1,20.265,20.27,20.265,20.265,20.265,20.265
2020-12,SKU:15310141,15310141,' מ3 כבל+ 4 רב שקע,1,1,13.8292,13.83,13.8292,13.8292,13.8292,13.8292
2019-08,SKU:1531016,1531016,מפסק+ ' מ3 כבל+ 6 רב שקע,1,1,17.613,17.61,17.613,17.613,17.613,17.613
2023-11,SKU:1531016,1531016,מפסק+ ' מ3 כבל+ 6 רב שקע,1,1,23.25,23.25,23.25,23.25,23.25,23.25
2020-12,SKU:15310161,15310161,' מ3 כבל+ 6 רב שקע,1,1,15.7124,15.71,15.7124,15.7124,15.7124,15.7124
2022-10,SKU:15310161,15310161,' מ3 כבל+ 6 רב שקע,1,1,20.925,20.93,20.925,20.925,20.925,20.925
2024-08,SKU:15310161,15310161,' מ3 כבל+ 6 רב שקע,1,3,20.925,20.9267,20.925,20.925,20.925,20.925
2017-10,SKU:1531020,1531020,מפסק+ ' מ1 כבל+ 1 רב שקע,1,2,18.6435,18.645,18.6435,18.6435,18.6435,18.6435
2020-12,SKU:1531020,1531020,מפסק+ ' מ1 כבל+ 1 רב שקע,1,1,18,18,18,18,18,18
2017-10,SKU:1531025,1531025,A USB שקעים2 + ' מ1 כבל+ 3 רב שקע,1,3,38,38,38,38,38,38
2017-10,SKU:1531028,1531028,A USB שקעים2 + ' מ1 כבל+ 5 רב שקע,1,3,52,52,52,52,52,52
2023-05,SKU:1532014,1532014,חדיש יורו מפסק דוד,1,2,9.36,9.36,9.36,9.36,9.36,9.36
2019-07,SKU:1542002,1542002,"שקע טלפון חדש עה""ט",1,2,5.028,5.03,5.028,5.028,5.028,5.028
2021-10,SKU:1542002,1542002,"שקע טלפון חדש עה""ט",2,30,6.1416,,6.1416,6.1416,6.1416,6.1416
2022-06,SKU:1542002,1542002,"שקע טלפון חדש עה""ט",1,1,6.3975,6.4,6.3975,6.3975,6.3975,6.3975
2019-06,SKU:156001,156001,"וגן ילדיםNK-1 שקע עה""ט",1,1,4.6935,4.69,4.6935,4.6935,4.6935,4.6935
2021-01,SKU:156001,156001,"וגן ילדיםNK-1 שקע עה""ט",1,1,4.69,4.69,4.69,4.69,4.69,4.69
2021-12,SKU:156001,156001,"וגן ילדיםNK-1 שקע עה""ט",1,5,4.65,4.65,4.65,4.65,4.65,4.65
2022-02,SKU:156001,156001,"וגן ילדיםNK-1 שקע עה""ט",1,20,4.65,,4.65,4.65,4.65,4.65
2022-07,SKU:156001,156001,"וגן ילדיםNK-1 שקע עה""ט",1,2,5.115,5.115,5.115,5.115,5.115,5.115
2022-08,SKU:156001,156001,"וגן ילדיםNK-1 שקע עה""ט",2,6,5.115,5.115,5.115,5.115,5.115,5.115
2023-09,SKU:156001,156001,"וגן ילדיםNK-1 שקע עה""ט",1,20,5.115,5.115,5.115,5.115,5.115,5.115
2023-12,SKU:156001,156001,"וגן ילדיםNK-1 שקע עה""ט",1,1,5.115,5.12,5.115,5.115,5.115,5.115
2019-07,SKU:156002,156002,"וגן ילדיםNK-2 שקע עה""ט",1,1,6.744,6.74,6.744,6.744,6.744,6.744
2022-07,SKU:156002,156002,"וגן ילדיםNK-2 שקע עה""ט",1,3,7.7925,7.7933,7.7925,7.7925,7.7925,7.7925
2022-09,SKU:156002,156002,"וגן ילדיםNK-2 שקע עה""ט",1,1,7.7925,7.79,7.7925,7.7925,7.7925,7.7925
2023-09,SKU:156002,156002,"וגן ילדיםNK-2 שקע עה""ט",1,4,7.7925,7.7925,7.7925,7.7925,7.7925,7.7925
2023-12,SKU:156002,156002,"וגן ילדיםNK-2 שקע עה""ט",1,2,7.7925,7.795,7.7925,7.7925,7.7925,7.7925
2024-01,SKU:156002,156002,"וגן ילדיםNK-2 שקע עה""ט",1,6,7.7925,7.7933,7.7925,7.7925,7.7925,7.7925
2024-05,SKU:156002,156002,"וגן ילדיםNK-2 שקע עה""ט",1,2,7.7925,7.795,7.7925,7.7925,7.7925,7.7925
2017-10,SKU:156003,156003,"מוגן ילדיםNK-3 שקע עה""ט",1,10,12.715,12.715,12.715,12.715,12.715,12.715
2017-10,SKU:156004,156004,"מוגן ילדיםNK-4 שקע עה""ט",1,10,16.57,16.57,16.57,16.57,16.57,16.57
2020-11,SKU:156004,156004,"מוגן ילדיםNK-4 שקע עה""ט",1,1,14.913,14.91,14.913,14.913,14.913,14.913
2017-10,SKU:156006,156006,"מוגן ילדיםNK-6 שקע עה""ט",1,3,28.855,28.8567,28.855,28.855,28.855,28.855
2022-08,SKU:156010,156010,"עה""טNK מפסק יחיד",1,1,6.3975,6.4,6.3975,6.3975,6.3975,6.3975
2023-11,SKU:156014,156014,"עה""טNK קוטבי-מפסק דו",1,1,9.36,9.36,9.36,9.36,9.36,9.36
2023-06,SKU:156016,156016,"עה""טNK לחצן חדיש מואר",1,1,9.36,9.36,9.36,9.36,9.36,9.36
2023-12,SKU:156016,156016,"עה""טNK לחצן חדיש מואר",1,1,9.36,9.36,9.36,9.36,9.36,9.36
2018-12,SKU:156017,156017,"עה""טNK שקע למזגן",1,1,11.313,11.31,11.313,11.313,11.313,11.313
2022-07,SKU:156017,156017,"עה""טNK שקע למזגן",1,1,9.89,9.89,9.89,9.89,9.89,9.89
2018-12,SKU:156024,156024,מוגן מים שקוףNK-1 שקע,2,2,8.344,8.34,8.344,8.344,8.344,8.344
2019-10,SKU:156024,156024,מוגן מים שקוףNK-1 שקע,1,1,8.344,8.34,8.344,8.344,8.344,8.344
2020-11,SKU:156024,156024,מוגן מים שקוףNK-1 שקע,1,10,9.1784,9.178,9.1784,9.1784,9.1784,9.1784
2021-12,SKU:156024,156024,מוגן מים שקוףNK-1 שקע,1,5,9.3,9.3,9.3,9.3,9.3,9.3
2022-01,SKU:156024,156024,מוגן מים שקוףNK-1 שקע,1,2,9.3,,9.3,9.3,9.3,9.3
2022-11,SKU:156024,156024,מוגן מים שקוףNK-1 שקע,1,1,8.5425,8.54,8.5425,8.5425,8.5425,8.5425
2023-09,SKU:156024,156024,מוגן מים שקוףNK-1 שקע,2,5,8.5425,8.542,8.5425,8.5425,8.5425,8.5425
2024-01,SKU:156024,156024,מוגן מים שקוףNK-1 שקע,1,1,8.5425,8.54,8.5425,8.5425,8.5425,8.5425
2022-01,SKU:156025,156025,מוגן מים שקוףNK-2 שקע,1,5,20.925,,20.925,20.925,20.925,20.925
2023-09,SKU:156030,156030,"עה""טIP54 NK מפסק יחיד/חילוף מוגן מים",1,1,10.4625,10.46,10.4625,10.4625,10.4625,10.4625
2023-11,SKU:159009,159009,פול מואר לדוד מיראז' לבן2 מפסק,1,2,9.36,9.36,9.36,9.36,9.36,9.36
2020-12,SKU:1597168,1597168,"מודול תה""ט3 ' דק' לקופ12 טיימר מכני",1,1,90,90,90,90,90,90
2022-04,SKU:1597168,1597168,"מודול תה""ט3 ' דק' לקופ12 טיימר מכני",1,1,106.02,106.02,106.02,106.02,106.02,106.02
2022-11,SKU:1597168,1597168,"מודול תה""ט3 ' דק' לקופ12 טיימר מכני",1,1,87.1875,87.19,87.1875,87.1875,87.1875,87.1875
2020-12,SKU:15971705,15971705,גוויס- / מטען כפול לUSB שקע,1,6,49.0292,49.03,49.0292,49.0292,49.0292,49.0292
2021-10,SKU:16005102,16005102,"Anguila מטר15 מ""מ שחור ניילון4 סטלבנד עובי",1,15,36.2736,,36.2736,36.2736,36.2736,36.2736
2022-02,SKU:16005102,16005102,"Anguila מטר15 מ""מ שחור ניילון4 סטלבנד עובי",1,15,37.785,,37.785,37.785,37.785,37.785
2022-01,SKU:16005103,16005103,"Anguila מטר2 מ""מ שחור ניילון4 סטלבנד עובי",1,20,44.8725,,44.8725,44.8725,44.8725,44.8725
2022-02,SKU:16005103,16005103,"Anguila מטר2 מ""מ שחור ניילון4 סטלבנד עובי",1,20,44.8725,,44.8725,44.8725,44.8725,44.8725
2021-05,SKU:16005104,16005104,Anguila מטר25 סטלבנד שחור ניילון,1,25,45.26,,45.26,45.26,45.26,45.26
2021-06,SKU:16005104,16005104,Anguila מטר25 סטלבנד שחור ניילון,1,25,50.9175,,50.9175,50.9175,50.9175,50.9175
2021-07,SKU:16005104,16005104,Anguila מטר25 סטלבנד שחור ניילון,1,25,54.93,,54.93,54.93,54.93,54.93
2023-02,SKU:1601010,1601010,שלבים ארכה4 סולם עץ מקצועי,1,1,156.24,156.24,156.24,156.24,156.24,156.24
2024-03,SKU:1601010,1601010,שלבים ארכה4 סולם עץ מקצועי,1,1,165.168,165.17,165.168,165.168,165.168,165.168
2023-02,SKU:1601011,1601011,שלבים ארכה5 סולם עץ מקצועי,1,1,195.3,195.3,195.3,195.3,195.3,195.3
2022-12,SKU:1601012,1601012,שלבים ארכה6 סולם עץ מקצועי,1,1,241.056,241.06,241.056,241.056,241.056,241.056
2023-02,SKU:1601012,1601012,שלבים ארכה6 סולם עץ מקצועי,1,1,234.36,234.36,234.36,234.36,234.36,234.36
2022-11,SKU:1601013,1601013,שלבים ארכה7 סולם עץ מקצועי,1,1,281.232,281.23,281.232,281.232,281.232,281.232
2018-12,SKU:161004,161004,"VEGA 1x10C 6KA ח""א",1,10,5.95,5.95,5.95,5.95,5.95,5.95
2020-03,SKU:161004,161004,"VEGA 1x10C 6KA ח""א",1,2,5.95,5.95,5.95,5.95,5.95,5.95
2020-06,SKU:161004,161004,"VEGA 1x10C 6KA ח""א",4,180,4.5,4.5,4.5,4.5,4.5,4.5
2020-07,SKU:161004,161004,"VEGA 1x10C 6KA ח""א",1,10,4.5,4.5,4.5,4.5,4.5,4.5
2021-04,SKU:161004,161004,"VEGA 1x10C 6KA ח""א",1,6,4.5,4.5,4.5,4.5,4.5,4.5
2021-10,SKU:161004,161004,"VEGA 1x10C 6KA ח""א",2,60,4.6728,,4.6728,4.6728,4.6728,4.6728
2021-11,SKU:161004,161004,"VEGA 1x10C 6KA ח""א",1,36,4.4,,4.4,4.4,4.4,4.4
2022-02,SKU:161004,161004,"VEGA 1x10C 6KA ח""א",1,3,4.8675,,4.8675,4.8675,4.8675,4.8675
2022-05,SKU:161004,161004,"VEGA 1x10C 6KA ח""א",1,200,4.4132,4.4132,4.4132,4.4132,4.4132,4.4132
2022-09,SKU:161004,161004,"VEGA 1x10C 6KA ח""א",1,36,4.4132,4.4133,4.4132,4.4132,4.4132,4.4132
2023-05,SKU:161004,161004,"VEGA 1x10C 6KA ח""א",2,84,4.4132,4.4132,4.4132,4.4132,4.4132,4.4132
2023-06,SKU:161004,161004,"VEGA 1x10C 6KA ח""א",1,2,4.4132,4.415,4.4132,4.4132,4.4132,4.4132
2023-07,SKU:161004,161004,"VEGA 1x10C 6KA ח""א",1,2,4.2185,4.22,4.2185,4.2185,4.2185,4.2185
2023-08,SKU:161004,161004,"VEGA 1x10C 6KA ח""א",1,8,4.8675,4.8675,4.8675,4.8675,4.8675,4.8675
2023-09,SKU:161004,161004,"VEGA 1x10C 6KA ח""א",3,72,4.28,4.28,4.28,4.28,4.28,4.28
2023-10,SKU:161004,161004,"VEGA 1x10C 6KA ח""א",3,96,4.28,4.28,4.28,4.28,4.28,4.28
2023-11,SKU:161004,161004,"VEGA 1x10C 6KA ח""א",3,61,4.4132,4.4131,4.4132,4.4132,4.4132,4.4132
2023-12,SKU:161004,161004,"VEGA 1x10C 6KA ח""א",1,60,4.4132,4.4132,4.4132,4.4132,4.4132,4.4132
2024-01,SKU:161004,161004,"VEGA 1x10C 6KA ח""א",1,84,4.2185,4.2185,4.2185,4.2185,4.2185,4.2185
2024-02,SKU:161004,161004,"VEGA 1x10C 6KA ח""א",2,120,4.4132,4.4132,4.4132,4.4132,4.4132,4.4132
2024-03,SKU:161004,161004,"VEGA 1x10C 6KA ח""א",1,24,4.4132,4.4133,4.4132,4.4132,4.4132,4.4132
2024-10,SKU:161004,161004,"VEGA 1x10C 6KA ח""א",2,82,4.543,4.543,4.543,4.543,4.543,4.543
2025-02,SKU:161004,161004,"VEGA 1x10C 6KA ח""א",1,12,4.8675,4.8675,4.8675,4.8675,4.8675,4.8675
2020-03,SKU:161005,161005,"VEGA 1x16C 6KA ח""א",1,2,5.95,5.95,5.95,5.95,5.95,5.95
2020-06,SKU:161005,161005,"VEGA 1x16C 6KA ח""א",4,180,4.5,4.5,4.5,4.5,4.5,4.5
2020-07,SKU:161005,161005,"VEGA 1x16C 6KA ח""א",1,10,4.5,4.5,4.5,4.5,4.5,4.5
2020-10,SKU:161005,161005,"VEGA 1x16C 6KA ח""א",1,24,5.985,5.985,5.985,5.985,5.985,5.985
2021-04,SKU:161005,161005,"VEGA 1x16C 6KA ח""א",1,6,4.5,4.5,4.5,4.5,4.5,4.5
2021-07,SKU:161005,161005,"VEGA 1x16C 6KA ח""א",1,24,4.6728,,4.6728,4.6728,4.6728,4.6728
2021-10,SKU:161005,161005,"VEGA 1x16C 6KA ח""א",1,36,4.6728,,4.6728,4.6728,4.6728,4.6728
2021-11,SKU:161005,161005,"VEGA 1x16C 6KA ח""א",1,36,4.4,,4.4,4.4,4.4,4.4
2022-02,SKU:161005,161005,"VEGA 1x16C 6KA ח""א",2,19,4.8675,,4.8675,4.8675,4.8675,4.8675
2022-05,SKU:161005,161005,"VEGA 1x16C 6KA ח""א",1,200,4.4132,4.4132,4.4132,4.4132,4.4132,4.4132
2022-06,SKU:161005,161005,"VEGA 1x16C 6KA ח""א",1,24,4.4132,4.4133,4.4132,4.4132,4.4132,4.4132
2022-07,SKU:161005,161005,"VEGA 1x16C 6KA ח""א",2,180,4.4132,4.4132,4.4132,4.4132,4.4132,4.4132
2022-09,SKU:161005,161005,"VEGA 1x16C 6KA ח""א",1,36,4.4132,4.4133,4.4132,4.4132,4.4132,4.4132
2023-04,SKU:161005,161005,"VEGA 1x16C 6KA ח""א",1,1,4.4132,4.41,4.4132,4.4132,4.4132,4.4132
2023-05,SKU:161005,161005,"VEGA 1x16C 6KA ח""א",6,196,4.4132,4.4132,4.4132,4.4132,4.4132,4.4132
2023-07,SKU:161005,161005,"VEGA 1x16C 6KA ח""א",1,4,4.2185,4.2175,4.2185,4.2185,4.2185,4.2185
2023-08,SKU:161005,161005,"VEGA 1x16C 6KA ח""א",1,2,4.2185,4.22,4.2185,4.2185,4.2185,4.2185
2023-09,SKU:161005,161005,"VEGA 1x16C 6KA ח""א",2,60,4.28,4.28,4.28,4.28,4.28,4.28
2023-10,SKU:161005,161005,"VEGA 1x16C 6KA ח""א",3,84,4.28,4.28,4.28,4.28,4.28,4.28
2023-11,SKU:161005,161005,"VEGA 1x16C 6KA ח""א",1,24,4.4132,4.4133,4.4132,4.4132,4.4132,4.4132
2023-12,SKU:161005,161005,"VEGA 1x16C 6KA ח""א",2,156,4.4132,4.4132,4.4132,4.4132,4.4132,4.4132
2024-01,SKU:161005,161005,"VEGA 1x16C 6KA ח""א",1,108,4.2185,4.2185,4.2185,4.2185,4.2185,4.2185
2024-02,SKU:161005,161005,"VEGA 1x16C 6KA ח""א",2,168,4.4132,4.4132,4.4132,4.4132,4.4132,4.4132
2024-10,SKU:161005,161005,"VEGA 1x16C 6KA ח""א",2,124,4.543,4.543,4.543,4.543,4.543,4.543
2018-12,SKU:161006,161006,"VEGA 1x20C 6KA ח""א",1,1,5.95,5.95,5.95,5.95,5.95,5.95
2020-03,SKU:161006,161006,"VEGA 1x20C 6KA ח""א",1,1,5.95,5.95,5.95,5.95,5.95,5.95
2020-10,SKU:161006,161006,"VEGA 1x20C 6KA ח""א",1,12,5.985,5.985,5.985,5.985,5.985,5.985
2022-01,SKU:161006,161006,"VEGA 1x20C 6KA ח""א",1,2,4.8675,,4.8675,4.8675,4.8675,4.8675
2022-05,SKU:161006,161006,"VEGA 1x20C 6KA ח""א",1,3,4.4132,4.4133,4.4132,4.4132,4.4132,4.4132
2022-09,SKU:161006,161006,"VEGA 1x20C 6KA ח""א",1,2,4.4132,4.415,4.4132,4.4132,4.4132,4.4132
2023-09,SKU:161006,161006,"VEGA 1x20C 6KA ח""א",1,7,4.2185,4.2186,4.2185,4.2185,4.2185,4.2185
2025-03,SKU:161006,161006,"VEGA 1x20C 6KA ח""א",1,6,4.8675,4.8683,4.8675,4.8675,4.8675,4.8675
2023-07,SKU:161007,161007,VEGA 1x25C 6KA חצי אוטומט,1,1,4.2185,4.22,4.2185,4.2185,4.2185,4.2185
2020-06,SKU:161009,161009,"VEGA 1x40C 6KA ח""א",4,48,8.9,8.9,8.9,8.9,8.9,8.9
2020-07,SKU:161009,161009,"VEGA 1x40C 6KA ח""א",1,6,8.9,8.9,8.9,8.9,8.9,8.9
2021-05,SKU:161009,161009,"VEGA 1x40C 6KA ח""א",1,1,10.413,,10.413,10.413,10.413,10.413
2021-10,SKU:161009,161009,"VEGA 1x40C 6KA ח""א",1,6,9.0432,,9.0432,9.0432,9.0432,9.0432
2021-11,SKU:161009,161009,"VEGA 1x40C 6KA ח""א",1,7,9.0432,,9.0432,9.0432,9.0432,9.0432
2022-06,SKU:161009,161009,"VEGA 1x40C 6KA ח""א",1,32,8.5408,8.5409,8.5408,8.5408,8.5408,8.5408
2022-08,SKU:161009,161009,"VEGA 1x40C 6KA ח""א",1,1,9.42,9.42,9.42,9.42,9.42,9.42
2019-01,SKU:161026,161026,"VEGA 2Px32C 6KA ח""א",1,1,24.6246,24.62,24.6246,24.6246,24.6246,24.6246
2024-01,SKU:161042,161042,VEGA 3Px10C 6KA חצי אוטומט,1,1,19.5845,19.58,19.5845,19.5845,19.5845,19.5845
2022-05,SKU:161043,161043,VEGA 3Px16C 6KA חצי אוטומט,1,1,20.4884,20.49,20.4884,20.4884,20.4884,20.4884
2022-07,SKU:161043,161043,VEGA 3Px16C 6KA חצי אוטומט,3,22,20.4884,20.4882,20.4884,20.4884,20.4884,20.4884
2022-09,SKU:161043,161043,VEGA 3Px16C 6KA חצי אוטומט,1,5,20.4884,20.488,20.4884,20.4884,20.4884,20.4884
2023-06,SKU:161043,161043,VEGA 3Px16C 6KA חצי אוטומט,1,28,20.4884,20.4886,20.4884,20.4884,20.4884,20.4884
2023-09,SKU:161043,161043,VEGA 3Px16C 6KA חצי אוטומט,2,8,15.38,15.38,15.38,15.38,15.38,15.38
2023-10,SKU:161043,161043,VEGA 3Px16C 6KA חצי אוטומט,2,12,15.38,15.38,15.38,15.38,15.38,15.38
2023-11,SKU:161043,161043,VEGA 3Px16C 6KA חצי אוטומט,1,4,20.4884,20.4875,20.4884,20.4884,20.4884,20.4884
2023-12,SKU:161043,161043,VEGA 3Px16C 6KA חצי אוטומט,2,32,20.4884,20.4884,20.4884,20.4884,20.4884,20.4884
2024-01,SKU:161043,161043,VEGA 3Px16C 6KA חצי אוטומט,1,8,19.5845,19.585,19.5845,19.5845,19.5845,19.5845
2024-02,SKU:161043,161043,VEGA 3Px16C 6KA חצי אוטומט,2,19,20.4884,20.4884,20.4884,20.4884,20.4884,20.4884
2024-04,SKU:161043,161043,VEGA 3Px16C 6KA חצי אוטומט,1,4,20.4884,20.4875,20.4884,20.4884,20.4884,20.4884
2024-06,SKU:161043,161043,VEGA 3Px16C 6KA חצי אוטומט,1,2,22.5975,22.6,22.5975,22.5975,22.5975,22.5975
2024-07,SKU:161043,161043,VEGA 3Px16C 6KA חצי אוטומט,1,1,20.4884,20.49,20.4884,20.4884,20.4884,20.4884
2024-10,SKU:161043,161043,VEGA 3Px16C 6KA חצי אוטומט,2,14,21.091,21.0907,21.091,21.091,21.091,21.091
2019-07,SKU:161044,161044,"VEGA 3Px20C 6KA ח""א",1,1,24.21,24.21,24.21,24.21,24.21,24.21
2022-05,SKU:161044,161044,"VEGA 3Px20C 6KA ח""א",1,1,20.4884,20.49,20.4884,20.4884,20.4884,20.4884
2022-08,SKU:161044,161044,"VEGA 3Px20C 6KA ח""א",1,2,22.5975,22.6,22.5975,22.5975,22.5975,22.5975
2024-06,SKU:161044,161044,"VEGA 3Px20C 6KA ח""א",1,2,20.4884,20.49,20.4884,20.4884,20.4884,20.4884
2024-10,SKU:161044,161044,"VEGA 3Px20C 6KA ח""א",1,6,21.091,21.0917,21.091,21.091,21.091,21.091
2020-11,SKU:161045,161045,"VEGA 3Px25C 6KA ח""א",1,1,24.4376,24.44,24.4376,24.4376,24.4376,24.4376
2020-12,SKU:161045,161045,"VEGA 3Px25C 6KA ח""א",1,1,24.4376,24.44,24.4376,24.4376,24.4376,24.4376
2021-08,SKU:161045,161045,"VEGA 3Px25C 6KA ח""א",1,1,21.6936,,21.6936,21.6936,21.6936,21.6936
2022-07,SKU:161045,161045,"VEGA 3Px25C 6KA ח""א",1,2,20.4884,20.49,20.4884,20.4884,20.4884,20.4884
2022-09,SKU:161045,161045,"VEGA 3Px25C 6KA ח""א",1,4,20.4884,20.4875,20.4884,20.4884,20.4884,20.4884
2023-05,SKU:161045,161045,"VEGA 3Px25C 6KA ח""א",2,11,20.4884,20.4882,20.4884,20.4884,20.4884,20.4884
2023-06,SKU:161045,161045,"VEGA 3Px25C 6KA ח""א",1,1,20.4884,20.49,20.4884,20.4884,20.4884,20.4884
2023-09,SKU:161045,161045,"VEGA 3Px25C 6KA ח""א",1,8,15.38,15.38,15.38,15.38,15.38,15.38
2023-10,SKU:161045,161045,"VEGA 3Px25C 6KA ח""א",3,16,15.38,15.38,15.38,15.38,15.38,15.38
2023-11,SKU:161045,161045,"VEGA 3Px25C 6KA ח""א",1,4,20.4884,20.4875,20.4884,20.4884,20.4884,20.4884
2023-12,SKU:161045,161045,"VEGA 3Px25C 6KA ח""א",1,16,20.4884,20.4881,20.4884,20.4884,20.4884,20.4884
2024-10,SKU:161045,161045,"VEGA 3Px25C 6KA ח""א",2,7,21.091,21.0914,21.091,21.091,21.091,21.091
2020-02,SKU:161046,161046,"VEGA 3Px32C 6KA ח""א",1,1,24.21,24.21,24.21,24.21,24.21,24.21
2021-06,SKU:161046,161046,"VEGA 3Px32C 6KA ח""א",1,2,24.993,,24.993,24.993,24.993,24.993
2022-08,SKU:161046,161046,"VEGA 3Px32C 6KA ח""א",1,1,22.5975,22.6,22.5975,22.5975,22.5975,22.5975
2023-06,SKU:161046,161046,"VEGA 3Px32C 6KA ח""א",1,1,20.4884,20.49,20.4884,20.4884,20.4884,20.4884
2023-08,SKU:161046,161046,"VEGA 3Px32C 6KA ח""א",1,1,22.5975,22.6,22.5975,22.5975,22.5975,22.5975
2020-12,SKU:161047,161047,"VEGA 3Px40C 6KA ח""א",1,1,42.0904,42.09,42.0904,42.0904,42.0904,42.0904
2021-06,SKU:161047,161047,"VEGA 3Px40C 6KA ח""א",1,2,43.047,,43.047,43.047,43.047,43.047
2024-02,SKU:161047,161047,"VEGA 3Px40C 6KA ח""א",1,1,35.2852,35.29,35.2852,35.2852,35.2852,35.2852
2019-01,SKU:161061,161061,"VEGA 1x10C 6KA ח""א161004",1,2,55.47,55.47,55.47,55.47,55.47,55.47
2020-02,SKU:161061,161061,"VEGA 1x10C 6KA ח""א161004",1,4,55.47,55.47,55.47,55.47,55.47,55.47
2020-06,SKU:161061,161061,"VEGA 1x10C 6KA ח""א161004",4,45,51,51,51,51,51,51
2020-11,SKU:161061,161061,"VEGA 1x10C 6KA ח""א161004",1,1,51,51,51,51,51,51
2021-03,SKU:161061,161061,"VEGA 1x10C 6KA ח""א161004",1,12,54.92,54.9242,54.92,54.92,54.92,54.92
2021-11,SKU:161061,161061,"VEGA 1x10C 6KA ח""א161004",1,6,67.041,,67.041,67.041,67.041,67.041
2022-02,SKU:161061,161061,"VEGA 1x10C 6KA ח""א161004",1,1,55.8675,,55.8675,55.8675,55.8675,55.8675
2022-04,SKU:161061,161061,"VEGA 1x10C 6KA ח""א161004",1,32,50.6532,50.6531,50.6532,50.6532,50.6532,50.6532
2023-07,SKU:161061,161061,"VEGA 1x10C 6KA ח""א161004",1,1,48.4185,48.42,48.4185,48.4185,48.4185,48.4185
2020-03,SKU:161062,161062,"VEGA 1x10C 6KA ח""א1610041P 10A 6kA C GEWISS מאמ""ת3992006",1,1,90.77,90.77,90.77,90.77,90.77,90.77
2020-08,SKU:161062,161062,"VEGA 1x10C 6KA ח""א1610041P 10A 6kA C GEWISS מאמ""ת3992006",1,2,90,90,90,90,90,90
2020-11,SKU:161062,161062,"VEGA 1x10C 6KA ח""א1610041P 10A 6kA C GEWISS מאמ""ת3992006",1,1,90,90,90,90,90,90
2022-07,SKU:161062,161062,"VEGA 1x10C 6KA ח""א1610041P 10A 6kA C GEWISS מאמ""ת3992006",1,6,85.37,85.3733,85.37,85.37,85.37,85.37
2022-09,SKU:161062,161062,"VEGA 1x10C 6KA ח""א1610041P 10A 6kA C GEWISS מאמ""ת3992006",1,4,85.374,85.375,85.374,85.374,85.374,85.374
2023-05,SKU:161062,161062,"VEGA 1x10C 6KA ח""א1610041P 10A 6kA C GEWISS מאמ""ת3992006",4,12,85.374,85.3733,85.374,85.374,85.374,85.374
2023-06,SKU:161062,161062,"VEGA 1x10C 6KA ח""א1610041P 10A 6kA C GEWISS מאמ""ת3992006",1,1,85.374,85.37,85.374,85.374,85.374,85.374
2023-09,SKU:161062,161062,"VEGA 1x10C 6KA ח""א1610041P 10A 6kA C GEWISS מאמ""ת3992006",2,8,67.53,67.53,67.53,67.53,67.53,67.53
2023-10,SKU:161062,161062,"VEGA 1x10C 6KA ח""א1610041P 10A 6kA C GEWISS מאמ""ת3992006",3,13,67.53,67.53,67.53,67.53,67.53,67.53
2023-11,SKU:161062,161062,"VEGA 1x10C 6KA ח""א1610041P 10A 6kA C GEWISS מאמ""ת3992006",1,4,85.374,85.375,85.374,85.374,85.374,85.374
2023-12,SKU:161062,161062,"VEGA 1x10C 6KA ח""א1610041P 10A 6kA C GEWISS מאמ""ת3992006",2,28,85.374,85.3739,85.374,85.374,85.374,85.374
2024-07,SKU:161062,161062,"VEGA 1x10C 6KA ח""א1610041P 10A 6kA C GEWISS מאמ""ת3992006",1,1,85.374,85.37,85.374,85.374,85.374,85.374
2024-10,SKU:161062,161062,"VEGA 1x10C 6KA ח""א1610041P 10A 6kA C GEWISS מאמ""ת3992006",2,13,87.885,87.8854,87.885,87.885,87.885,87.885
2024-05,SKU:161063,161063,VEGA A דגם4x63A 30MA ממסר פחת,1,1,150.66,150.66,150.66,150.66,150.66,150.66
2017-10,SKU:161096,161096,"מ""מ תקן כבוי אש11 נועל מאמ""ת רוחב",1,1,38,38,38,38,38,38
2020-03,SKU:162006,162006,VEGA 230V 2x25A 2NO מגען מודולרי,1,1,32.6876,32.69,32.6876,32.6876,32.6876,32.6876
2021-10,SKU:162006,162006,VEGA 230V 2x25A 2NO מגען מודולרי,1,8,29.016,,29.016,29.016,29.016,29.016
2022-01,SKU:162006,162006,VEGA 230V 2x25A 2NO מגען מודולרי,1,1,30.225,,30.225,30.225,30.225,30.225
2022-06,SKU:162006,162006,VEGA 230V 2x25A 2NO מגען מודולרי,1,1,30.225,30.23,30.225,30.225,30.225,30.225
2023-02,SKU:162006,162006,VEGA 230V 2x25A 2NO מגען מודולרי,3,23,30.225,29.5943,29.016,30.225,29.016,30.225
2023-06,SKU:162006,162006,VEGA 230V 2x25A 2NO מגען מודולרי,1,2,27.404,27.405,27.404,27.404,27.404,27.404
2023-11,SKU:162006,162006,VEGA 230V 2x25A 2NO מגען מודולרי,1,1,27.404,27.4,27.404,27.404,27.404,27.404
2024-03,SKU:162006,162006,VEGA 230V 2x25A 2NO מגען מודולרי,1,2,27.404,27.405,27.404,27.404,27.404,27.404
2021-10,SKU:162070,162070,VEGA 2033 דגם220V 2000W אקדח חום,1,1,153.9936,,153.9936,153.9936,153.9936,153.9936
2024-03,SKU:162070,162070,VEGA 2033 דגם220V 2000W אקדח חום,1,1,160.41,160.41,160.41,160.41,160.41,160.41
2018-12,SKU:1630006,1630006,(' יח100) 20/25 בודדELEMATIC שלה פלסטיק,2,2,37.8,37.8,36,39.6,36,39.6
2019-01,SKU:1630006,1630006,(' יח100) 20/25 בודדELEMATIC שלה פלסטיק,2,7,36,36,36,36,36,36
2019-03,SKU:1630006,1630006,(' יח100) 20/25 בודדELEMATIC שלה פלסטיק,2,6,36,36,36,36,36,36
2019-07,SKU:1630006,1630006,(' יח100) 20/25 בודדELEMATIC שלה פלסטיק,1,5,36,36,36,36,36,36
2019-01,SKU:1630012,1630012,(' יח100) 20/25 כפולELEMATIC שלה פלסטיק,3,15,46,46,46,46,46,46
2019-03,SKU:1630012,1630012,(' יח100) 20/25 כפולELEMATIC שלה פלסטיק,2,6,46,46,46,46,46,46
2024-08,SKU:1640003,1640003,"לבן16"" FLY מאוורר עמוד",1,1,84.62,84.62,84.62,84.62,84.62,84.62
2020-01,SKU:1660014,1660014,W תנור חימום אינפרא לקיר חדר אמבטיה,1,1,56.5695,56.57,56.5695,56.5695,56.5695,56.5695
2020-01,SKU:1660020,1660020,שלט+ 2500W תנור חימום אינפרא לקיר,1,1,170.08,170.08,170.08,170.08,170.08,170.08
2020-01,SKU:1660030,1660030,מעמד/רגל לתנור אינפרא,1,1,84.61,84.61,84.61,84.61,84.61,84.61
2024-10,SKU:167003,167003,VEGA CR2025 סוללה לתיום,1,2,6.3,6.3,6.3,6.3,6.3,6.3
2020-02,SKU:167004,167004,VEGA CR2032 סוללה ליתיום,1,4,2.25,2.25,2.25,2.25,2.25,2.25
2021-11,SKU:167004,167004,VEGA CR2032 סוללה ליתיום,1,2,1.5,,1.5,1.5,1.5,1.5
2024-06,SKU:167004,167004,VEGA CR2032 סוללה ליתיום,1,2,6,6,6,6,6,6
2024-10,SKU:167004,167004,VEGA CR2032 סוללה ליתיום,1,2,6,6,6,6,6,6
2021-09,SKU:167005,167005,VEGA LR6 AA גודלVEGA סוללות4 מארז,1,2,5.58,5.58,5.58,5.58,5.58,5.58
2022-04,SKU:167005,167005,VEGA LR6 AA גודלVEGA סוללות4 מארז,1,3,5.8125,5.8133,5.8125,5.8125,5.8125,5.8125
2022-11,SKU:167005,167005,VEGA LR6 AA גודלVEGA סוללות4 מארז,1,3,5.8125,5.8133,5.8125,5.8125,5.8125,5.8125
2024-09,SKU:167005,167005,VEGA LR6 AA גודלVEGA סוללות4 מארז,1,2,5.8125,5.815,5.8125,5.8125,5.8125,5.8125
2024-11,SKU:167007,167007,CR2016 סוללה לתיום,1,2,2.6775,2.68,2.6775,2.6775,2.6775,2.6775
2020-08,SKU:167008,167008,LR03 AAA גודלVEGA סוללות4 מארז,1,2,5.08,5.08,5.08,5.08,5.08,5.08
2021-07,SKU:167008,167008,LR03 AAA גודלVEGA סוללות4 מארז,1,2,4.59,,4.59,4.59,4.59,4.59
2021-12,SKU:167008,167008,LR03 AAA גודלVEGA סוללות4 מארז,1,2,5.24,5.235,5.24,5.24,5.24,5.24
2022-04,SKU:167008,167008,LR03 AAA גודלVEGA סוללות4 מארז,1,2,5.235,5.235,5.235,5.235,5.235,5.235
2024-12,SKU:167008,167008,LR03 AAA גודלVEGA סוללות4 מארז,1,1,5.24,5.24,5.24,5.24,5.24,5.24
2018-12,SKU:167012,167012,LR6 AA גודלVEGA סוללות1 מארז,1,1,9.144,9.14,9.144,9.144,9.144,9.144
2019-01,SKU:167012,167012,LR6 AA גודלVEGA סוללות1 מארז,1,2,9.144,9.145,9.144,9.144,9.144,9.144
2020-09,SKU:167012,167012,LR6 AA גודלVEGA סוללות1 מארז,1,2,6.84,6.84,6.84,6.84,6.84,6.84
2021-11,SKU:167012,167012,LR6 AA גודלVEGA סוללות1 מארז,2,3,13.95,,13.95,13.95,13.95,13.95
2021-12,SKU:167012,167012,LR6 AA גודלVEGA סוללות1 מארז,1,2,13.95,13.95,13.95,13.95,13.95,13.95
2022-04,SKU:167012,167012,LR6 AA גודלVEGA סוללות1 מארז,3,4,13.95,13.95,13.95,13.95,13.95,13.95
2022-08,SKU:167012,167012,LR6 AA גודלVEGA סוללות1 מארז,1,1,13.95,13.95,13.95,13.95,13.95,13.95
2023-05,SKU:167012,167012,LR6 AA גודלVEGA סוללות1 מארז,2,4,13.95,13.95,13.95,13.95,13.95,13.95
2023-06,SKU:167012,167012,LR6 AA גודלVEGA סוללות1 מארז,2,3,12.7762,13.1667,11.6025,13.95,13.95,11.6025
2023-09,SKU:167012,167012,LR6 AA גודלVEGA סוללות1 מארז,1,4,8.55,8.55,8.55,8.55,8.55,8.55
2023-11,SKU:167012,167012,LR6 AA גודלVEGA סוללות1 מארז,1,2,11.6025,11.605,11.6025,11.6025,11.6025,11.6025
2023-12,SKU:167012,167012,LR6 AA גודלVEGA סוללות1 מארז,1,3,11.6025,11.6033,11.6025,11.6025,11.6025,11.6025
2024-01,SKU:167012,167012,LR6 AA גודלVEGA סוללות1 מארז,1,1,11.6025,11.6,11.6025,11.6025,11.6025,11.6025
2024-03,SKU:167012,167012,LR6 AA גודלVEGA סוללות1 מארז,1,1,11.6025,11.6,11.6025,11.6025,11.6025,11.6025
2024-04,SKU:167012,167012,LR6 AA גודלVEGA סוללות1 מארז,1,1,11.6025,11.6,11.6025,11.6025,11.6025,11.6025
2024-11,SKU:167012,167012,LR6 AA גודלVEGA סוללות1 מארז,1,1,11.6025,11.6,11.6025,11.6025,11.6025,11.6025
2024-12,SKU:167012,167012,LR6 AA גודלVEGA סוללות1 מארז,1,1,11.6,11.6,11.6,11.6,11.6,11.6
2018-12,SKU:167015,167015,LR03 AAA גודלVEGA סוללות1 מארז,1,1,9.144,9.14,9.144,9.144,9.144,9.144
2019-01,SKU:167015,167015,LR03 AAA גודלVEGA סוללות1 מארז,1,2,9.144,9.145,9.144,9.144,9.144,9.144
2020-02,SKU:167015,167015,LR03 AAA גודלVEGA סוללות1 מארז,1,2,9.144,9.145,9.144,9.144,9.144,9.144
2020-10,SKU:167015,167015,LR03 AAA גודלVEGA סוללות1 מארז,1,3,6.84,6.84,6.84,6.84,6.84,6.84
2021-09,SKU:167015,167015,LR03 AAA גודלVEGA סוללות1 מארז,1,1,12.28,12.28,12.28,12.28,12.28,12.28
2021-10,SKU:167015,167015,LR03 AAA גודלVEGA סוללות1 מארז,2,3,12.276,,12.276,12.276,12.276,12.276
2022-04,SKU:167015,167015,LR03 AAA גודלVEGA סוללות1 מארז,1,2,12.7875,12.79,12.7875,12.7875,12.7875,12.7875
2022-05,SKU:167015,167015,LR03 AAA גודלVEGA סוללות1 מארז,1,3,12.276,12.2767,12.276,12.276,12.276,12.276
2022-07,SKU:167015,167015,LR03 AAA גודלVEGA סוללות1 מארז,1,1,12.79,12.79,12.79,12.79,12.79,12.79
2022-08,SKU:167015,167015,LR03 AAA גודלVEGA סוללות1 מארז,2,3,12.7875,12.79,12.7875,12.7875,12.7875,12.7875
2022-12,SKU:167015,167015,LR03 AAA גודלVEGA סוללות1 מארז,1,1,12.7875,12.79,12.7875,12.7875,12.7875,12.7875
2023-05,SKU:167015,167015,LR03 AAA גודלVEGA סוללות1 מארז,1,1,12.7875,12.79,12.7875,12.7875,12.7875,12.7875
2024-07,SKU:167015,167015,LR03 AAA גודלVEGA סוללות1 מארז,1,1,12.7875,12.79,12.7875,12.7875,12.7875,12.7875
2024-08,SKU:167015,167015,LR03 AAA גודלVEGA סוללות1 מארז,1,1,12.7875,12.79,12.7875,12.7875,12.7875,12.7875
2024-11,SKU:167015,167015,LR03 AAA גודלVEGA סוללות1 מארז,1,1,12.7875,12.79,12.7875,12.7875,12.7875,12.7875
2018-11,SKU:167019,167019,VEGA 9V סוללה,1,5,6.744,6.744,6.744,6.744,6.744,6.744
2019-09,SKU:167019,167019,VEGA 9V סוללה,2,10,7.1655,7.166,6.744,7.587,7.587,6.744
2022-05,SKU:167019,167019,VEGA 9V סוללה,1,2,7.2576,7.26,7.2576,7.2576,7.2576,7.2576
2020-10,SKU:168005,168005,EC קומפלט25A ארון חשמל זמני,1,1,425,425,425,425,425,425
2024-01,SKU:168005,168005,EC קומפלט25A ארון חשמל זמני,1,1,440.82,440.82,440.82,440.82,440.82,440.82
2024-02,SKU:168005,168005,EC קומפלט25A ארון חשמל זמני,1,1,440.82,440.82,440.82,440.82,440.82,440.82
2024-08,SKU:168005,168005,EC קומפלט25A ארון חשמל זמני,1,3,440.82,440.82,440.82,440.82,440.82,440.82
2024-04,SKU:1690023,1690023,לחצן+ פעמונים אלחוטיים2 דורינה,1,1,67.95,67.95,67.95,67.95,67.95,67.95
2020-09,SKU:1780001,1780001,48-לוח ללא בסיס ל997615531,1,10,2.7412,2.741,2.7412,2.7412,2.7412,2.7412
2020-12,SKU:1780001,1780001,48-לוח ללא בסיס ל997615531,1,1,2.7412,2.74,2.7412,2.7412,2.7412,2.7412
2021-03,SKU:1780001,1780001,48-לוח ללא בסיס ל997615531,3,13,2.8,2.8038,2.8,2.81,2.8,2.8
2021-05,SKU:1780001,1780001,48-לוח ללא בסיס ל997615531,1,56,2.8035,,2.8035,2.8035,2.8035,2.8035
2021-06,SKU:1780001,1780001,48-לוח ללא בסיס ל997615531,1,100,2.6166,,2.6166,2.6166,2.6166,2.6166
2021-08,SKU:1780001,1780001,48-לוח ללא בסיס ל997615531,2,90,2.4336,,2.4336,2.4336,2.4336,2.4336
2021-10,SKU:1780001,1780001,48-לוח ללא בסיס ל997615531,1,30,2.4336,,2.4336,2.4336,2.4336,2.4336
2023-02,SKU:1780001,1780001,48-לוח ללא בסיס ל997615531,1,3,2.0925,2.0933,2.0925,2.0925,2.0925,2.0925
2023-06,SKU:1780001,1780001,48-לוח ללא בסיס ל997615531,2,18,2.0925,2.0928,2.0925,2.0925,2.0925,2.0925
2023-09,SKU:1780001,1780001,48-לוח ללא בסיס ל997615531,3,80,2.0925,2.0926,2.0925,2.0925,2.0925,2.0925
2023-11,SKU:1780001,1780001,48-לוח ללא בסיס ל997615531,1,30,2.0925,2.0927,2.0925,2.0925,2.0925,2.0925
2024-04,SKU:1780001,1780001,48-לוח ללא בסיס ל997615531,1,10,2.0925,2.093,2.0925,2.0925,2.0925,2.0925
2024-05,SKU:1780001,1780001,48-לוח ללא בסיס ל997615531,1,20,2.0925,2.0925,2.0925,2.0925,2.0925,2.0925
2024-06,SKU:1780001,1780001,48-לוח ללא בסיס ל997615531,1,30,2.0925,2.0927,2.0925,2.0925,2.0925,2.0925
2024-07,SKU:1780001,1780001,48-לוח ללא בסיס ל997615531,1,20,2.0925,2.0925,2.0925,2.0925,2.0925,2.0925
2024-11,SKU:1780001,1780001,48-לוח ללא בסיס ל997615531,1,15,2.0925,2.0927,2.0925,2.0925,2.0925,2.0925
2025-02,SKU:1780001,1780001,48-לוח ללא בסיס ל997615531,1,20,2.0925,2.0925,2.0925,2.0925,2.0925,2.0925
2019-06,SKU:1780002,1780002,x65x3 קופסת חבורים,1,1,3.42,3.42,3.42,3.42,3.42,3.42
2021-08,SKU:1780002,1780002,x65x3 קופסת חבורים,1,40,4.2984,,4.2984,4.2984,4.2984,4.2984
2021-08,SKU:1800101,1800101,(1012) ONKA אפור2.5 מהדק לפס,1,35,2.16,,2.16,2.16,2.16,2.16
2021-09,SKU:1800101,1800101,(1012) ONKA אפור2.5 מהדק לפס,1,6,2.16,2.16,2.16,2.16,2.16,2.16
2021-10,SKU:1800101,1800101,(1012) ONKA אפור2.5 מהדק לפס,1,100,2.16,,2.16,2.16,2.16,2.16
2021-11,SKU:1800101,1800101,(1012) ONKA אפור2.5 מהדק לפס,1,100,2.25,,2.25,2.25,2.25,2.25
2023-05,SKU:1800101,1800101,(1012) ONKA אפור2.5 מהדק לפס,1,25,2.25,2.25,2.25,2.25,2.25,2.25
2023-08,SKU:1800101,1800101,(1012) ONKA אפור2.5 מהדק לפס,1,10,2.25,2.25,2.25,2.25,2.25,2.25
2023-12,SKU:1800101,1800101,(1012) ONKA אפור2.5 מהדק לפס,2,35,2.25,2.25,2.25,2.25,2.25,2.25
2024-02,SKU:1800101,1800101,(1012) ONKA אפור2.5 מהדק לפס,1,6,2.25,2.25,2.25,2.25,2.25,2.25
2020-12,SKU:1800102,1800102,(1013) ONKA קרם2.5 מהדק לפס,1,100,0.963,0.963,0.963,0.963,0.963,0.963
2021-02,SKU:1800102,1800102,(1013) ONKA קרם2.5 מהדק לפס,1,10,0.96,0.963,0.96,0.96,0.96,0.96
2020-12,SKU:1800104,1800104,(1015) ONKA כחול2.5 מהדק לפס,1,100,0.963,0.963,0.963,0.963,0.963,0.963
2021-08,SKU:1800104,1800104,(1015) ONKA כחול2.5 מהדק לפס,1,35,2.16,,2.16,2.16,2.16,2.16
2021-10,SKU:1800104,1800104,(1015) ONKA כחול2.5 מהדק לפס,1,100,2.16,,2.16,2.16,2.16,2.16
2023-05,SKU:1800104,1800104,(1015) ONKA כחול2.5 מהדק לפס,1,25,2.25,2.25,2.25,2.25,2.25,2.25
2023-08,SKU:1800104,1800104,(1015) ONKA כחול2.5 מהדק לפס,1,10,2.25,2.25,2.25,2.25,2.25,2.25
2023-09,SKU:1800104,1800104,(1015) ONKA כחול2.5 מהדק לפס,1,6,2.25,2.25,2.25,2.25,2.25,2.25
2023-12,SKU:1800104,1800104,(1015) ONKA כחול2.5 מהדק לפס,1,20,2.25,2.25,2.25,2.25,2.25,2.25
2021-11,SKU:1800110,1800110,(1022) ONKA אפור4 מהדק לפס,1,30,2.25,,2.25,2.25,2.25,2.25
2021-11,SKU:1800113,1800113,(1025) ONKA כחול4 מהדק לפס,1,20,2.25,,2.25,2.25,2.25,2.25
2021-11,SKU:1800118,1800118,"(1030) ONKA צ""י4 מהדק לפס",1,10,5.115,,5.115,5.115,5.115,5.115
2024-10,SKU:1800122,1800122,(1035) ONKA כחול6 מהדק לפס,1,12,3.255,3.255,3.255,3.255,3.255,3.255
2022-02,SKU:1800131,1800131,(1045) ONKA כחול1 מהדק לפס,1,4,2.0325,,2.0325,2.0325,2.0325,2.0325
2024-02,SKU:1800140,1800140,(1135) ONKA לפס כחול16 מהדק,1,2,3.6075,3.61,3.6075,3.6075,3.6075,3.6075
2021-12,SKU:1800146,1800146,(1142) ONKA אפור25/35 מהדק לפס,1,2,5.58,5.58,5.58,5.58,5.58,5.58
2021-02,SKU:1800309,1800309,ONKA כחול4 מהדק כפול לפס1800312,1,50,4.22,4.2166,4.22,4.22,4.22,4.22
2021-02,SKU:1800351,1800351,ONKA כחול4 מהדק כפול לפס1800312,1,15,4.35,4.3473,4.35,4.35,4.35,4.35
2021-03,SKU:1800509,1800509,"1P 16A 6kA C GEWISS RB61 מאמ""ת דגם3991507",1,10,5.3,5.297,5.3,5.3,5.3,5.3
2021-11,SKU:1800509,1800509,"1P 16A 6kA C GEWISS RB61 מאמ""ת דגם3991507",1,5,5.265,,5.265,5.265,5.265,5.265
2021-12,SKU:1800509,1800509,"1P 16A 6kA C GEWISS RB61 מאמ""ת דגם3991507",1,2,5.27,5.265,5.27,5.27,5.27,5.27
2024-10,SKU:1800513,1800513,ONKA כתום6 פול1 גשר ננעץ,1,2,6.8925,6.895,6.8925,6.8925,6.8925,6.8925
2022-02,SKU:1800517,1800517,(1943) ONKA כתום1 פול1 גשר ננעץ,1,1,8.3325,,8.3325,8.3325,8.3325,8.3325
2020-08,SKU:190001,190001,' מ1. מסוכךRG45 מגשר99911151,1,50,0.4,0.4,0.4,0.4,0.4,0.4
2021-03,SKU:190001,190001,' מ1. מסוכךRG45 מגשר99911151,1,5,0.4,0.4,0.4,0.4,0.4,0.4
2021-05,SKU:190010,190010,תקן55 קופסא עומק,2,20,1.6,,1.6,1.6,1.6,1.6
2023-08,SKU:190010,190010,תקן55 קופסא עומק,1,10,2.304,2.304,2.304,2.304,2.304,2.304
2022-08,SKU:190016,190016,"מ""מ ירוק/כתום2 קופסא שוודי",1,10,1.65,1.65,1.65,1.65,1.65,1.65
2024-06,SKU:190016,190016,"מ""מ ירוק/כתום2 קופסא שוודי",1,10,1.584,1.584,1.584,1.584,1.584,1.584
2024-08,SKU:190016,190016,"מ""מ ירוק/כתום2 קופסא שוודי",2,20,1.65,1.65,1.65,1.65,1.65,1.65
2021-04,SKU:1900225,1900225,"ללא מחיצות תקן-מחוזקת- מודול תה""ט3 קופסא",1,60,1.3125,1.3125,1.3125,1.3125,1.3125,1.3125
2021-09,SKU:1900225,1900225,"ללא מחיצות תקן-מחוזקת- מודול תה""ט3 קופסא",1,20,0.9,0.9,0.9,0.9,0.9,0.9
2022-04,SKU:1900225,1900225,"ללא מחיצות תקן-מחוזקת- מודול תה""ט3 קופסא",2,50,0.9,0.9,0.9,0.9,0.9,0.9
2022-06,SKU:1900225,1900225,"ללא מחיצות תקן-מחוזקת- מודול תה""ט3 קופסא",1,20,0.9,0.9,0.9,0.9,0.9,0.9
2022-12,SKU:1900225,1900225,"ללא מחיצות תקן-מחוזקת- מודול תה""ט3 קופסא",3,100,0.9,0.9,0.9,0.9,0.9,0.9
2023-02,SKU:1900225,1900225,"ללא מחיצות תקן-מחוזקת- מודול תה""ט3 קופסא",1,40,2.25,2.25,2.25,2.25,2.25,2.25
2023-05,SKU:1900225,1900225,"ללא מחיצות תקן-מחוזקת- מודול תה""ט3 קופסא",1,60,1,1,1,1,1,1
2023-06,SKU:1900225,1900225,"ללא מחיצות תקן-מחוזקת- מודול תה""ט3 קופסא",2,70,1,1,1,1,1,1
2023-07,SKU:1900225,1900225,"ללא מחיצות תקן-מחוזקת- מודול תה""ט3 קופסא",2,90,1.325,1.3278,1.3,1.35,1.3,1.35
2023-08,SKU:1900225,1900225,"ללא מחיצות תקן-מחוזקת- מודול תה""ט3 קופסא",1,50,2.25,2.25,2.25,2.25,2.25,2.25
2023-09,SKU:1900225,1900225,"ללא מחיצות תקן-מחוזקת- מודול תה""ט3 קופסא",1,20,2.25,2.25,2.25,2.25,2.25,2.25
2024-01,SKU:1900225,1900225,"ללא מחיצות תקן-מחוזקת- מודול תה""ט3 קופסא",1,20,1.35,1.35,1.35,1.35,1.35,1.35
2024-02,SKU:1900225,1900225,"ללא מחיצות תקן-מחוזקת- מודול תה""ט3 קופסא",1,20,2.25,2.25,2.25,2.25,2.25,2.25
2024-05,SKU:1900225,1900225,"ללא מחיצות תקן-מחוזקת- מודול תה""ט3 קופסא",1,10,2.25,2.25,2.25,2.25,2.25,2.25
2024-06,SKU:1900225,1900225,"ללא מחיצות תקן-מחוזקת- מודול תה""ט3 קופסא",1,10,1.25,1.25,1.25,1.25,1.25,1.25
2024-07,SKU:1900225,1900225,"ללא מחיצות תקן-מחוזקת- מודול תה""ט3 קופסא",1,10,1.2,1.2,1.2,1.2,1.2,1.2
2024-08,SKU:1900225,1900225,"ללא מחיצות תקן-מחוזקת- מודול תה""ט3 קופסא",3,60,0.9,0.9,0.9,0.9,0.9,0.9
2024-09,SKU:1900225,1900225,"ללא מחיצות תקן-מחוזקת- מודול תה""ט3 קופסא",2,60,1.2,1.2,1.2,1.2,1.2,1.2
2024-11,SKU:1900225,1900225,"ללא מחיצות תקן-מחוזקת- מודול תה""ט3 קופסא",2,40,1.3,1.3,1.3,1.3,1.3,1.3
2025-02,SKU:1900225,1900225,"ללא מחיצות תקן-מחוזקת- מודול תה""ט3 קופסא",2,11,1.75,1.3409,1.25,2.25,1.25,2.25
2024-10,SKU:190023,190023,"מודול תה""ט3 קופסא עמוקה",1,10,2.16,2.16,2.16,2.16,2.16,2.16
2019-03,SKU:190025,190025,"4000K 4W מ""מ105 לד עגולVEGA שקוע38500441P 16A 6kA C GEWISS מאמ""ת3992007",2,2,3.2,3.2,3.2,3.2,3.2,3.2
2021-04,SKU:1900255,1900255,"ללא מחיצות תקן-מחוזקת- מודול תה""ט4 קופסא",1,40,2.8,2.8,2.8,2.8,2.8,2.8
2021-06,SKU:1900255,1900255,"ללא מחיצות תקן-מחוזקת- מודול תה""ט4 קופסא",1,20,3.2,,3.2,3.2,3.2,3.2
2022-05,SKU:1900255,1900255,"ללא מחיצות תקן-מחוזקת- מודול תה""ט4 קופסא",1,20,2.304,2.304,2.304,2.304,2.304,2.304
2022-12,SKU:1900255,1900255,"ללא מחיצות תקן-מחוזקת- מודול תה""ט4 קופסא",1,10,2.3,2.3,2.3,2.3,2.3,2.3
2023-07,SKU:1900255,1900255,"ללא מחיצות תקן-מחוזקת- מודול תה""ט4 קופסא",1,10,2.4,2.4,2.4,2.4,2.4,2.4
2023-08,SKU:1900255,1900255,"ללא מחיצות תקן-מחוזקת- מודול תה""ט4 קופסא",1,20,2.304,2.304,2.304,2.304,2.304,2.304
2024-01,SKU:1900255,1900255,"ללא מחיצות תקן-מחוזקת- מודול תה""ט4 קופסא",2,20,2.4,2.4,2.4,2.4,2.4,2.4
2024-07,SKU:1900255,1900255,"ללא מחיצות תקן-מחוזקת- מודול תה""ט4 קופסא",1,10,2.4,2.4,2.4,2.4,2.4,2.4
2024-08,SKU:1900255,1900255,"ללא מחיצות תקן-מחוזקת- מודול תה""ט4 קופסא",1,20,2.304,2.304,2.304,2.304,2.304,2.304
2024-09,SKU:1900255,1900255,"ללא מחיצות תקן-מחוזקת- מודול תה""ט4 קופסא",1,10,2.4,2.4,2.4,2.4,2.4,2.4
2025-02,SKU:1900255,1900255,"ללא מחיצות תקן-מחוזקת- מודול תה""ט4 קופסא",1,10,2.4,2.4,2.4,2.4,2.4,2.4
2020-11,SKU:190028,190028,()מבנה מיני50VA שנאי הלוגן77150003,1,5,4.84,4.84,4.84,4.84,4.84,4.84
2021-03,SKU:190028,190028,()מבנה מיני50VA שנאי הלוגן77150003,1,5,4.4,4.4,4.4,4.4,4.4,4.4
2021-06,SKU:190028,190028,()מבנה מיני50VA שנאי הלוגן77150003,1,2,4.4,,4.4,4.4,4.4,4.4
2022-09,SKU:190028,190028,()מבנה מיני50VA שנאי הלוגן77150003,1,5,2.5575,2.558,2.5575,2.5575,2.5575,2.5575
2022-12,SKU:190028,190028,()מבנה מיני50VA שנאי הלוגן77150003,1,5,2.4552,2.456,2.4552,2.4552,2.4552,2.4552
2021-08,SKU:190034,190034,לקיר גבס עם ברגים תקן4 קופסא,1,10,2.8,,2.8,2.8,2.8,2.8
2020-09,SKU:190041,190041,לקיר גבס ללא ברגים פטנט תקן3 קופסא,1,70,4.375,4.375,4.375,4.375,4.375,4.375
2021-06,SKU:190041,190041,לקיר גבס ללא ברגים פטנט תקן3 קופסא,1,60,5,,5,5,5,5
2019-09,SKU:190049,190049,"(200) מ""מ0.75 סופיות מבודדת99220101 ExL צהובOLFA סכין יפנית רחבה995650531",1,100,0.5,0.5,0.5,0.5,0.5,0.5
2019-10,SKU:190049,190049,"(200) מ""מ0.75 סופיות מבודדת99220101 ExL צהובOLFA סכין יפנית רחבה995650531",2,61,0.5,0.5,0.5,0.5,0.5,0.5
2019-11,SKU:190049,190049,"(200) מ""מ0.75 סופיות מבודדת99220101 ExL צהובOLFA סכין יפנית רחבה995650531",4,190,0.5,0.5165,0.5,0.56,0.5,0.56
2020-06,SKU:190049,190049,"(200) מ""מ0.75 סופיות מבודדת99220101 ExL צהובOLFA סכין יפנית רחבה995650531",1,1,0.5625,0.56,0.5625,0.5625,0.5625,0.5625
2021-08,SKU:190049,190049,"(200) מ""מ0.75 סופיות מבודדת99220101 ExL צהובOLFA סכין יפנית רחבה995650531",1,20,0.45,,0.45,0.45,0.45,0.45
2021-11,SKU:190049,190049,"(200) מ""מ0.75 סופיות מבודדת99220101 ExL צהובOLFA סכין יפנית רחבה995650531",1,10,0.75,,0.75,0.75,0.75,0.75
2022-01,SKU:190049,190049,"(200) מ""מ0.75 סופיות מבודדת99220101 ExL צהובOLFA סכין יפנית רחבה995650531",3,110,0.75,,0.75,0.75,0.75,0.75
2022-02,SKU:190049,190049,"(200) מ""מ0.75 סופיות מבודדת99220101 ExL צהובOLFA סכין יפנית רחבה995650531",1,20,0.4,,0.4,0.4,0.4,0.4
2022-07,SKU:190049,190049,"(200) מ""מ0.75 סופיות מבודדת99220101 ExL צהובOLFA סכין יפנית רחבה995650531",2,80,0.55,0.55,0.55,0.55,0.55,0.55
2022-09,SKU:190049,190049,"(200) מ""מ0.75 סופיות מבודדת99220101 ExL צהובOLFA סכין יפנית רחבה995650531",2,20,0.75,0.75,0.75,0.75,0.75,0.75
2022-10,SKU:190049,190049,"(200) מ""מ0.75 סופיות מבודדת99220101 ExL צהובOLFA סכין יפנית רחבה995650531",1,50,0.55,0.55,0.55,0.55,0.55,0.55
2023-02,SKU:190049,190049,"(200) מ""מ0.75 סופיות מבודדת99220101 ExL צהובOLFA סכין יפנית רחבה995650531",1,50,0.75,0.75,0.75,0.75,0.75,0.75
2023-05,SKU:190049,190049,"(200) מ""מ0.75 סופיות מבודדת99220101 ExL צהובOLFA סכין יפנית רחבה995650531",1,40,0.75,0.75,0.75,0.75,0.75,0.75
2023-08,SKU:190049,190049,"(200) מ""מ0.75 סופיות מבודדת99220101 ExL צהובOLFA סכין יפנית רחבה995650531",3,100,0.75,0.75,0.75,0.75,0.75,0.75
2023-09,SKU:190049,190049,"(200) מ""מ0.75 סופיות מבודדת99220101 ExL צהובOLFA סכין יפנית רחבה995650531",1,60,0.75,0.75,0.75,0.75,0.75,0.75
2023-10,SKU:190049,190049,"(200) מ""מ0.75 סופיות מבודדת99220101 ExL צהובOLFA סכין יפנית רחבה995650531",1,50,0.65,0.65,0.65,0.65,0.65,0.65
2023-11,SKU:190049,190049,"(200) מ""מ0.75 סופיות מבודדת99220101 ExL צהובOLFA סכין יפנית רחבה995650531",3,140,0.68,0.69,0.68,0.75,0.68,0.75
2024-04,SKU:190049,190049,"(200) מ""מ0.75 סופיות מבודדת99220101 ExL צהובOLFA סכין יפנית רחבה995650531",3,180,0.55,0.55,0.55,0.55,0.55,0.55
2024-05,SKU:190049,190049,"(200) מ""מ0.75 סופיות מבודדת99220101 ExL צהובOLFA סכין יפנית רחבה995650531",1,50,0.75,0.75,0.75,0.75,0.75,0.75
2024-06,SKU:190049,190049,"(200) מ""מ0.75 סופיות מבודדת99220101 ExL צהובOLFA סכין יפנית רחבה995650531",1,10,0.75,0.75,0.75,0.75,0.75,0.75
2024-07,SKU:190049,190049,"(200) מ""מ0.75 סופיות מבודדת99220101 ExL צהובOLFA סכין יפנית רחבה995650531",1,100,0.75,0.75,0.75,0.75,0.75,0.75
2024-10,SKU:190049,190049,"(200) מ""מ0.75 סופיות מבודדת99220101 ExL צהובOLFA סכין יפנית רחבה995650531",1,60,0.44,0.44,0.44,0.44,0.44,0.44
2019-01,SKU:190058,190058,תקן55 קופסא גבס פטנט,4,30,1.4,1.4,1.4,1.4,1.4,1.4
2022-12,SKU:190058,190058,תקן55 קופסא גבס פטנט,1,15,2.304,2.304,2.304,2.304,2.304,2.304
2025-03,SKU:190058,190058,תקן55 קופסא גבס פטנט,1,30,2.4,2.4,2.4,2.4,2.4,2.4
2019-10,SKU:190139,190139,"/4"" 2 קשת רון",1,10,1.8,1.8,1.8,1.8,1.8,1.8
2021-02,SKU:190184,190184,(100) SAPISELCO 327.5 חבק לבן90025,2,60,1.35,1.35,1.35,1.35,1.35,1.35
2021-06,SKU:190184,190184,(100) SAPISELCO 327.5 חבק לבן90025,1,59,1.35,,1.35,1.35,1.35,1.35
2022-07,SKU:190184,190184,(100) SAPISELCO 327.5 חבק לבן90025,1,10,1.73,1.728,1.73,1.73,1.73,1.73
2024-06,SKU:190184,190184,(100) SAPISELCO 327.5 חבק לבן90025,1,20,1.5,1.5,1.5,1.5,1.5,1.5
2024-09,SKU:190184,190184,(100) SAPISELCO 327.5 חבק לבן90025,1,20,1.5,1.5,1.5,1.5,1.5,1.5
2020-02,SKU:190199,190199,"מ""מ תקשורת ירוק / אדום2 צינור מופה",2,30,1.725,1.55,1.2,2.25,2.25,1.2
2021-06,SKU:190251,190251,' חב5.0 (' יח10)מארז23/25 שלה פלסטי בודד,1,5,29.332,,29.332,29.332,29.332,29.332
2022-08,SKU:190253,190253,' חב5.0 (' יח10)מארז23/25 שלה פלסטי כפול,1,5,36.0375,36.038,36.0375,36.0375,36.0375,36.0375
2020-09,SKU:21001,21001,"ממ""ר5x1.5-6 מופה מתכוצת",1,1,5.9444,5.94,5.9444,5.9444,5.9444,5.9444
2020-08,SKU:2101011110,2101011110,"FH202 דגם2x40A 30mA ממסר פחת6210201203 SH201 C אופיין16A חד פאזי6KA מא""ז62101011116",1,3,11,11,11,11,11,11
2025-01,SKU:2101011110,2101011110,"FH202 דגם2x40A 30mA ממסר פחת6210201203 SH201 C אופיין16A חד פאזי6KA מא""ז62101011116",1,1,15.18,15.18,15.18,15.18,15.18,15.18
2020-08,SKU:2101011116,2101011116,"SH201 C אופיין10A חד פאזי6KA מא""ז6210101111 SH201 C אופיין32A חד פאזי6KA מא""ז62101011132",1,14,11,11,11,11,11,11
2020-08,SKU:2101011125,2101011125,"SH201 C אופיין32A חד פאזי6KA מא""ז62101011132",1,1,11,11,11,11,11,11
2020-08,SKU:2101011132,2101011132,"SH201 C אופיין16A חד פאזי6KA מא""ז62101011116 SH201 C אופיין25A חד פאזי6KA מא""ז62101011125",1,1,11,11,11,11,11,11
2022-05,SKU:2101032420,2101032420,SH203 C אופיין20A תלת פאזי6KA חצי אוטומט6,1,1,75.725,75.73,75.725,75.725,75.725,75.725
2019-10,SKU:2101032432,2101032432,"SH203 C אופיין32A תלת פאזי6KA מא""ז6",1,1,69.58,69.58,69.58,69.58,69.58,69.58
2020-02,SKU:2101032432,2101032432,"SH203 C אופיין32A תלת פאזי6KA מא""ז6",1,1,69.58,69.58,69.58,69.58,69.58,69.58
2019-11,SKU:2101032440,2101032440,3x2.5 N2XY (מטר כבל)בחבילה5951061,1,1,69.58,69.58,69.58,69.58,69.58,69.58
2021-05,SKU:2101032440,2101032440,3x2.5 N2XY (מטר כבל)בחבילה5951061,1,1,78.3,,78.3,78.3,78.3,78.3
2022-02,SKU:2101042710,2101042710,M K אופיין10A חד פאזי10KA חצי אוטומט6,1,2,57.057,,57.057,57.057,57.057,57.057
2022-02,SKU:2101080003,2101080003,"SA 1 S200/SH20 אביזר נעילה למא""ז6",1,1,11.427,,11.427,11.427,11.427,11.427
2017-10,SKU:21017,21017,/8 שרוול מתכווץ עם דבק,1,1,8,8,8,8,8,8
2017-10,SKU:21018,21018,/6 שרוול מתכווץ עם דבק,1,1,17.772,17.77,17.772,17.772,17.772,17.772
2020-08,SKU:2102012030,2102012030,"SH201 C אופיין10A חד פאזי6KA מא""ז62101011110",1,1,97.91,97.91,97.91,97.91,97.91,97.91
2021-11,SKU:2102021030,2102021030,F 2022x40A/0.0310KA ממסר פחת6,1,1,137.202,,137.202,137.202,137.202,137.202
2018-12,SKU:21048,21048,EVIK ג'ל השחלה,1,3,12,12,12,12,12,12
2019-01,SKU:21048,21048,EVIK ג'ל השחלה,1,1,10,10,10,10,10,10
2019-09,SKU:21048,21048,EVIK ג'ל השחלה,3,9,10.516,10.5156,10.516,10.516,10.516,10.516
2019-10,SKU:21048,21048,EVIK ג'ל השחלה,1,1,10.516,10.52,10.516,10.516,10.516,10.516
2020-03,SKU:21048,21048,EVIK ג'ל השחלה,4,12,8,8,8,8,8,8
2020-04,SKU:21048,21048,EVIK ג'ל השחלה,2,6,8,8,8,8,8,8
2020-06,SKU:21048,21048,EVIK ג'ל השחלה,1,1,10.516,10.52,10.516,10.516,10.516,10.516
2023-12,SKU:21048,21048,EVIK ג'ל השחלה,1,1,13.08,13.08,13.08,13.08,13.08,13.08
2024-08,SKU:21048,21048,EVIK ג'ל השחלה,1,1,13.08,13.08,13.08,13.08,13.08,13.08
2024-09,SKU:21048,21048,EVIK ג'ל השחלה,1,2,13.08,13.08,13.08,13.08,13.08,13.08
2018-12,SKU:210480,210480,' לקופONE ' מוד2 מסגרת לבן-קורוס391612244.00% שח4.96 מטר100.0 קשיחPVC (צ/י)בחבילה1 מטר חוט560131,1,1,11,11,11,11,11,11
2019-03,SKU:210480,210480,' לקופONE ' מוד2 מסגרת לבן-קורוס391612244.00% שח4.96 מטר100.0 קשיחPVC (צ/י)בחבילה1 מטר חוט560131,1,2,11,11,11,11,11,11
2019-09,SKU:210480,210480,' לקופONE ' מוד2 מסגרת לבן-קורוס391612244.00% שח4.96 מטר100.0 קשיחPVC (צ/י)בחבילה1 מטר חוט560131,1,1,10.516,10.52,10.516,10.516,10.516,10.516
2020-04,SKU:210480,210480,' לקופONE ' מוד2 מסגרת לבן-קורוס391612244.00% שח4.96 מטר100.0 קשיחPVC (צ/י)בחבילה1 מטר חוט560131,1,5,8,8,8,8,8,8
2020-07,SKU:210480,210480,' לקופONE ' מוד2 מסגרת לבן-קורוס391612244.00% שח4.96 מטר100.0 קשיחPVC (צ/י)בחבילה1 מטר חוט560131,2,12,9.9,9.9,9.9,9.9,9.9,9.9
2020-08,SKU:210480,210480,' לקופONE ' מוד2 מסגרת לבן-קורוס391612244.00% שח4.96 מטר100.0 קשיחPVC (צ/י)בחבילה1 מטר חוט560131,2,14,11,11,11,11,11,11
2020-09,SKU:210480,210480,' לקופONE ' מוד2 מסגרת לבן-קורוס391612244.00% שח4.96 מטר100.0 קשיחPVC (צ/י)בחבילה1 מטר חוט560131,2,8,9.68,9.68,9.68,9.68,9.68,9.68
2020-10,SKU:210480,210480,' לקופONE ' מוד2 מסגרת לבן-קורוס391612244.00% שח4.96 מטר100.0 קשיחPVC (צ/י)בחבילה1 מטר חוט560131,1,2,9.9,9.9,9.9,9.9,9.9,9.9
2020-11,SKU:210480,210480,' לקופONE ' מוד2 מסגרת לבן-קורוס391612244.00% שח4.96 מטר100.0 קשיחPVC (צ/י)בחבילה1 מטר חוט560131,3,8,9.9,9.9,9.9,9.9,9.9,9.9
2020-12,SKU:210480,210480,' לקופONE ' מוד2 מסגרת לבן-קורוס391612244.00% שח4.96 מטר100.0 קשיחPVC (צ/י)בחבילה1 מטר חוט560131,4,12,9.46,9.4233,8.8,9.9,9.24,9.68
2021-01,SKU:210480,210480,' לקופONE ' מוד2 מסגרת לבן-קורוס391612244.00% שח4.96 מטר100.0 קשיחPVC (צ/י)בחבילה1 מטר חוט560131,1,4,9.68,9.68,9.68,9.68,9.68,9.68
2021-03,SKU:210480,210480,' לקופONE ' מוד2 מסגרת לבן-קורוס391612244.00% שח4.96 מטר100.0 קשיחPVC (צ/י)בחבילה1 מטר חוט560131,1,2,9.9,9.9,9.9,9.9,9.9,9.9
2021-04,SKU:210480,210480,' לקופONE ' מוד2 מסגרת לבן-קורוס391612244.00% שח4.96 מטר100.0 קשיחPVC (צ/י)בחבילה1 מטר חוט560131,1,2,9.68,9.68,9.68,9.68,9.68,9.68
2021-05,SKU:210480,210480,' לקופONE ' מוד2 מסגרת לבן-קורוס391612244.00% שח4.96 מטר100.0 קשיחPVC (צ/י)בחבילה1 מטר חוט560131,1,2,9.9,,9.9,9.9,9.9,9.9
2021-06,SKU:210480,210480,' לקופONE ' מוד2 מסגרת לבן-קורוס391612244.00% שח4.96 מטר100.0 קשיחPVC (צ/י)בחבילה1 מטר חוט560131,2,5,9.57,,9.24,9.9,9.24,9.9
2021-07,SKU:210480,210480,' לקופONE ' מוד2 מסגרת לבן-קורוס391612244.00% שח4.96 מטר100.0 קשיחPVC (צ/י)בחבילה1 מטר חוט560131,1,2,8.955,,8.955,8.955,8.955,8.955
2021-10,SKU:210480,210480,' לקופONE ' מוד2 מסגרת לבן-קורוס391612244.00% שח4.96 מטר100.0 קשיחPVC (צ/י)בחבילה1 מטר חוט560131,2,3,8.5968,,8.5968,8.5968,8.5968,8.5968
2021-11,SKU:210480,210480,' לקופONE ' מוד2 מסגרת לבן-קורוס391612244.00% שח4.96 מטר100.0 קשיחPVC (צ/י)בחבילה1 מטר חוט560131,2,3,8.955,,8.955,8.955,8.955,8.955
2021-12,SKU:210480,210480,' לקופONE ' מוד2 מסגרת לבן-קורוס391612244.00% שח4.96 מטר100.0 קשיחPVC (צ/י)בחבילה1 מטר חוט560131,2,4,8.96,8.955,8.96,8.96,8.96,8.96
2022-01,SKU:210480,210480,' לקופONE ' מוד2 מסגרת לבן-קורוס391612244.00% שח4.96 מטר100.0 קשיחPVC (צ/י)בחבילה1 מטר חוט560131,1,1,8.955,,8.955,8.955,8.955,8.955
2022-02,SKU:210480,210480,' לקופONE ' מוד2 מסגרת לבן-קורוס391612244.00% שח4.96 מטר100.0 קשיחPVC (צ/י)בחבילה1 מטר חוט560131,3,7,8.955,,8.955,8.955,8.955,8.955
2022-04,SKU:210480,210480,' לקופONE ' מוד2 מסגרת לבן-קורוס391612244.00% שח4.96 מטר100.0 קשיחPVC (צ/י)בחבילה1 מטר חוט560131,3,6,8.955,8.955,8.955,8.955,8.955,8.955
2022-06,SKU:210480,210480,' לקופONE ' מוד2 מסגרת לבן-קורוס391612244.00% שח4.96 מטר100.0 קשיחPVC (צ/י)בחבילה1 מטר חוט560131,2,4,8.955,8.955,8.955,8.955,8.955,8.955
2022-07,SKU:210480,210480,' לקופONE ' מוד2 מסגרת לבן-קורוס391612244.00% שח4.96 מטר100.0 קשיחPVC (צ/י)בחבילה1 מטר חוט560131,1,2,8.955,8.955,8.955,8.955,8.955,8.955
2022-08,SKU:210480,210480,' לקופONE ' מוד2 מסגרת לבן-קורוס391612244.00% שח4.96 מטר100.0 קשיחPVC (צ/י)בחבילה1 מטר חוט560131,2,6,8.955,8.955,8.955,8.955,8.955,8.955
2022-09,SKU:210480,210480,' לקופONE ' מוד2 מסגרת לבן-קורוס391612244.00% שח4.96 מטר100.0 קשיחPVC (צ/י)בחבילה1 מטר חוט560131,2,3,8.955,8.9567,8.955,8.955,8.955,8.955
2022-10,SKU:210480,210480,' לקופONE ' מוד2 מסגרת לבן-קורוס391612244.00% שח4.96 מטר100.0 קשיחPVC (צ/י)בחבילה1 מטר חוט560131,1,4,8.955,8.955,8.955,8.955,8.955,8.955
2022-11,SKU:210480,210480,' לקופONE ' מוד2 מסגרת לבן-קורוס391612244.00% שח4.96 מטר100.0 קשיחPVC (צ/י)בחבילה1 מטר חוט560131,1,1,8.955,8.96,8.955,8.955,8.955,8.955
2022-12,SKU:210480,210480,' לקופONE ' מוד2 מסגרת לבן-קורוס391612244.00% שח4.96 מטר100.0 קשיחPVC (צ/י)בחבילה1 מטר חוט560131,4,7,8.7759,8.8014,8.5968,8.955,8.5968,8.955
2023-06,SKU:210480,210480,' לקופONE ' מוד2 מסגרת לבן-קורוס391612244.00% שח4.96 מטר100.0 קשיחPVC (צ/י)בחבילה1 מטר חוט560131,1,1,8.955,8.96,8.955,8.955,8.955,8.955
2023-07,SKU:210480,210480,' לקופONE ' מוד2 מסגרת לבן-קורוס391612244.00% שח4.96 מטר100.0 קשיחPVC (צ/י)בחבילה1 מטר חוט560131,1,1,8.955,8.96,8.955,8.955,8.955,8.955
2023-12,SKU:210480,210480,' לקופONE ' מוד2 מסגרת לבן-קורוס391612244.00% שח4.96 מטר100.0 קשיחPVC (צ/י)בחבילה1 מטר חוט560131,1,1,8.955,8.96,8.955,8.955,8.955,8.955
2024-05,SKU:210480,210480,' לקופONE ' מוד2 מסגרת לבן-קורוס391612244.00% שח4.96 מטר100.0 קשיחPVC (צ/י)בחבילה1 מטר חוט560131,2,3,8.955,8.9567,8.955,8.955,8.955,8.955
2024-08,SKU:210480,210480,' לקופONE ' מוד2 מסגרת לבן-קורוס391612244.00% שח4.96 מטר100.0 קשיחPVC (צ/י)בחבילה1 מטר חוט560131,1,1,8.955,8.96,8.955,8.955,8.955,8.955
2024-09,SKU:210480,210480,' לקופONE ' מוד2 מסגרת לבן-קורוס391612244.00% שח4.96 מטר100.0 קשיחPVC (צ/י)בחבילה1 מטר חוט560131,2,4,8.955,8.955,8.955,8.955,8.955,8.955
2024-10,SKU:210480,210480,' לקופONE ' מוד2 מסגרת לבן-קורוס391612244.00% שח4.96 מטר100.0 קשיחPVC (צ/י)בחבילה1 מטר חוט560131,2,4,8.955,8.955,8.955,8.955,8.955,8.955
2024-11,SKU:210480,210480,' לקופONE ' מוד2 מסגרת לבן-קורוס391612244.00% שח4.96 מטר100.0 קשיחPVC (צ/י)בחבילה1 מטר חוט560131,2,3,8.955,8.9567,8.955,8.955,8.955,8.955
2025-01,SKU:210480,210480,' לקופONE ' מוד2 מסגרת לבן-קורוס391612244.00% שח4.96 מטר100.0 קשיחPVC (צ/י)בחבילה1 מטר חוט560131,1,1,8.955,8.96,8.955,8.955,8.955,8.955
2019-06,SKU:210485,210485,80-90x33-43x38 MINI 650° קופ' חיבור1780001,1,2,50.284,50.285,50.284,50.284,50.284,50.284
2021-03,SKU:210485,210485,80-90x33-43x38 MINI 650° קופ' חיבור1780001,1,3,56.57,56.57,56.57,56.57,56.57,56.57
2024-11,SKU:210485,210485,80-90x33-43x38 MINI 650° קופ' חיבור1780001,1,2,64.3425,64.345,64.3425,64.3425,64.3425,64.3425
2019-10,SKU:2133021280,2133021280,TMD הגנה25kA תלת פאזיIn 40AxT1C מפסק6,1,1,232.738,232.74,232.738,232.738,232.738,232.738
2019-10,SKU:2133200261,2133200261,xT13P לDIN מתאם לפס6,1,1,20.945,20.95,20.945,20.945,20.945,20.945
2019-10,SKU:2133200340,2133200340,xT1 יח' עבור6 מחבר מהיר לכבל נחושת6,1,1,29.678,29.68,29.678,29.678,29.678,29.678
2017-10,SKU:22293007,22293007,/1STU 240V שעון פיקוד ללא רזרבה,2,3,80,80,80,80,80,80
2018-12,SKU:22293007,22293007,/1STU 240V שעון פיקוד ללא רזרבה,1,1,90,90,90,90,90,90
2020-03,SKU:22293007,22293007,/1STU 240V שעון פיקוד ללא רזרבה,1,1,90,90,90,90,90,90
2022-01,SKU:22293007,22293007,/1STU 240V שעון פיקוד ללא רזרבה,1,2,94.1625,,94.1625,94.1625,94.1625,94.1625
2022-04,SKU:22293007,22293007,/1STU 240V שעון פיקוד ללא רזרבה,1,3,94.1625,94.1633,94.1625,94.1625,94.1625,94.1625
2023-02,SKU:22293007,22293007,/1STU 240V שעון פיקוד ללא רזרבה,3,17,90.396,92.6118,90.396,94.1625,90.396,90.396
2023-06,SKU:22293007,22293007,/1STU 240V שעון פיקוד ללא רזרבה,1,2,90.396,90.395,90.396,90.396,90.396,90.396
2023-11,SKU:22293007,22293007,/1STU 240V שעון פיקוד ללא רזרבה,1,2,90.396,90.395,90.396,90.396,90.396,90.396
2024-02,SKU:22293007,22293007,/1STU 240V שעון פיקוד ללא רזרבה,1,2,94.1625,94.165,94.1625,94.1625,94.1625,94.1625
2024-03,SKU:22293007,22293007,/1STU 240V שעון פיקוד ללא רזרבה,1,7,90.396,90.3957,90.396,90.396,90.396,90.396
2018-12,SKU:222930073,222930073,GRASSLIN V86/1QRTU Talento 211 רזרבה+ שעון פיקוד 222930073240V,1,1,115,115,115,115,115,115
2020-01,SKU:222930073,222930073,GRASSLIN V86/1QRTU Talento 211 רזרבה+ שעון פיקוד 222930073240V,1,1,110,110,110,110,110,110
2022-04,SKU:222930073,222930073,GRASSLIN V86/1QRTU Talento 211 רזרבה+ שעון פיקוד 222930073240V,1,3,125.55,125.55,125.55,125.55,125.55,125.55
2023-11,SKU:2229300730,2229300730,לפס דין תוצרת אינטרמטיקTHE211 רזרבה+ שעון מכני,2,4,125.55,125.55,125.55,125.55,125.55,125.55
2021-06,SKU:238224,238224,'מ1.2 מ. אוסרם2x28/54W TE פס אירופאי,1,5,63.216,,63.216,63.216,63.216,63.216
2021-07,SKU:238224,238224,'מ1.2 מ. אוסרם2x28/54W TE פס אירופאי,1,15,66,,66,66,66,66
2019-08,SKU:2382861,2382861,נורה+PC T52x28W פרימה מ.מ,1,6,120,120,120,120,120,120
2023-05,SKU:2383621,2383621,' יח1.04k 43W ZONE2 'מ1.2 פרימה לד מוגן פיצוץ,1,3,260,260,260,260,260,260
2023-09,SKU:2383621,2383621,' יח1.04k 43W ZONE2 'מ1.2 פרימה לד מוגן פיצוץ,1,1,290,290,290,290,290,290
2023-11,SKU:2383621,2383621,' יח1.04k 43W ZONE2 'מ1.2 פרימה לד מוגן פיצוץ,1,1,290,290,290,290,290,290
2021-11,SKU:2383622,2383622,"k 43W 6400Lm ס""מ127 פרימה לד מ. פיצוץ",1,1,446.4,,446.4,446.4,446.4,446.4
2018-11,SKU:2400074,2400074,IRWIN SDS-PLUS 7x50/11 מקדח לפטישון,1,1,10.056,10.06,10.056,10.056,10.056,10.056
2019-01,SKU:2400074,2400074,IRWIN SDS-PLUS 7x50/11 מקדח לפטישון,2,3,10.056,10.0567,10.056,10.056,10.056,10.056
2019-07,SKU:2400074,2400074,IRWIN SDS-PLUS 7x50/11 מקדח לפטישון,1,2,10.056,10.055,10.056,10.056,10.056,10.056
2020-02,SKU:2400074,2400074,IRWIN SDS-PLUS 7x50/11 מקדח לפטישון,2,4,10.056,10.055,10.056,10.056,10.056,10.056
2020-08,SKU:2400074,2400074,IRWIN SDS-PLUS 7x50/11 מקדח לפטישון,2,4,8.875,9.465,7.69,10.06,10.06,7.69
2021-02,SKU:2400074,2400074,IRWIN SDS-PLUS 7x50/11 מקדח לפטישון,2,6,11.185,11.1867,11.06,11.31,11.31,11.06
2021-07,SKU:2400074,2400074,IRWIN SDS-PLUS 7x50/11 מקדח לפטישון,1,10,13.125,,13.125,13.125,13.125,13.125
2021-09,SKU:2400074,2400074,IRWIN SDS-PLUS 7x50/11 מקדח לפטישון,1,5,12.6,12.6,12.6,12.6,12.6,12.6
2021-10,SKU:2400074,2400074,IRWIN SDS-PLUS 7x50/11 מקדח לפטישון,1,2,12.6,,12.6,12.6,12.6,12.6
2022-01,SKU:2400074,2400074,IRWIN SDS-PLUS 7x50/11 מקדח לפטישון,1,2,13.125,,13.125,13.125,13.125,13.125
2020-12,SKU:2400075,2400075,IRWIN SDS-PLUS 7x100/16 מקדח לפטישון,1,2,12.4476,12.45,12.4476,12.4476,12.4476,12.4476
2020-11,SKU:2400079,2400079,IRWIN SDS-PLUS 9x150/21 מקדח לפטישון,1,1,22.6305,22.63,22.6305,22.6305,22.6305,22.6305
2022-02,SKU:2400079,2400079,IRWIN SDS-PLUS 9x150/21 מקדח לפטישון,1,1,25.11,,25.11,25.11,25.11,25.11
2019-01,SKU:2400080,2400080,IRWIN SDS-PLUS 10x50/11 מקדח לפטישון,1,1,12.4,12.4,12.4,12.4,12.4,12.4
2020-12,SKU:2400080,2400080,IRWIN SDS-PLUS 10x50/11 מקדח לפטישון,1,1,13.64,13.64,13.64,13.64,13.64,13.64
2020-11,SKU:2400081,2400081,IRWIN SDS-PLUS 10x100/16 מקדח לפטישון,1,1,14.5305,14.53,14.5305,14.5305,14.5305,14.5305
2020-12,SKU:2400081,2400081,IRWIN SDS-PLUS 10x100/16 מקדח לפטישון,1,1,14.2076,14.21,14.2076,14.2076,14.2076,14.2076
2021-06,SKU:2400081,2400081,IRWIN SDS-PLUS 10x100/16 מקדח לפטישון,1,1,14.9184,,14.9184,14.9184,14.9184,14.9184
2023-04,SKU:2400081,2400081,IRWIN SDS-PLUS 10x100/16 מקדח לפטישון,1,2,18.0225,18.025,18.0225,18.0225,18.0225,18.0225
2017-10,SKU:2400083,2400083,IRWIN SDS-PLUS 11x100/16 מקדח לפטישון,1,1,17.5182,17.52,17.5182,17.5182,17.5182,17.5182
2019-01,SKU:2400083,2400083,IRWIN SDS-PLUS 11x100/16 מקדח לפטישון,1,1,16.684,16.68,16.684,16.684,16.684,16.684
2020-12,SKU:2400083,2400083,IRWIN SDS-PLUS 11x100/16 מקדח לפטישון,1,1,18.3524,18.35,18.3524,18.3524,18.3524,18.3524
2021-06,SKU:2400083,2400083,IRWIN SDS-PLUS 11x100/16 מקדח לפטישון,1,1,19.2696,,19.2696,19.2696,19.2696,19.2696
2020-12,SKU:2400084,2400084,IRWIN SDS-PLUS 12x100/16 מקדח לפטישון,2,4,18.8584,18.86,18.8584,18.8584,18.8584,18.8584
2021-06,SKU:2400084,2400084,IRWIN SDS-PLUS 12x100/16 מקדח לפטישון,1,2,19.803,,19.803,19.803,19.803,19.803
2022-11,SKU:2400084,2400084,IRWIN SDS-PLUS 12x100/16 מקדח לפטישון,1,1,24.8325,24.83,24.8325,24.8325,24.8325,24.8325
2022-11,SKU:2400085,2400085,IRWIN SDS-PLUS 13x100/16 מקדח לפטישון,1,1,25.4625,25.46,25.4625,25.4625,25.4625,25.4625
2017-10,SKU:2400090,2400090,IRWIN SDS-PLUS 16x400/46 מקדח לפטישון,1,1,69,69,69,69,69,69
2021-10,SKU:2400090,2400090,IRWIN SDS-PLUS 16x400/46 מקדח לפטישון,1,1,87.1848,,87.1848,87.1848,87.1848,87.1848
2020-12,SKU:24000900,24000900,IRWIN SDS-PLUS 10x400/46 מקדח לפטישון,1,1,56.5708,56.57,56.5708,56.5708,56.5708,56.5708
2021-01,SKU:24000901,24000901,IRWIN SDS-PLUS 12x400/46 מקדח לפטישון,1,1,79.99,79.99,79.99,79.99,79.99,79.99
2021-10,SKU:24000901,24000901,IRWIN SDS-PLUS 12x400/46 מקדח לפטישון,1,1,73.4904,,73.4904,73.4904,73.4904,73.4904
2022-04,SKU:24000901,24000901,IRWIN SDS-PLUS 12x400/46 מקדח לפטישון,1,1,76.5525,76.55,76.5525,76.5525,76.5525,76.5525
2021-01,SKU:2400091,2400091,IRWIN SDS-PLUS 12x400/46 מקדח לפטישון24000901,1,1,82.29,82.29,82.29,82.29,82.29,82.29
2021-10,SKU:2400091,2400091,IRWIN SDS-PLUS 12x400/46 מקדח לפטישון24000901,1,1,88.812,,88.812,88.812,88.812,88.812
2022-07,SKU:24000926,24000926,IRWIN SDS-PLUS 22x540/60 מקדח לפטישון,1,1,147.06,147.06,147.06,147.06,147.06,147.06
2022-12,SKU:24000926,24000926,IRWIN SDS-PLUS 22x540/60 מקדח לפטישון,1,1,141.1776,141.18,141.1776,141.1776,141.1776,141.1776
2020-06,SKU:2400113,2400113,ALPEN ATM6 יח6 סט מקדח רב שימושי לאימפקט,1,1,174.8565,174.86,174.8565,174.8565,174.8565,174.8565
2022-11,SKU:2400113,2400113,ALPEN ATM6 יח6 סט מקדח רב שימושי לאימפקט,1,1,190.1625,190.16,190.1625,190.1625,190.1625,190.1625
2022-11,SKU:2400166,2400166,ALPEN 6x11 מקדח לפטישון ראש צלב,1,2,16.935,16.935,16.935,16.935,16.935,16.935
2020-09,SKU:2400167,2400167,ALPEN 7x11 מקדח לפטישון ראש צלב,1,2,17.6,17.6,17.6,17.6,17.6,17.6
2023-11,SKU:2400167,2400167,ALPEN 7x11 מקדח לפטישון ראש צלב,1,3,19.02,19.02,19.02,19.02,19.02,19.02
2024-08,SKU:2400167,2400167,ALPEN 7x11 מקדח לפטישון ראש צלב,1,1,19.02,19.02,19.02,19.02,19.02,19.02
2020-01,SKU:2400168,2400168,ALPEN 8x11 מקדח לפטישון ראש צלב,1,4,16,16,16,16,16,16
2020-02,SKU:2400168,2400168,ALPEN 8x11 מקדח לפטישון ראש צלב,1,3,16,16,16,16,16,16
2020-09,SKU:2400168,2400168,ALPEN 8x11 מקדח לפטישון ראש צלב,1,3,17.6,17.6,17.6,17.6,17.6,17.6
2022-02,SKU:2400168,2400168,ALPEN 8x11 מקדח לפטישון ראש צלב,1,2,22.38,,22.38,22.38,22.38,22.38
2022-04,SKU:2400168,2400168,ALPEN 8x11 מקדח לפטישון ראש צלב,2,10,22.38,22.38,22.38,22.38,22.38,22.38
2022-05,SKU:2400168,2400168,ALPEN 8x11 מקדח לפטישון ראש צלב,1,6,21.4848,21.485,21.4848,21.4848,21.4848,21.4848
2022-06,SKU:2400168,2400168,ALPEN 8x11 מקדח לפטישון ראש צלב,1,4,22.38,22.38,22.38,22.38,22.38,22.38
2022-08,SKU:2400168,2400168,ALPEN 8x11 מקדח לפטישון ראש צלב,1,5,22.38,22.38,22.38,22.38,22.38,22.38
2022-09,SKU:2400168,2400168,ALPEN 8x11 מקדח לפטישון ראש צלב,1,5,22.38,22.38,22.38,22.38,22.38,22.38
2022-11,SKU:2400168,2400168,ALPEN 8x11 מקדח לפטישון ראש צלב,1,3,22.38,22.38,22.38,22.38,22.38,22.38
2022-12,SKU:2400168,2400168,ALPEN 8x11 מקדח לפטישון ראש צלב,1,2,21.4848,21.485,21.4848,21.4848,21.4848,21.4848
2023-02,SKU:2400168,2400168,ALPEN 8x11 מקדח לפטישון ראש צלב,1,5,22.38,22.38,22.38,22.38,22.38,22.38
2023-04,SKU:2400168,2400168,ALPEN 8x11 מקדח לפטישון ראש צלב,1,4,22.38,22.38,22.38,22.38,22.38,22.38
2024-02,SKU:2400168,2400168,ALPEN 8x11 מקדח לפטישון ראש צלב,1,1,22.38,22.38,22.38,22.38,22.38,22.38
2024-04,SKU:2400168,2400168,ALPEN 8x11 מקדח לפטישון ראש צלב,1,2,22.38,22.38,22.38,22.38,22.38,22.38
2024-09,SKU:2400168,2400168,ALPEN 8x11 מקדח לפטישון ראש צלב,1,2,22.38,22.38,22.38,22.38,22.38,22.38
2024-10,SKU:2400168,2400168,ALPEN 8x11 מקדח לפטישון ראש צלב,1,2,22.38,22.38,22.38,22.38,22.38,22.38
2024-11,SKU:2400168,2400168,ALPEN 8x11 מקדח לפטישון ראש צלב,1,5,22.38,22.38,22.38,22.38,22.38,22.38
2025-03,SKU:2400168,2400168,ALPEN 8x11 מקדח לפטישון ראש צלב,1,1,22.38,22.38,22.38,22.38,22.38,22.38
2024-09,SKU:2400171,2400171,ALPEN 7x16 מקדח לפטישון ראש צלב,1,1,22.38,22.38,22.38,22.38,22.38,22.38
2025-03,SKU:2400171,2400171,ALPEN 7x16 מקדח לפטישון ראש צלב,1,1,22.38,22.38,22.38,22.38,22.38,22.38
2023-04,SKU:2400172,2400172,ALPEN 8x16 מקדח לפטישון ראש צלב,1,1,24.54,24.54,24.54,24.54,24.54,24.54
2024-03,SKU:2400172,2400172,ALPEN 8x16 מקדח לפטישון ראש צלב,1,1,24.54,24.54,24.54,24.54,24.54,24.54
2024-08,SKU:2400172,2400172,ALPEN 8x16 מקדח לפטישון ראש צלב,1,2,24.54,24.54,24.54,24.54,24.54,24.54
2024-10,SKU:2400172,2400172,ALPEN 8x16 מקדח לפטישון ראש צלב,1,1,24.54,24.54,24.54,24.54,24.54,24.54
2021-03,SKU:2400173,2400173,ALPEN 9x16 מקדח לפטישון ראש צלב,1,3,20.57,20.5667,20.57,20.57,20.57,20.57
2023-04,SKU:2400173,2400173,ALPEN 9x16 מקדח לפטישון ראש צלב,1,1,24.8325,24.83,24.8325,24.8325,24.8325,24.8325
2024-08,SKU:2400174,2400174,ALPEN 10x16 מקדח לפטישון ראש צלב,1,1,26.67,26.67,26.67,26.67,26.67,26.67
2024-08,SKU:2400175,2400175,ALPEN 12x16 מקדח לפטישון ראש צלב,1,1,34.1175,34.12,34.1175,34.1175,34.1175,34.1175
2020-03,SKU:2400180,2400180,ALPEN 16x45 מקדח לפטישון ראש צלב,1,1,85.218,85.22,85.218,85.218,85.218,85.218
2020-03,SKU:2400183,2400183,ALPEN 22x45 מקדח לפטישון ראש צלב,1,1,126,126,126,126,126,126
2022-10,SKU:2400183,2400183,ALPEN 22x45 מקדח לפטישון ראש צלב,1,1,151.6536,151.65,151.6536,151.6536,151.6536,151.6536
2023-08,SKU:2400183,2400183,ALPEN 22x45 מקדח לפטישון ראש צלב,1,1,157.9725,157.97,157.9725,157.9725,157.9725,157.9725
2024-06,SKU:2400183,2400183,ALPEN 22x45 מקדח לפטישון ראש צלב,1,1,157.9725,157.97,157.9725,157.9725,157.9725,157.9725
2022-10,SKU:24001836,24001836,ALPEN 22x60 מקדח לפטישון ראש צלב,1,1,205.365,205.37,205.365,205.365,205.365,205.365
2022-10,SKU:2410167,2410167,"טורבו4.5"" דיסק יהלום",1,1,31.2825,31.28,31.2825,31.2825,31.2825,31.2825
2023-04,SKU:2430090,2430090,"מ""מ מילווקי22.2 מתאם הלמניה לפטיש חציבה לאלקטרודה",1,1,351.66,351.66,351.66,351.66,351.66,351.66
2020-06,SKU:246100,246100,IRWIN מסור ג'וניור לחיתוך מתכת,1,1,53,53,53,53,53,53
2021-10,SKU:246217,246217,"LENOxמ""מ64 מסור כוס",1,64,89.6184,,89.6184,89.6184,89.6184,89.6184
2020-04,SKU:246241,246241,"LENOxממ115/4.5"" להב יהלום לחיתוך מתכת",1,1,79.2,79.2,79.2,79.2,79.2,79.2
2023-11,SKU:246544,246544,"IRWIN 6"" מפתח שוודי עם ידית מצופה",1,1,71.235,71.24,71.235,71.235,71.235,71.235
2022-08,SKU:2490039,2490039,"Dx37 CAT 750W 5"" משחזת זווית חשמלית",1,1,255.55,255.55,255.55,255.55,255.55,255.55
2022-10,SKU:2490041,2490041,"Dx26 CAT 800W מ""מ26 פטישון חשמלי",2,52,0,0,0,0,0,0
2019-09,SKU:2500282,2500282,מכסה כדור לארמטורה שקוף,1,2,4.572,4.57,4.572,4.572,4.572,4.572
2020-09,SKU:2500282,2500282,מכסה כדור לארמטורה שקוף,1,5,5.0292,5.03,5.0292,5.0292,5.0292,5.0292
2021-05,SKU:2500282,2500282,מכסה כדור לארמטורה שקוף,1,5,4.684,,4.684,4.684,4.684,4.684
2021-06,SKU:2500282,2500282,מכסה כדור לארמטורה שקוף,1,5,5.2695,,5.2695,5.2695,5.2695,5.2695
2021-07,SKU:2500282,2500282,מכסה כדור לארמטורה שקוף,1,4,4.77,,4.77,4.77,4.77,4.77
2021-08,SKU:2500282,2500282,מכסה כדור לארמטורה שקוף,1,9,4.5792,,4.5792,4.5792,4.5792,4.5792
2021-11,SKU:2500282,2500282,מכסה כדור לארמטורה שקוף,1,5,4.77,,4.77,4.77,4.77,4.77
2018-08,SKU:268110,268110,2 מופה+ צינור מרירון אפור,1,30,1.73,1.73,1.73,1.73,1.73,1.73
2018-11,SKU:268110,268110,2 מופה+ צינור מרירון אפור,1,9,1.384,1.3844,1.384,1.384,1.384,1.384
2018-12,SKU:268110,268110,2 מופה+ צינור מרירון אפור,1,45,1.384,1.384,1.384,1.384,1.384,1.384
2019-01,SKU:268110,268110,2 מופה+ צינור מרירון אפור,2,60,1.384,1.384,1.384,1.384,1.384,1.384
2019-06,SKU:268110,268110,2 מופה+ צינור מרירון אפור,2,60,1.384,1.384,1.384,1.384,1.384,1.384
2019-08,SKU:268110,268110,2 מופה+ צינור מרירון אפור,1,93,1.557,1.557,1.557,1.557,1.557,1.557
2019-10,SKU:268110,268110,2 מופה+ צינור מרירון אפור,1,30,1.557,1.557,1.557,1.557,1.557,1.557
2020-10,SKU:268110,268110,2 מופה+ צינור מרירון אפור,2,10,1.557,1.557,1.557,1.557,1.557,1.557
2020-12,SKU:268110,268110,2 מופה+ צינור מרירון אפור,1,15,1.6896,1.6893,1.6896,1.6896,1.6896,1.6896
2021-07,SKU:268110,268110,2 מופה+ צינור מרירון אפור,1,60,1.71,,1.71,1.71,1.71,1.71
2021-08,SKU:268110,268110,2 מופה+ צינור מרירון אפור,4,111,1.6416,,1.6416,1.6416,1.6416,1.6416
2022-01,SKU:268110,268110,2 מופה+ צינור מרירון אפור,1,24,1.9275,,1.9275,1.9275,1.9275,1.9275
2022-05,SKU:268110,268110,2 מופה+ צינור מרירון אפור,1,15,1.8504,1.8507,1.8504,1.8504,1.8504,1.8504
2023-05,SKU:268110,268110,2 מופה+ צינור מרירון אפור,1,30,1.9275,1.9277,1.9275,1.9275,1.9275,1.9275
2023-06,SKU:268110,268110,2 מופה+ צינור מרירון אפור,1,30,1.9275,1.9277,1.9275,1.9275,1.9275,1.9275
2023-11,SKU:268110,268110,2 מופה+ צינור מרירון אפור,2,120,1.9275,1.9276,1.9275,1.9275,1.9275,1.9275
2024-01,SKU:268110,268110,2 מופה+ צינור מרירון אפור,2,36,1.9275,1.9278,1.9275,1.9275,1.9275,1.9275
2024-03,SKU:268110,268110,2 מופה+ צינור מרירון אפור,1,15,1.9275,1.9273,1.9275,1.9275,1.9275,1.9275
2024-04,SKU:268110,268110,2 מופה+ צינור מרירון אפור,1,24,1.9275,1.9275,1.9275,1.9275,1.9275,1.9275
2024-06,SKU:268110,268110,2 מופה+ צינור מרירון אפור,1,15,1.9275,1.9273,1.9275,1.9275,1.9275,1.9275
2025-01,SKU:268110,268110,2 מופה+ צינור מרירון אפור,1,30,1.9275,1.9277,1.9275,1.9275,1.9275,1.9275
2018-12,SKU:268120,268120,25 מופה+ צינור מרירון אפור,1,12,1.716,1.7158,1.716,1.716,1.716,1.716
2020-04,SKU:268120,268120,25 מופה+ צינור מרירון אפור,1,6,1.716,1.7167,1.716,1.716,1.716,1.716
2020-10,SKU:268120,268120,25 מופה+ צינור מרירון אפור,1,6,1.9305,1.93,1.9305,1.9305,1.9305,1.9305
2022-02,SKU:268120,268120,25 מופה+ צינור מרירון אפור,1,18,2.4675,,2.4675,2.4675,2.4675,2.4675
2022-05,SKU:268120,268120,25 מופה+ צינור מרירון אפור,1,45,2.3688,2.3689,2.3688,2.3688,2.3688,2.3688
2023-10,SKU:268120,268120,25 מופה+ צינור מרירון אפור,1,18,2.385,2.385,2.385,2.385,2.385,2.385
2023-11,SKU:268120,268120,25 מופה+ צינור מרירון אפור,1,6,2.4675,2.4683,2.4675,2.4675,2.4675,2.4675
2019-06,SKU:268130,268130,32 מופה+צנור מרירון,1,12,2.732,2.7317,2.732,2.732,2.732,2.732
2020-10,SKU:268130,268130,32 מופה+צנור מרירון,1,2,3.0735,3.075,3.0735,3.0735,3.0735,3.0735
2021-09,SKU:2804613,2804613,"שקע ותקע+ ע""ג כבל2x1630MA ממסר פחת נייד",1,1,74.61,74.61,74.61,74.61,74.61,74.61
2021-11,SKU:2818024,2818024,ממר150-24 יציאות4 מפצלת סוף כבל,1,2,27.9,,27.9,27.9,27.9,27.9
2022-04,SKU:28180501,28180501,"חצי אוטומט8-לוח עה""ט ל",1,1,20.925,20.93,20.925,20.925,20.925,20.925
2020-12,SKU:2818051,2818051,"ח""א10-12 לוח עה""ט עבור",1,1,31.4292,31.43,31.4292,31.4292,31.4292,31.4292
2022-04,SKU:2818051,2818051,"ח""א10-12 לוח עה""ט עבור",1,1,33.42,33.42,33.42,33.42,33.42,33.42
2020-01,SKU:28180521,28180521,"קלפה+ ח""א16-לוח עה""ט ל",1,1,47.5695,47.57,47.5695,47.5695,47.5695,47.5695
2017-10,SKU:2818151,2818151,פס השוואה פוטנ' קומתי,1,1,10,10,10,10,10,10
2019-06,SKU:2818151,2818151,פס השוואה פוטנ' קומתי,1,1,9.816,9.82,9.816,9.816,9.816,9.816
2023-02,SKU:2818151,2818151,פס השוואה פוטנ' קומתי,1,2,10.4625,10.465,10.4625,10.4625,10.4625,10.4625
2023-06,SKU:2818151,2818151,פס השוואה פוטנ' קומתי,1,1,10.4625,10.46,10.4625,10.4625,10.4625,10.4625
2017-10,SKU:2818153,2818153,פס השוואה למבנה קטן,1,1,21.43,21.43,21.43,21.43,21.43,21.43
2018-12,SKU:2818154,2818154,הדק איפוס+פס השוואה,1,1,40.5,40.5,40.5,40.5,40.5,40.5
2018-11,SKU:2818155,2818155,פס השוואה קומתי לרב קומות,1,1,14.136,14.14,14.136,14.136,14.136,14.136
2020-12,SKU:2910005,2910005,VA 230-24/12V שנאי מבדל,1,1,71.6584,71.66,71.6584,71.6584,71.6584,71.6584
2024-11,SKU:2910333,2910333,LED 220/12VDC 12W-14W דרייבר אלקטרוני,1,2,23.835,23.835,23.835,23.835,23.835,23.835
2017-10,SKU:29103815,29103815,EL-011 PG 9 צינור גמיש שחור1020102 WW 12V [3528) לד12 (' מ5) פס461130110,1,1,40,40,40,40,40,40
2019-03,SKU:29103815,29103815,EL-011 PG 9 צינור גמיש שחור1020102 WW 12V [3528) לד12 (' מ5) פס461130110,1,2,33.6,33.6,33.6,33.6,33.6,33.6
2024-06,SKU:29103815,29103815,EL-011 PG 9 צינור גמיש שחור1020102 WW 12V [3528) לד12 (' מ5) פס461130110,1,1,27.9,27.9,27.9,27.9,27.9,27.9
2024-11,SKU:2910382,2910382,VDC 8A/100W ספק כח לד,1,5,63.9375,63.938,63.9375,63.9375,63.9375,63.9375
2021-03,SKU:29103912,29103912,VDC 4.5A 100W ספק כח לסטריפ/פרופיל לד,1,2,74.57,74.57,74.57,74.57,74.57,74.57
2021-09,SKU:29103912,29103912,VDC 4.5A 100W ספק כח לסטריפ/פרופיל לד,1,4,64.73,64.7275,64.73,64.73,64.73,64.73
2022-02,SKU:29103912,29103912,VDC 4.5A 100W ספק כח לסטריפ/פרופיל לד,1,1,70,,70,70,70,70
2024-07,SKU:29103913,29103913,VDC 6.25A 150W ספק כח לסטריפ/פרופיל לד,1,1,75.5625,75.56,75.5625,75.5625,75.5625,75.5625
2020-06,SKU:29103915,29103915,VDC 8.8A 200W ספק כח לסטריפ/פרופיל לד,1,2,114.0006,114,114.0006,114.0006,114.0006,114.0006
2022-02,SKU:29103915,29103915,VDC 8.8A 200W ספק כח לסטריפ/פרופיל לד,1,1,105,,105,105,105,105
2024-07,SKU:29103915,29103915,VDC 8.8A 200W ספק כח לסטריפ/פרופיל לד,1,1,110.4375,110.44,110.4375,110.4375,110.4375,110.4375
2019-10,SKU:2924045,2924045,השהיה לתנורים/מכ' כביסה/מדיח+ מגן,1,2,33.6,33.6,33.6,33.6,33.6,33.6
2019-06,SKU:3101033083,3101033083,(כללי3w)1W AWEx160Lm חרום שקוע כפתור2,1,2,120,120,120,120,120,120
2019-07,SKU:3101033083,3101033083,(כללי3w)1W AWEx160Lm חרום שקוע כפתור2,1,4,120,120,120,120,120,120
2019-08,SKU:3101033083,3101033083,(כללי3w)1W AWEx160Lm חרום שקוע כפתור2,1,2,120,120,120,120,120,120
2019-06,SKU:3104033083,3104033083,6500K 18W 225x225 לד מרובעVEGA חיצוני3850220,1,1,120,120,120,120,120,120
2019-07,SKU:3104033083,3104033083,6500K 18W 225x225 לד מרובעVEGA חיצוני3850220,1,4,120,120,120,120,120,120
2019-08,SKU:3104033083,3104033083,6500K 18W 225x225 לד מרובעVEGA חיצוני3850220,2,6,120,120,120,120,120,120
2021-10,SKU:3300003,3300003,R14 C סוללות דורסל2 מארז,1,1,16.74,,16.74,16.74,16.74,16.74
2024-05,SKU:3300003,3300003,R14 C סוללות דורסל2 מארז,1,1,16.5075,16.51,16.5075,16.5075,16.5075,16.5075
2024-08,SKU:3440006,3440006,"תואם ""הדר"" לבן- תקע צד",1,1,5.7,5.7,5.7,5.7,5.7,5.7
2023-07,SKU:3497534,3497534,"טיימר+ 16"" מאוורר עמוד",1,1,98.8125,98.81,98.8125,98.8125,98.8125,98.8125
2022-05,SKU:3497549,3497549,' מ0.93 מאוורר נטען טלסקופי עד,1,1,106.02,106.02,106.02,106.02,106.02,106.02
2022-09,SKU:3497549,3497549,' מ0.93 מאוורר נטען טלסקופי עד,1,1,106.02,106.02,106.02,106.02,106.02,106.02
2018-08,SKU:3700201,3700201,/מגנום שחורSKY/ קוברה5 צינור,1,50,3.455,3.455,3.455,3.455,3.455,3.455
2018-12,SKU:3700201,3700201,/מגנום שחורSKY/ קוברה5 צינור,1,50,2.9,2.9,2.9,2.9,2.9,2.9
2019-01,SKU:3700201,3700201,/מגנום שחורSKY/ קוברה5 צינור,1,50,2.9,2.9,2.9,2.9,2.9,2.9
2019-07,SKU:3700201,3700201,/מגנום שחורSKY/ קוברה5 צינור,1,100,2.9,2.9,2.9,2.9,2.9,2.9
2019-10,SKU:3700201,3700201,/מגנום שחורSKY/ קוברה5 צינור,2,150,2.8331,2.8561,2.764,2.9022,2.764,2.9022
2020-01,SKU:3700201,3700201,/מגנום שחורSKY/ קוברה5 צינור,1,50,2.9022,2.9022,2.9022,2.9022,2.9022,2.9022
2020-02,SKU:3700201,3700201,/מגנום שחורSKY/ קוברה5 צינור,4,400,2.9,2.9003,2.9,2.9022,2.9,2.9
2020-03,SKU:3700201,3700201,/מגנום שחורSKY/ קוברה5 צינור,1,50,2.9022,2.9022,2.9022,2.9022,2.9022,2.9022
2020-06,SKU:3700201,3700201,/מגנום שחורSKY/ קוברה5 צינור,2,250,2.9011,2.9018,2.9,2.9022,2.9022,2.9
2020-09,SKU:3700201,3700201,/מגנום שחורSKY/ קוברה5 צינור,3,350,2.9,2.9,2.9,2.9,2.9,2.9
2020-10,SKU:3700201,3700201,/מגנום שחורSKY/ קוברה5 צינור,1,50,2.9022,2.9022,2.9022,2.9022,2.9022,2.9022
2020-11,SKU:3700201,3700201,/מגנום שחורSKY/ קוברה5 צינור,2,100,2.9022,2.9022,2.9022,2.9022,2.9022,2.9022
2021-04,SKU:3700201,3700201,/מגנום שחורSKY/ קוברה5 צינור,1,200,2.9,2.9,2.9,2.9,2.9,2.9
2021-05,SKU:3700201,3700201,/מגנום שחורSKY/ קוברה5 צינור,1,200,3.1095,,3.1095,3.1095,3.1095,3.1095
2021-06,SKU:3700201,3700201,/מגנום שחורSKY/ קוברה5 צינור,1,100,2.9,,2.9,2.9,2.9,2.9
2021-07,SKU:3700201,3700201,/מגנום שחורSKY/ קוברה5 צינור,1,150,2.8125,,2.8125,2.8125,2.8125,2.8125
2021-08,SKU:3700201,3700201,/מגנום שחורSKY/ קוברה5 צינור,1,50,2.625,,2.625,2.625,2.625,2.625
2021-10,SKU:3700201,3700201,/מגנום שחורSKY/ קוברה5 צינור,3,300,2.7,,2.7,2.7,2.7,2.7
2021-11,SKU:3700201,3700201,/מגנום שחורSKY/ קוברה5 צינור,3,250,2.8125,,2.8125,2.8125,2.8125,2.8125
2022-01,SKU:3700201,3700201,/מגנום שחורSKY/ קוברה5 צינור,1,200,3.1125,,3.1125,3.1125,3.1125,3.1125
2022-02,SKU:3700201,3700201,/מגנום שחורSKY/ קוברה5 צינור,2,400,3.0503,,2.988,3.1125,3.1125,2.988
2022-04,SKU:3700201,3700201,/מגנום שחורSKY/ קוברה5 צינור,1,200,2.9465,2.9465,2.9465,2.9465,2.9465,2.9465
2022-06,SKU:3700201,3700201,/מגנום שחורSKY/ קוברה5 צינור,2,150,2.988,2.988,2.988,2.988,2.988,2.988
2022-07,SKU:3700201,3700201,/מגנום שחורSKY/ קוברה5 צינור,1,50,2.9465,2.9466,2.9465,2.9465,2.9465,2.9465
2022-09,SKU:3700201,3700201,/מגנום שחורSKY/ קוברה5 צינור,2,250,2.5945,2.6263,2.5416,2.6475,2.5416,2.6475
2022-10,SKU:3700201,3700201,/מגנום שחורSKY/ קוברה5 צינור,3,200,2.5063,2.5063,2.5063,2.5063,2.5063,2.5063
2022-11,SKU:3700201,3700201,/מגנום שחורSKY/ קוברה5 צינור,1,50,2.5416,2.5416,2.5416,2.5416,2.5416,2.5416
2022-12,SKU:3700201,3700201,/מגנום שחורSKY/ קוברה5 צינור,3,200,2.5416,2.5328,2.5063,2.5416,2.5063,2.5416
2023-02,SKU:3700201,3700201,/מגנום שחורSKY/ קוברה5 צינור,1,100,2.556,2.556,2.556,2.556,2.556,2.556
2023-04,SKU:3700201,3700201,/מגנום שחורSKY/ קוברה5 צינור,1,100,2.6625,2.6625,2.6625,2.6625,2.6625,2.6625
2023-06,SKU:3700201,3700201,/מגנום שחורSKY/ קוברה5 צינור,2,100,2.6093,2.6093,2.556,2.6625,2.556,2.6625
2023-07,SKU:3700201,3700201,/מגנום שחורSKY/ קוברה5 צינור,3,150,2.556,2.556,2.556,2.556,2.556,2.556
2023-08,SKU:3700201,3700201,/מגנום שחורSKY/ קוברה5 צינור,1,100,2.556,2.556,2.556,2.556,2.556,2.556
2023-10,SKU:3700201,3700201,/מגנום שחורSKY/ קוברה5 צינור,1,50,2.5416,2.5416,2.5416,2.5416,2.5416,2.5416
2023-12,SKU:3700201,3700201,/מגנום שחורSKY/ קוברה5 צינור,1,50,2.6625,2.6626,2.6625,2.6625,2.6625,2.6625
2024-02,SKU:3700201,3700201,/מגנום שחורSKY/ קוברה5 צינור,2,100,2.5416,2.5416,2.5416,2.5416,2.5416,2.5416
2024-03,SKU:3700201,3700201,/מגנום שחורSKY/ קוברה5 צינור,2,150,2.521,2.5039,2.4696,2.5725,2.5725,2.4696
2024-07,SKU:3700201,3700201,/מגנום שחורSKY/ קוברה5 צינור,2,100,2.6019,2.6019,2.5488,2.655,2.5488,2.655
2024-09,SKU:3700201,3700201,/מגנום שחורSKY/ קוברה5 צינור,2,100,2.5488,2.5488,2.5488,2.5488,2.5488,2.5488
2024-10,SKU:3700201,3700201,/מגנום שחורSKY/ קוברה5 צינור,3,200,2.5488,2.5488,2.5488,2.5488,2.5488,2.5488
2024-12,SKU:3700201,3700201,/מגנום שחורSKY/ קוברה5 צינור,1,50,2.5488,2.5488,2.5488,2.5488,2.5488,2.5488
2025-02,SKU:3700201,3700201,/מגנום שחורSKY/ קוברה5 צינור,1,50,2.5488,2.5488,2.5488,2.5488,2.5488,2.5488
2019-10,SKU:37002010,37002010,שחור5 /מגנוםSKY/חיתוך בלבד צינור קוברה,1,8,2.87,2.87,2.87,2.87,2.87,2.87
2020-03,SKU:37002010,37002010,שחור5 /מגנוםSKY/חיתוך בלבד צינור קוברה,1,50,5.74,5.74,5.74,5.74,5.74,5.74
2023-08,SKU:37002010,37002010,שחור5 /מגנוםSKY/חיתוך בלבד צינור קוברה,1,50,6.675,6.675,6.675,6.675,6.675,6.675
2018-12,SKU:3700202,3700202,/מגנום שחורSKY/ קוברה75 צינור,2,100,3.9,3.9,3.9,3.9,3.9,3.9
2020-02,SKU:3700202,3700202,/מגנום שחורSKY/ קוברה75 צינור,1,50,3.9,3.9,3.9,3.9,3.9,3.9
2022-02,SKU:3700202,3700202,/מגנום שחורSKY/ קוברה75 צינור,1,50,3.7584,,3.7584,3.7584,3.7584,3.7584
2022-10,SKU:3700202,3700202,/מגנום שחורSKY/ קוברה75 צינור,1,50,3.5003,3.5004,3.5003,3.5003,3.5003,3.5003
2023-11,SKU:3700202,3700202,/מגנום שחורSKY/ קוברה75 צינור,1,50,3.5568,3.5568,3.5568,3.5568,3.5568,3.5568
2025-01,SKU:3700202,3700202,/מגנום שחורSKY/ קוברה75 צינור,1,50,3.675,3.675,3.675,3.675,3.675,3.675
2021-08,SKU:3700205,3700205,קוברה שחור או שווה ערך תקני16 צינור,1,25,25.13,,25.13,25.13,25.13,25.13
2022-06,SKU:3700205,3700205,קוברה שחור או שווה ערך תקני16 צינור,2,125,27.144,27.144,27.144,27.144,27.144,27.144
2022-11,SKU:3700205,3700205,קוברה שחור או שווה ערך תקני16 צינור,1,25,27.072,27.072,27.072,27.072,27.072,27.072
2023-05,SKU:3700205,3700205,קוברה שחור או שווה ערך תקני16 צינור,1,25,27.448,27.448,27.448,27.448,27.448,27.448
2024-12,SKU:3700205,3700205,קוברה שחור או שווה ערך תקני16 צינור,1,25,27.1656,27.1656,27.1656,27.1656,27.1656,27.1656
2022-02,SKU:3700304,3700304,לצינור קוברה 5 מופה,1,5,7.812,,7.812,7.812,7.812,7.812
2023-02,SKU:3700304,3700304,לצינור קוברה 5 מופה,1,10,8.1375,8.138,8.1375,8.1375,8.1375,8.1375
2023-07,SKU:3700304,3700304,לצינור קוברה 5 מופה,1,3,7.812,7.8133,7.812,7.812,7.812,7.812
2023-08,SKU:3700304,3700304,לצינור קוברה 5 מופה,1,3,7.812,7.8133,7.812,7.812,7.812,7.812
2024-02,SKU:3700304,3700304,לצינור קוברה 5 מופה,1,2,7.812,7.81,7.812,7.812,7.812,7.812
2024-07,SKU:3700304,3700304,לצינור קוברה 5 מופה,1,2,7.812,7.81,7.812,7.812,7.812,7.812
2024-10,SKU:3700304,3700304,לצינור קוברה 5 מופה,1,3,8.1375,8.1367,8.1375,8.1375,8.1375,8.1375
2025-03,SKU:3700304,3700304,לצינור קוברה 5 מופה,1,1,8.1375,8.14,8.1375,8.1375,8.1375,8.1375
2023-04,SKU:3700305,3700305,שחור לצינור קוברה75 מופה,1,2,16.275,16.275,16.275,16.275,16.275,16.275
2022-06,SKU:3700307,3700307,שחור לצינור קוברה16 מופה,1,4,55.8,55.8,55.8,55.8,55.8,55.8
2023-02,SKU:3700307,3700307,שחור לצינור קוברה16 מופה,2,4,58.125,58.125,58.125,58.125,58.125,58.125
2023-07,SKU:3700307,3700307,שחור לצינור קוברה16 מופה,1,1,55.8,55.8,55.8,55.8,55.8,55.8
2017-10,SKU:3700320,3700320,"מ""מ16 צינור שרשורי",1,300,0.55,0.55,0.55,0.55,0.55,0.55
2018-08,SKU:3700320,3700320,"מ""מ16 צינור שרשורי",1,100,0.655,0.655,0.655,0.655,0.655,0.655
2018-11,SKU:3700320,3700320,"מ""מ16 צינור שרשורי",1,200,0.524,0.524,0.524,0.524,0.524,0.524
2018-12,SKU:3700320,3700320,"מ""מ16 צינור שרשורי",1,100,0.444,0.444,0.444,0.444,0.444,0.444
2019-01,SKU:3700320,3700320,"מ""מ16 צינור שרשורי",2,200,0.444,0.444,0.444,0.444,0.444,0.444
2019-07,SKU:3700320,3700320,"מ""מ16 צינור שרשורי",1,100,0.444,0.444,0.444,0.444,0.444,0.444
2019-09,SKU:3700320,3700320,"מ""מ16 צינור שרשורי",1,100,0.444,0.444,0.444,0.444,0.444,0.444
2019-10,SKU:3700320,3700320,"מ""מ16 צינור שרשורי",1,100,0.444,0.444,0.444,0.444,0.444,0.444
2020-01,SKU:3700320,3700320,"מ""מ16 צינור שרשורי",1,100,0.4884,0.4884,0.4884,0.4884,0.4884,0.4884
2020-02,SKU:3700320,3700320,"מ""מ16 צינור שרשורי",1,1,0.4884,0.49,0.4884,0.4884,0.4884,0.4884
2020-03,SKU:3700320,3700320,"מ""מ16 צינור שרשורי",1,100,0.4884,0.4884,0.4884,0.4884,0.4884,0.4884
2020-04,SKU:3700320,3700320,"מ""מ16 צינור שרשורי",1,100,0.4884,0.4884,0.4884,0.4884,0.4884,0.4884
2020-06,SKU:3700320,3700320,"מ""מ16 צינור שרשורי",1,100,0.4884,0.4884,0.4884,0.4884,0.4884,0.4884
2020-07,SKU:3700320,3700320,"מ""מ16 צינור שרשורי",1,100,0.4995,0.4995,0.4995,0.4995,0.4995,0.4995
2020-09,SKU:3700320,3700320,"מ""מ16 צינור שרשורי",2,200,0.4884,0.4884,0.4884,0.4884,0.4884,0.4884
2020-10,SKU:3700320,3700320,"מ""מ16 צינור שרשורי",2,300,0.4718,0.4736,0.4662,0.4773,0.4773,0.4662
2020-11,SKU:3700320,3700320,"מ""מ16 צינור שרשורי",1,100,0.4662,0.4662,0.4662,0.4662,0.4662,0.4662
2020-12,SKU:3700320,3700320,"מ""מ16 צינור שרשורי",3,400,0.4662,0.4662,0.4662,0.4662,0.4662,0.4662
2021-04,SKU:3700320,3700320,"מ""מ16 צינור שרשורי",3,300,0.45,0.45,0.45,0.45,0.45,0.45
2021-06,SKU:3700320,3700320,"מ""מ16 צינור שרשורי",2,200,0.4718,,0.444,0.4995,0.4995,0.444
2021-07,SKU:3700320,3700320,"מ""מ16 צינור שרשורי",1,100,0.45,,0.45,0.45,0.45,0.45
2021-08,SKU:3700320,3700320,"מ""מ16 צינור שרשורי",1,200,0.432,,0.432,0.432,0.432,0.432
2021-11,SKU:3700320,3700320,"מ""מ16 צינור שרשורי",2,300,0.51,,0.45,0.57,0.57,0.45
2022-01,SKU:3700320,3700320,"מ""מ16 צינור שרשורי",2,400,0.57,,0.57,0.57,0.57,0.57
2022-02,SKU:3700320,3700320,"מ""מ16 צינור שרשורי",1,200,0.5472,,0.5472,0.5472,0.5472,0.5472
2022-04,SKU:3700320,3700320,"מ""מ16 צינור שרשורי",5,800,0.5472,0.5453,0.5396,0.5472,0.5472,0.5396
2022-05,SKU:3700320,3700320,"מ""מ16 צינור שרשורי",2,200,0.5472,0.5472,0.5472,0.5472,0.5472,0.5472
2022-06,SKU:3700320,3700320,"מ""מ16 צינור שרשורי",3,400,0.5472,0.5472,0.5472,0.5472,0.5472,0.5472
2022-07,SKU:3700320,3700320,"מ""מ16 צינור שרשורי",2,200,0.5396,0.5396,0.5396,0.5396,0.5396,0.5396
2022-10,SKU:3700320,3700320,"מ""מ16 צינור שרשורי",1,100,0.5396,0.5396,0.5396,0.5396,0.5396,0.5396
2022-12,SKU:3700320,3700320,"מ""מ16 צינור שרשורי",2,200,0.5434,0.5434,0.5396,0.5472,0.5472,0.5396
2023-02,SKU:3700320,3700320,"מ""מ16 צינור שרשורי",1,100,0.5472,0.5472,0.5472,0.5472,0.5472,0.5472
2023-08,SKU:3700320,3700320,"מ""מ16 צינור שרשורי",2,200,0.5954,0.5953,0.5832,0.6075,0.5832,0.6075
2023-11,SKU:3700320,3700320,"מ""מ16 צינור שרשורי",1,100,0.5832,0.5832,0.5832,0.5832,0.5832,0.5832
2024-02,SKU:3700320,3700320,"מ""מ16 צינור שרשורי",1,100,0.5832,0.5832,0.5832,0.5832,0.5832,0.5832
2024-06,SKU:3700320,3700320,"מ""מ16 צינור שרשורי",1,100,0.5688,0.5688,0.5688,0.5688,0.5688,0.5688
2024-10,SKU:3700320,3700320,"מ""מ16 צינור שרשורי",1,100,0.5688,0.5688,0.5688,0.5688,0.5688,0.5688
2024-12,SKU:3700320,3700320,"מ""מ16 צינור שרשורי",1,100,0.5688,0.5688,0.5688,0.5688,0.5688,0.5688
2025-02,SKU:3700320,3700320,"מ""מ16 צינור שרשורי",1,100,0.5688,0.5688,0.5688,0.5688,0.5688,0.5688
2017-10,SKU:3700324,3700324,"מ""מ2 צינור שרשורי",3,500,0.67,0.67,0.67,0.67,0.67,0.67
2018-11,SKU:3700324,3700324,"מ""מ2 צינור שרשורי",2,300,0.63,0.6333,0.62,0.64,0.62,0.64
2019-01,SKU:3700324,3700324,"מ""מ2 צינור שרשורי",6,900,0.62,0.62,0.62,0.62,0.62,0.62
2019-07,SKU:3700324,3700324,"מ""מ2 צינור שרשורי",1,300,0.536,0.536,0.536,0.536,0.536,0.536
2019-08,SKU:3700324,3700324,"מ""מ2 צינור שרשורי",1,200,0.603,0.603,0.603,0.603,0.603,0.603
2019-09,SKU:3700324,3700324,"מ""מ2 צינור שרשורי",1,100,0.536,0.536,0.536,0.536,0.536,0.536
2019-10,SKU:3700324,3700324,"מ""מ2 צינור שרשורי",2,200,0.5494,0.5494,0.536,0.5628,0.536,0.5628
2020-01,SKU:3700324,3700324,"מ""מ2 צינור שרשורי",1,100,0.5896,0.5896,0.5896,0.5896,0.5896,0.5896
2020-02,SKU:3700324,3700324,"מ""מ2 צינור שרשורי",4,900,0.5628,0.5688,0.5628,0.5896,0.5896,0.5628
2020-04,SKU:3700324,3700324,"מ""מ2 צינור שרשורי",1,200,0.5628,0.5628,0.5628,0.5628,0.5628,0.5628
2020-06,SKU:3700324,3700324,"מ""מ2 צינור שרשורי",2,700,0.5748,0.5642,0.56,0.5896,0.5896,0.56
2020-07,SKU:3700324,3700324,"מ""מ2 צינור שרשורי",2,300,0.603,0.603,0.603,0.603,0.603,0.603
2020-09,SKU:3700324,3700324,"מ""מ2 צינור שרשורי",2,300,0.5896,0.5896,0.5896,0.5896,0.5896,0.5896
2020-10,SKU:3700324,3700324,"מ""מ2 צינור שרשורי",3,500,0.5628,0.5655,0.5628,0.5762,0.5762,0.5628
2020-11,SKU:3700324,3700324,"מ""מ2 צינור שרשורי",3,800,0.5628,0.5628,0.5628,0.5628,0.5628,0.5628
2020-12,SKU:3700324,3700324,"מ""מ2 צינור שרשורי",2,300,0.5614,0.5619,0.56,0.5628,0.5628,0.56
2021-04,SKU:3700324,3700324,"מ""מ2 צינור שרשורי",2,200,0.55,0.55,0.55,0.55,0.55,0.55
2021-05,SKU:3700324,3700324,"מ""מ2 צינור שרשורי",1,200,0.536,,0.536,0.536,0.536,0.536
2021-06,SKU:3700324,3700324,"מ""מ2 צינור שרשורי",4,400,0.5762,,0.536,4.75,0.5494,0.536
2021-07,SKU:3700324,3700324,"מ""מ2 צינור שרשורי",1,100,0.5475,,0.5475,0.5475,0.5475,0.5475
2021-08,SKU:3700324,3700324,"מ""מ2 צינור שרשורי",1,100,0.5256,,0.5256,0.5256,0.5256,0.5256
2021-10,SKU:3700324,3700324,"מ""מ2 צינור שרשורי",3,300,0.5256,,0.5256,0.5256,0.5256,0.5256
2021-11,SKU:3700324,3700324,"מ""מ2 צינור שרשורי",2,500,0.7125,,0.7125,0.7125,0.7125,0.7125
2022-04,SKU:3700324,3700324,"מ""מ2 צינור שרשורי",4,900,0.6793,0.6787,0.6745,0.684,0.684,0.6745
2022-05,SKU:3700324,3700324,"מ""מ2 צינור שרשורי",2,200,0.684,0.684,0.684,0.684,0.684,0.684
2022-06,SKU:3700324,3700324,"מ""מ2 צינור שרשורי",3,400,0.684,0.684,0.684,0.684,0.684,0.684
2022-07,SKU:3700324,3700324,"מ""מ2 צינור שרשורי",2,300,0.6745,0.6745,0.6745,0.6745,0.6745,0.6745
2022-08,SKU:3700324,3700324,"מ""מ2 צינור שרשורי",2,300,0.6394,0.6351,0.6264,0.6525,0.6264,0.6525
2022-09,SKU:3700324,3700324,"מ""מ2 צינור שרשורי",4,700,0.6394,0.6376,0.6264,0.6525,0.6525,0.6525
2022-10,SKU:3700324,3700324,"מ""מ2 צינור שרשורי",4,700,0.6177,0.6177,0.6177,0.6177,0.6177,0.6177
2022-11,SKU:3700324,3700324,"מ""מ2 צינור שרשורי",1,100,0.6525,0.6525,0.6525,0.6525,0.6525,0.6525
2022-12,SKU:3700324,3700324,"מ""מ2 צינור שרשורי",4,700,0.622,0.6214,0.6177,0.6264,0.6264,0.6177
2023-02,SKU:3700324,3700324,"מ""מ2 צינור שרשורי",4,700,0.6264,0.6301,0.6264,0.6525,0.6264,0.6264
2023-03,SKU:3700324,3700324,"מ""מ2 צינור שרשורי",3,400,0.6525,0.646,0.6264,0.6525,0.6264,0.6525
2023-04,SKU:3700324,3700324,"מ""מ2 צינור שרשורי",2,400,0.6264,0.6264,0.6264,0.6264,0.6264,0.6264
2023-05,SKU:3700324,3700324,"מ""מ2 צינור שרשורי",4,400,0.6264,0.6286,0.6264,0.6351,0.6264,0.6351
2023-06,SKU:3700324,3700324,"מ""מ2 צינור שרשורי",5,500,0.6525,0.6473,0.6264,0.6525,0.6525,0.6264
2023-07,SKU:3700324,3700324,"מ""מ2 צינור שרשורי",3,400,0.6264,0.6264,0.6264,0.6264,0.6264,0.6264
2023-08,SKU:3700324,3700324,"מ""מ2 צינור שרשורי",4,500,0.6525,0.6421,0.6264,0.6525,0.6264,0.6525
2024-01,SKU:3700324,3700324,"מ""מ2 צינור שרשורי",1,100,0.66,0.66,0.66,0.66,0.66,0.66
2024-02,SKU:3700324,3700324,"מ""מ2 צינור שרשורי",1,100,0.6336,0.6336,0.6336,0.6336,0.6336,0.6336
2024-06,SKU:3700324,3700324,"מ""מ2 צינור שרשורי",1,100,0.6264,0.6264,0.6264,0.6264,0.6264,0.6264
2024-07,SKU:3700324,3700324,"מ""מ2 צינור שרשורי",1,100,0.6264,0.6264,0.6264,0.6264,0.6264,0.6264
2024-08,SKU:3700324,3700324,"מ""מ2 צינור שרשורי",1,100,0.6264,0.6264,0.6264,0.6264,0.6264,0.6264
2024-10,SKU:3700324,3700324,"מ""מ2 צינור שרשורי",1,100,0.6264,0.6264,0.6264,0.6264,0.6264,0.6264
2024-11,SKU:3700324,3700324,"מ""מ2 צינור שרשורי",1,200,0.6525,0.6525,0.6525,0.6525,0.6525,0.6525
2024-12,SKU:3700324,3700324,"מ""מ2 צינור שרשורי",2,200,0.6264,0.6264,0.6264,0.6264,0.6264,0.6264
2025-01,SKU:3700324,3700324,"מ""מ2 צינור שרשורי",2,300,0.6359,0.6303,0.6192,0.6525,0.6525,0.6192
2025-02,SKU:3700324,3700324,"מ""מ2 צינור שרשורי",1,100,0.6525,0.6525,0.6525,0.6525,0.6525,0.6525
2025-03,SKU:3700324,3700324,"מ""מ2 צינור שרשורי",1,100,0.6525,0.6525,0.6525,0.6525,0.6525,0.6525
2020-01,SKU:37003265,37003265,"מ""מ25 צינור שרשורי ירוק",1,50,2.637,2.637,2.637,2.637,2.637,2.637
2020-02,SKU:37003265,37003265,"מ""מ25 צינור שרשורי ירוק",1,100,2.637,2.637,2.637,2.637,2.637,2.637
2024-02,SKU:37003265,37003265,"מ""מ25 צינור שרשורי ירוק",1,50,2.7936,2.7936,2.7936,2.7936,2.7936,2.7936
2019-08,SKU:37003283,37003283,"מ""מ32 צינור שרשורי ירוק",1,50,2.8,2.8,2.8,2.8,2.8,2.8
2020-01,SKU:37003283,37003283,"מ""מ32 צינור שרשורי ירוק",2,150,3.115,3.1267,3.08,3.15,3.15,3.08
2021-04,SKU:37003283,37003283,"מ""מ32 צינור שרשורי ירוק",1,100,3.052,3.052,3.052,3.052,3.052,3.052
2021-07,SKU:37003283,37003283,"מ""מ32 צינור שרשורי ירוק",1,50,3.105,,3.105,3.105,3.105,3.105
2022-04,SKU:37003283,37003283,"מ""מ32 צינור שרשורי ירוק",1,50,3.195,3.195,3.195,3.195,3.195,3.195
2022-06,SKU:37003283,37003283,"מ""מ32 צינור שרשורי ירוק",1,50,3.0672,3.0672,3.0672,3.0672,3.0672,3.0672
2022-12,SKU:37003283,37003283,"מ""מ32 צינור שרשורי ירוק",1,50,3.0672,3.0672,3.0672,3.0672,3.0672,3.0672
2024-04,SKU:37003283,37003283,"מ""מ32 צינור שרשורי ירוק",1,50,3.195,3.195,3.195,3.195,3.195,3.195
2023-11,SKU:3830021,3830021,"ס""מ114 DL 36W גיטה הרמטי",1,75,61,61,61,61,61,61
2024-02,SKU:3830021,3830021,"ס""מ114 DL 36W גיטה הרמטי",1,16,61,61,61,61,61,61
2024-06,SKU:3830021,3830021,"ס""מ114 DL 36W גיטה הרמטי",1,1,65.0775,65.08,65.0775,65.0775,65.0775,65.0775
2024-10,SKU:3830021,3830021,"ס""מ114 DL 36W גיטה הרמטי",1,1,65.0775,65.08,65.0775,65.0775,65.0775,65.0775
2020-01,SKU:383007,383007,פוטוצל לבן4K 22W VEGA NAOR ג.ת.כתובת,1,1,91.428,91.43,91.428,91.428,91.428,91.428
2021-08,SKU:383007,383007,פוטוצל לבן4K 22W VEGA NAOR ג.ת.כתובת,1,1,89.28,,89.28,89.28,89.28,89.28
2024-07,SKU:38301013,38301013,IP65 שחור3CCT 50W נוט הצפה,1,2,52.245,52.245,52.245,52.245,52.245,52.245
2023-06,SKU:3830102,3830102,פוטוצל אפור6.5K VEGA NAOR ג.ת.כתובת,1,2,82.7025,82.705,82.7025,82.7025,82.7025,82.7025
2024-10,SKU:38301022,38301022,IP65 לבן3CCT 50W נוט הצפה,1,1,52.245,52.25,52.245,52.245,52.245,52.245
2020-12,SKU:3830103,3830103,אור קר פוטוצל לבן6.5K VEGA NAOR ג.ת.כתובת,1,3,88,88,88,88,88,88
2021-01,SKU:3830103,3830103,אור קר פוטוצל לבן6.5K VEGA NAOR ג.ת.כתובת,1,1,102.86,102.86,102.86,102.86,102.86,102.86
2021-08,SKU:3830103,3830103,אור קר פוטוצל לבן6.5K VEGA NAOR ג.ת.כתובת,2,2,89.28,,89.28,89.28,89.28,89.28
2023-12,SKU:3830103,3830103,אור קר פוטוצל לבן6.5K VEGA NAOR ג.ת.כתובת,1,1,86.8425,86.84,86.8425,86.8425,86.8425,86.8425
2020-12,SKU:3830106,3830106,(בתי נורה)ב.נ. כל מטר1 מ' כבל11 גרלנדה מארז תקני,1,1,81.1272,81.13,81.1272,81.1272,81.1272,81.1272
2021-10,SKU:3830106,3830106,(בתי נורה)ב.נ. כל מטר1 מ' כבל11 גרלנדה מארז תקני,1,2,88.89,,88.89,88.89,88.89,88.89
2020-02,SKU:3830108,3830108,(בתי נורה)ב.נ. כל מטר2 מ' כבל21 גרלנדה מארז תקני,1,1,145,145,145,145,145,145
2021-06,SKU:3830108,3830108,(בתי נורה)ב.נ. כל מטר2 מ' כבל21 גרלנדה מארז תקני,1,1,201.096,,201.096,201.096,201.096,201.096
2021-10,SKU:3830108,3830108,(בתי נורה)ב.נ. כל מטר2 מ' כבל21 גרלנדה מארז תקני,1,2,159.588,,159.588,159.588,159.588,159.588
2022-02,SKU:38301085,38301085,) בתי נורה25 מ' כבל26 גרלנדה מארז תקני,1,2,189.72,,189.72,189.72,189.72,189.72
2019-10,SKU:38301088,38301088,מ1 ב.נ כל5 מ' כבל51 גרלנדה מארז תקני,1,1,301.716,301.72,301.716,301.716,301.716,301.716
2020-08,SKU:3830122,3830122,EVIK ג'ל השחלה21048,1,50,2.01,2.0108,2.01,2.01,2.01,2.01
2021-02,SKU:3830122,3830122,EVIK ג'ל השחלה21048,1,5,2.06,2.056,2.06,2.06,2.06,2.06
2022-07,SKU:3830122,3830122,EVIK ג'ל השחלה21048,1,10,2.35,2.347,2.35,2.35,2.35,2.35
2022-08,SKU:3830122,3830122,EVIK ג'ל השחלה21048,1,10,2.445,2.445,2.445,2.445,2.445,2.445
2023-05,SKU:3830122,3830122,EVIK ג'ל השחלה21048,2,40,2.3961,2.4205,2.3472,2.445,2.3472,2.445
2023-08,SKU:3830122,3830122,EVIK ג'ל השחלה21048,1,25,2.445,2.4452,2.445,2.445,2.445,2.445
2023-09,SKU:3830122,3830122,EVIK ג'ל השחלה21048,1,30,2.445,2.445,2.445,2.445,2.445,2.445
2023-12,SKU:3830122,3830122,EVIK ג'ל השחלה21048,2,15,2.5725,2.5727,2.5725,2.5725,2.5725,2.5725
2024-01,SKU:3830122,3830122,EVIK ג'ל השחלה21048,1,15,2.5725,2.5727,2.5725,2.5725,2.5725,2.5725
2024-03,SKU:3830122,3830122,EVIK ג'ל השחלה21048,1,15,2.4696,2.4693,2.4696,2.4696,2.4696,2.4696
2024-04,SKU:3830122,3830122,EVIK ג'ל השחלה21048,2,40,2.5725,2.5725,2.5725,2.5725,2.5725,2.5725
2024-05,SKU:3830122,3830122,EVIK ג'ל השחלה21048,3,50,2.5725,2.5726,2.5725,2.5725,2.5725,2.5725
2024-10,SKU:3830122,3830122,EVIK ג'ל השחלה21048,1,25,2.4696,2.4696,2.4696,2.4696,2.4696,2.4696
2019-11,SKU:3830123,3830123,!!! בלדח דקור' קומפלט תקני1050020,1,15,2.8,2.8,2.8,2.8,2.8,2.8
2020-08,SKU:3830123,3830123,!!! בלדח דקור' קומפלט תקני1050020,2,50,2.01,2.0108,2.01,2.01,2.01,2.01
2021-02,SKU:3830123,3830123,!!! בלדח דקור' קומפלט תקני1050020,1,40,2.06,2.0565,2.06,2.06,2.06,2.06
2022-04,SKU:3830123,3830123,!!! בלדח דקור' קומפלט תקני1050020,1,45,2.3146,2.3147,2.3146,2.3146,2.3146,2.3146
2022-08,SKU:3830123,3830123,!!! בלדח דקור' קומפלט תקני1050020,1,10,2.445,2.445,2.445,2.445,2.445,2.445
2022-11,SKU:3830123,3830123,!!! בלדח דקור' קומפלט תקני1050020,1,25,2.445,2.4452,2.445,2.445,2.445,2.445
2023-02,SKU:3830123,3830123,!!! בלדח דקור' קומפלט תקני1050020,1,20,2.445,2.445,2.445,2.445,2.445,2.445
2023-05,SKU:3830123,3830123,!!! בלדח דקור' קומפלט תקני1050020,1,20,2.3472,2.347,2.3472,2.3472,2.3472,2.3472
2023-12,SKU:3830123,3830123,!!! בלדח דקור' קומפלט תקני1050020,2,15,2.5725,2.5727,2.5725,2.5725,2.5725,2.5725
2024-01,SKU:3830123,3830123,!!! בלדח דקור' קומפלט תקני1050020,1,15,2.5725,2.5727,2.5725,2.5725,2.5725,2.5725
2024-02,SKU:3830123,3830123,!!! בלדח דקור' קומפלט תקני1050020,1,20,2.4696,2.4695,2.4696,2.4696,2.4696,2.4696
2024-04,SKU:3830123,3830123,!!! בלדח דקור' קומפלט תקני1050020,2,40,2.5725,2.5725,2.5725,2.5725,2.5725,2.5725
2024-05,SKU:3830123,3830123,!!! בלדח דקור' קומפלט תקני1050020,2,30,2.5725,2.5727,2.5725,2.5725,2.5725,2.5725
2024-07,SKU:3830123,3830123,!!! בלדח דקור' קומפלט תקני1050020,1,20,2.4696,2.4695,2.4696,2.4696,2.4696,2.4696
2024-10,SKU:3830123,3830123,!!! בלדח דקור' קומפלט תקני1050020,1,25,2.4696,2.4696,2.4696,2.4696,2.4696,2.4696
2024-08,SKU:3830153,3830153,IP65 גוון משתנה18W M אריאלVEGA פלפון,1,15,69.2064,69.2067,69.2064,69.2064,69.2064,69.2064
2019-06,SKU:383029,383029,W 2400LM 6.5K VEGA NOTE1 פ.הצפה שחור,1,5,45.716,45.716,45.716,45.716,45.716,45.716
2020-04,SKU:383029,383029,W 2400LM 6.5K VEGA NOTE1 פ.הצפה שחור,1,2,40,40,40,40,40,40
2020-10,SKU:383029,383029,W 2400LM 6.5K VEGA NOTE1 פ.הצפה שחור,1,2,45,45,45,45,45,45
2020-01,SKU:383033,383033,LM 6.5K 50W VEGA NOTE1 פ.הצפה שחור,1,1,63,63,63,63,63,63
2020-09,SKU:383033,383033,LM 6.5K 50W VEGA NOTE1 פ.הצפה שחור,1,1,56,56,56,56,56,56
2020-07,SKU:383035,383035,LM 6.5K 50W VEGA NOTE1 פ.הצפה לבן,1,1,56,56,56,56,56,56
2020-09,SKU:383035,383035,LM 6.5K 50W VEGA NOTE1 פ.הצפה לבן,1,1,56,56,56,56,56,56
2022-10,SKU:383035,383035,LM 6.5K 50W VEGA NOTE1 פ.הצפה לבן,2,3,67.3125,67.3133,67.3125,67.3125,67.3125,67.3125
2022-12,SKU:383035,383035,LM 6.5K 50W VEGA NOTE1 פ.הצפה לבן,1,2,64.62,64.62,64.62,64.62,64.62,64.62
2023-02,SKU:383035,383035,LM 6.5K 50W VEGA NOTE1 פ.הצפה לבן,1,2,67.3125,67.315,67.3125,67.3125,67.3125,67.3125
2022-06,SKU:383037,383037,LM 6.5K 100W VEGA NOTE1 פנס הצפה שחור,1,4,104.6265,104.6275,104.6265,104.6265,104.6265,104.6265
2022-04,SKU:3830384,3830384,K Lm 4K 150W VEGA NOTE1 פנס הצפה שחור,1,2,127.575,127.575,127.575,127.575,127.575,127.575
2020-11,SKU:383039,383039,80A תלת פאזי מזלגR.S.T פס696444021 CW דגם צדפהLED מנורת לילה839092,1,4,84.62,84.62,84.62,84.62,84.62,84.62
2020-12,SKU:383039,383039,80A תלת פאזי מזלגR.S.T פס696444021 CW דגם צדפהLED מנורת לילה839092,1,1,84.62,84.62,84.62,84.62,84.62,84.62
2021-02,SKU:383039,383039,80A תלת פאזי מזלגR.S.T פס696444021 CW דגם צדפהLED מנורת לילה839092,1,3,123.12,123.12,123.12,123.12,123.12,123.12
2022-10,SKU:383039,383039,80A תלת פאזי מזלגR.S.T פס696444021 CW דגם צדפהLED מנורת לילה839092,1,1,121.7925,121.79,121.7925,121.7925,121.7925,121.7925
2020-03,SKU:3830391,3830391,K Lm 6.5K 150W VEGA NOTE1 פ.הצפה לבן,1,2,138.2876,138.29,138.2876,138.2876,138.2876,138.2876
2022-04,SKU:3830392,3830392,K Lm 6.5K 150W VEGA NOTE1 פנס הצפה שחור,1,2,122.472,122.47,122.472,122.472,122.472,122.472
2021-08,SKU:3830393,3830393,K Lm 6.5K 200W VEGA NOTE1 פנס הצפה לבן,1,2,170,,170,170,170,170
2021-10,SKU:3830393,3830393,K Lm 6.5K 200W VEGA NOTE1 פנס הצפה לבן,1,2,179.676,,179.676,179.676,179.676,179.676
2022-10,SKU:38303967,38303967,חיישן+2700LM 6.5K 30W NOTE1 פנס הצפה שחור,1,1,65.3925,65.39,65.3925,65.3925,65.3925,65.3925
2021-06,SKU:38304443,38304443,לבן2700K 30W ORIA פנס הצפה אדריכלי,1,1,218.5695,,218.5695,218.5695,218.5695,218.5695
2018-12,SKU:38305974,38305974,אפורDL 30W SMD VEGA DORF פ.הצפה לד,1,1,52,52,52,52,52,52
2023-02,SKU:383059974,383059974,SUPER UFO 160lm/w 200w DL פעמון,1,3,267.48,267.48,267.48,267.48,267.48,267.48
2021-09,SKU:3830675,3830675,IP654K 18WxL גבע עגולVEGA פלפון,1,1,45,45,45,45,45,45
2021-10,SKU:3830675,3830675,IP654K 18WxL גבע עגולVEGA פלפון,1,6,45,,45,45,45,45
2021-11,SKU:3830675,3830675,IP654K 18WxL גבע עגולVEGA פלפון,3,7,68.076,,68.076,68.076,68.076,68.076
2021-12,SKU:3830675,3830675,IP654K 18WxL גבע עגולVEGA פלפון,1,6,68.08,68.0767,68.08,68.08,68.08,68.08
2020-02,SKU:3830676,3830676,IP65 אור ניטרלי4K 24WxxL גבע עגולVEGA פלפון,1,1,68.572,68.57,68.572,68.572,68.572,68.572
2023-08,SKU:3830676,3830676,IP65 אור ניטרלי4K 24WxxL גבע עגולVEGA פלפון,1,3,65.3925,65.3933,65.3925,65.3925,65.3925,65.3925
2020-06,SKU:3830678,3830678,IP65 אור ניטרלי4K 18W M אריאלVEGA פלפון,1,1,55,55,55,55,55,55
2023-05,SKU:3830678,3830678,IP65 אור ניטרלי4K 18W M אריאלVEGA פלפון,3,19,58,58.7784,58,65.3925,58,65.3925
2023-06,SKU:3830678,3830678,IP65 אור ניטרלי4K 18W M אריאלVEGA פלפון,1,5,65.3925,65.392,65.3925,65.3925,65.3925,65.3925
2024-09,SKU:3830678,3830678,IP65 אור ניטרלי4K 18W M אריאלVEGA פלפון,1,5,64.078,64.078,64.078,64.078,64.078,64.078
2021-10,SKU:3830679,3830679,IP654K 24W L אריאלVEGA פלפון,1,1,45,,45,45,45,45
2019-06,SKU:3830681,3830681,IP546.5K 14W M גבע אובליVEGA פלפון,1,1,41.144,41.14,41.144,41.144,41.144,41.144
2020-01,SKU:3830685,3830685,"4000K 18W מ""מ225 לד עגולVEGA שקוע38500574",1,3,64.287,64.2867,64.287,64.287,64.287,64.287
2020-10,SKU:3830685,3830685,"4000K 18W מ""מ225 לד עגולVEGA שקוע38500574",1,3,43.59,43.59,43.59,43.59,43.59,43.59
2021-02,SKU:3830685,3830685,"4000K 18W מ""מ225 לד עגולVEGA שקוע38500574",1,4,43.59,43.59,43.59,43.59,43.59,43.59
2021-03,SKU:3830685,3830685,"4000K 18W מ""מ225 לד עגולVEGA שקוע38500574",1,1,57.14,57.14,57.14,57.14,57.14,57.14
2021-06,SKU:3830685,3830685,"4000K 18W מ""מ225 לד עגולVEGA שקוע38500574",1,1,75.8565,,75.8565,75.8565,75.8565,75.8565
2021-09,SKU:3830685,3830685,"4000K 18W מ""מ225 לד עגולVEGA שקוע38500574",1,35,45,45,45,45,45,45
2022-11,SKU:3830685,3830685,"4000K 18W מ""מ225 לד עגולVEGA שקוע38500574",1,6,58.3425,58.3433,58.3425,58.3425,58.3425,58.3425
2022-08,SKU:3830688,3830688,IP656.5K 18W M אריאלVEGA פלפון,1,5,65.3925,65.392,65.3925,65.3925,65.3925,65.3925
2023-04,SKU:3830688,3830688,IP656.5K 18W M אריאלVEGA פלפון,1,1,52.14,52.14,52.14,52.14,52.14,52.14
2021-10,SKU:38306991,38306991,IP444K 1200LM 15W VEGA HELENA ג.ת.מראה,1,1,61.38,,61.38,61.38,61.38,61.38
2021-05,SKU:3830700,3830700,CW ' מ1.236W LEDMETICO SMD ג.ת,2,70,76.16,,76.16,76.16,76.16,76.16
2021-06,SKU:3830700,3830700,CW ' מ1.236W LEDMETICO SMD ג.ת,1,4,76.16,,76.16,76.16,76.16,76.16
2021-08,SKU:3830700,3830700,CW ' מ1.236W LEDMETICO SMD ג.ת,1,8,72.54,,72.54,72.54,72.54,72.54
2021-12,SKU:3830700,3830700,CW ' מ1.236W LEDMETICO SMD ג.ת,2,25,87.19,87.1876,87.19,87.19,87.19,87.19
2019-10,SKU:3830701,3830701,DL ' מ1.236W VEGA LEDMETICO SMD ג.ת,1,20,50,50,50,50,50,50
2020-04,SKU:3830701,3830701,DL ' מ1.236W VEGA LEDMETICO SMD ג.ת,1,2,60,60,60,60,60,60
2021-06,SKU:3830701,3830701,DL ' מ1.236W VEGA LEDMETICO SMD ג.ת,1,2,76.16,,76.16,76.16,76.16,76.16
2019-03,SKU:3830705,3830705,DL 2x22W VEGA LEDMETICO TUBE ג.ת הרמטי,1,1,48,48,48,48,48,48
2023-09,SKU:3830737,3830737,משתרשר1.2M אור קרDL 60W גיטה מקס הרמטי,1,1,128.5725,128.57,128.5725,128.5725,128.5725,128.5725
2024-03,SKU:3830812,3830812,VEGA CW 4W קירפלסט לבן,1,14,36.6225,36.6229,36.6225,36.6225,36.6225,36.6225
2021-11,SKU:38308120,38308120,גוון לבחירהVEGA 4W CCT קירפלסט לבן,1,13,57.615,,57.615,57.615,57.615,57.615
2021-12,SKU:38308120,38308120,גוון לבחירהVEGA 4W CCT קירפלסט לבן,1,1,57.62,57.62,57.62,57.62,57.62,57.62
2023-05,SKU:383081311,383081311,גוון לבחירהVEGA 4W CCT קירפלסט אפור,1,9,43.704,43.7044,43.704,43.704,43.704,43.704
2024-11,SKU:38308760,38308760,גוון לבחירהVEGA 12W-15W לבןS סטארפלסט,2,3,77.4075,77.41,77.4075,77.4075,77.4075,77.4075
2023-05,SKU:38308770,38308770,גוון לבחירהVEGA 15w CCT אפורS סטארפלסט,1,1,70.776,70.78,70.776,70.776,70.776,70.776
2019-06,SKU:3830878,3830878,VEGA DL 15w לבןS סטארפלסט,1,1,77.716,77.72,77.716,77.716,77.716,77.716
2019-06,SKU:3830881,3830881,VEGA CW 24w אפורM סטארפלסט,1,1,127.287,127.29,127.287,127.287,127.287,127.287
2020-02,SKU:3830881,3830881,VEGA CW 24w אפורM סטארפלסט,1,6,109.287,109.2867,109.287,109.287,109.287,109.287
2021-10,SKU:38308820,38308820,גוון לבחירהVEGA 24w CCT לבןM סטארפלסט,1,1,105,,105,105,105,105
2021-06,SKU:38308831,38308831,VEGA WW 24W לבןM סטארפלסט,1,1,132.4305,,132.4305,132.4305,132.4305,132.4305
2021-10,SKU:38308840,38308840,גוון לבחירהVEGA 39w CCT לבןL סטארפלסט,1,1,189,,189,189,189,189
2022-01,SKU:38308840,38308840,גוון לבחירהVEGA 39w CCT לבןL סטארפלסט,1,1,189,189,189,189,189,189
2021-07,SKU:38308850,38308850,גוון לבחירהVEGA 39w CCT אפורL סטארפלסט,1,2,175,,175,175,175,175
2021-06,SKU:3830891,3830891,IP-654000K CW שחור8W עגולADI ג.ת,1,1,66.8565,,66.8565,66.8565,66.8565,66.8565
2021-06,SKU:3830905,3830905,IP-653000K WW לבן8W מרובעADI ג.ת,1,1,66.8565,,66.8565,66.8565,66.8565,66.8565
2021-11,SKU:3830914,3830914,IP-653000K WW שחור12W אפ/דאוןADI ג.ת,1,2,80.2125,,80.2125,80.2125,80.2125,80.2125
2021-11,SKU:3830915,3830915,IP-654000K CW שחור12W אפ/דאוןADI ג.ת,1,3,80.2125,,80.2125,80.2125,80.2125,80.2125
2020-10,SKU:3830936,3830936,IP-444000K CW לבן8W רטרוADI ג.ת,1,1,63,63,63,63,63,63
2023-08,SKU:3832015004,3832015004,"w ס""מ3 פלפון לד שחור דק גוון אור משתנה קוטרSLIM",1,8,69.8775,69.8775,69.8775,69.8775,69.8775,69.8775
2023-05,SKU:3832015005,3832015005,"w ס""מ4 פלפון לד לבן דק גוון אור משתנה קוטרSLIM",1,1,105.84,105.84,105.84,105.84,105.84,105.84
2022-12,SKU:38320182,38320182,IP6520W 6.5K VEGA GALAxY פלפון עגול,1,3,100,100,100,100,100,100
2024-08,SKU:38320427,38320427,אור חם שחור2.7K 2x6W אלומותVEGA UP/DOWN .ג.ת,1,1,102.3,102.3,102.3,102.3,102.3,102.3
2024-08,SKU:38320452,38320452,אור חם שחור2.7K 2x3W עגולVEGA UP/DOWN .ג.ת,1,1,63.9375,63.94,63.9375,63.9375,63.9375,63.9375
2024-09,SKU:38320452,38320452,אור חם שחור2.7K 2x3W עגולVEGA UP/DOWN .ג.ת,1,8,59.675,59.675,59.675,59.675,59.675,59.675
2024-11,SKU:38320511,38320511,"ס""מ שחור23 גוון אור משתנה קוטר18W סלים פלפון לד",1,3,40.2825,40.2833,40.2825,40.2825,40.2825,40.2825
2024-03,SKU:38320513,38320513,"ס""מ שחור3 גוון אור משתנה קוטר24W סלים פלפון לד",1,5,70.4448,70.444,70.4448,70.4448,70.4448,70.4448
2024-11,SKU:38320518,38320518,"ס""מ לבן5 גוון אור משתנה קוטר40W סלים פלפון לד",1,2,115.9575,115.96,115.9575,115.9575,115.9575,115.9575
2025-02,SKU:38320518,38320518,"ס""מ לבן5 גוון אור משתנה קוטר40W סלים פלפון לד",1,1,115.9575,115.96,115.9575,115.9575,115.9575,115.9575
2021-11,SKU:383502,383502,GU-114 מרובע עומקVEGA שקוע רצפה,1,12,50,,50,50,50,50
2024-10,SKU:3850007,3850007,3CCT ממ225 לבן18W פיתה שקוע עגול,1,17,31.4325,31.4324,31.4325,31.4325,31.4325,31.4325
2024-07,SKU:3850009,3850009,CCT ממ30 לבן30W פיתה שקוע עגול,1,1,41.4936,41.49,41.4936,41.4936,41.4936,41.4936
2025-01,SKU:38500251,38500251,CCT ממ225 לבן18W פיתה שקוע מרובע,1,1,33.5475,33.55,33.5475,33.5475,33.5475,33.5475
2025-01,SKU:3850034,3850034,"ס""מ גוון אור לבחירה6 תאורת קיר30W חץ לבן",1,1,150.3825,150.38,150.3825,150.3825,150.3825,150.3825
2025-01,SKU:3850039,3850039,CCT ממ225 לבן18W פיתה חיצוני מרובע,1,1,33.5475,33.55,33.5475,33.5475,33.5475,33.5475
2024-07,SKU:3850047,3850047,CCT ממ225 לבן18W פיתה חיצוני עגול,1,2,30.525,30.525,30.525,30.525,30.525,30.525
2020-06,SKU:38500561,38500561,"4000K 4W מ""מ105 לד עגולVEGA שקוע3850044",1,6,15.4305,15.43,15.4305,15.4305,15.4305,15.4305
2020-06,SKU:38500562,38500562,CW ממ115-12 קוטר6-7W לד עגולVEGA שקוע,3,7,15.4305,15.43,15.4305,15.4305,15.4305,15.4305
2020-07,SKU:38500562,38500562,CW ממ115-12 קוטר6-7W לד עגולVEGA שקוע,1,2,15.4305,15.43,15.4305,15.4305,15.4305,15.4305
2021-06,SKU:38500562,38500562,CW ממ115-12 קוטר6-7W לד עגולVEGA שקוע,3,31,18.5535,,16.492,18.5535,16.492,18.5535
2021-07,SKU:38500562,38500562,CW ממ115-12 קוטר6-7W לד עגולVEGA שקוע,1,8,16.7775,,16.7775,16.7775,16.7775,16.7775
2021-06,SKU:38500565,38500565,"4000K 4W מ""מ105 לד עגולVEGA שקוע3850044 GEWISS מודול תה""ט לבטון3 'קופ3924403",1,145,21.716,,21.716,21.716,21.716,21.716
2021-06,SKU:38500574,38500574,"10A לחצן מדרגות מואר נועה תה""ט836006",1,225,29.5695,,29.5695,29.5695,29.5695,29.5695
2021-10,SKU:38500574,38500574,"10A לחצן מדרגות מואר נועה תה""ט836006",1,225,31.248,,31.248,31.248,31.248,31.248
2021-11,SKU:38500575,38500575,2700K 18W 225 לד עגולVEGA חיצוני38502066500K 30W 30 לד עגולVEGA חיצוני3850211,1,225,32.55,,32.55,32.55,32.55,32.55
2021-10,SKU:38500582,38500582,"K 30W מ""מ30 לד עגולVEGA שקוע",2,600,51.0552,,51.0552,51.0552,51.0552,51.0552
2021-11,SKU:38500582,38500582,"K 30W מ""מ30 לד עגולVEGA שקוע",1,300,51.0552,,51.0552,51.0552,51.0552,51.0552
2019-08,SKU:3850104,3850104,K 4W 105x105 לד מרובעVEGA שקוע,1,12,14.1435,14.1433,14.1435,14.1435,14.1435,14.1435
2019-03,SKU:3850119,3850119,6500K 18W 225x225 לד מרובעVEGA שקוע3850120,1,1,35.43,35.43,35.43,35.43,35.43,35.43
2019-03,SKU:3850120,3850120,' מגול200x85 תעלת רשת7000002 (כללי3w)1W AWEx160Lm חרום שקוע כפתור23101033083,2,3,31.715,30.4767,28,35.43,35.43,28
2021-05,SKU:3850131,3850131,קדחTRIMDARK 10w גוון משתנה שקוע לבן,1,1,53.716,,53.716,53.716,53.716,53.716
2021-08,SKU:3850131,3850131,קדחTRIMDARK 10w גוון משתנה שקוע לבן,1,140,52.452,,52.452,52.452,52.452,52.452
2021-10,SKU:3850131,3850131,קדחTRIMDARK 10w גוון משתנה שקוע לבן,1,50,39.564,,39.564,39.564,39.564,39.564
2021-11,SKU:3850131,3850131,קדחTRIMDARK 10w גוון משתנה שקוע לבן,1,10,41.2125,,41.2125,41.2125,41.2125,41.2125
2021-10,SKU:3850183,3850183,"מ""מ40 לבן40W 4000LM 4K HIGH-Q ג""ת",1,400,150,,150,150,150,150
2019-11,SKU:3850190,3850190,E.F אקדח מרק מקצועי99565216,1,1,228.57,228.57,228.57,228.57,228.57,228.57
2020-09,SKU:3850199230,3850199230,גוון אור משתנה40w 40. לבן קHIGH-Q,1,1,144,144,144,144,144,144
2022-02,SKU:3850199240,3850199240,גוון אור לפי בח50w 50. לבן קHIGH-Q .ג.ת,1,1,204.6,,204.6,204.6,204.6,204.6
2022-04,SKU:3850199250,3850199250,גוון אור לפי בחירה60w 60. לבן קHIGH-Q .ג.ת,1,1,159.3864,159.39,159.3864,159.3864,159.3864,159.3864
2022-02,SKU:3850199303,3850199303,גוון אור60w 60. מעוגל לבן קHIGH-Q .ג.ת,1,1,220.51,,220.51,220.51,220.51,220.51
2020-11,SKU:38502,38502,"W עה""טVEGA ג.ת. חרום",1,10,116.8,116.8,116.8,116.8,116.8,116.8
2021-04,SKU:38502,38502,"W עה""טVEGA ג.ת. חרום",1,2,105,105,105,105,105,105
2021-05,SKU:38502,38502,"W עה""טVEGA ג.ת. חרום",1,30,105,,105,105,105,105
2021-10,SKU:38502,38502,"W עה""טVEGA ג.ת. חרום",1,18,82,,82,82,82,82
2021-11,SKU:38502,38502,"W עה""טVEGA ג.ת. חרום",2,17,82,,82,82,82,82
2024-06,SKU:38502,38502,"W עה""טVEGA ג.ת. חרום",1,1,86.8425,86.84,86.8425,86.8425,86.8425,86.8425
2024-08,SKU:38502,38502,"W עה""טVEGA ג.ת. חרום",2,8,83,83,83,83,83,83
2019-06,SKU:3850201,3850201,K 6W 12 לד עגולVEGA חיצוני,1,4,22.856,22.855,22.856,22.856,22.856,22.856
2017-10,SKU:3850204,3850204,K 12W 17 לד עגולVEGA חיצוני,1,1,32,32,32,32,32,32
2019-06,SKU:3850206,3850206,"6500K 18W מ""מ225 לד עגולVEGA שקוע38500575",1,3,35.428,35.4267,35.428,35.428,35.428,35.428
2020-07,SKU:3850206,3850206,"6500K 18W מ""מ225 לד עגולVEGA שקוע38500575",1,2,36,36,36,36,36,36
2020-06,SKU:3850207,3850207,4000K 18W 225 לד עגולVEGA חיצוני,2,10,33.33,33.33,33.33,33.33,33.33,33.33
2020-07,SKU:3850207,3850207,4000K 18W 225 לד עגולVEGA חיצוני,1,2,33.33,33.33,33.33,33.33,33.33,33.33
2021-04,SKU:3850207,3850207,4000K 18W 225 לד עגולVEGA חיצוני,1,7,38.996,38.9957,38.996,38.996,38.996,38.996
2021-06,SKU:3850207,3850207,4000K 18W 225 לד עגולVEGA חיצוני,1,10,43.8705,,43.8705,43.8705,43.8705,43.8705
2021-10,SKU:3850207,3850207,4000K 18W 225 לד עגולVEGA חיצוני,6,52,33.33,,33.33,38.0808,33.33,38.0808
2021-11,SKU:3850207,3850207,4000K 18W 225 לד עגולVEGA חיצוני,1,4,38.0808,,38.0808,38.0808,38.0808,38.0808
2023-09,SKU:3850207,3850207,4000K 18W 225 לד עגולVEGA חיצוני,1,1,41.04,41.04,41.04,41.04,41.04,41.04
2021-08,SKU:38502071,38502071,שחור4000K 18W 225 לד עגולVEGA חיצוני,1,1,38.0808,,38.0808,38.0808,38.0808,38.0808
2020-11,SKU:3850208,3850208,K 18W 225 לד עגולVEGA חיצוני,4,34,28.21,28.21,28.21,28.21,28.21,28.21
2023-11,SKU:3850208,3850208,K 18W 225 לד עגולVEGA חיצוני,1,25,41,41,41,41,41,41
2020-09,SKU:3850209,3850209,K 30W 30 לד עגולVEGA חיצוני,1,2,40.17,40.17,40.17,40.17,40.17,40.17
2021-11,SKU:3850209,3850209,K 30W 30 לד עגולVEGA חיצוני,2,5,63,,63,63,63,63
2020-02,SKU:385021,385021,W כפתור שקועVEGA ג.ת. חרום,1,4,100,100,100,100,100,100
2020-10,SKU:385021,385021,W כפתור שקועVEGA ג.ת. חרום,1,1,105,105,105,105,105,105
2020-11,SKU:385021,385021,W כפתור שקועVEGA ג.ת. חרום,2,46,100,100,100,100,100,100
2021-07,SKU:385021,385021,W כפתור שקועVEGA ג.ת. חרום,1,1,102,,102,102,102,102
2021-08,SKU:385021,385021,W כפתור שקועVEGA ג.ת. חרום,2,85,82,,82,82,82,82
2021-10,SKU:385021,385021,W כפתור שקועVEGA ג.ת. חרום,2,32,82,,82,82,82,82
2021-11,SKU:385021,385021,W כפתור שקועVEGA ג.ת. חרום,3,11,82,,82,82,82,82
2022-08,SKU:385021,385021,W כפתור שקועVEGA ג.ת. חרום,1,42,75,75,75,75,75,75
2019-06,SKU:3850210,3850210,K 30W 30 לד עגולVEGA חיצוני,2,5,65.144,65.144,65.144,65.144,65.144,65.144
2020-08,SKU:3850210,3850210,K 30W 30 לד עגולVEGA חיצוני,1,2,51.43,51.43,51.43,51.43,51.43,51.43
2019-07,SKU:3850211,3850211,"6500K 18W מ""מ225 לד עגולVEGA שקוע38500575",1,1,65.144,65.14,65.144,65.144,65.144,65.144
2020-11,SKU:3850211,3850211,"6500K 18W מ""מ225 לד עגולVEGA שקוע38500575",3,22,44.9995,44.9995,44.9995,44.9995,44.9995,44.9995
2023-11,SKU:3850211,3850211,"6500K 18W מ""מ225 לד עגולVEGA שקוע38500575",1,4,55.605,55.605,55.605,55.605,55.605,55.605
2019-01,SKU:3850219,3850219,"4000K 4W מ""מ105 לד עגולVEGA שקוע3850044 TOP נ.סימון לבן+מפ' דו קוטבי3920504",1,1,35.428,35.43,35.428,35.428,35.428,35.428
2019-06,SKU:3850219,3850219,"4000K 4W מ""מ105 לד עגולVEGA שקוע3850044 TOP נ.סימון לבן+מפ' דו קוטבי3920504",1,1,35.428,35.43,35.428,35.428,35.428,35.428
2023-11,SKU:38502231,38502231,שחור אור קר6500K 30W 300x30 לד מרובעVEGAחיצוני,1,2,52.5,52.5,52.5,52.5,52.5,52.5
2020-11,SKU:3850237,3850237,W 1200x30 חיצוני לד מלבן לבן,1,1,150,150,150,150,150,150
2024-09,SKU:38502391,38502391,אור ניטרלי4K ממ3017W VEGA אגם פלפון לד לבן,1,1,65.338,65.34,65.338,65.338,65.338,65.338
2019-03,SKU:38502392,38502392,K ממ3017W VEGA פלפון לד אגם לבן,1,2,53.72,53.715,53.72,53.72,53.72,53.72
2019-01,SKU:38502393,38502393,K ממ40 פוליקרבו28W VEGA פלפון לד לבן,1,1,128.5,128.5,128.5,128.5,128.5,128.5
2020-02,SKU:38502393,38502393,K ממ40 פוליקרבו28W VEGA פלפון לד לבן,1,1,82.284,82.28,82.284,82.284,82.284,82.284
2023-06,SKU:38502395,38502395,אור ניטרלי קוטר4K 20W VEGA BAR דו תכליתי לד,1,5,165.075,165.076,165.075,165.075,165.075,165.075
2024-09,SKU:38502395,38502395,אור ניטרלי קוטר4K 20W VEGA BAR דו תכליתי לד,1,1,161.777,161.78,161.777,161.777,161.777,161.777
2023-11,SKU:3850263,3850263,W דקל חירום חיצוני,1,50,83,83,83,83,83,83
2024-08,SKU:3850263,3850263,W דקל חירום חיצוני,1,15,83,83,83,83,83,83
2021-07,SKU:3850500,3850500,תקרה/קירVEGA 36 שלט יציאה חירום,2,2,140.182,,140.182,140.182,140.182,140.182
2021-10,SKU:38505002,38505002,"חץ ימינה+"" ""יציאהVEGA 360-פיקטוגרמה ל",1,6,0,,0,0,0,0
2020-12,SKU:3850501,3850501,"עה""ט קיר/תקרה דVEGA 22 שלט יציאה חירום",1,21,125,125,125,125,125,125
2021-04,SKU:3850501,3850501,"עה""ט קיר/תקרה דVEGA 22 שלט יציאה חירום",1,1,125,125,125,125,125,125
2021-06,SKU:3850501,3850501,"עה""ט קיר/תקרה דVEGA 22 שלט יציאה חירום",2,6,129,,129,129,129,129
2021-08,SKU:3850501,3850501,"עה""ט קיר/תקרה דVEGA 22 שלט יציאה חירום",1,60,115,,115,115,115,115
2021-10,SKU:3850501,3850501,"עה""ט קיר/תקרה דVEGA 22 שלט יציאה חירום",2,16,95,,95,95,95,95
2021-11,SKU:3850501,3850501,"עה""ט קיר/תקרה דVEGA 22 שלט יציאה חירום",1,1,95,,95,95,95,95
2021-12,SKU:3850501,3850501,"עה""ט קיר/תקרה דVEGA 22 שלט יציאה חירום",2,5,130.76,130.756,130.76,130.76,130.76,130.76
2020-12,SKU:38505012,38505012,"""יציאה""חץ ימינהVEGA 219/220-פיקטוגרמה ל",1,42,26,26,26,26,26,26
2023-05,SKU:38505016,38505016,לקיר בדיקה עצמיתIP65 שלט יציאה חירום,1,2,99.0792,99.08,99.0792,99.0792,99.0792,99.0792
2023-06,SKU:38505016,38505016,לקיר בדיקה עצמיתIP65 שלט יציאה חירום,1,6,103.2075,103.2083,103.2075,103.2075,103.2075,103.2075
2023-09,SKU:38505016,38505016,לקיר בדיקה עצמיתIP65 שלט יציאה חירום,1,2,103.2075,103.21,103.2075,103.2075,103.2075,103.2075
2023-10,SKU:38505016,38505016,לקיר בדיקה עצמיתIP65 שלט יציאה חירום,1,3,99.0792,99.08,99.0792,99.0792,99.0792,99.0792
2024-07,SKU:38505016,38505016,לקיר בדיקה עצמיתIP65 שלט יציאה חירום,1,3,104.0328,104.0333,104.0328,104.0328,104.0328,104.0328
2024-09,SKU:38505016,38505016,לקיר בדיקה עצמיתIP65 שלט יציאה חירום,1,4,101.143,101.1425,101.143,101.143,101.143,101.143
2024-10,SKU:38505016,38505016,לקיר בדיקה עצמיתIP65 שלט יציאה חירום,1,2,108.3675,108.37,108.3675,108.3675,108.3675,108.3675
2025-02,SKU:38505016,38505016,לקיר בדיקה עצמיתIP65 שלט יציאה חירום,1,2,108.3675,108.37,108.3675,108.3675,108.3675,108.3675
2020-10,SKU:38700170,38700170,DL 6500K 60x6 לבןCK VEGA פאנל,1,6,0,0,0,0,0,0
2020-11,SKU:38700170,38700170,DL 6500K 60x6 לבןCK VEGA פאנל,1,5,0,0,0,0,0,0
2020-09,SKU:3880001,3880001,VEGA 20 LM CREE פנס ראש לד,1,3,35.2,35.2,35.2,35.2,35.2,35.2
2021-04,SKU:3880001,3880001,VEGA 20 LM CREE פנס ראש לד,2,4,35.2,35.2,35.2,35.2,35.2,35.2
2022-10,SKU:3880107,3880107,MINI-OR ניידת לד-ליתיום- תאורת חרום,1,1,51.15,51.15,51.15,51.15,51.15,51.15
2023-02,SKU:3880107,3880107,MINI-OR ניידת לד-ליתיום- תאורת חרום,2,3,49,49,49,49,49,49
2022-06,SKU:389250,389250,לבן6.5K 500LM 7W VEGA שקוע עגול מתכוונן,1,1,10.2675,10.27,10.2675,10.2675,10.2675,10.2675
2021-03,SKU:389251,389251,3W כפתור שקועVEGA ג.ת. חרום385021,1,1,10.26,10.26,10.26,10.26,10.26,10.26
2022-06,SKU:389252,389252,לבן3K 500LM 7W VEGA שקוע עגול מתכוונן,1,8,10.2675,10.2675,10.2675,10.2675,10.2675,10.2675
2024-06,SKU:3894011,3894011,גוון משתנה114 קוטר7W פז שקוע,2,15,37.4175,37.4173,37.4175,37.4175,37.4175,37.4175
2024-09,SKU:3894011,3894011,גוון משתנה114 קוטר7W פז שקוע,1,6,34.923,34.9233,34.923,34.923,34.923,34.923
2020-10,SKU:3910003,3910003,מוד' לבן1 מפ' יחיד מואר-קורוס,1,1,14.0665,14.07,14.0665,14.0665,14.0665,14.0665
2020-08,SKU:3910004,3910004,"שח0.78 מטר2, 000.0 ירוק2 צינור מריכף8600103",1,24,20.55,20.55,20.55,20.55,20.55,20.55
2019-10,SKU:3910005,3910005,230V 0.6W נורית סימון לד אדום3910883,1,12,9.9,9.9,9.9,9.9,9.9,9.9
2020-01,SKU:3910005,3910005,230V 0.6W נורית סימון לד אדום3910883,1,5,9.9,9.9,9.9,9.9,9.9,9.9
2020-03,SKU:3910005,3910005,230V 0.6W נורית סימון לד אדום3910883,2,3,9.9,9.9,9.9,9.9,9.9,9.9
2020-07,SKU:3910005,3910005,230V 0.6W נורית סימון לד אדום3910883,1,8,9.9,9.9,9.9,9.9,9.9,9.9
2020-08,SKU:3910005,3910005,230V 0.6W נורית סימון לד אדום3910883,4,37,9.9,9.9,9.9,9.9,9.9,9.9
2020-11,SKU:3910005,3910005,230V 0.6W נורית סימון לד אדום3910883,3,72,9.9,9.9,9.9,9.9,9.9,9.9
2020-12,SKU:3910005,3910005,230V 0.6W נורית סימון לד אדום3910883,6,120,9.9,9.9,9.9,9.9,9.9,9.9
2021-01,SKU:3910005,3910005,230V 0.6W נורית סימון לד אדום3910883,1,12,9.9,9.9,9.9,9.9,9.9,9.9
2021-02,SKU:3910005,3910005,230V 0.6W נורית סימון לד אדום3910883,2,60,9.9,9.9,9.9,9.9,9.9,9.9
2021-03,SKU:3910005,3910005,230V 0.6W נורית סימון לד אדום3910883,1,12,9.9,9.9,9.9,9.9,9.9,9.9
2021-04,SKU:3910005,3910005,230V 0.6W נורית סימון לד אדום3910883,2,48,9.9,9.9,9.9,9.9,9.9,9.9
2021-05,SKU:3910005,3910005,230V 0.6W נורית סימון לד אדום3910883,2,48,9.9,,9.9,9.9,9.9,9.9
2021-06,SKU:3910005,3910005,230V 0.6W נורית סימון לד אדום3910883,3,108,9.9,,9.9,9.9,9.9,9.9
2021-07,SKU:3910005,3910005,230V 0.6W נורית סימון לד אדום3910883,1,12,13.02,,13.02,13.02,13.02,13.02
2021-10,SKU:3910005,3910005,230V 0.6W נורית סימון לד אדום3910883,1,24,9.9,,9.9,9.9,9.9,9.9
2022-01,SKU:3910005,3910005,230V 0.6W נורית סימון לד אדום3910883,1,12,9.9,,9.9,9.9,9.9,9.9
2022-06,SKU:3910005,3910005,230V 0.6W נורית סימון לד אדום3910883,2,264,9.9,9.9,9.9,9.9,9.9,9.9
2022-11,SKU:3910005,3910005,230V 0.6W נורית סימון לד אדום3910883,1,60,7.5,7.5,7.5,7.5,7.5,7.5
2022-12,SKU:3910005,3910005,230V 0.6W נורית סימון לד אדום3910883,1,60,8,8,8,8,8,8
2023-11,SKU:3910005,3910005,230V 0.6W נורית סימון לד אדום3910883,2,72,8,8,8,8,8,8
2023-12,SKU:3910005,3910005,230V 0.6W נורית סימון לד אדום3910883,2,48,8,8,8,8,8,8
2024-04,SKU:3910005,3910005,230V 0.6W נורית סימון לד אדום3910883,1,12,13.8375,13.8375,13.8375,13.8375,13.8375,13.8375
2024-05,SKU:3910005,3910005,230V 0.6W נורית סימון לד אדום3910883,2,36,8,8,8,8,8,8
2024-06,SKU:3910005,3910005,230V 0.6W נורית סימון לד אדום3910883,1,12,8,8,8,8,8,8
2024-09,SKU:3910005,3910005,230V 0.6W נורית סימון לד אדום3910883,1,24,8,8,8,8,8,8
2024-10,SKU:3910005,3910005,230V 0.6W נורית סימון לד אדום3910883,1,1,13.8375,13.84,13.8375,13.8375,13.8375,13.8375
2024-12,SKU:3910005,3910005,230V 0.6W נורית סימון לד אדום3910883,1,12,11.07,11.07,11.07,11.07,11.07,11.07
2024-04,SKU:3910021,3910021,מודול לבן1/2 מפסק יחיד-קורוס,1,2,17.3325,17.335,17.3325,17.3325,17.3325,17.3325
2021-01,SKU:3910031,3910031,SUPER N N-4 קופסא695220104,1,1,14.93,14.93,14.93,14.93,14.93,14.93
2023-09,SKU:3910031,3910031,SUPER N N-4 קופסא695220104,1,2,11.0305,11.03,11.0305,11.0305,11.0305,11.0305
2021-04,SKU:3910053,3910053,מוד' לבן1 מפ' מחליף מואר-קורוס,1,12,16.464,16.4642,16.464,16.464,16.464,16.464
2019-10,SKU:3910122,3910122,P לבן1 'מוד מפסק תריס-קורוס,1,12,12.5,12.5,12.5,12.5,12.5,12.5
2020-06,SKU:3910122,3910122,P לבן1 'מוד מפסק תריס-קורוס,1,2,12.5,12.5,12.5,12.5,12.5,12.5
2021-06,SKU:3910122,3910122,P לבן1 'מוד מפסק תריס-קורוס,1,12,12.5,,12.5,12.5,12.5,12.5
2021-02,SKU:3910131,3910131,מודול לבן1 לחצן-קורוס,1,60,9.2,9.201,9.2,9.2,9.2,9.2
2021-10,SKU:3910131,3910131,מודול לבן1 לחצן-קורוס,1,12,10.1184,,10.1184,10.1184,10.1184,10.1184
2023-11,SKU:3910131,3910131,מודול לבן1 לחצן-קורוס,1,2,11,11,11,11,11,11
2019-10,SKU:3910133,3910133,(לבן)לא כולל נורית מוד1 לחצן מואר-קורוס,1,12,8,8,8,8,8,8
2020-03,SKU:3910133,3910133,(לבן)לא כולל נורית מוד1 לחצן מואר-קורוס,1,1,8,8,8,8,8,8
2020-07,SKU:3910133,3910133,(לבן)לא כולל נורית מוד1 לחצן מואר-קורוס,1,1,8,8,8,8,8,8
2020-08,SKU:3910133,3910133,(לבן)לא כולל נורית מוד1 לחצן מואר-קורוס,2,24,8,8,8,8,8,8
2020-09,SKU:3910133,3910133,(לבן)לא כולל נורית מוד1 לחצן מואר-קורוס,2,26,8,8,8,8,8,8
2020-10,SKU:3910133,3910133,(לבן)לא כולל נורית מוד1 לחצן מואר-קורוס,2,24,8.4,8.4,8,8.8,8,8.8
2020-11,SKU:3910133,3910133,(לבן)לא כולל נורית מוד1 לחצן מואר-קורוס,3,156,8,8,8,8,8,8
2020-12,SKU:3910133,3910133,(לבן)לא כולל נורית מוד1 לחצן מואר-קורוס,2,72,8,8,8,8,8,8
2021-02,SKU:3910133,3910133,(לבן)לא כולל נורית מוד1 לחצן מואר-קורוס,1,12,8,8,8,8,8,8
2021-04,SKU:3910133,3910133,(לבן)לא כולל נורית מוד1 לחצן מואר-קורוס,2,36,8,8,8,8,8,8
2021-05,SKU:3910133,3910133,(לבן)לא כולל נורית מוד1 לחצן מואר-קורוס,1,24,8,,8,8,8,8
2021-06,SKU:3910133,3910133,(לבן)לא כולל נורית מוד1 לחצן מואר-קורוס,1,12,8,,8,8,8,8
2021-07,SKU:3910133,3910133,(לבן)לא כולל נורית מוד1 לחצן מואר-קורוס,2,48,10.23,,10.23,10.23,10.23,10.23
2021-08,SKU:3910133,3910133,(לבן)לא כולל נורית מוד1 לחצן מואר-קורוס,2,72,8.3,,8.3,8.3,8.3,8.3
2021-09,SKU:3910133,3910133,(לבן)לא כולל נורית מוד1 לחצן מואר-קורוס,1,50,8.3,8.3,8.3,8.3,8.3,8.3
2021-10,SKU:3910133,3910133,(לבן)לא כולל נורית מוד1 לחצן מואר-קורוס,1,36,11.594,,11.594,11.594,11.594,11.594
2022-06,SKU:3910133,3910133,(לבן)לא כולל נורית מוד1 לחצן מואר-קורוס,1,300,8.5,8.5,8.5,8.5,8.5,8.5
2022-11,SKU:3910133,3910133,(לבן)לא כולל נורית מוד1 לחצן מואר-קורוס,1,108,7,7,7,7,7,7
2022-12,SKU:3910133,3910133,(לבן)לא כולל נורית מוד1 לחצן מואר-קורוס,1,108,8,8,8,8,8,8
2023-10,SKU:3910133,3910133,(לבן)לא כולל נורית מוד1 לחצן מואר-קורוס,1,24,8,8,8,8,8,8
2023-11,SKU:3910133,3910133,(לבן)לא כולל נורית מוד1 לחצן מואר-קורוס,1,20,8,8,8,8,8,8
2024-04,SKU:3910133,3910133,(לבן)לא כולל נורית מוד1 לחצן מואר-קורוס,2,24,8,8,8,8,8,8
2024-05,SKU:3910133,3910133,(לבן)לא כולל נורית מוד1 לחצן מואר-קורוס,1,12,8,8,8,8,8,8
2024-07,SKU:3910133,3910133,(לבן)לא כולל נורית מוד1 לחצן מואר-קורוס,1,24,8,8,8,8,8,8
2025-02,SKU:3910133,3910133,(לבן)לא כולל נורית מוד1 לחצן מואר-קורוס,1,36,10.4625,10.4625,10.4625,10.4625,10.4625,10.4625
2020-11,SKU:3910134,3910134,מודול לבן1 לחצן דו קוטבי-קורוס,1,1,20.499,20.5,20.499,20.499,20.499,20.499
2019-10,SKU:3910140,3910140,מוד' לבן מבריק1 לחצן תריס-קורוס,1,12,13.5,13.5,13.5,13.5,13.5,13.5
2020-01,SKU:3910140,3910140,מוד' לבן מבריק1 לחצן תריס-קורוס,1,12,13.5,13.5,13.5,13.5,13.5,13.5
2020-06,SKU:3910140,3910140,מוד' לבן מבריק1 לחצן תריס-קורוס,3,20,13.5,13.5,13.5,13.5,13.5,13.5
2020-07,SKU:3910140,3910140,מוד' לבן מבריק1 לחצן תריס-קורוס,2,13,13.5,13.5,13.5,13.5,13.5,13.5
2020-08,SKU:3910140,3910140,מוד' לבן מבריק1 לחצן תריס-קורוס,2,24,13.5,13.5,13.5,13.5,13.5,13.5
2020-11,SKU:3910140,3910140,מוד' לבן מבריק1 לחצן תריס-קורוס,4,69,13.5,13.5,13.5,13.5,13.5,13.5
2020-12,SKU:3910140,3910140,מוד' לבן מבריק1 לחצן תריס-קורוס,5,120,13.5,13.5,13.5,13.5,13.5,13.5
2021-02,SKU:3910140,3910140,מוד' לבן מבריק1 לחצן תריס-קורוס,2,36,13.5,13.5,13.5,13.5,13.5,13.5
2021-03,SKU:3910140,3910140,מוד' לבן מבריק1 לחצן תריס-קורוס,1,12,13.5,13.5,13.5,13.5,13.5,13.5
2021-04,SKU:3910140,3910140,מוד' לבן מבריק1 לחצן תריס-קורוס,2,48,13.5,13.5,13.5,13.5,13.5,13.5
2021-05,SKU:3910140,3910140,מוד' לבן מבריק1 לחצן תריס-קורוס,2,36,17.499,,17.499,17.499,17.499,17.499
2021-06,SKU:3910140,3910140,מוד' לבן מבריק1 לחצן תריס-קורוס,4,72,15.4995,,13.5,17.499,13.5,17.499
2021-07,SKU:3910140,3910140,מוד' לבן מבריק1 לחצן תריס-קורוס,2,132,17.2125,,16.926,17.499,16.926,17.499
2021-08,SKU:3910140,3910140,מוד' לבן מבריק1 לחצן תריס-קורוס,2,60,11.4,,8.3,14.5,14.5,8.3
2021-11,SKU:3910140,3910140,מוד' לבן מבריק1 לחצן תריס-קורוס,1,24,14.5,,14.5,14.5,14.5,14.5
2021-12,SKU:3910140,3910140,מוד' לבן מבריק1 לחצן תריס-קורוס,1,36,14.5,14.5,14.5,14.5,14.5,14.5
2022-01,SKU:3910140,3910140,מוד' לבן מבריק1 לחצן תריס-קורוס,2,36,14.5,,14.5,14.5,14.5,14.5
2022-06,SKU:3910140,3910140,מוד' לבן מבריק1 לחצן תריס-קורוס,1,12,14.5,14.5,14.5,14.5,14.5,14.5
2022-11,SKU:3910140,3910140,מוד' לבן מבריק1 לחצן תריס-קורוס,1,120,14,14,14,14,14,14
2022-12,SKU:3910140,3910140,מוד' לבן מבריק1 לחצן תריס-קורוס,1,120,14,14,14,14,14,14
2023-11,SKU:3910140,3910140,מוד' לבן מבריק1 לחצן תריס-קורוס,1,48,14,14,14,14,14,14
2023-12,SKU:3910140,3910140,מוד' לבן מבריק1 לחצן תריס-קורוס,2,175,14,14,14,14,14,14
2024-01,SKU:3910140,3910140,מוד' לבן מבריק1 לחצן תריס-קורוס,1,36,14,14,14,14,14,14
2024-02,SKU:3910140,3910140,מוד' לבן מבריק1 לחצן תריס-קורוס,1,12,14,14,14,14,14,14
2024-04,SKU:3910140,3910140,מוד' לבן מבריק1 לחצן תריס-קורוס,2,60,14,14,14,14,14,14
2024-05,SKU:3910140,3910140,מוד' לבן מבריק1 לחצן תריס-קורוס,1,24,14,14,14,14,14,14
2024-06,SKU:3910140,3910140,מוד' לבן מבריק1 לחצן תריס-קורוס,1,12,14,14,14,14,14,14
2024-09,SKU:3910140,3910140,מוד' לבן מבריק1 לחצן תריס-קורוס,1,36,14,14,14,14,14,14
2021-05,SKU:3910151,3910151,מודול לבן1 סימון נורה+קורוס לחצן מואר,1,5,12.501,,12.501,12.501,12.501,12.501
2021-07,SKU:3910151,3910151,מודול לבן1 סימון נורה+קורוס לחצן מואר,1,13,11.16,,11.16,11.16,11.16,11.16
2021-12,SKU:3910151,3910151,מודול לבן1 סימון נורה+קורוס לחצן מואר,1,3,12.09,12.09,12.09,12.09,12.09,12.09
2022-01,SKU:3910151,3910151,מודול לבן1 סימון נורה+קורוס לחצן מואר,1,10,12.09,,12.09,12.09,12.09,12.09
2023-09,SKU:3910151,3910151,מודול לבן1 סימון נורה+קורוס לחצן מואר,1,3,12.597,12.5967,12.597,12.597,12.597,12.597
2024-05,SKU:3910151,3910151,מודול לבן1 סימון נורה+קורוס לחצן מואר,1,11,13.566,13.5664,13.566,13.566,13.566,13.566
2020-02,SKU:3910153,3910153,מודול לבן מבריק1 סימון פעמון+לחצן מואר-קורוס,1,2,8.8,8.8,8.8,8.8,8.8,8.8
2020-09,SKU:3910153,3910153,מודול לבן מבריק1 סימון פעמון+לחצן מואר-קורוס,2,14,8.8,8.8,8.8,8.8,8.8,8.8
2020-10,SKU:3910153,3910153,מודול לבן מבריק1 סימון פעמון+לחצן מואר-קורוס,1,12,8.8,8.8,8.8,8.8,8.8,8.8
2020-11,SKU:3910153,3910153,מודול לבן מבריק1 סימון פעמון+לחצן מואר-קורוס,1,7,8.8,8.8,8.8,8.8,8.8,8.8
2022-04,SKU:3910153,3910153,מודול לבן מבריק1 סימון פעמון+לחצן מואר-קורוס,1,17,9.9,9.9,9.9,9.9,9.9,9.9
2023-02,SKU:3910153,3910153,מודול לבן מבריק1 סימון פעמון+לחצן מואר-קורוס,1,24,9.5,9.5,9.5,9.5,9.5,9.5
2023-09,SKU:3910153,3910153,מודול לבן מבריק1 סימון פעמון+לחצן מואר-קורוס,1,12,9.5,9.5,9.5,9.5,9.5,9.5
2023-10,SKU:3910153,3910153,מודול לבן מבריק1 סימון פעמון+לחצן מואר-קורוס,2,7,9.5,9.5,9.5,9.5,9.5,9.5
2024-04,SKU:3910153,3910153,מודול לבן מבריק1 סימון פעמון+לחצן מואר-קורוס,1,12,9.5,9.5,9.5,9.5,9.5,9.5
2025-02,SKU:3910153,3910153,מודול לבן מבריק1 סימון פעמון+לחצן מואר-קורוס,1,7,12.4275,12.4271,12.4275,12.4275,12.4275,12.4275
2019-10,SKU:3910281,3910281,!!! בלדח דקור' קומפלט תקני1050020,3,193,3.9,3.9,3.9,3.9,3.9,3.9
2019-11,SKU:3910281,3910281,!!! בלדח דקור' קומפלט תקני1050020,1,48,3.9,3.9,3.9,3.9,3.9,3.9
2020-01,SKU:3910281,3910281,!!! בלדח דקור' קומפלט תקני1050020,3,168,3.9,3.9,3.9,3.9,3.9,3.9
2020-02,SKU:3910281,3910281,!!! בלדח דקור' קומפלט תקני1050020,3,30,3.9,3.9,3.9,3.9,3.9,3.9
2020-03,SKU:3910281,3910281,!!! בלדח דקור' קומפלט תקני1050020,2,53,3.9,3.9,3.9,3.9,3.9,3.9
2020-06,SKU:3910281,3910281,!!! בלדח דקור' קומפלט תקני1050020,7,263,3.9,3.9,3.9,3.9,3.9,3.9
2020-07,SKU:3910281,3910281,!!! בלדח דקור' קומפלט תקני1050020,4,168,3.9,3.9,3.9,3.9,3.9,3.9
2020-08,SKU:3910281,3910281,!!! בלדח דקור' קומפלט תקני1050020,4,316,3.9,3.9,3.9,3.9,3.9,3.9
2020-09,SKU:3910281,3910281,!!! בלדח דקור' קומפלט תקני1050020,4,504,3.9,3.9,3.9,3.9,3.9,3.9
2020-11,SKU:3910281,3910281,!!! בלדח דקור' קומפלט תקני1050020,5,432,3.9,3.9,3.9,3.9,3.9,3.9
2020-12,SKU:3910281,3910281,!!! בלדח דקור' קומפלט תקני1050020,10,864,3.9,3.9,3.9,3.9,3.9,3.9
2021-01,SKU:3910281,3910281,!!! בלדח דקור' קומפלט תקני1050020,2,360,3.9,3.9,3.9,3.9,3.9,3.9
2021-02,SKU:3910281,3910281,!!! בלדח דקור' קומפלט תקני1050020,4,312,3.9,3.9,3.9,3.9,3.9,3.9
2021-03,SKU:3910281,3910281,!!! בלדח דקור' קומפלט תקני1050020,3,240,3.9,3.9,3.9,3.9,3.9,3.9
2021-04,SKU:3910281,3910281,!!! בלדח דקור' קומפלט תקני1050020,3,228,3.9,3.9,3.9,3.9,3.9,3.9
2021-05,SKU:3910281,3910281,!!! בלדח דקור' קומפלט תקני1050020,3,264,3.9,,3.9,3.9,3.9,3.9
2021-06,SKU:3910281,3910281,!!! בלדח דקור' קומפלט תקני1050020,8,1200,3.9,,3.9,3.9,3.9,3.9
2021-07,SKU:3910281,3910281,!!! בלדח דקור' קומפלט תקני1050020,1,48,5.16,,5.16,5.16,5.16,5.16
2021-08,SKU:3910281,3910281,!!! בלדח דקור' קומפלט תקני1050020,2,72,3.9,,3.9,3.9,3.9,3.9
2021-10,SKU:3910281,3910281,!!! בלדח דקור' קומפלט תקני1050020,2,192,3.9,,3.9,3.9,3.9,3.9
2021-11,SKU:3910281,3910281,!!! בלדח דקור' קומפלט תקני1050020,2,120,3.9,,3.9,3.9,3.9,3.9
2021-12,SKU:3910281,3910281,!!! בלדח דקור' קומפלט תקני1050020,3,312,4.7,4.3308,3.9,4.7,4.7,4.7
2022-01,SKU:3910281,3910281,!!! בלדח דקור' קומפלט תקני1050020,3,192,3.9,,3.9,6.45,6.45,3.9
2022-02,SKU:3910281,3910281,!!! בלדח דקור' קומפלט תקני1050020,5,216,3.9,,3.9,3.9,3.9,3.9
2022-04,SKU:3910281,3910281,!!! בלדח דקור' קומפלט תקני1050020,2,72,3.95,3.95,3.95,3.95,3.95,3.95
2022-05,SKU:3910281,3910281,!!! בלדח דקור' קומפלט תקני1050020,1,10,3.95,3.95,3.95,3.95,3.95,3.95
2022-11,SKU:3910281,3910281,!!! בלדח דקור' קומפלט תקני1050020,1,864,2.8,2.8,2.8,2.8,2.8,2.8
2022-12,SKU:3910281,3910281,!!! בלדח דקור' קומפלט תקני1050020,1,864,2.8,2.8,2.8,2.8,2.8,2.8
2023-07,SKU:3910281,3910281,!!! בלדח דקור' קומפלט תקני1050020,1,1,3.5,3.5,3.5,3.5,3.5,3.5
2023-12,SKU:3910281,3910281,!!! בלדח דקור' קומפלט תקני1050020,1,24,3.5,3.5,3.5,3.5,3.5,3.5
2024-05,SKU:3910281,3910281,!!! בלדח דקור' קומפלט תקני1050020,1,2,4.886,4.885,4.886,4.886,4.886,4.886
2024-07,SKU:3910281,3910281,!!! בלדח דקור' קומפלט תקני1050020,2,96,3.9,3.9,3.9,3.9,3.9,3.9
2024-09,SKU:3910281,3910281,!!! בלדח דקור' קומפלט תקני1050020,1,72,3.9,3.9,3.9,3.9,3.9,3.9
2024-10,SKU:3910281,3910281,!!! בלדח דקור' קומפלט תקני1050020,1,72,4.2,4.2,4.2,4.2,4.2,4.2
2020-12,SKU:3910282,3910282,תקני16A שקע ישראלי דו פיני לבן,1,24,8.61,8.61,8.61,8.61,8.61,8.61
2021-06,SKU:3910361,3910361,מוד' לבן1 זכר ישירTV שקע-קורוס,2,50,26.001,,26.001,26.001,26.001,26.001
2019-10,SKU:3910408,3910408,(1293) ONKA 4 מהדק להארקה לפס1800351,1,20,5,5,5,5,5,5
2019-11,SKU:3910408,3910408,(1293) ONKA 4 מהדק להארקה לפס1800351,1,12,5,5,5,5,5,5
2020-01,SKU:3910408,3910408,(1293) ONKA 4 מהדק להארקה לפס1800351,2,40,6.6422,6.6422,5,8.2845,8.2845,5
2020-03,SKU:3910408,3910408,(1293) ONKA 4 מהדק להארקה לפס1800351,1,24,5,5,5,5,5,5
2020-07,SKU:3910408,3910408,(1293) ONKA 4 מהדק להארקה לפס1800351,2,10,5,5,5,5,5,5
2020-08,SKU:3910408,3910408,(1293) ONKA 4 מהדק להארקה לפס1800351,3,90,5,5,5,5,5,5
2020-11,SKU:3910408,3910408,(1293) ONKA 4 מהדק להארקה לפס1800351,3,100,5,5,5,5,5,5
2020-12,SKU:3910408,3910408,(1293) ONKA 4 מהדק להארקה לפס1800351,3,132,5,5,5,5,5,5
2021-02,SKU:3910408,3910408,(1293) ONKA 4 מהדק להארקה לפס1800351,1,50,5,5,5,5,5,5
2021-03,SKU:3910408,3910408,(1293) ONKA 4 מהדק להארקה לפס1800351,2,40,5,5,5,5,5,5
2021-05,SKU:3910408,3910408,(1293) ONKA 4 מהדק להארקה לפס1800351,1,30,5,,5,5,5,5
2021-06,SKU:3910408,3910408,(1293) ONKA 4 מהדק להארקה לפס1800351,3,115,5,,5,5,5,5
2021-07,SKU:3910408,3910408,(1293) ONKA 4 מהדק להארקה לפס1800351,1,10,6.138,,6.138,6.138,6.138,6.138
2021-08,SKU:3910408,3910408,(1293) ONKA 4 מהדק להארקה לפס1800351,1,10,5,,5,5,5,5
2021-10,SKU:3910408,3910408,(1293) ONKA 4 מהדק להארקה לפס1800351,1,25,5,,5,5,5,5
2021-12,SKU:3910408,3910408,(1293) ONKA 4 מהדק להארקה לפס1800351,1,50,5,5,5,5,5,5
2022-01,SKU:3910408,3910408,(1293) ONKA 4 מהדק להארקה לפס1800351,2,40,5,,5,5,5,5
2022-06,SKU:3910408,3910408,(1293) ONKA 4 מהדק להארקה לפס1800351,1,200,5,5,5,5,5,5
2022-11,SKU:3910408,3910408,(1293) ONKA 4 מהדק להארקה לפס1800351,1,90,4,4,4,4,4,4
2022-12,SKU:3910408,3910408,(1293) ONKA 4 מהדק להארקה לפס1800351,1,90,4,4,4,4,4,4
2024-03,SKU:3910408,3910408,(1293) ONKA 4 מהדק להארקה לפס1800351,1,25,5.5,5.5,5.5,5.5,5.5,5.5
2024-04,SKU:3910408,3910408,(1293) ONKA 4 מהדק להארקה לפס1800351,1,20,6,6,6,6,6,6
2024-05,SKU:3910408,3910408,(1293) ONKA 4 מהדק להארקה לפס1800351,2,40,6,6,6,6,6,6
2024-06,SKU:3910408,3910408,(1293) ONKA 4 מהדק להארקה לפס1800351,2,25,6,6,6,6,6,6
2024-07,SKU:3910408,3910408,(1293) ONKA 4 מהדק להארקה לפס1800351,1,10,8.5425,8.543,8.5425,8.5425,8.5425,8.5425
2024-09,SKU:3910408,3910408,(1293) ONKA 4 מהדק להארקה לפס1800351,1,40,6,6,6,6,6,6
2023-08,SKU:3910421,3910421,' מוד1 לבןUTP Cat. 5e RJ-45 שקע,1,5,18.0525,18.052,18.0525,18.0525,18.0525,18.0525
2023-11,SKU:3910421,3910421,' מוד1 לבןUTP Cat. 5e RJ-45 שקע,1,1,15.6455,15.65,15.6455,15.6455,15.6455,15.6455
2020-06,SKU:3910431,3910431,מתאם לשקע קיסטון לבן-קורוס,1,10,3.441,3.441,3.441,3.441,3.441,3.441
2021-02,SKU:3910431,3910431,מתאם לשקע קיסטון לבן-קורוס,1,20,3.44,3.441,3.44,3.44,3.44,3.44
2021-11,SKU:3910431,3910431,מתאם לשקע קיסטון לבן-קורוס,1,20,4.4175,,4.4175,4.4175,4.4175,4.4175
2023-08,SKU:3910431,3910431,מתאם לשקע קיסטון לבן-קורוס,1,5,4.92,4.92,4.92,4.92,4.92,4.92
2023-11,SKU:3910431,3910431,מתאם לשקע קיסטון לבן-קורוס,1,5,4.26,4.26,4.26,4.26,4.26,4.26
2020-09,SKU:3910450,3910450,מקור2.1A מודול1 כפול לבןUSB קורוס ש,1,1,38,38,38,38,38,38
2020-12,SKU:3910450,3910450,מקור2.1A מודול1 כפול לבןUSB קורוס ש,1,5,38,38,38,38,38,38
2023-04,SKU:3910450,3910450,מקור2.1A מודול1 כפול לבןUSB קורוס ש,1,4,63.4725,63.4725,63.4725,63.4725,63.4725,63.4725
2023-11,SKU:3910450,3910450,מקור2.1A מודול1 כפול לבןUSB קורוס ש,1,1,74,74,74,74,74,74
2020-10,SKU:3910561,3910561,500W ' מוד1 'עמעם סיב-קורוס,1,1,75.999,76,75.999,75.999,75.999,75.999
2024-02,SKU:3910561,3910561,500W ' מוד1 'עמעם סיב-קורוס,1,1,98.5388,98.54,98.5388,98.5388,98.5388,98.5388
2023-08,SKU:3910564,3910564,900W ' מוד1 עמעם סיבובי,1,2,85.395,85.395,85.395,85.395,85.395,85.395
2020-10,SKU:3910882,3910882,V 0.6W נורית סימון לד לבן,1,1,10.1885,10.19,10.1885,10.1885,10.1885,10.1885
2020-01,SKU:3910883,3910883,V 0.6W נורית סימון לד אדום,1,5,3.9,3.9,3.9,3.9,3.9,3.9
2020-02,SKU:3910883,3910883,V 0.6W נורית סימון לד אדום,1,20,3.9,3.9,3.9,3.9,3.9,3.9
2020-03,SKU:3910883,3910883,V 0.6W נורית סימון לד אדום,1,2,3.9,3.9,3.9,3.9,3.9,3.9
2020-07,SKU:3910883,3910883,V 0.6W נורית סימון לד אדום,2,4,3.9,3.9,3.9,3.9,3.9,3.9
2020-09,SKU:3910883,3910883,V 0.6W נורית סימון לד אדום,1,24,3.9,3.9,3.9,3.9,3.9,3.9
2020-10,SKU:3910883,3910883,V 0.6W נורית סימון לד אדום,2,24,5.0505,5.0504,3.9,6.201,3.9,6.201
2020-11,SKU:3910883,3910883,V 0.6W נורית סימון לד אדום,4,184,3.9,3.9,3.9,3.9,3.9,3.9
2020-12,SKU:3910883,3910883,V 0.6W נורית סימון לד אדום,3,170,3.9,3.9,3.9,3.9,3.9,3.9
2021-04,SKU:3910883,3910883,V 0.6W נורית סימון לד אדום,2,74,3.9,3.9,3.9,3.9,3.9,3.9
2021-05,SKU:3910883,3910883,V 0.6W נורית סימון לד אדום,2,53,3.9,,3.9,3.9,3.9,3.9
2021-06,SKU:3910883,3910883,V 0.6W נורית סימון לד אדום,2,102,3.9,,3.9,3.9,3.9,3.9
2021-07,SKU:3910883,3910883,V 0.6W נורית סימון לד אדום,2,48,4.602,,4.602,4.602,4.602,4.602
2021-08,SKU:3910883,3910883,V 0.6W נורית סימון לד אדום,3,73,4,,4,4,4,4
2021-10,SKU:3910883,3910883,V 0.6W נורית סימון לד אדום,2,74,4,,4,4,4,4
2022-01,SKU:3910883,3910883,V 0.6W נורית סימון לד אדום,1,12,4,,4,4,4,4
2022-06,SKU:3910883,3910883,V 0.6W נורית סימון לד אדום,2,587,4,4,4,4,4,4
2022-11,SKU:3910883,3910883,V 0.6W נורית סימון לד אדום,1,200,3.2,3.2,3.2,3.2,3.2,3.2
2022-12,SKU:3910883,3910883,V 0.6W נורית סימון לד אדום,1,200,3.2,3.2,3.2,3.2,3.2,3.2
2023-11,SKU:3910883,3910883,V 0.6W נורית סימון לד אדום,1,50,4,4,4,4,4,4
2023-12,SKU:3910883,3910883,V 0.6W נורית סימון לד אדום,2,150,3.2,3.2,3.2,3.2,3.2,3.2
2024-04,SKU:3910883,3910883,V 0.6W נורית סימון לד אדום,1,50,5.8125,5.8126,5.8125,5.8125,5.8125,5.8125
2024-07,SKU:3910883,3910883,V 0.6W נורית סימון לד אדום,1,24,3.2,3.2,3.2,3.2,3.2,3.2
2024-08,SKU:3910883,3910883,V 0.6W נורית סימון לד אדום,1,50,3.3,3.3,3.3,3.3,3.3,3.3
2024-09,SKU:3910883,3910883,V 0.6W נורית סימון לד אדום,1,50,3.3,3.3,3.3,3.3,3.3,3.3
2025-02,SKU:3910883,3910883,V 0.6W נורית סימון לד אדום,1,50,5.8125,5.8126,5.8125,5.8125,5.8125,5.8125
2020-11,SKU:3910915,3910915,מודול לבן1 קורוס לחצן אלקטרוני,1,30,41.649,41.649,41.649,41.649,41.649,41.649
2020-12,SKU:3912001,3912001,מודול גוון שחור מט/סאטן1 מפסק יחיד-קורוס,1,6,10.1312,10.1317,10.1312,10.1312,10.1312,10.1312
2023-02,SKU:3912001,3912001,מודול גוון שחור מט/סאטן1 מפסק יחיד-קורוס,1,40,8.2615,8.2615,8.2615,8.2615,8.2615,8.2615
2023-04,SKU:3912001,3912001,מודול גוון שחור מט/סאטן1 מפסק יחיד-קורוס,1,1,8.2615,8.26,8.2615,8.2615,8.2615,8.2615
2024-08,SKU:3912001,3912001,מודול גוון שחור מט/סאטן1 מפסק יחיד-קורוס,1,2,8.97,8.97,8.97,8.97,8.97,8.97
2024-09,SKU:3912001,3912001,מודול גוון שחור מט/סאטן1 מפסק יחיד-קורוס,1,2,8.55,8.55,8.55,8.55,8.55,8.55
2023-02,SKU:3912005,3912005,שחור מודול1מפסק דו קטבי מואר,1,3,22.165,22.1667,22.165,22.165,22.165,22.165
2020-12,SKU:3912051,3912051,מודול שחור1 מפסק מחליף,1,4,21.472,21.4725,21.472,21.472,21.472,21.472
2023-02,SKU:3912051,3912051,מודול שחור1 מפסק מחליף,1,6,12.6945,12.695,12.6945,12.6945,12.6945,12.6945
2020-12,SKU:3912091,3912091,מודול שחור1 מפסק צלב,1,1,86.9504,86.95,86.9504,86.9504,86.9504,86.9504
2023-04,SKU:3912131,3912131,מודול שחור1 לחצן,1,1,17.6345,17.63,17.6345,17.6345,17.6345,17.6345
2023-04,SKU:3912132,3912132,מודול שחור1 ת.איתור+ לחצן,1,1,24.674,24.67,24.674,24.674,24.674,24.674
2020-12,SKU:3912133,3912133,מודול שחור מט/סאטן1 לחצן מואר-קורוס,1,1,33.264,33.26,33.264,33.264,33.264,33.264
2024-08,SKU:3912133,3912133,מודול שחור מט/סאטן1 לחצן מואר-קורוס,1,35,20.657,20.6571,20.657,20.657,20.657,20.657
2024-11,SKU:3912133,3912133,מודול שחור מט/סאטן1 לחצן מואר-קורוס,1,4,23.835,23.835,23.835,23.835,23.835,23.835
2020-12,SKU:3912140,3912140,מודול שחור1 חיצים+לחצן תריס,1,1,33.1936,33.19,33.1936,33.1936,33.1936,33.1936
2023-02,SKU:3912140,3912140,מודול שחור1 חיצים+לחצן תריס,1,6,29.2175,29.2183,29.2175,29.2175,29.2175,29.2175
2024-08,SKU:3912153,3912153,מוד. שחור1 סימון פעמון+ל.מואר,1,15,20.15,20.15,20.15,20.15,20.15,20.15
2024-11,SKU:3912172,3912172,מודול שחור מט/סאטן2 ת.איתור+ לחצן-קורוס,1,2,43.9875,43.99,43.9875,43.9875,43.9875,43.9875
2020-08,SKU:3912192,3912192,200x0.8 מכסה לתעלת פח מלא6802006,1,1,87.63,87.63,87.63,87.63,87.63,87.63
2023-04,SKU:3912195,3912195,מודול שחור1 דמי,1,14,2.015,2.015,2.015,2.015,2.015,2.015
2024-04,SKU:3912195,3912195,מודול שחור1 דמי,1,1,2.325,2.33,2.325,2.325,2.325,2.325
2024-08,SKU:3912195,3912195,מודול שחור1 דמי,1,50,2.015,2.015,2.015,2.015,2.015,2.015
2024-09,SKU:3912195,3912195,מודול שחור1 דמי,2,38,2.325,2.325,2.325,2.325,2.325,2.325
2020-12,SKU:3912281,3912281,56.00% שח22.18 מטר81.0 מגולוון100x85 תעלת רשת חיבור מהיר70000090,1,12,10.1312,10.1308,10.1312,10.1312,10.1312,10.1312
2021-01,SKU:3912281,3912281,56.00% שח22.18 מטר81.0 מגולוון100x85 תעלת רשת חיבור מהיר70000090,1,1,10.13,10.13,10.13,10.13,10.13,10.13
2021-05,SKU:3912281,3912281,56.00% שח22.18 מטר81.0 מגולוון100x85 תעלת רשת חיבור מהיר70000090,1,4,3.9,,3.9,3.9,3.9,3.9
2022-02,SKU:3912281,3912281,56.00% שח22.18 מטר81.0 מגולוון100x85 תעלת רשת חיבור מהיר70000090,1,1,10.255,,10.255,10.255,10.255,10.255
2023-02,SKU:3912281,3912281,56.00% שח22.18 מטר81.0 מגולוון100x85 תעלת רשת חיבור מהיר70000090,1,40,8.2615,8.2615,8.2615,8.2615,8.2615,8.2615
2023-04,SKU:3912281,3912281,56.00% שח22.18 מטר81.0 מגולוון100x85 תעלת רשת חיבור מהיר70000090,2,13,8.2615,8.2615,8.2615,8.2615,8.2615,8.2615
2024-04,SKU:3912281,3912281,56.00% שח22.18 מטר81.0 מגולוון100x85 תעלת רשת חיבור מהיר70000090,1,1,10.35,10.35,10.35,10.35,10.35,10.35
2024-08,SKU:3912281,3912281,56.00% שח22.18 מטר81.0 מגולוון100x85 תעלת רשת חיבור מהיר70000090,2,50,8.97,8.97,8.97,8.97,8.97,8.97
2023-04,SKU:3912282,3912282,תקני16A שקע ישראלי דו פיני שחור,1,1,16.12,16.12,16.12,16.12,16.12,16.12
2019-10,SKU:3916101,3916101,3x2.5 N2XY (מטר כבל)בחבילה5951061,1,1,2.95,2.95,2.95,2.95,2.95,2.95
2020-01,SKU:3916101,3916101,3x2.5 N2XY (מטר כבל)בחבילה5951061,3,146,2.95,4.2322,2.95,4.9,4.9,2.95
2020-02,SKU:3916101,3916101,3x2.5 N2XY (מטר כבל)בחבילה5951061,1,15,2.95,2.95,2.95,2.95,2.95,2.95
2020-06,SKU:3916101,3916101,3x2.5 N2XY (מטר כבל)בחבילה5951061,1,10,2.95,2.95,2.95,2.95,2.95,2.95
2020-07,SKU:3916101,3916101,3x2.5 N2XY (מטר כבל)בחבילה5951061,2,112,2.95,2.95,2.95,2.95,2.95,2.95
2020-08,SKU:3916101,3916101,3x2.5 N2XY (מטר כבל)בחבילה5951061,1,2,2.95,2.95,2.95,2.95,2.95,2.95
2020-10,SKU:3916101,3916101,3x2.5 N2XY (מטר כבל)בחבילה5951061,1,30,2.95,2.95,2.95,2.95,2.95,2.95
2020-12,SKU:3916101,3916101,3x2.5 N2XY (מטר כבל)בחבילה5951061,4,480,2.95,2.95,2.95,2.95,2.95,2.95
2021-01,SKU:3916101,3916101,3x2.5 N2XY (מטר כבל)בחבילה5951061,1,30,2.95,2.95,2.95,2.95,2.95,2.95
2021-02,SKU:3916101,3916101,3x2.5 N2XY (מטר כבל)בחבילה5951061,3,212,2.95,2.95,2.95,2.95,2.95,2.95
2021-03,SKU:3916101,3916101,3x2.5 N2XY (מטר כבל)בחבילה5951061,1,50,2.95,2.95,2.95,2.95,2.95,2.95
2021-06,SKU:3916101,3916101,3x2.5 N2XY (מטר כבל)בחבילה5951061,2,1152,2.95,,2.95,2.95,2.95,2.95
2021-08,SKU:3916101,3916101,3x2.5 N2XY (מטר כבל)בחבילה5951061,1,66,2.95,,2.95,2.95,2.95,2.95
2021-10,SKU:3916101,3916101,3x2.5 N2XY (מטר כבל)בחבילה5951061,1,40,2.95,,2.95,2.95,2.95,2.95
2021-12,SKU:3916101,3916101,3x2.5 N2XY (מטר כבל)בחבילה5951061,1,96,4.88,4.8825,4.88,4.88,4.88,4.88
2022-01,SKU:3916101,3916101,3x2.5 N2XY (מטר כבל)בחבילה5951061,3,581,2.95,,2.95,2.95,2.95,2.95
2022-02,SKU:3916101,3916101,3x2.5 N2XY (מטר כבל)בחבילה5951061,3,294,2.95,,2.95,2.95,2.95,2.95
2022-04,SKU:3916101,3916101,3x2.5 N2XY (מטר כבל)בחבילה5951061,3,404,2.95,2.95,2.95,2.95,2.95,2.95
2022-09,SKU:3916101,3916101,3x2.5 N2XY (מטר כבל)בחבילה5951061,1,30,2.95,2.95,2.95,2.95,2.95,2.95
2022-12,SKU:3916101,3916101,3x2.5 N2XY (מטר כבל)בחבילה5951061,2,98,4,4,4,4,4,4
2023-05,SKU:3916101,3916101,3x2.5 N2XY (מטר כבל)בחבילה5951061,1,1,4,4,4,4,4,4
2023-09,SKU:3916101,3916101,3x2.5 N2XY (מטר כבל)בחבילה5951061,2,576,4,4,4,4,4,4
2023-11,SKU:3916101,3916101,3x2.5 N2XY (מטר כבל)בחבילה5951061,1,5,4,4,4,4,4,4
2024-01,SKU:3916101,3916101,3x2.5 N2XY (מטר כבל)בחבילה5951061,2,106,4,4,4,4,4,4
2024-03,SKU:3916101,3916101,3x2.5 N2XY (מטר כבל)בחבילה5951061,1,5,5.43,5.43,5.43,5.43,5.43,5.43
2024-04,SKU:3916101,3916101,3x2.5 N2XY (מטר כבל)בחבילה5951061,2,193,4.715,4.0074,4,5.43,4,5.43
2024-05,SKU:3916101,3916101,3x2.5 N2XY (מטר כבל)בחבילה5951061,1,1,5.068,5.07,5.068,5.068,5.068,5.068
2024-06,SKU:3916101,3916101,3x2.5 N2XY (מטר כבל)בחבילה5951061,2,318,4,4,4,4,4,4
2024-08,SKU:3916101,3916101,3x2.5 N2XY (מטר כבל)בחבילה5951061,3,280,2.56,2.56,2.56,2.56,2.56,2.56
2025-02,SKU:3916101,3916101,3x2.5 N2XY (מטר כבל)בחבילה5951061,1,2,5.068,5.07,5.068,5.068,5.068,5.068
2020-01,SKU:3916102,3916102,"16A שקע כח נועה תה""ט836001",2,75,2.95,2.95,2.95,2.95,2.95,2.95
2020-07,SKU:3916102,3916102,"16A שקע כח נועה תה""ט836001",2,106,2.95,2.95,2.95,2.95,2.95,2.95
2020-08,SKU:3916102,3916102,"16A שקע כח נועה תה""ט836001",1,1,2.95,2.95,2.95,2.95,2.95,2.95
2020-09,SKU:3916102,3916102,"16A שקע כח נועה תה""ט836001",1,20,2.95,2.95,2.95,2.95,2.95,2.95
2020-10,SKU:3916102,3916102,"16A שקע כח נועה תה""ט836001",1,30,2.95,2.95,2.95,2.95,2.95,2.95
2020-12,SKU:3916102,3916102,"16A שקע כח נועה תה""ט836001",3,288,2.95,2.95,2.95,2.95,2.95,2.95
2021-01,SKU:3916102,3916102,"16A שקע כח נועה תה""ט836001",1,30,2.95,2.95,2.95,2.95,2.95,2.95
2021-02,SKU:3916102,3916102,"16A שקע כח נועה תה""ט836001",3,212,2.95,2.95,2.95,2.95,2.95,2.95
2021-03,SKU:3916102,3916102,"16A שקע כח נועה תה""ט836001",1,96,2.95,2.95,2.95,2.95,2.95,2.95
2021-05,SKU:3916102,3916102,"16A שקע כח נועה תה""ט836001",1,20,2.95,,2.95,2.95,2.95,2.95
2021-06,SKU:3916102,3916102,"16A שקע כח נועה תה""ט836001",1,192,2.95,,2.95,2.95,2.95,2.95
2021-08,SKU:3916102,3916102,"16A שקע כח נועה תה""ט836001",1,96,2.95,,2.95,2.95,2.95,2.95
2021-10,SKU:3916102,3916102,"16A שקע כח נועה תה""ט836001",1,20,2.95,,2.95,2.95,2.95,2.95
2021-11,SKU:3916102,3916102,"16A שקע כח נועה תה""ט836001",2,12,2.95,,2.95,2.95,2.95,2.95
2022-01,SKU:3916102,3916102,"16A שקע כח נועה תה""ט836001",2,389,2.95,,2.95,2.95,2.95,2.95
2022-02,SKU:3916102,3916102,"16A שקע כח נועה תה""ט836001",4,328,2.95,,2.95,5.13,2.95,5.13
2022-04,SKU:3916102,3916102,"16A שקע כח נועה תה""ט836001",3,308,2.95,2.95,2.95,2.95,2.95,2.95
2022-08,SKU:3916102,3916102,"16A שקע כח נועה תה""ט836001",1,96,2.95,2.95,2.95,2.95,2.95,2.95
2022-09,SKU:3916102,3916102,"16A שקע כח נועה תה""ט836001",1,30,2.95,2.95,2.95,2.95,2.95,2.95
2022-12,SKU:3916102,3916102,"16A שקע כח נועה תה""ט836001",2,97,4,4,4,4,4,4
2023-09,SKU:3916102,3916102,"16A שקע כח נועה תה""ט836001",2,480,4,4,4,4,4,4
2023-11,SKU:3916102,3916102,"16A שקע כח נועה תה""ט836001",1,5,4,4,4,4,4,4
2024-01,SKU:3916102,3916102,"16A שקע כח נועה תה""ט836001",2,106,4,4,4,4,4,4
2024-04,SKU:3916102,3916102,"16A שקע כח נועה תה""ט836001",1,192,4,4,4,4,4,4
2024-05,SKU:3916102,3916102,"16A שקע כח נועה תה""ט836001",3,13,5.068,4.2469,4,5.068,4,5.068
2024-06,SKU:3916102,3916102,"16A שקע כח נועה תה""ט836001",2,318,4,4,4,4,4,4
2024-08,SKU:3916102,3916102,"16A שקע כח נועה תה""ט836001",3,324,2.56,2.56,2.56,2.56,2.56,2.56
2025-02,SKU:3916102,3916102,"16A שקע כח נועה תה""ט836001",1,1,5.068,5.07,5.068,5.068,5.068,5.068
2019-10,SKU:3916103,3916103,מודול3 לבן חלבי ONE מסגרת-קורוס,1,1,2.95,2.95,2.95,2.95,2.95,2.95
2020-01,SKU:3916103,3916103,מודול3 לבן חלבי ONE מסגרת-קורוס,2,45,3.925,4.25,2.95,4.9,4.9,2.95
2020-06,SKU:3916103,3916103,מודול3 לבן חלבי ONE מסגרת-קורוס,1,1,2.95,2.95,2.95,2.95,2.95,2.95
2020-07,SKU:3916103,3916103,מודול3 לבן חלבי ONE מסגרת-קורוס,1,96,2.95,2.95,2.95,2.95,2.95,2.95
2020-12,SKU:3916103,3916103,מודול3 לבן חלבי ONE מסגרת-קורוס,1,20,2.95,2.95,2.95,2.95,2.95,2.95
2021-02,SKU:3916103,3916103,מודול3 לבן חלבי ONE מסגרת-קורוס,2,30,2.95,2.95,2.95,2.95,2.95,2.95
2021-04,SKU:3916103,3916103,מודול3 לבן חלבי ONE מסגרת-קורוס,1,7,2.95,2.95,2.95,2.95,2.95,2.95
2021-05,SKU:3916103,3916103,מודול3 לבן חלבי ONE מסגרת-קורוס,1,20,2.95,,2.95,2.95,2.95,2.95
2021-06,SKU:3916103,3916103,מודול3 לבן חלבי ONE מסגרת-קורוס,2,242,2.95,,2.95,2.95,2.95,2.95
2021-08,SKU:3916103,3916103,מודול3 לבן חלבי ONE מסגרת-קורוס,1,20,2.95,,2.95,2.95,2.95,2.95
2021-11,SKU:3916103,3916103,מודול3 לבן חלבי ONE מסגרת-קורוס,1,5,2.95,,2.95,2.95,2.95,2.95
2021-12,SKU:3916103,3916103,מודול3 לבן חלבי ONE מסגרת-קורוס,1,96,4.88,4.8825,4.88,4.88,4.88,4.88
2022-01,SKU:3916103,3916103,מודול3 לבן חלבי ONE מסגרת-קורוס,4,161,2.95,,2.95,2.95,2.95,2.95
2022-02,SKU:3916103,3916103,מודול3 לבן חלבי ONE מסגרת-קורוס,1,60,2.95,,2.95,2.95,2.95,2.95
2022-04,SKU:3916103,3916103,מודול3 לבן חלבי ONE מסגרת-קורוס,2,40,2.95,2.95,2.95,2.95,2.95,2.95
2022-09,SKU:3916103,3916103,מודול3 לבן חלבי ONE מסגרת-קורוס,1,5,2.95,2.95,2.95,2.95,2.95,2.95
2024-01,SKU:3916103,3916103,מודול3 לבן חלבי ONE מסגרת-קורוס,3,75,4,4.2136,4,5.068,4,5.068
2024-04,SKU:3916103,3916103,מודול3 לבן חלבי ONE מסגרת-קורוס,1,60,4,4,4,4,4,4
2024-05,SKU:3916103,3916103,מודול3 לבן חלבי ONE מסגרת-קורוס,1,10,5.43,5.43,5.43,5.43,5.43,5.43
2024-06,SKU:3916103,3916103,מודול3 לבן חלבי ONE מסגרת-קורוס,1,50,5.43,5.43,5.43,5.43,5.43,5.43
2024-08,SKU:3916103,3916103,מודול3 לבן חלבי ONE מסגרת-קורוס,1,20,5.43,5.43,5.43,5.43,5.43,5.43
2024-10,SKU:3916103,3916103,מודול3 לבן חלבי ONE מסגרת-קורוס,1,10,4.9232,4.923,4.9232,4.9232,4.9232,4.9232
2020-01,SKU:3916104,3916104,מודו4 לבן חלבי ONE מסגרת-קורוס,1,12,3.95,3.95,3.95,3.95,3.95,3.95
2020-02,SKU:3916104,3916104,מודו4 לבן חלבי ONE מסגרת-קורוס,2,23,3.95,3.95,3.95,3.95,3.95,3.95
2020-07,SKU:3916104,3916104,מודו4 לבן חלבי ONE מסגרת-קורוס,2,100,3.95,3.95,3.95,3.95,3.95,3.95
2020-08,SKU:3916104,3916104,מודו4 לבן חלבי ONE מסגרת-קורוס,1,1,3.95,3.95,3.95,3.95,3.95,3.95
2020-09,SKU:3916104,3916104,מודו4 לבן חלבי ONE מסגרת-קורוס,2,24,7.1,7.1,7.1,7.1,7.1,7.1
2020-10,SKU:3916104,3916104,מודו4 לבן חלבי ONE מסגרת-קורוס,1,12,7.5744,7.5742,7.5744,7.5744,7.5744,7.5744
2020-11,SKU:3916104,3916104,מודו4 לבן חלבי ONE מסגרת-קורוס,1,5,3.95,3.95,3.95,3.95,3.95,3.95
2020-12,SKU:3916104,3916104,מודו4 לבן חלבי ONE מסגרת-קורוס,4,76,3.95,3.95,3.95,3.95,3.95,3.95
2021-02,SKU:3916104,3916104,מודו4 לבן חלבי ONE מסגרת-קורוס,3,21,3.95,3.95,3.95,3.95,3.95,3.95
2021-05,SKU:3916104,3916104,מודו4 לבן חלבי ONE מסגרת-קורוס,1,20,3.95,,3.95,3.95,3.95,3.95
2021-06,SKU:3916104,3916104,מודו4 לבן חלבי ONE מסגרת-קורוס,1,50,3.95,,3.95,3.95,3.95,3.95
2021-07,SKU:3916104,3916104,מודו4 לבן חלבי ONE מסגרת-קורוס,1,12,3.95,,3.95,3.95,3.95,3.95
2021-08,SKU:3916104,3916104,מודו4 לבן חלבי ONE מסגרת-קורוס,1,20,4.2,,4.2,4.2,4.2,4.2
2022-01,SKU:3916104,3916104,מודו4 לבן חלבי ONE מסגרת-קורוס,6,165,4.2,,4.2,6.3975,4.2,6.3975
2022-02,SKU:3916104,3916104,מודו4 לבן חלבי ONE מסגרת-קורוס,3,132,4.2,,4.2,4.2,4.2,4.2
2022-04,SKU:3916104,3916104,מודו4 לבן חלבי ONE מסגרת-קורוס,4,106,4.4,4.4,4.4,4.4,4.4,4.4
2022-09,SKU:3916104,3916104,מודו4 לבן חלבי ONE מסגרת-קורוס,1,5,4.4,4.4,4.4,4.4,4.4,4.4
2023-07,SKU:3916104,3916104,מודו4 לבן חלבי ONE מסגרת-קורוס,1,1,6,6,6,6,6,6
2023-09,SKU:3916104,3916104,מודו4 לבן חלבי ONE מסגרת-קורוס,2,172,6,6,6,6,6,6
2023-11,SKU:3916104,3916104,מודו4 לבן חלבי ONE מסגרת-קורוס,1,5,6,6,6,6,6,6
2024-04,SKU:3916104,3916104,מודו4 לבן חלבי ONE מסגרת-קורוס,1,40,6,6,6,6,6,6
2024-05,SKU:3916104,3916104,מודו4 לבן חלבי ONE מסגרת-קורוס,3,58,6,6.0443,6,6.643,6,6.643
2024-06,SKU:3916104,3916104,מודו4 לבן חלבי ONE מסגרת-קורוס,2,95,6,6,6,6,6,6
2024-08,SKU:3916104,3916104,מודו4 לבן חלבי ONE מסגרת-קורוס,2,40,6,6,6,6,6,6
2024-09,SKU:3916104,3916104,מודו4 לבן חלבי ONE מסגרת-קורוס,1,1,7.1175,7.12,7.1175,7.1175,7.1175,7.1175
2025-02,SKU:3916104,3916104,מודו4 לבן חלבי ONE מסגרת-קורוס,1,1,6.643,6.64,6.643,6.643,6.643,6.643
2020-10,SKU:3916106,3916106,מודול6 לבן חלביONE מסגרת-קורוס,1,1,13.5,13.5,13.5,13.5,13.5,13.5
2021-09,SKU:3916106,3916106,מודול6 לבן חלביONE מסגרת-קורוס,1,5,15.19,15.19,15.19,15.19,15.19,15.19
2021-10,SKU:3916106,3916106,מודול6 לבן חלביONE מסגרת-קורוס,1,1,15.19,,15.19,15.19,15.19,15.19
2021-11,SKU:3916106,3916106,מודול6 לבן חלביONE מסגרת-קורוס,1,1,15.19,,15.19,15.19,15.19,15.19
2022-01,SKU:3916106,3916106,מודול6 לבן חלביONE מסגרת-קורוס,1,10,15.19,,15.19,15.19,15.19,15.19
2023-02,SKU:3916106,3916106,מודול6 לבן חלביONE מסגרת-קורוס,1,3,11,11,11,11,11,11
2023-09,SKU:3916106,3916106,מודול6 לבן חלביONE מסגרת-קורוס,2,13,11,11,11,11,11,11
2024-05,SKU:3916106,3916106,מודול6 לבן חלביONE מסגרת-קורוס,2,20,14.105,14.105,14.105,14.105,14.105,14.105
2020-08,SKU:3916122,3916122,' לקופONE ' מוד2 מסגרת לבן-קורוס,1,1,3.63,3.63,3.63,3.63,3.63,3.63
2022-02,SKU:3916122,3916122,' לקופONE ' מוד2 מסגרת לבן-קורוס,1,12,3.584,,3.584,3.584,3.584,3.584
2023-08,SKU:3916122,3916122,' לקופONE ' מוד2 מסגרת לבן-קורוס,1,47,3.6985,3.6985,3.6985,3.6985,3.6985,3.6985
2023-11,SKU:3916122,3916122,' לקופONE ' מוד2 מסגרת לבן-קורוס,1,16,2.57,2.57,2.57,2.57,2.57,2.57
2022-02,SKU:3916403,3916403,GEO מודול3 מסגרת לבן חלבי,1,96,4.6872,,4.6872,4.6872,4.6872,4.6872
2020-12,SKU:3916704,3916704,"' מוד4 מסגרת מ""מ לבן- קורוס",1,4,20.5,20.5,20.5,20.5,20.5,20.5
2021-04,SKU:3916704,3916704,"' מוד4 מסגרת מ""מ לבן- קורוס",1,4,20.5,20.5,20.5,20.5,20.5,20.5
2021-07,SKU:3916704,3916704,"' מוד4 מסגרת מ""מ לבן- קורוס",1,4,22.788,,22.788,22.788,22.788,22.788
2021-08,SKU:3916704,3916704,"' מוד4 מסגרת מ""מ לבן- קורוס",1,4,21.5,,21.5,21.5,21.5,21.5
2021-11,SKU:3916704,3916704,"' מוד4 מסגרת מ""מ לבן- קורוס",1,4,21.5,,21.5,21.5,21.5,21.5
2022-01,SKU:3916704,3916704,"' מוד4 מסגרת מ""מ לבן- קורוס",2,8,21.5,,21.5,21.5,21.5,21.5
2022-02,SKU:3916704,3916704,"' מוד4 מסגרת מ""מ לבן- קורוס",1,4,27.3456,,27.3456,27.3456,27.3456,27.3456
2023-08,SKU:3916704,3916704,"' מוד4 מסגרת מ""מ לבן- קורוס",1,4,25,25,25,25,25,25
2024-07,SKU:3916704,3916704,"' מוד4 מסגרת מ""מ לבן- קורוס",3,22,23,23,23,23,23,23
2020-10,SKU:3916806,3916806,WERA COMFORT 1000V 4.0x10 מברג9956615011,1,1,7.599,7.6,7.599,7.599,7.599,7.599
2020-11,SKU:3916806,3916806,WERA COMFORT 1000V 4.0x10 מברג9956615011,1,4,7.599,7.6,7.599,7.599,7.599,7.599
2021-02,SKU:3916806,3916806,WERA COMFORT 1000V 4.0x10 מברג9956615011,1,2,70,70,70,70,70,70
2021-06,SKU:3916806,3916806,WERA COMFORT 1000V 4.0x10 מברג9956615011,1,12,7.599,,7.599,7.599,7.599,7.599
2021-11,SKU:3916806,3916806,WERA COMFORT 1000V 4.0x10 מברג9956615011,2,7,9.114,,9.114,9.114,9.114,9.114
2022-02,SKU:3916806,3916806,WERA COMFORT 1000V 4.0x10 מברג9956615011,1,6,9.114,,9.114,9.114,9.114,9.114
2023-02,SKU:3916806,3916806,WERA COMFORT 1000V 4.0x10 מברג9956615011,1,12,9,9,9,9,9,9
2023-09,SKU:3916806,3916806,WERA COMFORT 1000V 4.0x10 מברג9956615011,1,12,9,9,9,9,9,9
2024-05,SKU:3916806,3916806,WERA COMFORT 1000V 4.0x10 מברג9956615011,1,5,9.4185,9.418,9.4185,9.4185,9.4185,9.4185
2023-08,SKU:3916821,3916821,' מודול לקופ2-מתאם ל,2,48,3.6985,3.6985,3.6985,3.6985,3.6985,3.6985
2023-11,SKU:3916821,3916821,' מודול לקופ2-מתאם ל,1,3,3,3,3,3,3,3
2017-10,SKU:3920209,3920209,GW לבן13A'שקע בריטי פין עג,1,1,32.445,32.45,32.445,32.445,32.445,32.445
2017-10,SKU:3920220,3920220,GW לבן16A 250V שקע ישראלי,2,25,4.8,4.8,4.8,4.8,4.8,4.8
2018-11,SKU:3920220,3920220,GW לבן16A 250V שקע ישראלי,3,160,4.4,4.4,4.4,4.4,4.4,4.4
2018-12,SKU:3920220,3920220,GW לבן16A 250V שקע ישראלי,3,150,4.25,4.25,4.25,4.25,4.25,4.25
2019-01,SKU:3920220,3920220,GW לבן16A 250V שקע ישראלי,2,80,4.25,4.25,4.25,4.25,4.25,4.25
2019-06,SKU:3920220,3920220,GW לבן16A 250V שקע ישראלי,3,120,4.25,4.25,4.25,4.25,4.25,4.25
2019-07,SKU:3920220,3920220,GW לבן16A 250V שקע ישראלי,2,80,4.25,4.25,4.25,4.25,4.25,4.25
2019-08,SKU:3920220,3920220,GW לבן16A 250V שקע ישראלי,1,5,4.25,4.25,4.25,4.25,4.25,4.25
2019-09,SKU:3920220,3920220,GW לבן16A 250V שקע ישראלי,2,20,4.325,4.325,4.25,4.4,4.4,4.25
2019-10,SKU:3920220,3920220,GW לבן16A 250V שקע ישראלי,1,1,4.4,4.4,4.4,4.4,4.4,4.4
2020-02,SKU:3920220,3920220,GW לבן16A 250V שקע ישראלי,1,7,4.4,4.4,4.4,4.4,4.4,4.4
2020-03,SKU:3920220,3920220,GW לבן16A 250V שקע ישראלי,1,20,4.4,4.4,4.4,4.4,4.4,4.4
2022-02,SKU:3920220,3920220,GW לבן16A 250V שקע ישראלי,1,5,4.4,,4.4,4.4,4.4,4.4
2017-10,SKU:39202283,39202283,"50.00% שח1.11 מטר200.0 מ""מ16 צינור שרשורי3700320",4,51,1.7316,1.7316,1.7316,1.7316,1.7316,1.7316
2018-12,SKU:39202283,39202283,"50.00% שח1.11 מטר200.0 מ""מ16 צינור שרשורי3700320",2,43,3,3,3,3,3,3
2019-03,SKU:39202283,39202283,"50.00% שח1.11 מטר200.0 מ""מ16 צינור שרשורי3700320",1,30,1.73,1.7317,1.73,1.73,1.73,1.73
2019-06,SKU:39202283,39202283,"50.00% שח1.11 מטר200.0 מ""מ16 צינור שרשורי3700320",2,70,1.7316,1.7316,1.7316,1.7316,1.7316,1.7316
2019-09,SKU:39202283,39202283,"50.00% שח1.11 מטר200.0 מ""מ16 צינור שרשורי3700320",2,60,1.7316,1.7317,1.7316,1.7316,1.7316,1.7316
2019-11,SKU:39202283,39202283,"50.00% שח1.11 מטר200.0 מ""מ16 צינור שרשורי3700320",5,65,1.73,1.7317,1.73,1.73,1.73,1.73
2020-02,SKU:39202283,39202283,"50.00% שח1.11 מטר200.0 מ""מ16 צינור שרשורי3700320",1,1,1.7316,1.73,1.7316,1.7316,1.7316,1.7316
2020-03,SKU:39202283,39202283,"50.00% שח1.11 מטר200.0 מ""מ16 צינור שרשורי3700320",1,2,1.7316,1.73,1.7316,1.7316,1.7316,1.7316
2020-09,SKU:39202283,39202283,"50.00% שח1.11 מטר200.0 מ""מ16 צינור שרשורי3700320",2,5,1.4652,1.466,1.4652,1.4652,1.4652,1.4652
2020-11,SKU:39202283,39202283,"50.00% שח1.11 מטר200.0 מ""מ16 צינור שרשורי3700320",3,60,1.1655,1.1655,1.1655,1.1655,1.1655,1.1655
2021-02,SKU:39202283,39202283,"50.00% שח1.11 מטר200.0 מ""מ16 צינור שרשורי3700320",3,41,1.17,1.1659,1.17,1.17,1.17,1.17
2021-04,SKU:39202283,39202283,"50.00% שח1.11 מטר200.0 מ""מ16 צינור שרשורי3700320",1,20,1.1655,1.1655,1.1655,1.1655,1.1655,1.1655
2021-06,SKU:39202283,39202283,"50.00% שח1.11 מטר200.0 מ""מ16 צינור שרשורי3700320",1,10,1.1655,,1.1655,1.1655,1.1655,1.1655
2021-08,SKU:39202283,39202283,"50.00% שח1.11 מטר200.0 מ""מ16 צינור שרשורי3700320",1,20,2.24,,2.24,2.24,2.24,2.24
2021-09,SKU:39202283,39202283,"50.00% שח1.11 מטר200.0 מ""מ16 צינור שרשורי3700320",1,5,2.3,2.304,2.3,2.3,2.3,2.3
2021-11,SKU:39202283,39202283,"50.00% שח1.11 מטר200.0 מ""מ16 צינור שרשורי3700320",1,10,2.304,,2.304,2.304,2.304,2.304
2022-01,SKU:39202283,39202283,"50.00% שח1.11 מטר200.0 מ""מ16 צינור שרשורי3700320",2,25,2.304,,2.304,2.304,2.304,2.304
2022-09,SKU:39202283,39202283,"50.00% שח1.11 מטר200.0 מ""מ16 צינור שרשורי3700320",1,2,2.4,2.4,2.4,2.4,2.4,2.4
2017-10,SKU:3920244,3920244,"!!! בלדח דקור' קומפלט תקני105002 GW מוד' לבן3 מ""מCOM מסגרת3922451",1,1,3,3,3,3,3,3
2018-11,SKU:3920244,3920244,"!!! בלדח דקור' קומפלט תקני105002 GW מוד' לבן3 מ""מCOM מסגרת3922451",1,30,3.6,3.6,3.6,3.6,3.6,3.6
2018-12,SKU:3920244,3920244,"!!! בלדח דקור' קומפלט תקני105002 GW מוד' לבן3 מ""מCOM מסגרת3922451",1,40,3.6,3.6,3.6,3.6,3.6,3.6
2019-03,SKU:3920244,3920244,"!!! בלדח דקור' קומפלט תקני105002 GW מוד' לבן3 מ""מCOM מסגרת3922451",3,90,3.6,3.7294,3.6,3.99,3.6,3.6
2019-09,SKU:3920244,3920244,"!!! בלדח דקור' קומפלט תקני105002 GW מוד' לבן3 מ""מCOM מסגרת3922451",1,30,3.4515,3.4517,3.4515,3.4515,3.4515,3.4515
2019-10,SKU:3920244,3920244,"!!! בלדח דקור' קומפלט תקני105002 GW מוד' לבן3 מ""מCOM מסגרת3922451",1,10,3.9884,3.988,3.9884,3.9884,3.9884,3.9884
2019-11,SKU:3920244,3920244,"!!! בלדח דקור' קומפלט תקני105002 GW מוד' לבן3 מ""מCOM מסגרת3922451",5,65,3.99,3.9883,3.99,3.99,3.99,3.99
2020-02,SKU:3920244,3920244,"!!! בלדח דקור' קומפלט תקני105002 GW מוד' לבן3 מ""מCOM מסגרת3922451",1,1,3.9884,3.99,3.9884,3.9884,3.9884,3.9884
2020-09,SKU:3920244,3920244,"!!! בלדח דקור' קומפלט תקני105002 GW מוד' לבן3 מ""מCOM מסגרת3922451",2,5,3.3748,3.374,3.3748,3.3748,3.3748,3.3748
2020-11,SKU:3920244,3920244,"!!! בלדח דקור' קומפלט תקני105002 GW מוד' לבן3 מ""מCOM מסגרת3922451",3,60,2.6845,2.6845,2.6845,2.6845,2.6845,2.6845
2021-02,SKU:3920244,3920244,"!!! בלדח דקור' קומפלט תקני105002 GW מוד' לבן3 מ""מCOM מסגרת3922451",3,41,2.68,2.6846,2.68,2.69,2.68,2.69
2021-03,SKU:3920244,3920244,"!!! בלדח דקור' קומפלט תקני105002 GW מוד' לבן3 מ""מCOM מסגרת3922451",1,4,2.69,2.685,2.69,2.69,2.69,2.69
2021-04,SKU:3920244,3920244,"!!! בלדח דקור' קומפלט תקני105002 GW מוד' לבן3 מ""מCOM מסגרת3922451",1,20,2.6845,2.6845,2.6845,2.6845,2.6845,2.6845
2021-05,SKU:3920244,3920244,"!!! בלדח דקור' קומפלט תקני105002 GW מוד' לבן3 מ""מCOM מסגרת3922451",1,10,2.6845,,2.6845,2.6845,2.6845,2.6845
2021-06,SKU:3920244,3920244,"!!! בלדח דקור' קומפלט תקני105002 GW מוד' לבן3 מ""מCOM מסגרת3922451",1,10,2.6845,,2.6845,2.6845,2.6845,2.6845
2021-08,SKU:3920244,3920244,"!!! בלדח דקור' קומפלט תקני105002 GW מוד' לבן3 מ""מCOM מסגרת3922451",1,20,3.92,,3.92,3.92,3.92,3.92
2021-09,SKU:3920244,3920244,"!!! בלדח דקור' קומפלט תקני105002 GW מוד' לבן3 מ""מCOM מסגרת3922451",1,5,3.42,3.416,3.42,3.42,3.42,3.42
2022-01,SKU:3920244,3920244,"!!! בלדח דקור' קומפלט תקני105002 GW מוד' לבן3 מ""מCOM מסגרת3922451",2,25,3.64,,3.64,3.64,3.64,3.64
2022-06,SKU:3920244,3920244,"!!! בלדח דקור' קומפלט תקני105002 GW מוד' לבן3 מ""מCOM מסגרת3922451",1,15,3.64,3.64,3.64,3.64,3.64,3.64
2022-07,SKU:3920244,3920244,"!!! בלדח דקור' קומפלט תקני105002 GW מוד' לבן3 מ""מCOM מסגרת3922451",1,10,3.64,3.64,3.64,3.64,3.64,3.64
2022-09,SKU:3920244,3920244,"!!! בלדח דקור' קומפלט תקני105002 GW מוד' לבן3 מ""מCOM מסגרת3922451",2,4,4.116,4.115,4.032,4.2,4.032,4.2
2023-02,SKU:3920244,3920244,"!!! בלדח דקור' קומפלט תקני105002 GW מוד' לבן3 מ""מCOM מסגרת3922451",2,30,4.2,4.2,4.2,4.2,4.2,4.2
2023-05,SKU:3920244,3920244,"!!! בלדח דקור' קומפלט תקני105002 GW מוד' לבן3 מ""מCOM מסגרת3922451",1,8,3.64,3.64,3.64,3.64,3.64,3.64
2023-08,SKU:3920244,3920244,"!!! בלדח דקור' קומפלט תקני105002 GW מוד' לבן3 מ""מCOM מסגרת3922451",1,15,4.2,4.2,4.2,4.2,4.2,4.2
2024-04,SKU:3920244,3920244,"!!! בלדח דקור' קומפלט תקני105002 GW מוד' לבן3 מ""מCOM מסגרת3922451",1,20,4.455,4.455,4.455,4.455,4.455,4.455
2024-05,SKU:3920244,3920244,"!!! בלדח דקור' קומפלט תקני105002 GW מוד' לבן3 מ""מCOM מסגרת3922451",1,20,4.158,4.158,4.158,4.158,4.158,4.158
2024-07,SKU:3920244,3920244,"!!! בלדח דקור' קומפלט תקני105002 GW מוד' לבן3 מ""מCOM מסגרת3922451",1,5,4.455,4.456,4.455,4.455,4.455,4.455
2024-09,SKU:3920244,3920244,"!!! בלדח דקור' קומפלט תקני105002 GW מוד' לבן3 מ""מCOM מסגרת3922451",1,1,4.455,4.46,4.455,4.455,4.455,4.455
2024-10,SKU:3920244,3920244,"!!! בלדח דקור' קומפלט תקני105002 GW מוד' לבן3 מ""מCOM מסגרת3922451",1,7,4.455,4.4557,4.455,4.455,4.455,4.455
2018-11,SKU:3920504,3920504,TOP נ.סימון לבן+מפ' דו קוטבי,2,15,14.85,14.85,14.85,14.85,14.85,14.85
2018-12,SKU:3920504,3920504,TOP נ.סימון לבן+מפ' דו קוטבי,2,10,14.85,14.85,14.85,14.85,14.85,14.85
2020-01,SKU:3920504,3920504,TOP נ.סימון לבן+מפ' דו קוטבי,1,1,14.5845,14.58,14.5845,14.5845,14.5845,14.5845
2020-03,SKU:3920504,3920504,TOP נ.סימון לבן+מפ' דו קוטבי,1,5,14.85,14.85,14.85,14.85,14.85,14.85
2022-09,SKU:3920504,3920504,TOP נ.סימון לבן+מפ' דו קוטבי,1,1,17.79,17.79,17.79,17.79,17.79,17.79
2023-12,SKU:3920504,3920504,TOP נ.סימון לבן+מפ' דו קוטבי,1,3,16.215,16.2167,16.215,16.215,16.215,16.215
2019-06,SKU:3920510,3920510,TOP קוטבי לבן1 NO לוחץ,1,5,8.6345,8.634,8.6345,8.6345,8.6345,8.6345
2019-07,SKU:3920510,3920510,TOP קוטבי לבן1 NO לוחץ,1,1,8.6345,8.63,8.6345,8.6345,8.6345,8.6345
2019-09,SKU:3920510,3920510,TOP קוטבי לבן1 NO לוחץ,1,5,8.6345,8.634,8.6345,8.6345,8.6345,8.6345
2017-10,SKU:3920512,3920512,לחצן חד קוטבי עם סימון פעמון,1,5,13.65,13.65,13.65,13.65,13.65,13.65
2017-10,SKU:3920515,3920515,TOP נ.סימון לבן+ קוטבי1 NO לוחץ,2,21,18.3155,18.3157,18.3155,18.3155,18.3155,18.3155
2018-11,SKU:3920515,3920515,TOP נ.סימון לבן+ קוטבי1 NO לוחץ,1,5,13.5,13.5,13.5,13.5,13.5,13.5
2018-12,SKU:3920515,3920515,TOP נ.סימון לבן+ קוטבי1 NO לוחץ,1,5,13.5,13.5,13.5,13.5,13.5,13.5
2019-01,SKU:3920515,3920515,TOP נ.סימון לבן+ קוטבי1 NO לוחץ,2,20,13.5,13.5,13.5,13.5,13.5,13.5
2018-11,SKU:3920521,3920521,TOP חיצים לבן1-0-2 NO לוחץ,1,5,16.48,16.48,16.48,16.48,16.48,16.48
2018-12,SKU:3920521,3920521,TOP חיצים לבן1-0-2 NO לוחץ,2,35,17.2525,16.7009,16.48,18.025,18.025,16.48
2019-01,SKU:3920521,3920521,TOP חיצים לבן1-0-2 NO לוחץ,2,10,16.48,16.48,16.48,16.48,16.48,16.48
2020-03,SKU:3920521,3920521,TOP חיצים לבן1-0-2 NO לוחץ,1,15,13.7511,13.7513,13.7511,13.7511,13.7511,13.7511
2017-10,SKU:3920560,3920560,TOP לבן2P 1-0-2 מפסק דו כווני,1,2,16.1,16.1,16.1,16.1,16.1,16.1
2019-09,SKU:3920560,3920560,TOP לבן2P 1-0-2 מפסק דו כווני,1,1,15.5,15.5,15.5,15.5,15.5,15.5
2020-03,SKU:3920560,3920560,TOP לבן2P 1-0-2 מפסק דו כווני,1,30,15.5,15.5,15.5,15.5,15.5,15.5
2018-11,SKU:3920571,3920571,!!! בלדח דקור' קומפלט תקני105002 GW........ מקום3 מתאם למסגרת3924201,3,40,4.25,4.25,4.25,4.25,4.25,4.25
2018-12,SKU:3920571,3920571,!!! בלדח דקור' קומפלט תקני105002 GW........ מקום3 מתאם למסגרת3924201,3,95,4.25,4.25,4.25,4.25,4.25,4.25
2019-01,SKU:3920571,3920571,!!! בלדח דקור' קומפלט תקני105002 GW........ מקום3 מתאם למסגרת3924201,2,80,4.25,4.25,4.25,4.25,4.25,4.25
2019-06,SKU:3920571,3920571,!!! בלדח דקור' קומפלט תקני105002 GW........ מקום3 מתאם למסגרת3924201,1,5,4.25,4.25,4.25,4.25,4.25,4.25
2019-07,SKU:3920571,3920571,!!! בלדח דקור' קומפלט תקני105002 GW........ מקום3 מתאם למסגרת3924201,1,30,4.25,4.25,4.25,4.25,4.25,4.25
2019-09,SKU:3920571,3920571,!!! בלדח דקור' קומפלט תקני105002 GW........ מקום3 מתאם למסגרת3924201,2,85,4.25,4.25,4.25,4.25,4.25,4.25
2019-10,SKU:3920571,3920571,!!! בלדח דקור' קומפלט תקני105002 GW........ מקום3 מתאם למסגרת3924201,2,11,4.4,4.4,4.4,4.4,4.4,4.4
2019-11,SKU:3920571,3920571,!!! בלדח דקור' קומפלט תקני105002 GW........ מקום3 מתאם למסגרת3924201,6,100,4.4,4.4,4.4,4.4,4.4,4.4
2020-02,SKU:3920571,3920571,!!! בלדח דקור' קומפלט תקני105002 GW........ מקום3 מתאם למסגרת3924201,1,1,4.4,4.4,4.4,4.4,4.4,4.4
2020-03,SKU:3920571,3920571,!!! בלדח דקור' קומפלט תקני105002 GW........ מקום3 מתאם למסגרת3924201,1,10,4.4,4.4,4.4,4.4,4.4,4.4
2020-12,SKU:3920571,3920571,!!! בלדח דקור' קומפלט תקני105002 GW........ מקום3 מתאם למסגרת3924201,1,10,4.27,4.27,4.27,4.27,4.27,4.27
2018-11,SKU:3920576,3920576,TOP מפ' משנה כוון/חילוף לבן,2,20,6.95,6.95,6.95,6.95,6.95,6.95
2018-12,SKU:3920576,3920576,TOP מפ' משנה כוון/חילוף לבן,3,45,6.95,6.95,6.95,6.95,6.95,6.95
2019-06,SKU:3920576,3920576,TOP מפ' משנה כוון/חילוף לבן,1,5,6.95,6.95,6.95,6.95,6.95,6.95
2019-09,SKU:3920576,3920576,TOP מפ' משנה כוון/חילוף לבן,2,10,6.95,6.95,6.95,6.95,6.95,6.95
2019-10,SKU:3920576,3920576,TOP מפ' משנה כוון/חילוף לבן,1,5,6.95,6.95,6.95,6.95,6.95,6.95
2020-03,SKU:3920576,3920576,TOP מפ' משנה כוון/חילוף לבן,1,5,6.95,6.95,6.95,6.95,6.95,6.95
2018-12,SKU:3920579,3920579,TOP לבן10A מפ' מצליב,1,10,16.64,16.64,16.64,16.64,16.64,16.64
2019-09,SKU:3920579,3920579,TOP לבן10A מפ' מצליב,1,5,14.4,14.4,14.4,14.4,14.4,14.4
2019-10,SKU:3920579,3920579,TOP לבן10A מפ' מצליב,1,1,14.4,14.4,14.4,14.4,14.4,14.4
2020-07,SKU:3920603,3920603,()ללא נורהGW דפיוזר סימון שטוחה אדום,1,1,12.25,12.25,12.25,12.25,12.25,12.25
2017-10,SKU:3920905,3920905,GW ממ3 לבן24V נורה פיוז,1,4,13.9405,13.94,13.9405,13.9405,13.9405,13.9405
2020-07,SKU:3920905,3920905,GW ממ3 לבן24V נורה פיוז,1,1,13.9405,13.94,13.9405,13.9405,13.9405,13.9405
2020-12,SKU:3920905,3920905,GW ממ3 לבן24V נורה פיוז,1,5,13.9405,13.94,13.9405,13.9405,13.9405,13.9405
2020-07,SKU:3920906,3920906,GW נורה פיוז אדום פלורסנט,1,1,13.9405,13.94,13.9405,13.9405,13.9405,13.9405
2017-10,SKU:3921220,3921220,GEWISS SYS BLACK שקע כח,3,12,19.145,19.1458,19.145,19.145,19.145,19.145
2017-10,SKU:3922101,3922101,(חדש20) 16 צינור מופה אדום84000791 GW........ מקום3 מתאם למסגרת3924201,2,40,4.3155,4.3155,4.3155,4.3155,4.3155,4.3155
2018-12,SKU:3922101,3922101,(חדש20) 16 צינור מופה אדום84000791 GW........ מקום3 מתאם למסגרת3924201,1,10,3.15,3.15,3.15,3.15,3.15,3.15
2019-01,SKU:3922101,3922101,(חדש20) 16 צינור מופה אדום84000791 GW........ מקום3 מתאם למסגרת3924201,2,20,3.15,3.15,3.15,3.15,3.15,3.15
2019-06,SKU:3922101,3922101,(חדש20) 16 צינור מופה אדום84000791 GW........ מקום3 מתאם למסגרת3924201,5,718,3.15,3.15,3.15,3.15,3.15,3.15
2019-07,SKU:3922101,3922101,(חדש20) 16 צינור מופה אדום84000791 GW........ מקום3 מתאם למסגרת3924201,1,96,3.15,3.15,3.15,3.15,3.15,3.15
2019-09,SKU:3922101,3922101,(חדש20) 16 צינור מופה אדום84000791 GW........ מקום3 מתאם למסגרת3924201,2,121,3.15,3.15,3.15,3.15,3.15,3.15
2019-10,SKU:3922101,3922101,(חדש20) 16 צינור מופה אדום84000791 GW........ מקום3 מתאם למסגרת3924201,3,232,3.15,3.15,3.15,3.15,3.15,3.15
2019-11,SKU:3922101,3922101,(חדש20) 16 צינור מופה אדום84000791 GW........ מקום3 מתאם למסגרת3924201,5,140,3.15,3.15,3.15,3.15,3.15,3.15
2020-03,SKU:3922101,3922101,(חדש20) 16 צינור מופה אדום84000791 GW........ מקום3 מתאם למסגרת3924201,1,6,3.15,3.15,3.15,3.15,3.15,3.15
2020-04,SKU:3922101,3922101,(חדש20) 16 צינור מופה אדום84000791 GW........ מקום3 מתאם למסגרת3924201,1,10,3.15,3.15,3.15,3.15,3.15,3.15
2017-10,SKU:3922102,3922102,SYSTEM לבן2 מודולVIRNA מסגרת,3,43,4.3155,4.3156,4.3155,4.3155,4.3155,4.3155
2017-10,SKU:3922103,3922103,GW........ מקום3 מתאם למסגרת3924201 SYSTEM לבן1 מודולVIRNA מסגרת3922101,2,40,4.3155,4.3155,4.3155,4.3155,4.3155,4.3155
2018-11,SKU:3922103,3922103,GW........ מקום3 מתאם למסגרת3924201 SYSTEM לבן1 מודולVIRNA מסגרת3922101,1,3,3.9456,3.9467,3.9456,3.9456,3.9456,3.9456
2018-12,SKU:3922103,3922103,GW........ מקום3 מתאם למסגרת3924201 SYSTEM לבן1 מודולVIRNA מסגרת3922101,1,10,3.15,3.15,3.15,3.15,3.15,3.15
2019-01,SKU:3922103,3922103,GW........ מקום3 מתאם למסגרת3924201 SYSTEM לבן1 מודולVIRNA מסגרת3922101,3,41,3.15,3.15,3.15,3.15,3.15,3.15
2019-06,SKU:3922103,3922103,GW........ מקום3 מתאם למסגרת3924201 SYSTEM לבן1 מודולVIRNA מסגרת3922101,2,672,3.15,3.15,3.15,3.15,3.15,3.15
2019-07,SKU:3922103,3922103,GW........ מקום3 מתאם למסגרת3924201 SYSTEM לבן1 מודולVIRNA מסגרת3922101,1,30,3.15,3.15,3.15,3.15,3.15,3.15
2019-09,SKU:3922103,3922103,GW........ מקום3 מתאם למסגרת3924201 SYSTEM לבן1 מודולVIRNA מסגרת3922101,4,141,3.15,3.15,3.15,3.15,3.15,3.15
2019-10,SKU:3922103,3922103,GW........ מקום3 מתאם למסגרת3924201 SYSTEM לבן1 מודולVIRNA מסגרת3922101,6,698,3.15,3.15,3.15,3.15,3.15,3.15
2019-11,SKU:3922103,3922103,GW........ מקום3 מתאם למסגרת3924201 SYSTEM לבן1 מודולVIRNA מסגרת3922101,4,206,3.15,3.15,3.15,3.15,3.15,3.15
2017-10,SKU:3922104,3922104,"4000K 4W מ""מ105 לד עגולVEGA שקוע3850044",3,46,7.525,7.525,7.525,7.525,7.525,7.525
2018-12,SKU:3922104,3922104,"4000K 4W מ""מ105 לד עגולVEGA שקוע3850044",1,5,4.7,4.7,4.7,4.7,4.7,4.7
2019-01,SKU:3922104,3922104,"4000K 4W מ""מ105 לד עגולVEGA שקוע3850044",2,10,4.7,4.7,4.7,4.7,4.7,4.7
2019-03,SKU:3922104,3922104,"4000K 4W מ""מ105 לד עגולVEGA שקוע3850044",2,2,4.7,4.7,4.7,4.7,4.7,4.7
2019-06,SKU:3922104,3922104,"4000K 4W מ""מ105 לד עגולVEGA שקוע3850044",2,121,4.7,4.7,4.7,4.7,4.7,4.7
2019-07,SKU:3922104,3922104,"4000K 4W מ""מ105 לד עגולVEGA שקוע3850044",1,30,4.7,4.7,4.7,4.7,4.7,4.7
2019-09,SKU:3922104,3922104,"4000K 4W מ""מ105 לד עגולVEGA שקוע3850044",1,10,4.7,4.7,4.7,4.7,4.7,4.7
2019-10,SKU:3922104,3922104,"4000K 4W מ""מ105 לד עגולVEGA שקוע3850044",2,70,4.7,4.7,4.7,4.7,4.7,4.7
2019-11,SKU:3922104,3922104,"4000K 4W מ""מ105 לד עגולVEGA שקוע3850044",2,25,4.7,4.7,4.7,4.7,4.7,4.7
2017-10,SKU:3922106,3922106,SYSTEM לבן6 מודולVIRNA מסגרת,1,6,13.65,13.65,13.65,13.65,13.65,13.65
2019-06,SKU:3922106,3922106,SYSTEM לבן6 מודולVIRNA מסגרת,2,3,13.65,13.65,13.65,13.65,13.65,13.65
2019-09,SKU:3922106,3922106,SYSTEM לבן6 מודולVIRNA מסגרת,1,1,13.65,13.65,13.65,13.65,13.65,13.65
2019-10,SKU:3922106,3922106,SYSTEM לבן6 מודולVIRNA מסגרת,1,10,12.48,12.48,12.48,12.48,12.48,12.48
2017-10,SKU:3922114,3922114,VIRNA שחור4 מודולSYS מסגרת,2,6,20.454,20.4533,20.454,20.454,20.454,20.454
2023-12,SKU:3922451,3922451,"GW מוד' לבן3 מ""מCOM מסגרת",1,3,13.605,13.6067,13.605,13.605,13.605,13.605
2023-12,SKU:3922461,3922461,"GW מוד' לבן4 מ""מCOM מסגרת",1,4,23.1375,23.1375,23.1375,23.1375,23.1375,23.1375
2017-10,SKU:3922501,3922501,TOP מוד' לבן1 מסגרת,1,1,4.3155,4.32,4.3155,4.3155,4.3155,4.3155
2019-10,SKU:3922501,3922501,TOP מוד' לבן1 מסגרת,1,288,3.15,3.15,3.15,3.15,3.15,3.15
2020-03,SKU:3922501,3922501,TOP מוד' לבן1 מסגרת,1,8,3.15,3.15,3.15,3.15,3.15,3.15
2020-03,SKU:3922502,3922502,TOP מוד' לבן2 מסגרת,1,3,3.15,3.15,3.15,3.15,3.15,3.15
2019-10,SKU:3922503,3922503,TOP מוד' לבן3 מסגרת,1,96,3.15,3.15,3.15,3.15,3.15,3.15
2020-07,SKU:3922503,3922503,TOP מוד' לבן3 מסגרת,1,1,3.15,3.15,3.15,3.15,3.15,3.15
2019-10,SKU:3922504,3922504,TOP מוד' לבן4 מסגרת,1,96,4.7,4.7,4.7,4.7,4.7,4.7
2020-07,SKU:3922504,3922504,TOP מוד' לבן4 מסגרת,1,1,4.7,4.7,4.7,4.7,4.7,4.7
2017-10,SKU:3924201,3924201,GW SYSTEM מודול3 מתאם למסגרת,3,32,1.981,1.9809,1.981,1.981,1.981,1.981
2018-11,SKU:3924201,3924201,GW SYSTEM מודול3 מתאם למסגרת,3,130,1.8112,1.8112,1.8112,1.8112,1.8112,1.8112
2018-12,SKU:3924201,3924201,GW SYSTEM מודול3 מתאם למסגרת,4,380,1.8112,1.8201,1.8112,1.981,1.8112,1.8112
2019-06,SKU:3924201,3924201,GW SYSTEM מודול3 מתאם למסגרת,1,20,1.85,1.85,1.85,1.85,1.85,1.85
2019-07,SKU:3924201,3924201,GW SYSTEM מודול3 מתאם למסגרת,1,30,1.85,1.85,1.85,1.85,1.85,1.85
2019-09,SKU:3924201,3924201,GW SYSTEM מודול3 מתאם למסגרת,4,330,2.05,2.0439,1.85,2.05,2.05,2.05
2019-10,SKU:3924201,3924201,GW SYSTEM מודול3 מתאם למסגרת,1,2,2.05,2.05,2.05,2.05,2.05,2.05
2020-01,SKU:3924201,3924201,GW SYSTEM מודול3 מתאם למסגרת,1,1,1.8095,1.81,1.8095,1.8095,1.8095,1.8095
2020-02,SKU:3924201,3924201,GW SYSTEM מודול3 מתאם למסגרת,1,5,1.8095,1.81,1.8095,1.8095,1.8095,1.8095
2020-07,SKU:3924201,3924201,GW SYSTEM מודול3 מתאם למסגרת,1,1,2.05,2.05,2.05,2.05,2.05,2.05
2024-08,SKU:3924201,3924201,GW SYSTEM מודול3 מתאם למסגרת,1,60,2.304,2.304,2.304,2.304,2.304,2.304
2017-10,SKU:3924202,3924202,GW SYSTEM מודול4 מתאם למסגרת,3,18,5.6,5.6,5.6,5.6,5.6,5.6
2018-11,SKU:3924202,3924202,GW SYSTEM מודול4 מתאם למסגרת,1,20,4.95,4.95,4.95,4.95,4.95,4.95
2018-12,SKU:3924202,3924202,GW SYSTEM מודול4 מתאם למסגרת,2,50,5.035,4.984,4.95,5.12,5.12,4.95
2019-06,SKU:3924202,3924202,GW SYSTEM מודול4 מתאם למסגרת,1,30,4.95,4.95,4.95,4.95,4.95,4.95
2019-07,SKU:3924202,3924202,GW SYSTEM מודול4 מתאם למסגרת,2,50,4.95,4.95,4.95,4.95,4.95,4.95
2019-09,SKU:3924202,3924202,GW SYSTEM מודול4 מתאם למסגרת,1,10,4.95,4.95,4.95,4.95,4.95,4.95
2020-02,SKU:3924202,3924202,GW SYSTEM מודול4 מתאם למסגרת,1,2,4.6655,4.665,4.6655,4.6655,4.6655,4.6655
2020-07,SKU:3924202,3924202,GW SYSTEM מודול4 מתאם למסגרת,1,1,4.95,4.95,4.95,4.95,4.95,4.95
2024-08,SKU:3924202,3924202,GW SYSTEM מודול4 מתאם למסגרת,1,30,4.5792,4.5793,4.5792,4.5792,4.5792,4.5792
2017-10,SKU:3924211,3924211,GEWISS מוד' לבן3 מסגרת אטומה,1,4,9.331,9.33,9.331,9.331,9.331,9.331
2019-06,SKU:3924211,3924211,GEWISS מוד' לבן3 מסגרת אטומה,1,1,5.5456,5.55,5.5456,5.5456,5.5456,5.5456
2021-09,SKU:3924220,3924220,ברגים+7 גוויס מכסה,1,25,3.02,3.0168,3.02,3.02,3.02,3.02
2022-01,SKU:3924220,3924220,ברגים+7 גוויס מכסה,1,5,3.1425,,3.1425,3.1425,3.1425,3.1425
2019-06,SKU:3924230,3924230,TOP ' מודו6 ל TOP מתאם,1,10,8.16,8.16,8.16,8.16,8.16,8.16
2023-12,SKU:3924230,3924230,TOP ' מודו6 ל TOP מתאם,1,1,7.44,7.44,7.44,7.44,7.44,7.44
2017-10,SKU:3924262,3924262,GEWISS TOP מודול2-מתאם ל,1,3,2.59,2.59,2.59,2.59,2.59,2.59
2022-08,SKU:3924403,3924403,"GEWISS מודול תה""ט לבטון3 קופסא",3,60,1.2,0.6,0,1.2,1.2,0
2022-08,SKU:3924404,3924404,"GEWISS מודול תה""ט לבטון4 קופסא",1,10,0,0,0,0,0,0
2019-01,SKU:3927043,3927043,"מקום עה""ט מ.מים3 קומבי",1,1,19.131,19.13,19.131,19.131,19.131,19.131
2020-11,SKU:3940102,3940102,"CE 4 IP-65 מודול8 לוח עה""ט",1,1,59.5,59.5,59.5,59.5,59.5,59.5
2023-07,SKU:3942211,3942211,זכוכית להחלפה עבור,1,1,9.0825,9.08,9.0825,9.0825,9.0825,9.0825
2023-08,SKU:3942211,3942211,זכוכית להחלפה עבור,1,1,9.0825,9.08,9.0825,9.0825,9.0825,9.0825
2018-11,SKU:3942216,3942216,GEWISS פטיש עם כבל בטחון,1,1,24.5,24.5,24.5,24.5,24.5,24.5
2021-11,SKU:3942216,3942216,GEWISS פטיש עם כבל בטחון,2,2,26.7375,,26.7375,26.7375,26.7375,26.7375
2023-04,SKU:3944002,3944002,GEWISS 80x4650° קופסא סעף,1,30,4.0725,4.0727,4.0725,4.0725,4.0725,4.0725
2024-04,SKU:3944002,3944002,GEWISS 80x4650° קופסא סעף,1,15,4.0725,4.0727,4.0725,4.0725,4.0725,4.0725
2017-10,SKU:3944003,3944003,IP-44 כניסות+ 80x80x4 קופ' סעף,1,5,4,4,4,4,4,4
2019-06,SKU:3944003,3944003,IP-44 כניסות+ 80x80x4 קופ' סעף,1,20,3.3845,3.3845,3.3845,3.3845,3.3845,3.3845
2019-08,SKU:3944003,3944003,IP-44 כניסות+ 80x80x4 קופ' סעף,1,10,3.0944,3.094,3.0944,3.0944,3.0944,3.0944
2019-10,SKU:3944003,3944003,IP-44 כניסות+ 80x80x4 קופ' סעף,1,10,3.0944,3.094,3.0944,3.0944,3.0944,3.0944
2020-04,SKU:3944006,3944006,IP55 כניסות+150x110x7 °65 קופ' סעף,2,3,11.3855,11.3867,11.3855,11.3855,11.3855,11.3855
2020-06,SKU:3944006,3944006,IP55 כניסות+150x110x7 °65 קופ' סעף,1,10,11.3855,11.386,11.3855,11.3855,11.3855,11.3855
2020-07,SKU:3944006,3944006,IP55 כניסות+150x110x7 °65 קופ' סעף,1,1,11.3855,11.39,11.3855,11.3855,11.3855,11.3855
2022-08,SKU:3944006,3944006,IP55 כניסות+150x110x7 °65 קופ' סעף,1,1,14.2425,14.24,14.2425,14.2425,14.2425,14.2425
2020-09,SKU:3944007,3944007,GEWISS IP55 כניסות+190x140x7650° קופסא סעף,1,10,16,16,16,16,16,16
2022-05,SKU:3944007,3944007,GEWISS IP55 כניסות+190x140x7650° קופסא סעף,1,1,19.116,19.12,19.116,19.116,19.116,19.116
2024-09,SKU:3944007,3944007,GEWISS IP55 כניסות+190x140x7650° קופסא סעף,1,1,18.0225,18.02,18.0225,18.0225,18.0225,18.0225
2019-09,SKU:3944024,3944024,כניסותIP5510x10x5650° קופ' אטומה,1,2,8.55,8.55,8.55,8.55,8.55,8.55
2020-04,SKU:3944024,3944024,כניסותIP5510x10x5650° קופ' אטומה,1,1,6.65,6.65,6.65,6.65,6.65,6.65
2020-07,SKU:3944053,3944053,GEWISS IP44 כניסות+ 80x8960° קופסא סעף,2,41,3.6155,3.6156,3.6155,3.6155,3.6155,3.6155
2020-12,SKU:3944053,3944053,GEWISS IP44 כניסות+ 80x8960° קופסא סעף,1,30,3.6155,3.6157,3.6155,3.6155,3.6155,3.6155
2022-01,SKU:3944053,3944053,GEWISS IP44 כניסות+ 80x8960° קופסא סעף,1,10,4.0125,,4.0125,4.0125,4.0125,4.0125
2024-08,SKU:3944053,3944053,GEWISS IP44 כניסות+ 80x8960° קופסא סעף,1,5,4.0725,4.072,4.0725,4.0725,4.0725,4.0725
2020-08,SKU:3944054,3944054,(100) SAPISELCO 284.5 חבק לבן90020,1,6,6.65,6.65,6.65,6.65,6.65,6.65
2022-12,SKU:3944054,3944054,(100) SAPISELCO 284.5 חבק לבן90020,1,1,6.2175,6.22,6.2175,6.2175,6.2175,6.2175
2024-11,SKU:3944205,3944205,GEWISS IP56120x80x5650° קופסא אטומה,1,5,6.8625,6.862,6.8625,6.8625,6.8625,6.8625
2020-02,SKU:3944206,3944206,IP56150x110x7650° קופ' אטומה,1,5,12.9703,12.97,12.9703,12.9703,12.9703,12.9703
2020-04,SKU:3944206,3944206,IP56150x110x7650° קופ' אטומה,1,1,9.2645,9.26,9.2645,9.2645,9.2645,9.2645
2021-12,SKU:3944206,3944206,IP56150x110x7650° קופ' אטומה,3,10,10.12,10.118,10.12,10.12,10.12,10.12
2022-05,SKU:3944206,3944206,IP56150x110x7650° קופ' אטומה,1,2,11.355,11.355,11.355,11.355,11.355,11.355
2022-06,SKU:3944206,3944206,IP56150x110x7650° קופ' אטומה,1,2,11.355,11.355,11.355,11.355,11.355,11.355
2021-03,SKU:3944207,3944207,GEWISS IP56190x140x7650° קופסא אטומה,1,8,17.33,17.3325,17.33,17.33,17.33,17.33
2021-11,SKU:3944207,3944207,GEWISS IP56190x140x7650° קופסא אטומה,2,12,15.87,,15.87,15.87,15.87,15.87
2021-12,SKU:3944207,3944207,GEWISS IP56190x140x7650° קופסא אטומה,2,2,15.87,15.87,15.87,15.87,15.87,15.87
2022-06,SKU:3944207,3944207,GEWISS IP56190x140x7650° קופסא אטומה,1,5,17.835,17.836,17.835,17.835,17.835,17.835
2023-06,SKU:3944207,3944207,GEWISS IP56190x140x7650° קופסא אטומה,1,1,17.835,17.84,17.835,17.835,17.835,17.835
2024-10,SKU:3944207,3944207,GEWISS IP56190x140x7650° קופסא אטומה,1,1,17.835,17.84,17.835,17.835,17.835,17.835
2024-11,SKU:3944207,3944207,GEWISS IP56190x140x7650° קופסא אטומה,1,5,17.835,17.836,17.835,17.835,17.835,17.835
2021-03,SKU:3944208,3944208,IP56190x140x7650° קופ' אטומה3944207 DIN 8.4 קדח-1 נ.כ4951330011,1,4,56,56,56,56,56,56
2021-05,SKU:3944208,3944208,IP56190x140x7650° קופ' אטומה3944207 DIN 8.4 קדח-1 נ.כ4951330011,1,1,49,,49,49,49,49
2021-11,SKU:3944208,3944208,IP56190x140x7650° קופ' אטומה3944207 DIN 8.4 קדח-1 נ.כ4951330011,1,1,27.9,,27.9,27.9,27.9,27.9
2022-02,SKU:3944208,3944208,IP56190x140x7650° קופ' אטומה3944207 DIN 8.4 קדח-1 נ.כ4951330011,1,1,29.5725,,29.5725,29.5725,29.5725,29.5725
2022-06,SKU:3944208,3944208,IP56190x140x7650° קופ' אטומה3944207 DIN 8.4 קדח-1 נ.כ4951330011,1,1,31.35,31.35,31.35,31.35,31.35,31.35
2021-11,SKU:3944216,3944216,IP56150x100x14650° קופסא אטומה,1,1,23.25,,23.25,23.25,23.25,23.25
2021-03,SKU:3944234,3944234,IP56120x80x5650° קופ' אטומה3944205,1,10,6.53,6.532,6.53,6.53,6.53,6.53
2021-05,SKU:3948004,3948004,"x98x7 קופ' סעף תה""ט",1,1,3.932,,3.932,3.932,3.932,3.932
2019-08,SKU:3952007,3952007,IP66 PG 29 כניסה אנטיגרון,1,4,6.3175,6.3175,6.3175,6.3175,6.3175,6.3175
2020-07,SKU:3960004,3960004,GW IP443x16 ניידCEE תקע,1,2,7,7,7,7,7,7
2024-10,SKU:3960004,3960004,GW IP443x16 ניידCEE תקע,1,1,8.43,8.43,8.43,8.43,8.43,8.43
2020-01,SKU:3960009,3960009,GW IP445x16 ניידCEE תקע,1,1,9.1,9.1,9.1,9.1,9.1,9.1
2024-09,SKU:3960009,3960009,GW IP445x16 ניידCEE תקע,1,1,11.1,11.1,11.1,11.1,11.1,11.1
2017-10,SKU:3960020,3960020,GW IP445x32 ניידCEE תקע,1,1,17.1815,17.18,17.1815,17.1815,17.1815,17.1815
2020-03,SKU:3960042,3960042,IP675x32 ניידCEE תקע,1,1,38.6925,38.69,38.6925,38.6925,38.6925,38.6925
2017-10,SKU:3962020,3962020,GW IP445x32 ניידCEE שקע,1,1,23.52,23.52,23.52,23.52,23.52,23.52
2020-03,SKU:3962042,3962042,GW IP675x32 ניידCEE שקע,1,1,49.5705,49.57,49.5705,49.5705,49.5705,49.5705
2024-10,SKU:3962477,3962477,GW IP443x1690° עהטCEE שקע,1,1,19.6725,19.67,19.6725,19.6725,19.6725,19.6725
2017-10,SKU:3962482,3962482,GW IP445x169 עהטCEE שקע,2,3,22.0815,22.08,22.0815,22.0815,22.0815,22.0815
2019-01,SKU:3962482,3962482,GW IP445x169 עהטCEE שקע,1,1,20.1888,20.19,20.1888,20.1888,20.1888,20.1888
2021-09,SKU:3962482,3962482,GW IP445x169 עהטCEE שקע,1,1,21.2,21.2,21.2,21.2,21.2,21.2
2019-01,SKU:3962488,3962488,GW IP443x329 עהטCEE שקע,1,1,34.7936,34.79,34.7936,34.7936,34.7936,34.7936
2021-08,SKU:39689199,39689199,GEWISS IP67 פחתים2 + 25A ארון חשמל זמני,1,1,900,,900,900,900,900
2017-10,SKU:3970432,3970432,IP-653x16A מנתק בעומס/פקטGEWISS,1,1,65.45,65.45,65.45,65.45,65.45,65.45
2021-06,SKU:3992006,3992006,P 10A 6kA C GEWISS חצי אוטומט,1,100,6.9,,6.9,6.9,6.9,6.9
2021-07,SKU:3992006,3992006,P 10A 6kA C GEWISS חצי אוטומט,1,36,7.9,,7.9,7.9,7.9,7.9
2021-08,SKU:3992006,3992006,P 10A 6kA C GEWISS חצי אוטומט,5,138,8.5,,8.5,8.5,8.5,8.5
2021-10,SKU:3992006,3992006,P 10A 6kA C GEWISS חצי אוטומט,2,120,8.5,,8.5,8.5,8.5,8.5
2021-11,SKU:3992006,3992006,P 10A 6kA C GEWISS חצי אוטומט,3,90,8.5,,8.5,8.5,8.5,8.5
2022-01,SKU:3992006,3992006,P 10A 6kA C GEWISS חצי אוטומט,1,12,8.5,,8.5,8.5,8.5,8.5
2024-04,SKU:3992006,3992006,P 10A 6kA C GEWISS חצי אוטומט,1,24,9.1512,9.1512,9.1512,9.1512,9.1512,9.1512
2024-05,SKU:3992006,3992006,P 10A 6kA C GEWISS חצי אוטומט,1,30,8.897,8.897,8.897,8.897,8.897,8.897
2025-02,SKU:3992006,3992006,P 10A 6kA C GEWISS חצי אוטומט,1,1,8.897,8.9,8.897,8.897,8.897,8.897
2021-06,SKU:3992007,3992007,P 16A 6kA C GEWISS חצי אוטומט,2,156,7.3,,7.3,7.3,7.3,7.3
2021-07,SKU:3992007,3992007,P 16A 6kA C GEWISS חצי אוטומט,1,60,7.9,,7.9,7.9,7.9,7.9
2021-08,SKU:3992007,3992007,P 16A 6kA C GEWISS חצי אוטומט,3,192,8.5,,8.5,8.5,8.5,8.5
2021-10,SKU:3992007,3992007,P 16A 6kA C GEWISS חצי אוטומט,3,138,8.5,,8.5,8.5,8.5,8.5
2021-11,SKU:3992007,3992007,P 16A 6kA C GEWISS חצי אוטומט,3,86,8.5,,8.5,8.5,8.5,8.5
2022-01,SKU:3992007,3992007,P 16A 6kA C GEWISS חצי אוטומט,4,78,8.5,,8.5,9.885,9.885,8.5
2023-07,SKU:3992007,3992007,P 16A 6kA C GEWISS חצי אוטומט,1,12,9.5325,9.5325,9.5325,9.5325,9.5325,9.5325
2024-04,SKU:3992007,3992007,P 16A 6kA C GEWISS חצי אוטומט,2,54,9.1512,9.1513,9.1512,9.1512,9.1512,9.1512
2024-05,SKU:3992007,3992007,P 16A 6kA C GEWISS חצי אוטומט,2,78,8.897,8.8971,8.897,8.897,8.897,8.897
2024-06,SKU:3992007,3992007,P 16A 6kA C GEWISS חצי אוטומט,2,60,8.897,8.897,8.897,8.897,8.897,8.897
2024-10,SKU:3992007,3992007,P 16A 6kA C GEWISS חצי אוטומט,1,2,9.5325,9.535,9.5325,9.5325,9.5325,9.5325
2024-07,SKU:3992008,3992008,P 20A 6kA C GEWISS חצי אוטומט,1,6,9.9375,9.9383,9.9375,9.9375,9.9375,9.9375
2021-06,SKU:3992067,3992067,P 16A 6kA C GEWISS חצי אוטומט,2,18,49,,42,56,42,56
2021-07,SKU:3992067,3992067,P 16A 6kA C GEWISS חצי אוטומט,1,6,45,,45,45,45,45
2021-08,SKU:3992067,3992067,P 16A 6kA C GEWISS חצי אוטומט,3,14,45,,45,45,45,45
2021-10,SKU:3992067,3992067,P 16A 6kA C GEWISS חצי אוטומט,1,4,45,,45,45,45,45
2021-12,SKU:3992067,3992067,P 16A 6kA C GEWISS חצי אוטומט,1,4,51.15,51.15,51.15,51.15,51.15,51.15
2022-01,SKU:3992067,3992067,P 16A 6kA C GEWISS חצי אוטומט,4,46,45,,45,45,45,45
2022-07,SKU:3992067,3992067,P 16A 6kA C GEWISS חצי אוטומט,1,1,45.76,45.76,45.76,45.76,45.76,45.76
2024-05,SKU:3992067,3992067,P 16A 6kA C GEWISS חצי אוטומט,2,8,44.485,44.485,44.485,44.485,44.485,44.485
2024-05,SKU:3992068,3992068,P 20A 6kA C GEWISS חצי אוטומט,1,6,44.485,44.485,44.485,44.485,44.485,44.485
2024-06,SKU:3992068,3992068,P 20A 6kA C GEWISS חצי אוטומט,1,1,44.485,44.49,44.485,44.485,44.485,44.485
2024-07,SKU:3992068,3992068,P 20A 6kA C GEWISS חצי אוטומט,2,3,43.214,43.2133,43.214,43.214,43.214,43.214
2021-06,SKU:3992069,3992069,P 25A 6kA C GEWISS חצי אוטומט,1,8,49,,49,49,49,49
2021-10,SKU:3992069,3992069,P 25A 6kA C GEWISS חצי אוטומט,3,58,45,,45,45,45,45
2021-11,SKU:3992069,3992069,P 25A 6kA C GEWISS חצי אוטומט,3,7,45,,45,45,45,45
2022-01,SKU:3992069,3992069,P 25A 6kA C GEWISS חצי אוטומט,1,2,45,,45,45,45,45
2024-05,SKU:3992069,3992069,P 25A 6kA C GEWISS חצי אוטומט,1,4,44.485,44.485,44.485,44.485,44.485,44.485
2024-06,SKU:3992069,3992069,P 25A 6kA C GEWISS חצי אוטומט,1,1,45.756,45.76,45.756,45.756,45.756,45.756
2022-01,SKU:3992070,3992070,P 32A 6kA C GEWISS חצי אוטומט,1,2,45,,45,45,45,45
2024-06,SKU:3992070,3992070,P 32A 6kA C GEWISS חצי אוטומט,1,1,44.485,44.49,44.485,44.485,44.485,44.485
2024-07,SKU:3992070,3992070,P 32A 6kA C GEWISS חצי אוטומט,1,1,43.214,43.21,43.214,43.214,43.214,43.214
2021-11,SKU:3992071,3992071,P 40A 6kA C GEWISS חצי אוטומט,1,1,49,,49,49,49,49
2022-01,SKU:3992071,3992071,P 40A 6kA C GEWISS חצי אוטומט,2,3,49,,49,49,49,49
2024-06,SKU:3992071,3992071,P 40A 6kA C GEWISS חצי אוטומט,1,1,52.08,52.08,52.08,52.08,52.08,52.08
2024-06,SKU:3992073,3992073,P 63A 6kA C GEWISS חצי אוטומט,1,1,52.08,52.08,52.08,52.08,52.08,52.08
2019-03,SKU:4201506,4201506,!!! בלדח דקור' קומפלט תקני10500246.00% שח1.33 מטר100.00קשיח PVC כחול2.5 חוט55034,2,2,120,120,120,120,120,120
2024-07,SKU:4223214172,4223214172,3000K שקוע לבן35/35 לונה7,12,41.25,190,189.977,190,190,190,190
2024-08,SKU:4223214172,4223214172,3000K שקוע לבן35/35 לונה7,1,1.9,190,190,190,190,190,190
2019-01,SKU:4314100,4314100,ExL צהובOLFA סכין יפנית רחבה995650531,1,4,3.2,3.2,3.2,3.2,3.2,3.2
2019-11,SKU:4314100,4314100,ExL צהובOLFA סכין יפנית רחבה995650531,1,1,3.2,3.2,3.2,3.2,3.2,3.2
2020-01,SKU:4314100,4314100,ExL צהובOLFA סכין יפנית רחבה995650531,1,2,3.2,3.2,3.2,3.2,3.2,3.2
2024-02,SKU:4314100,4314100,ExL צהובOLFA סכין יפנית רחבה995650531,1,6,3.255,3.255,3.255,3.255,3.255,3.255
2017-10,SKU:4320050,4320050,פלטה+M6 בורג+ 95-12 מהדק אומגה,1,3,4,4,4,4,4,4
2022-06,SKU:4413935,4413935,(אוזנים4 אוזני תליה)סט של,1,1,19.6,19.6,19.6,19.6,19.6,19.6
2025-01,SKU:4413935,4413935,(אוזנים4 אוזני תליה)סט של,1,1,24.48,24.48,24.48,24.48,24.48,24.48
2017-10,SKU:4426152,4426152,"LP1K0910BD כ""ס5.5 מגען מיני",1,2,108.9,108.9,108.9,108.9,108.9,108.9
2017-10,SKU:4426439,4426439,V LC1K0910B71NO 5.5HP מגען מיני,1,2,53.35,53.35,53.35,53.35,53.35,53.35
2017-10,SKU:4427825,4427825,xALK174/178 לחצן פיטריה+'קופ,1,1,106.7,106.7,106.7,106.7,106.7,106.7
2024-10,SKU:4427825,4427825,xALK174/178 לחצן פיטריה+'קופ,1,2,137.52,137.52,137.52,137.52,137.52,137.52
2017-10,SKU:4427826,4427826,xALK184/188 מפתח+לחצן פטריה+'קופ,1,1,143,143,143,143,143,143
2021-08,SKU:4427826,4427826,xALK184/188 מפתח+לחצן פטריה+'קופ,1,3,141.61,,141.61,141.61,141.61,141.61
2021-09,SKU:4427826,4427826,xALK184/188 מפתח+לחצן פטריה+'קופ,1,2,130.05,130.05,130.05,130.05,130.05,130.05
2021-10,SKU:4427826,4427826,xALK184/188 מפתח+לחצן פטריה+'קופ,1,1,141.61,,141.61,141.61,141.61,141.61
2023-09,SKU:4427826,4427826,xALK184/188 מפתח+לחצן פטריה+'קופ,1,2,148.2,148.2,148.2,148.2,148.2,148.2
2024-10,SKU:4427826,4427826,xALK184/188 מפתח+לחצן פטריה+'קופ,1,1,185.04,185.04,185.04,185.04,185.04,185.04
2021-10,SKU:4429761,4429761,ZENL1111xAL לקופסאNO מגע,1,5,11.27,,11.27,11.27,11.27,11.27
2024-10,SKU:4429761,4429761,ZENL1111xAL לקופסאNO מגע,1,3,14.76,14.76,14.76,14.76,14.76,14.76
2021-10,SKU:4429763,4429763,ZENL1121xAL לקופסאNC מגע,2,8,11.27,,11.27,11.27,11.27,11.27
2022-04,SKU:4610401,4610401,x16 לקירCEE שקע,2,6,6.6525,6.6533,6.6525,6.6525,6.6525,6.6525
2022-05,SKU:4610401,4610401,x16 לקירCEE שקע,1,4,6.3864,6.3875,6.3864,6.3864,6.3864,6.3864
2022-10,SKU:4610401,4610401,x16 לקירCEE שקע,1,4,6.6525,6.6525,6.6525,6.6525,6.6525,6.6525
2022-12,SKU:4610401,4610401,x16 לקירCEE שקע,1,4,6.6525,6.6525,6.6525,6.6525,6.6525,6.6525
2019-06,SKU:4610405,4610405,x16 לקירCEE שקע,1,2,7.772,7.77,7.772,7.772,7.772,7.772
2019-10,SKU:4610405,4610405,x16 לקירCEE שקע,2,2,8.2577,8.255,7.772,8.7435,7.772,8.7435
2020-01,SKU:4610405,4610405,x16 לקירCEE שקע,2,2,7.772,7.77,7.772,7.772,7.772,7.772
2020-09,SKU:4610405,4610405,x16 לקירCEE שקע,1,10,7.353,7.353,7.353,7.353,7.353,7.353
2021-06,SKU:4610405,4610405,x16 לקירCEE שקע,1,1,6.536,,6.536,6.536,6.536,6.536
2021-11,SKU:4610405,4610405,x16 לקירCEE שקע,2,8,7.3125,,7.3125,7.3125,7.3125,7.3125
2022-01,SKU:4610405,4610405,x16 לקירCEE שקע,1,6,7.3125,,7.3125,7.3125,7.3125,7.3125
2022-02,SKU:4610405,4610405,x16 לקירCEE שקע,1,4,7.3125,,7.3125,7.3125,7.3125,7.3125
2022-04,SKU:4610405,4610405,x16 לקירCEE שקע,1,2,7.3125,7.315,7.3125,7.3125,7.3125,7.3125
2022-09,SKU:4610405,4610405,x16 לקירCEE שקע,1,1,7.3125,7.31,7.3125,7.3125,7.3125,7.3125
2022-11,SKU:4610405,4610405,x16 לקירCEE שקע,1,2,7.3125,7.315,7.3125,7.3125,7.3125,7.3125
2023-08,SKU:4610405,4610405,x16 לקירCEE שקע,2,6,7.3125,7.3133,7.3125,7.3125,7.3125,7.3125
2023-09,SKU:4610405,4610405,x16 לקירCEE שקע,1,6,7.3125,7.3133,7.3125,7.3125,7.3125,7.3125
2024-01,SKU:4610405,4610405,x16 לקירCEE שקע,3,22,7.3125,7.3127,7.3125,7.3125,7.3125,7.3125
2024-05,SKU:4610405,4610405,x16 לקירCEE שקע,3,9,7.3125,7.3133,7.3125,7.3125,7.3125,7.3125
2024-08,SKU:4610405,4610405,x16 לקירCEE שקע,1,8,7.3125,7.3125,7.3125,7.3125,7.3125,7.3125
2024-09,SKU:4610405,4610405,x16 לקירCEE שקע,1,8,7.3125,7.3125,7.3125,7.3125,7.3125,7.3125
2017-10,SKU:4610406,4610406,x32 לקירCEE שקע,1,1,9.876,9.88,9.876,9.876,9.876,9.876
2019-01,SKU:4610406,4610406,x32 לקירCEE שקע,1,1,9.876,9.88,9.876,9.876,9.876,9.876
2020-04,SKU:4610406,4610406,x32 לקירCEE שקע,1,3,9.876,9.8767,9.876,9.876,9.876,9.876
2020-12,SKU:4610406,4610406,x32 לקירCEE שקע,1,1,9.876,9.88,9.876,9.876,9.876,9.876
2021-11,SKU:4610406,4610406,x32 לקירCEE שקע,1,2,11.0475,,11.0475,11.0475,11.0475,11.0475
2023-11,SKU:4610406,4610406,x32 לקירCEE שקע,1,1,11.0475,11.05,11.0475,11.0475,11.0475,11.0475
2022-06,SKU:4610417,4610417,x16 ניידCEE שקע,1,2,5.3025,5.305,5.3025,5.3025,5.3025,5.3025
2023-07,SKU:4610421,4610421,5x16 ניידCEE שקע,1,1,6.525,6.53,6.525,6.525,6.525,6.525
2019-09,SKU:4610422,4610422,x32 ניידCEE שקע,1,1,10.2735,10.27,10.2735,10.2735,10.2735,10.2735
2023-07,SKU:4610422,4610422,x32 ניידCEE שקע,1,1,10.215,10.22,10.215,10.215,10.215,10.215
2019-09,SKU:4610425,4610425,x16 ניידCEE תקע,1,1,6.2505,6.25,6.2505,6.2505,6.2505,6.2505
2020-03,SKU:4610425,4610425,x16 ניידCEE תקע,1,2,5.556,5.555,5.556,5.556,5.556,5.556
2020-09,SKU:4610425,4610425,x16 ניידCEE תקע,1,2,4.5276,4.53,4.5276,4.5276,4.5276,4.5276
2020-12,SKU:4610425,4610425,x16 ניידCEE תקע,1,1,4.5276,4.53,4.5276,4.5276,4.5276,4.5276
2021-08,SKU:4610425,4610425,x16 ניידCEE תקע,1,2,4.4208,,4.4208,4.4208,4.4208,4.4208
2022-04,SKU:4610425,4610425,x16 ניידCEE תקע,1,4,4.605,4.605,4.605,4.605,4.605,4.605
2022-05,SKU:4610425,4610425,x16 ניידCEE תקע,1,6,4.4208,4.42,4.4208,4.4208,4.4208,4.4208
2022-06,SKU:4610425,4610425,x16 ניידCEE תקע,1,2,4.605,4.605,4.605,4.605,4.605,4.605
2022-10,SKU:4610425,4610425,x16 ניידCEE תקע,1,4,4.605,4.605,4.605,4.605,4.605,4.605
2022-12,SKU:4610425,4610425,x16 ניידCEE תקע,1,4,4.605,4.605,4.605,4.605,4.605,4.605
2024-08,SKU:4610425,4610425,x16 ניידCEE תקע,1,1,4.605,4.61,4.605,4.605,4.605,4.605
2018-11,SKU:4610429,4610429,5x16 ניידCEE תקע,1,1,6.788,6.79,6.788,6.788,6.788,6.788
2020-01,SKU:4610429,4610429,5x16 ניידCEE תקע,2,2,6.788,6.79,6.788,6.788,6.788,6.788
2020-02,SKU:4610429,4610429,5x16 ניידCEE תקע,1,1,6.4,6.4,6.4,6.4,6.4,6.4
2020-10,SKU:4610429,4610429,5x16 ניידCEE תקע,1,1,7.2,7.2,7.2,7.2,7.2,7.2
2020-11,SKU:4610429,4610429,5x16 ניידCEE תקע,1,2,7.2,7.2,7.2,7.2,7.2,7.2
2020-12,SKU:4610429,4610429,5x16 ניידCEE תקע,1,2,6.4,6.4,6.4,6.4,6.4,6.4
2022-10,SKU:4610429,4610429,5x16 ניידCEE תקע,2,6,7.1625,7.1633,7.1625,7.1625,7.1625,7.1625
2023-02,SKU:4610429,4610429,5x16 ניידCEE תקע,1,2,7.1625,7.165,7.1625,7.1625,7.1625,7.1625
2023-07,SKU:4610429,4610429,5x16 ניידCEE תקע,1,1,7.1625,7.16,7.1625,7.1625,7.1625,7.1625
2023-12,SKU:4610429,4610429,5x16 ניידCEE תקע,1,1,7.1625,7.16,7.1625,7.1625,7.1625,7.1625
2024-03,SKU:4610429,4610429,5x16 ניידCEE תקע,1,1,7.1625,7.16,7.1625,7.1625,7.1625,7.1625
2024-04,SKU:4610429,4610429,5x16 ניידCEE תקע,1,1,7.1625,7.16,7.1625,7.1625,7.1625,7.1625
2019-09,SKU:4610430,4610430,5x32 ניידCEE תקע,1,4,10.413,10.4125,10.413,10.413,10.413,10.413
2020-10,SKU:4610430,4610430,5x32 ניידCEE תקע,1,2,8.793,8.795,8.793,8.793,8.793,8.793
2021-06,SKU:4610430,4610430,5x32 ניידCEE תקע,1,1,8.6,,8.6,8.6,8.6,8.6
2023-02,SKU:4610430,4610430,5x32 ניידCEE תקע,1,1,8.7525,8.75,8.7525,8.7525,8.7525,8.7525
2023-07,SKU:4610430,4610430,5x32 ניידCEE תקע,1,1,8.7525,8.75,8.7525,8.7525,8.7525,8.7525
2023-12,SKU:4610430,4610430,5x32 ניידCEE תקע,1,1,8.7525,8.75,8.7525,8.7525,8.7525,8.7525
2024-04,SKU:4610430,4610430,5x32 ניידCEE תקע,1,1,8.7525,8.75,8.7525,8.7525,8.7525,8.7525
2024-05,SKU:4610430,4610430,5x32 ניידCEE תקע,1,1,8.7525,8.75,8.7525,8.7525,8.7525,8.7525
2024-07,SKU:4610430,4610430,5x32 ניידCEE תקע,1,1,8.7525,8.75,8.7525,8.7525,8.7525,8.7525
2017-10,SKU:4610440,4610440,x32 לקירCEE תקע,1,1,12.96,12.96,12.96,12.96,12.96,12.96
2020-12,SKU:4611002,4611002,W בהירE27 נורה ליבון,1,10,1.4,1.4,1.4,1.4,1.4,1.4
2019-10,SKU:4611004,4611004,W בהירE27 נורה ליבון,1,50,1.8,1.8,1.8,1.8,1.8,1.8
2020-07,SKU:4611004,4611004,W בהירE27 נורה ליבון,2,20,1.8,1.8,1.8,1.8,1.8,1.8
2020-11,SKU:4611004,4611004,W בהירE27 נורה ליבון,2,20,1.316,1.316,1.3,1.332,1.332,1.3
2021-06,SKU:4611004,4611004,W בהירE27 נורה ליבון,1,10,1.484,,1.484,1.484,1.484,1.484
2022-12,SKU:4611004,4611004,W בהירE27 נורה ליבון,1,30,1.8,1.8,1.8,1.8,1.8,1.8
2023-02,SKU:4611004,4611004,W בהירE27 נורה ליבון,1,20,2.25,2.25,2.25,2.25,2.25,2.25
2019-09,SKU:46112061,46112061,W.W 220V דקרויקה7W LED נורה,1,4,10.284,10.285,10.284,10.284,10.284,10.284
2022-04,SKU:461123053,461123053,DL E277W נורה כדור לד,1,2,3.6075,3.61,3.6075,3.6075,3.6075,3.6075
2024-08,SKU:461123054,461123054,אור חםWW E277W נורה כדור לד,1,3,3.8475,3.8467,3.8475,3.8475,3.8475,3.8475
2022-02,SKU:4611230540,4611230540,CW E277W נורה כדור לד,1,6,4.185,,4.185,4.185,4.185,4.185
2020-09,SKU:461123424,461123424,WW E-277W LED נורת נר,1,12,7.5416,7.5417,7.5416,7.5416,7.5416,7.5416
2021-05,SKU:461123424,461123424,WW E-277W LED נורת נר,1,10,7.5416,,7.5416,7.5416,7.5416,7.5416
2019-01,SKU:461123467,461123467,הזנה אחתTUBE LED 18-22W DL'מ1.2 T8 נורה,1,10,14.86,14.86,14.86,14.86,14.86,14.86
2019-07,SKU:461123467,461123467,הזנה אחתTUBE LED 18-22W DL'מ1.2 T8 נורה,1,20,14.86,14.86,14.86,14.86,14.86,14.86
2020-07,SKU:4611235033,4611235033,DL E27 נורה לד תואם ליבון ' יח90.04611235033 אור קר11W,1,1,4.456,4.46,4.456,4.456,4.456,4.456
2024-03,SKU:4611235033,4611235033,DL E27 נורה לד תואם ליבון ' יח90.04611235033 אור קר11W,1,3,3.8475,3.8467,3.8475,3.8475,3.8475,3.8475
2021-11,SKU:4611235056,4611235056,בית חכם 14W RGB נורה ליבון לד,2,3,33.7125,,33.7125,33.7125,33.7125,33.7125
2023-11,SKU:4611235056,4611235056,בית חכם 14W RGB נורה ליבון לד,1,1,24.9975,25,24.9975,24.9975,24.9975,24.9975
2022-04,SKU:461123506,461123506,E2715W/DL נורה לד תואם ליבון,1,93,4.27,4.27,4.27,4.27,4.27,4.27
2019-08,SKU:4611235061,4611235061,E2715W/WW נורת לד תואם ליבון,1,10,10.017,10.017,10.017,10.017,10.017,10.017
2020-12,SKU:4611235062,4611235062,E27 אור ניטרליCW נורה לד תואם ליבון ' יח2.0461123506215W,2,18,5.484,5.4839,5.484,5.484,5.484,5.484
2023-06,SKU:4611235062,4611235062,E27 אור ניטרליCW נורה לד תואם ליבון ' יח2.0461123506215W,1,2,6.0675,6.07,6.0675,6.0675,6.0675,6.0675
2023-08,SKU:4611235062,4611235062,E27 אור ניטרליCW נורה לד תואם ליבון ' יח2.0461123506215W,2,3,6.0675,6.07,6.0675,6.0675,6.0675,6.0675
2020-02,SKU:4611235063,4611235063,E2715W/DL (נורות לד3) מארז,1,1,18.513,18.51,18.513,18.513,18.513,18.513
2022-04,SKU:4611235063,4611235063,E2715W/DL (נורות לד3) מארז,1,1,16.2525,16.25,16.2525,16.2525,16.2525,16.2525
2022-06,SKU:4611235063,4611235063,E2715W/DL (נורות לד3) מארז,1,3,16.2525,16.2533,16.2525,16.2525,16.2525,16.2525
2022-05,SKU:4611235064,4611235064,E2715W CW (נורות לד3) מארז,1,2,15.6024,15.6,15.6024,15.6024,15.6024,15.6024
2022-11,SKU:4611235064,4611235064,E2715W CW (נורות לד3) מארז,1,3,16.2525,16.2533,16.2525,16.2525,16.2525,16.2525
2019-09,SKU:461123512,461123512,לעמעום12W DL E27 נורת לד ליבון,1,2,16,16,16,16,16,16
2024-08,SKU:4611235342,4611235342,8W נורה לד ליבון מוזהבת ' יח8.04611235342 E27 פחם2000K,1,3,12.9075,12.9067,12.9075,12.9075,12.9075,12.9075
2024-11,SKU:4611235342,4611235342,8W נורה לד ליבון מוזהבת ' יח8.04611235342 E27 פחם2000K,1,4,12.9075,12.9075,12.9075,12.9075,12.9075,12.9075
2025-01,SKU:46112386,46112386,E-2730W DL נורה להצפה סופר לד,1,1,15.1125,15.11,15.1125,15.1125,15.1125,15.1125
2017-10,SKU:4611302,4611302,K מוגן505 לד6 (' מ5) פס,1,1,90,90,90,90,90,90
2020-04,SKU:46113091,46113091,"RGB 50515W IP68('מ5) לד מ""מ6 סטריפ",1,1,155.8876,155.89,155.8876,155.8876,155.8876,155.8876
2024-11,SKU:46120783,46120783,V 50W נורה הלוגן,1,16,2.1,2.1,2.1,2.1,2.1,2.1
2025-01,SKU:4615010,4615010,x400x20 ± ארון פוליאסטר בזק,1,1,554.5125,554.51,554.5125,554.5125,554.5125,554.5125
2020-12,SKU:46200065,46200065,מודול+ 400x300x20 ± ארון מתכת,1,1,236.3416,236.34,236.3416,236.3416,236.3416,236.3416
2018-11,SKU:47000062,47000062,SAMSUNG ערכת טעינה מקורית לרכב,1,1,82.284,82.28,82.284,82.284,82.284,82.284
2021-02,SKU:47000492,47000492,()חדש4.5A שלוש כניסותATS מטען לרכב,1,1,37.29,37.29,37.29,37.29,37.29,37.29
2019-06,SKU:47000820,47000820,כבל מקורי+ לסמסונג גלקסי2A מטען מקורי,1,1,56.5695,56.57,56.5695,56.5695,56.5695,56.5695
2018-11,SKU:47000821,47000821,SAMSUNG 2A ערכת טעינה מהירה מקורית,1,1,74.284,74.28,74.284,74.284,74.284,74.284
2024-08,SKU:4700142,4700142,טעינה מהירה20000MA סוללת גיבוי אוניברסלי ניידת,1,2,145.3125,145.315,145.3125,145.3125,145.3125,145.3125
2024-09,SKU:4700142,4700142,טעינה מהירה20000MA סוללת גיבוי אוניברסלי ניידת,1,1,84.62,84.62,84.62,84.62,84.62,84.62
2021-02,SKU:4700148,4700148,()חדש4.5A שלוש כניסותATS מטען לרכב47000492,1,1,16.88,16.88,16.88,16.88,16.88,16.88
2021-04,SKU:4700148,4700148,()חדש4.5A שלוש כניסותATS מטען לרכב47000492,1,2,16.5,16.5,16.5,16.5,16.5,16.5
2022-10,SKU:4700156,4700156,איכותי5V 3.1A לרכב כפולUSB מטען,1,1,10.4625,10.46,10.4625,10.4625,10.4625,10.4625
2021-04,SKU:4700158,4700158,איכותי5V 1A/2.4A לרכב כפולUSB מטען,1,1,16.5,16.5,16.5,16.5,16.5,16.5
2022-10,SKU:4700158,4700158,איכותי5V 1A/2.4A לרכב כפולUSB מטען,1,1,13.95,13.95,13.95,13.95,13.95,13.95
2022-11,SKU:4700158,4700158,איכותי5V 1A/2.4A לרכב כפולUSB מטען,1,1,13.95,13.95,13.95,13.95,13.95,13.95
2019-08,SKU:4700160,4700160,מטר לסמסונג1.5 כבל+ לרכבUSB מטען,1,1,21.096,21.1,21.096,21.096,21.096,21.096
2024-08,SKU:4700160,4700160,מטר לסמסונג1.5 כבל+ לרכבUSB מטען,1,1,17.4375,17.44,17.4375,17.4375,17.4375,17.4375
2024-10,SKU:4700160,4700160,מטר לסמסונג1.5 כבל+ לרכבUSB מטען,1,1,17.4375,17.44,17.4375,17.4375,17.4375,17.4375
2024-06,SKU:4710071,4710071,SIGMA Type-C ' מ1.2 כבל+ 5V 3A 20W PD מטען מהיר,1,1,26.7375,26.74,26.7375,26.7375,26.7375,26.7375
2024-11,SKU:4710071,4710071,SIGMA Type-C ' מ1.2 כבל+ 5V 3A 20W PD מטען מהיר,1,1,26.7375,26.74,26.7375,26.7375,26.7375,26.7375
2024-10,SKU:47100732,47100732,שזורTYPE C לTYPE C מטר2 כבל נתונים וטעינה,1,2,27.9,27.9,27.9,27.9,27.9,27.9
2020-12,SKU:472000067,472000067,לבןTYPE-C כבל+USB 2A מטען קיר,1,1,16.3416,16.34,16.3416,16.3416,16.3416,16.3416
2023-02,SKU:4720000711,4720000711,לבן3A כפול20W מטען קיר,1,1,22.32,22.32,22.32,22.32,22.32,22.32
2023-02,SKU:47500024,47500024,"תה""ט16A WIFI מפסק חכם לדוד",1,1,127.224,127.22,127.224,127.224,127.224,127.224
2023-11,SKU:47500024,47500024,"תה""ט16A WIFI מפסק חכם לדוד",1,1,120,120,120,120,120,120
2024-02,SKU:4750015,4750015,RCD TEST בודק שקע מקצועי צג דיגטלי,1,1,56.9625,56.96,56.9625,56.9625,56.9625,56.9625
2021-04,SKU:4931103,4931103,"/4"" מ.מרחק",1,100,0.45,0.45,0.45,0.45,0.45,0.45
2023-06,SKU:4931103,4931103,"/4"" מ.מרחק",1,100,0.4425,0.4425,0.4425,0.4425,0.4425,0.4425
2023-06,SKU:4931104,4931104,""" מ.מרחק",1,200,1.2,1.2,1.2,1.2,1.2,1.2
2020-02,SKU:4931615,4931615,"/2"" אומגה כבד",1,2,3.267,3.265,3.267,3.267,3.267,3.267
2024-10,SKU:4931617,4931617,""" אומגה כבד",1,2,5.7525,5.755,5.7525,5.7525,5.7525,5.7525
2021-07,SKU:4931899,4931899,"(מ""מ)לגאז8 מהדק הארקה כבד",1,8,5.8725,,5.8725,5.8725,5.8725,5.8725
2020-11,SKU:4931901,4931901,"/2"" מהדק הארקה כבד",1,1,2,2,2,2,2,2
2024-02,SKU:4931901,4931901,"/2"" מהדק הארקה כבד",1,1,2.7,2.7,2.7,2.7,2.7,2.7
2018-12,SKU:4931906,4931906,""" מהדק הארקה כבד",1,1,3.084,3.08,3.084,3.084,3.084,3.084
2021-11,SKU:4931906,4931906,""" מהדק הארקה כבד",2,4,3.375,,3.375,3.375,3.375,3.375
2021-11,SKU:4931907,4931907,"/2"" מהדק הארקה כבד",1,2,8.955,,8.955,8.955,8.955,8.955
2020-11,SKU:4931908,4931908,""" מהדק הארקה כבד",1,3,7.52,7.52,7.52,7.52,7.52,7.52
2021-11,SKU:4931908,4931908,""" מהדק הארקה כבד",1,2,9.1725,,9.1725,9.1725,9.1725,9.1725
2023-09,SKU:4931908,4931908,""" מהדק הארקה כבד",2,2,9.9975,10,9.9975,9.9975,9.9975,9.9975
2024-03,SKU:4931908,4931908,""" מהדק הארקה כבד",1,2,12.21,12.21,12.21,12.21,12.21,12.21
2024-11,SKU:4931908,4931908,""" מהדק הארקה כבד",1,2,12.21,12.21,12.21,12.21,12.21,12.21
2023-09,SKU:4931909,4931909,""" מהדק הארקה כבד",1,1,13.14,13.14,13.14,13.14,13.14,13.14
2020-04,SKU:4932101,4932101,' מ0.6 פס הארקה לגשר,1,3,6.284,6.2833,6.284,6.284,6.284,6.284
2024-11,SKU:4932101,4932101,' מ0.6 פס הארקה לגשר,1,3,17.67,17.67,17.67,17.67,17.67,17.67
2019-03,SKU:49322000,49322000,44.00% שח19.33 מטר23.0 קשיחPVC (צ/י)בחבילה35 מטר חוט560431,2,3,44.57,44.57,44.57,44.57,44.57,44.57
2020-08,SKU:49322000,49322000,44.00% שח19.33 מטר23.0 קשיחPVC (צ/י)בחבילה35 מטר חוט560431,1,1,44.57,44.57,44.57,44.57,44.57,44.57
2020-09,SKU:49322000,49322000,44.00% שח19.33 מטר23.0 קשיחPVC (צ/י)בחבילה35 מטר חוט560431,1,1,49.0292,49.03,49.0292,49.0292,49.0292,49.0292
2021-04,SKU:49322000,49322000,44.00% שח19.33 מטר23.0 קשיחPVC (צ/י)בחבילה35 מטר חוט560431,1,1,49.0292,49.03,49.0292,49.0292,49.0292,49.0292
2021-09,SKU:49322000,49322000,44.00% שח19.33 מטר23.0 קשיחPVC (צ/י)בחבילה35 מטר חוט560431,2,3,51.34,51.3367,51.34,51.34,51.34,51.34
2021-11,SKU:49322000,49322000,44.00% שח19.33 מטר23.0 קשיחPVC (צ/י)בחבילה35 מטר חוט560431,1,5,53.475,,53.475,53.475,53.475,53.475
2023-02,SKU:49322000,49322000,44.00% שח19.33 מטר23.0 קשיחPVC (צ/י)בחבילה35 מטר חוט560431,1,2,53.475,53.475,53.475,53.475,53.475,53.475
2023-05,SKU:49322000,49322000,44.00% שח19.33 מטר23.0 קשיחPVC (צ/י)בחבילה35 מטר חוט560431,1,3,53.475,53.4767,53.475,53.475,53.475,53.475
2023-06,SKU:49322000,49322000,44.00% שח19.33 מטר23.0 קשיחPVC (צ/י)בחבילה35 מטר חוט560431,1,3,53.475,53.4767,53.475,53.475,53.475,53.475
2025-03,SKU:49322000,49322000,44.00% שח19.33 מטר23.0 קשיחPVC (צ/י)בחבילה35 מטר חוט560431,1,1,53.475,53.48,53.475,53.475,53.475,53.475
2022-02,SKU:49322001,49322001,x20x125 ברגים5 פס השוואה לעמוד,1,1,12.2325,,12.2325,12.2325,12.2325,12.2325
2018-11,SKU:49322002,49322002,x20x16 ברגים7 פס השוואה לעמוד,1,1,13.2435,13.24,13.2435,13.2435,13.2435,13.2435
2021-08,SKU:4932201,4932201,ברגים94x40x25 פס השוואה,1,1,38,,38,38,38,38
2021-11,SKU:4932201,4932201,ברגים94x40x25 פס השוואה,2,3,38.8425,,38.8425,38.8425,38.8425,38.8425
2022-01,SKU:4932201,4932201,ברגים94x40x25 פס השוואה,1,1,38.8425,,38.8425,38.8425,38.8425,38.8425
2023-05,SKU:4932201,4932201,ברגים94x40x25 פס השוואה,1,1,26.16,26.16,26.16,26.16,26.16,26.16
2023-06,SKU:4932201,4932201,ברגים94x40x25 פס השוואה,2,2,26.16,26.16,26.16,26.16,26.16,26.16
2023-08,SKU:4932201,4932201,ברגים94x40x25 פס השוואה,1,1,26.16,26.16,26.16,26.16,26.16,26.16
2017-10,SKU:4932202,4932202,IP656.5K 18WxL גבע עגולVEGA פלפון3830685,1,1,18.284,18.28,18.284,18.284,18.284,18.284
2018-12,SKU:4932202,4932202,IP656.5K 18WxL גבע עגולVEGA פלפון3830685,1,1,18.284,18.28,18.284,18.284,18.284,18.284
2019-06,SKU:4932202,4932202,IP656.5K 18WxL גבע עגולVEGA פלפון3830685,1,1,19.1982,19.2,19.1982,19.1982,19.1982,19.1982
2019-09,SKU:4932202,4932202,IP656.5K 18WxL גבע עגולVEGA פלפון3830685,3,3,18.284,19.0433,18.284,20.5695,18.284,20.5695
2019-11,SKU:4932202,4932202,IP656.5K 18WxL גבע עגולVEGA פלפון3830685,1,1,18.28,18.28,18.28,18.28,18.28,18.28
2020-02,SKU:4932202,4932202,IP656.5K 18WxL גבע עגולVEGA פלפון3830685,1,1,18.284,18.28,18.284,18.284,18.284,18.284
2021-03,SKU:4932202,4932202,IP656.5K 18WxL גבע עגולVEGA פלפון3830685,1,1,19.75,19.75,19.75,19.75,19.75,19.75
2021-09,SKU:4932202,4932202,IP656.5K 18WxL גבע עגולVEGA פלפון3830685,1,1,24.85,24.85,24.85,24.85,24.85,24.85
2021-11,SKU:4932202,4932202,IP656.5K 18WxL גבע עגולVEGA פלפון3830685,1,1,25.89,,25.89,25.89,25.89,25.89
2022-01,SKU:4932202,4932202,IP656.5K 18WxL גבע עגולVEGA פלפון3830685,1,1,25.89,,25.89,25.89,25.89,25.89
2022-02,SKU:4932202,4932202,IP656.5K 18WxL גבע עגולVEGA פלפון3830685,1,1,25.89,,25.89,25.89,25.89,25.89
2022-08,SKU:4932202,4932202,IP656.5K 18WxL גבע עגולVEGA פלפון3830685,1,1,20.925,20.93,20.925,20.925,20.925,20.925
2022-11,SKU:4932202,4932202,IP656.5K 18WxL גבע עגולVEGA פלפון3830685,1,2,25.875,25.875,25.875,25.875,25.875,25.875
2023-02,SKU:4932202,4932202,IP656.5K 18WxL גבע עגולVEGA פלפון3830685,1,5,25.875,25.876,25.875,25.875,25.875,25.875
2023-06,SKU:4932202,4932202,IP656.5K 18WxL גבע עגולVEGA פלפון3830685,1,2,18.8325,18.835,18.8325,18.8325,18.8325,18.8325
2023-08,SKU:4932202,4932202,IP656.5K 18WxL גבע עגולVEGA פלפון3830685,1,1,18.8325,18.83,18.8325,18.8325,18.8325,18.8325
2023-09,SKU:4932202,4932202,IP656.5K 18WxL גבע עגולVEGA פלפון3830685,1,1,18.8325,18.83,18.8325,18.8325,18.8325,18.8325
2023-12,SKU:4932202,4932202,IP656.5K 18WxL גבע עגולVEGA פלפון3830685,1,1,22.0875,22.09,22.0875,22.0875,22.0875,22.0875
2024-02,SKU:4932202,4932202,IP656.5K 18WxL גבע עגולVEGA פלפון3830685,1,1,22.0875,22.09,22.0875,22.0875,22.0875,22.0875
2024-10,SKU:4932202,4932202,IP656.5K 18WxL גבע עגולVEGA פלפון3830685,1,1,30.225,30.23,30.225,30.225,30.225,30.225
2021-08,SKU:49322021,49322021,ברגים10-114x40x30 פס השוואה,1,4,42,,42,42,42,42
2021-11,SKU:49322021,49322021,ברגים10-114x40x30 פס השוואה,1,2,41.7225,,41.7225,41.7225,41.7225,41.7225
2023-05,SKU:49322021,49322021,ברגים10-114x40x30 פס השוואה,1,1,34.53,34.53,34.53,34.53,34.53,34.53
2024-01,SKU:49322021,49322021,ברגים10-114x40x30 פס השוואה,1,1,38.3625,38.36,38.3625,38.3625,38.3625,38.3625
2024-05,SKU:49322021,49322021,ברגים10-114x40x30 פס השוואה,1,3,48.825,48.8267,48.825,48.825,48.825,48.825
2019-06,SKU:4932203,4932203,ברגים17 - כ4x40x40 פס השוואה,1,7,35.9982,35.9986,35.9982,35.9982,35.9982,35.9982
2020-09,SKU:4932203,4932203,ברגים17 - כ4x40x40 פס השוואה,1,1,37.7124,37.71,37.7124,37.7124,37.7124,37.7124
2021-04,SKU:4932203,4932203,ברגים17 - כ4x40x40 פס השוואה,1,1,37.7124,37.71,37.7124,37.7124,37.7124,37.7124
2024-07,SKU:4932203,4932203,ברגים17 - כ4x40x40 פס השוואה,1,1,61.6125,61.61,61.6125,61.6125,61.6125,61.6125
2020-06,SKU:4932302,4932302,40x4 פס הארקת יסוד,1,4,9,9,9,9,9,9
2020-09,SKU:4932302,4932302,40x4 פס הארקת יסוד,2,8,9.4292,9.43,9.4292,9.4292,9.4292,9.4292
2020-10,SKU:4932302,4932302,40x4 פס הארקת יסוד,1,4,9,9,9,9,9,9
2021-07,SKU:4932302,4932302,40x4 פס הארקת יסוד,1,4,8.8,,8.8,8.8,8.8,8.8
2022-02,SKU:4932302,4932302,40x4 פס הארקת יסוד,1,6,11.745,,11.745,11.745,11.745,11.745
2022-05,SKU:4932302,4932302,40x4 פס הארקת יסוד,1,2,13.1688,13.17,13.1688,13.1688,13.1688,13.1688
2023-08,SKU:4932302,4932302,40x4 פס הארקת יסוד,1,2,11.745,11.745,11.745,11.745,11.745,11.745
2023-12,SKU:4932302,4932302,40x4 פס הארקת יסוד,1,4,11.745,11.745,11.745,11.745,11.745,11.745
2024-01,SKU:4932302,4932302,40x4 פס הארקת יסוד,1,2,11.745,11.745,11.745,11.745,11.745,11.745
2024-02,SKU:4932302,4932302,40x4 פס הארקת יסוד,2,4,11.745,11.745,11.745,11.745,11.745,11.745
2024-03,SKU:4932302,4932302,40x4 פס הארקת יסוד,1,2,11.745,11.745,11.745,11.745,11.745,11.745
2018-12,SKU:4932305,4932305,40x4 פס הארקת יסוד בגליל,1,25,12.9,12.9,12.9,12.9,12.9,12.9
2019-09,SKU:4932305,4932305,40x4 פס הארקת יסוד בגליל,1,25,12,12,12,12,12,12
2023-05,SKU:4932305,4932305,40x4 פס הארקת יסוד בגליל,1,25,16.275,16.2752,16.275,16.275,16.275,16.275
2024-04,SKU:4932305,4932305,40x4 פס הארקת יסוד בגליל,1,25,15.345,15.3452,15.345,15.345,15.345,15.345
2020-12,SKU:49327231,49327231,מגולבן- נקוב2x12x4 U פרופיל,2,12,12.32,12.32,12.32,12.32,12.32,12.32
2019-06,SKU:4932731,4932731,10x8 צדדים חריץ רחב2 מנוקב25x25x25x2 Z פרופיל מגלוון,1,6,9.9582,9.9583,9.9582,9.9582,9.9582,9.9582
2020-07,SKU:4932731,4932731,10x8 צדדים חריץ רחב2 מנוקב25x25x25x2 Z פרופיל מגלוון,1,8,9.9582,9.9588,9.9582,9.9582,9.9582,9.9582
2020-10,SKU:4932731,4932731,10x8 צדדים חריץ רחב2 מנוקב25x25x25x2 Z פרופיל מגלוון,1,30,10.6695,10.6697,10.6695,10.6695,10.6695,10.6695
2020-12,SKU:4932731,4932731,10x8 צדדים חריץ רחב2 מנוקב25x25x25x2 Z פרופיל מגלוון,1,10,10.6695,10.67,10.6695,10.6695,10.6695,10.6695
2021-08,SKU:4932731,4932731,10x8 צדדים חריץ רחב2 מנוקב25x25x25x2 Z פרופיל מגלוון,2,8,10.4,,10.4,10.4,10.4,10.4
2021-10,SKU:4932731,4932731,10x8 צדדים חריץ רחב2 מנוקב25x25x25x2 Z פרופיל מגלוון,1,4,10.4,,10.4,10.4,10.4,10.4
2023-02,SKU:4932731,4932731,10x8 צדדים חריץ רחב2 מנוקב25x25x25x2 Z פרופיל מגלוון,1,4,13.95,13.95,13.95,13.95,13.95,13.95
2023-10,SKU:4932731,4932731,10x8 צדדים חריץ רחב2 מנוקב25x25x25x2 Z פרופיל מגלוון,1,4,13.95,13.95,13.95,13.95,13.95,13.95
2024-02,SKU:4932731,4932731,10x8 צדדים חריץ רחב2 מנוקב25x25x25x2 Z פרופיל מגלוון,1,2,13.95,13.95,13.95,13.95,13.95,13.95
2024-03,SKU:4932731,4932731,10x8 צדדים חריץ רחב2 מנוקב25x25x25x2 Z פרופיל מגלוון,1,4,13.95,13.95,13.95,13.95,13.95,13.95
2017-10,SKU:4932743,4932743,' מגול100x85 תעלת רשת7000001230V 0.6W נורית סימון לד אדום3910883,1,100,0.5,0.5,0.5,0.5,0.5,0.5
2018-11,SKU:4932743,4932743,' מגול100x85 תעלת רשת7000001230V 0.6W נורית סימון לד אדום3910883,1,100,0.468,0.468,0.468,0.468,0.468,0.468
2019-01,SKU:4932743,4932743,' מגול100x85 תעלת רשת7000001230V 0.6W נורית סימון לד אדום3910883,1,100,0.436,0.436,0.436,0.436,0.436,0.436
2019-08,SKU:4932743,4932743,' מגול100x85 תעלת רשת7000001230V 0.6W נורית סימון לד אדום3910883,1,100,0.436,0.436,0.436,0.436,0.436,0.436
2019-09,SKU:4932743,4932743,' מגול100x85 תעלת רשת7000001230V 0.6W נורית סימון לד אדום3910883,1,100,0.436,0.436,0.436,0.436,0.436,0.436
2020-08,SKU:4932743,4932743,' מגול100x85 תעלת רשת7000001230V 0.6W נורית סימון לד אדום3910883,1,100,0.44,0.436,0.44,0.44,0.44,0.44
2020-12,SKU:4932743,4932743,' מגול100x85 תעלת רשת7000001230V 0.6W נורית סימון לד אדום3910883,1,200,0.44,0.44,0.44,0.44,0.44,0.44
2021-01,SKU:4932743,4932743,' מגול100x85 תעלת רשת7000001230V 0.6W נורית סימון לד אדום3910883,2,200,0.52,0.5227,0.5,0.54,0.54,0.5
2021-06,SKU:4932743,4932743,' מגול100x85 תעלת רשת7000001230V 0.6W נורית סימון לד אדום3910883,1,100,0.564,,0.564,0.564,0.564,0.564
2021-07,SKU:4932743,4932743,' מגול100x85 תעלת רשת7000001230V 0.6W נורית סימון לד אדום3910883,2,200,0.469,,0.4355,0.5025,0.4355,0.5025
2021-08,SKU:4932743,4932743,' מגול100x85 תעלת רשת7000001230V 0.6W נורית סימון לד אדום3910883,1,100,0.45,,0.45,0.45,0.45,0.45
2022-04,SKU:4932743,4932743,' מגול100x85 תעלת רשת7000001230V 0.6W נורית סימון לד אדום3910883,1,100,0.51,0.51,0.51,0.51,0.51,0.51
2022-08,SKU:4932743,4932743,' מגול100x85 תעלת רשת7000001230V 0.6W נורית סימון לד אדום3910883,1,100,0.585,0.585,0.585,0.585,0.585,0.585
2023-02,SKU:4932743,4932743,' מגול100x85 תעלת רשת7000001230V 0.6W נורית סימון לד אדום3910883,1,200,0.4464,0.4464,0.4464,0.4464,0.4464,0.4464
2023-05,SKU:4932743,4932743,' מגול100x85 תעלת רשת7000001230V 0.6W נורית סימון לד אדום3910883,1,100,0.465,0.465,0.465,0.465,0.465,0.465
2024-03,SKU:4932743,4932743,' מגול100x85 תעלת רשת7000001230V 0.6W נורית סימון לד אדום3910883,1,100,0.51,0.51,0.51,0.51,0.51,0.51
2025-02,SKU:4932743,4932743,' מגול100x85 תעלת רשת7000001230V 0.6W נורית סימון לד אדום3910883,1,100,0.51,0.51,0.51,0.51,0.51,0.51
2017-10,SKU:4932760,4932760,פס לח.א מפח מגולבן,1,1,6.5,6.5,6.5,6.5,6.5,6.5
2021-08,SKU:4932763,4932763,פס לח.א מפח מצופה מחורץ,1,2,5.9,,5.9,5.9,5.9,5.9
2018-11,SKU:495124010,495124010,"מ""ר1 מהדק קנדי",1,10,2.284,2.284,2.284,2.284,2.284,2.284
2018-12,SKU:495124010,495124010,"מ""ר1 מהדק קנדי",1,10,2.284,2.284,2.284,2.284,2.284,2.284
2019-01,SKU:495124010,495124010,"מ""ר1 מהדק קנדי",1,10,2.284,2.284,2.284,2.284,2.284,2.284
2021-08,SKU:495124010,495124010,"מ""ר1 מהדק קנדי",1,10,2.5704,,2.5704,2.5704,2.5704,2.5704
2023-06,SKU:495124010,495124010,"מ""ר1 מהדק קנדי",1,0,2.4525,,2.4525,2.4525,2.4525,2.4525
2023-12,SKU:495124010,495124010,"מ""ר1 מהדק קנדי",1,15,2.4525,2.4527,2.4525,2.4525,2.4525,2.4525
2018-12,SKU:495124020,495124020,"ממ""ר16 מהדק קנדי",1,10,1.716,1.716,1.716,1.716,1.716,1.716
2019-01,SKU:495124020,495124020,"ממ""ר16 מהדק קנדי",1,10,2.172,2.172,2.172,2.172,2.172,2.172
2019-07,SKU:495124020,495124020,"ממ""ר16 מהדק קנדי",2,30,2.172,2.172,2.172,2.172,2.172,2.172
2020-12,SKU:495124020,495124020,"ממ""ר16 מהדק קנדי",1,12,2.3892,2.3892,2.3892,2.3892,2.3892,2.3892
2021-04,SKU:495124020,495124020,"ממ""ר16 מהדק קנדי",2,52,2.2806,2.3808,2.172,2.3892,2.3892,2.172
2021-11,SKU:495124020,495124020,"ממ""ר16 מהדק קנדי",2,42,2.535,,2.535,2.535,2.535,2.535
2021-12,SKU:495124020,495124020,"ממ""ר16 מהדק קנדי",2,75,2.6,2.5951,2.6,2.6,2.6,2.6
2022-04,SKU:495124020,495124020,"ממ""ר16 מהדק קנדי",1,20,2.595,2.595,2.595,2.595,2.595,2.595
2022-11,SKU:495124020,495124020,"ממ""ר16 מהדק קנדי",1,30,2.595,2.595,2.595,2.595,2.595,2.595
2024-03,SKU:495124020,495124020,"ממ""ר16 מהדק קנדי",1,20,2.595,2.595,2.595,2.595,2.595,2.595
2024-04,SKU:495124020,495124020,"ממ""ר16 מהדק קנדי",1,25,2.595,2.5952,2.595,2.595,2.595,2.595
2021-02,SKU:495124030,495124030,VEGA CR2032 סוללה ליתיום167004,1,2,3.09,3.085,3.09,3.09,3.09,3.09
2022-01,SKU:495124030,495124030,VEGA CR2032 סוללה ליתיום167004,1,1,3.21,,3.21,3.21,3.21,3.21
2021-08,SKU:4951327742,4951327742,"מ""ר חור1 נ.כ נחושת",1,8,0.45,,0.45,0.45,0.45,0.45
2021-11,SKU:4951327742,4951327742,"מ""ר חור1 נ.כ נחושת",1,8,0.51,,0.51,0.51,0.51,0.51
2023-06,SKU:4951327742,4951327742,"מ""ר חור1 נ.כ נחושת",1,20,0.495,0.495,0.495,0.495,0.495,0.495
2018-11,SKU:4951327743,4951327743,"מ""ר חור1 נ.כ נחושת",1,10,0.44,0.44,0.44,0.44,0.44,0.44
2020-09,SKU:4951327743,4951327743,"מ""ר חור1 נ.כ נחושת",1,10,0.484,0.484,0.484,0.484,0.484,0.484
2021-05,SKU:495132776,495132776,"מ""ר חור25 נ.כ נחושת",1,8,0.732,,0.732,0.732,0.732,0.732
2021-08,SKU:495132776,495132776,"מ""ר חור25 נ.כ נחושת",1,8,0.48,,0.48,0.48,0.48,0.48
2021-02,SKU:495132780,495132780,"ממ""ר חור35 נ.כ נחושת49513277712x8 "" ""הארקה לא לנתקPVC מדבקה80144280",1,2,3.74,3.735,3.74,3.74,3.74,3.74
2019-06,SKU:495132789,495132789,"ממ""ר חור1 נ.כ נחושת4951327742",2,20,0.622,0.6225,0.6006,0.6435,0.6006,0.6435
2020-08,SKU:495132789,495132789,"ממ""ר חור1 נ.כ נחושת4951327742",1,30,0.57,0.572,0.57,0.57,0.57,0.57
2020-09,SKU:495132789,495132789,"ממ""ר חור1 נ.כ נחושת4951327742",1,20,0.6292,0.629,0.6292,0.6292,0.6292,0.6292
2022-01,SKU:495132789,495132789,"ממ""ר חור1 נ.כ נחושת4951327742",2,4,0.585,,0.585,0.585,0.585,0.585
2022-02,SKU:495132789,495132789,"ממ""ר חור1 נ.כ נחושת4951327742",1,4,0.585,,0.585,0.585,0.585,0.585
2023-06,SKU:495132789,495132789,"ממ""ר חור1 נ.כ נחושת4951327742",1,2,0.645,0.645,0.645,0.645,0.645,0.645
2024-01,SKU:495132789,495132789,"ממ""ר חור1 נ.כ נחושת4951327742",1,5,0.645,0.646,0.645,0.645,0.645,0.645
2024-02,SKU:495132789,495132789,"ממ""ר חור1 נ.כ נחושת4951327742",1,5,0.645,0.646,0.645,0.645,0.645,0.645
2023-11,SKU:495132790,495132790,"ממ""ר16 שרוול לחץ נחושת",1,2,0.6825,0.685,0.6825,0.6825,0.6825,0.6825
2023-05,SKU:495132791,495132791,"מ""ר25 שרוול לחץ נחושת",1,2,1.125,1.125,1.125,1.125,1.125,1.125
2023-06,SKU:495132791,495132791,"מ""ר25 שרוול לחץ נחושת",1,0,1.125,,1.125,1.125,1.125,1.125
2023-09,SKU:495132791,495132791,"מ""ר25 שרוול לחץ נחושת",1,25,1.125,1.1252,1.125,1.125,1.125,1.125
2023-11,SKU:495132791,495132791,"מ""ר25 שרוול לחץ נחושת",1,2,1.125,1.125,1.125,1.125,1.125,1.125
2023-09,SKU:4951327911,4951327911,(10)25 שרוול לחץ נחושת,1,8,21.975,21.975,21.975,21.975,21.975,21.975
2018-11,SKU:495132812,495132812,/4 מבודד אוקולון,1,2,7.2405,7.24,7.2405,7.2405,7.2405,7.2405
2020-06,SKU:4951330031,4951330031,DIN 10.5 קדח-16 נ.כ,1,10,2.25,2.25,2.25,2.25,2.25,2.25
2023-08,SKU:495133006,495133006,DIN 10. קדח-35 נעל כבל,1,2,4.305,4.305,4.305,4.305,4.305,4.305
2024-04,SKU:495133006,495133006,DIN 10. קדח-35 נעל כבל,1,5,3.4875,3.488,3.4875,3.4875,3.4875,3.4875
2021-11,SKU:495133014,495133014,DIN 10. קדח-95 נעל כבל,1,1,9.9975,,9.9975,9.9975,9.9975,9.9975
2022-01,SKU:495133014,495133014,DIN 10. קדח-95 נעל כבל,1,3,9.9975,,9.9975,9.9975,9.9975,9.9975
2024-03,SKU:495133020,495133020,DIN 13. קדח-15 נעל כבל,1,1,12.21,12.21,12.21,12.21,12.21,12.21
2024-08,SKU:495133032,495133032,DIN נחושת-16 מחבר לחץ,1,2,2.64,2.64,2.64,2.64,2.64,2.64
2024-08,SKU:495133033,495133033,DIN נחושת-25 מחבר לחץ,1,6,3.09,3.09,3.09,3.09,3.09,3.09
2021-12,SKU:495146120,495146120,קופסא מלבנית להארקת יסוד/פתח תחתון,1,4,27.9,27.9,27.9,27.9,27.9,27.9
2022-12,SKU:495146120,495146120,קופסא מלבנית להארקת יסוד/פתח תחתון,1,3,26.784,26.7833,26.784,26.784,26.784,26.784
2024-03,SKU:495146120,495146120,קופסא מלבנית להארקת יסוד/פתח תחתון,1,2,27.9,27.9,27.9,27.9,27.9,27.9
2024-11,SKU:495146120,495146120,קופסא מלבנית להארקת יסוד/פתח תחתון,1,1,27.9,27.9,27.9,27.9,27.9,27.9
2017-10,SKU:55022,55022,קשיחPVC חום1.5 חוט,5,2000,0.441,0.4375,0.434,0.441,0.434,0.441
2018-08,SKU:55022,55022,קשיחPVC חום1.5 חוט,1,300,0.5616,0.5616,0.5616,0.5616,0.5616,0.5616
2018-11,SKU:55022,55022,קשיחPVC חום1.5 חוט,2,600,0.4329,0.4329,0.4329,0.4329,0.4329,0.4329
2019-01,SKU:55022,55022,קשיחPVC חום1.5 חוט,5,1700,0.4482,0.4482,0.4482,0.4482,0.4482,0.4482
2019-07,SKU:55022,55022,קשיחPVC חום1.5 חוט,1,100,0.41,0.41,0.41,0.41,0.41,0.41
2019-08,SKU:55022,55022,קשיחPVC חום1.5 חוט,2,500,0.4233,0.4233,0.4233,0.4233,0.4233,0.4233
2019-09,SKU:55022,55022,קשיחPVC חום1.5 חוט,8,3800,0.39,0.39,0.39,0.39,0.39,0.39
2019-10,SKU:55022,55022,קשיחPVC חום1.5 חוט,8,3200,0.38,0.38,0.38,0.38,0.38,0.38
2020-02,SKU:55022,55022,קשיחPVC חום1.5 חוט,1,300,0.39,0.39,0.39,0.39,0.39,0.39
2020-03,SKU:55022,55022,קשיחPVC חום1.5 חוט,6,2800,0.39,0.39,0.39,0.39,0.39,0.39
2020-04,SKU:55022,55022,קשיחPVC חום1.5 חוט,6,2400,0.38,0.3842,0.38,0.39,0.38,0.39
2020-06,SKU:55022,55022,קשיחPVC חום1.5 חוט,4,1800,0.38,0.38,0.38,0.38,0.38,0.38
2020-07,SKU:55022,55022,קשיחPVC חום1.5 חוט,4,1500,0.4144,0.4144,0.4144,0.4144,0.4144,0.4144
2020-09,SKU:55022,55022,קשיחPVC חום1.5 חוט,5,2500,0.4218,0.4218,0.4218,0.4218,0.4218,0.4218
2020-10,SKU:55022,55022,קשיחPVC חום1.5 חוט,3,1500,0.44,0.44,0.44,0.44,0.44,0.44
2020-11,SKU:55022,55022,קשיחPVC חום1.5 חוט,5,2300,0.44,0.44,0.44,0.44,0.44,0.44
2020-12,SKU:55022,55022,קשיחPVC חום1.5 חוט,5,2600,0.48,0.4762,0.46,0.48,0.48,0.46
2021-04,SKU:55022,55022,קשיחPVC חום1.5 חוט,4,1600,0.5336,0.5336,0.5336,0.5336,0.5336,0.5336
2021-05,SKU:55022,55022,קשיחPVC חום1.5 חוט,4,1100,0.5996,,0.5796,0.6195,0.5796,0.6195
2021-06,SKU:55022,55022,קשיחPVC חום1.5 חוט,9,2900,0.588,,0.588,0.588,0.588,0.588
2021-07,SKU:55022,55022,קשיחPVC חום1.5 חוט,3,1700,0.5775,,0.5775,0.5775,0.5775,0.5775
2021-08,SKU:55022,55022,קשיחPVC חום1.5 חוט,5,2100,0.567,,0.567,0.567,0.567,0.567
2021-10,SKU:55022,55022,קשיחPVC חום1.5 חוט,1,500,0.5775,,0.5775,0.5775,0.5775,0.5775
2021-11,SKU:55022,55022,קשיחPVC חום1.5 חוט,2,1000,0.609,,0.609,0.609,0.609,0.609
2022-01,SKU:55022,55022,קשיחPVC חום1.5 חוט,3,800,0.5936,,0.5936,0.5936,0.5936,0.5936
2022-02,SKU:55022,55022,קשיחPVC חום1.5 חוט,6,1601,0.61,,0.61,0.61,0.61,0.61
2022-04,SKU:55022,55022,קשיחPVC חום1.5 חוט,5,2500,0.671,0.6708,0.67,0.671,0.67,0.671
2022-05,SKU:55022,55022,קשיחPVC חום1.5 חוט,4,2000,0.6588,0.6588,0.6588,0.6588,0.6588,0.6588
2022-06,SKU:55022,55022,קשיחPVC חום1.5 חוט,3,1100,0.62,0.62,0.62,0.62,0.62,0.62
2022-08,SKU:55022,55022,קשיחPVC חום1.5 חוט,6,3000,0.5831,0.5831,0.5831,0.5831,0.5831,0.5831
2022-09,SKU:55022,55022,קשיחPVC חום1.5 חוט,3,1500,0.5593,0.5593,0.5593,0.5593,0.5593,0.5593
2022-10,SKU:55022,55022,קשיחPVC חום1.5 חוט,3,1500,0.5593,0.5593,0.5593,0.5593,0.5593,0.5593
2022-11,SKU:55022,55022,קשיחPVC חום1.5 חוט,3,1500,0.5593,0.5593,0.5593,0.5593,0.5593,0.5593
2022-12,SKU:55022,55022,קשיחPVC חום1.5 חוט,6,2500,0.5593,0.5593,0.5593,0.5593,0.5593,0.5593
2023-02,SKU:55022,55022,קשיחPVC חום1.5 חוט,5,2100,0.588,0.588,0.588,0.588,0.588,0.588
2023-04,SKU:55022,55022,קשיחPVC חום1.5 חוט,2,700,0.612,0.612,0.612,0.612,0.612,0.612
2023-05,SKU:55022,55022,קשיחPVC חום1.5 חוט,3,1200,0.612,0.612,0.612,0.612,0.612,0.612
2023-06,SKU:55022,55022,קשיחPVC חום1.5 חוט,8,3800,0.58,0.58,0.58,0.58,0.58,0.58
2023-07,SKU:55022,55022,קשיחPVC חום1.5 חוט,5,1703,0.576,0.576,0.576,0.576,0.576,0.576
2023-08,SKU:55022,55022,קשיחPVC חום1.5 חוט,5,900,0.61,0.61,0.61,0.61,0.61,0.61
2023-09,SKU:55022,55022,קשיחPVC חום1.5 חוט,4,1300,0.5865,0.5865,0.5865,0.5865,0.5865,0.5865
2023-11,SKU:55022,55022,קשיחPVC חום1.5 חוט,3,600,0.6095,0.6095,0.6095,0.6095,0.6095,0.6095
2023-12,SKU:55022,55022,קשיחPVC חום1.5 חוט,4,1000,0.575,0.575,0.575,0.575,0.575,0.575
2024-01,SKU:55022,55022,קשיחPVC חום1.5 חוט,3,500,0.59,0.59,0.59,0.59,0.59,0.59
2024-02,SKU:55022,55022,קשיחPVC חום1.5 חוט,1,500,0.5893,0.5893,0.5893,0.5893,0.5893,0.5893
2024-03,SKU:55022,55022,קשיחPVC חום1.5 חוט,2,300,0.58,0.58,0.58,0.58,0.58,0.58
2024-05,SKU:55022,55022,קשיחPVC חום1.5 חוט,2,300,1.3351,1.5537,0.6794,1.9908,1.9908,0.6794
2024-06,SKU:55022,55022,קשיחPVC חום1.5 חוט,1,200,0.6794,0.6794,0.6794,0.6794,0.6794,0.6794
2024-07,SKU:55022,55022,קשיחPVC חום1.5 חוט,3,300,0.6794,0.6794,0.6794,0.6794,0.6794,0.6794
2024-08,SKU:55022,55022,קשיחPVC חום1.5 חוט,3,700,0.6622,0.6622,0.6622,0.6622,0.6622,0.6622
2024-09,SKU:55022,55022,קשיחPVC חום1.5 חוט,4,1700,0.6622,0.6622,0.6622,0.6622,0.6622,0.6622
2024-10,SKU:55022,55022,קשיחPVC חום1.5 חוט,2,1000,0.6966,0.6966,0.6966,0.6966,0.6966,0.6966
2024-11,SKU:55022,55022,קשיחPVC חום1.5 חוט,1,500,0.6966,0.6966,0.6966,0.6966,0.6966,0.6966
2024-12,SKU:55022,55022,קשיחPVC חום1.5 חוט,1,500,0.64,0.64,0.64,0.64,0.64,0.64
2025-01,SKU:55022,55022,קשיחPVC חום1.5 חוט,1,500,0.62,0.62,0.62,0.62,0.62,0.62
2025-02,SKU:55022,55022,קשיחPVC חום1.5 חוט,2,600,0.62,0.62,0.62,0.62,0.62,0.62
2017-10,SKU:55023,55023,קשיחPVC צ/י1.5 חוט,7,3000,0.441,0.4387,0.434,0.441,0.434,0.441
2018-08,SKU:55023,55023,קשיחPVC צ/י1.5 חוט,1,300,0.5616,0.5616,0.5616,0.5616,0.5616,0.5616
2018-11,SKU:55023,55023,קשיחPVC צ/י1.5 חוט,2,900,0.4315,0.4313,0.43,0.4329,0.4329,0.43
2018-12,SKU:55023,55023,קשיחPVC צ/י1.5 חוט,1,500,0.4368,0.4368,0.4368,0.4368,0.4368,0.4368
2019-01,SKU:55023,55023,קשיחPVC צ/י1.5 חוט,4,1700,0.4482,0.4482,0.4482,0.4482,0.4482,0.4482
2019-07,SKU:55023,55023,קשיחPVC צ/י1.5 חוט,1,100,0.41,0.41,0.41,0.41,0.41,0.41
2019-08,SKU:55023,55023,קשיחPVC צ/י1.5 חוט,2,500,0.4233,0.4233,0.4233,0.4233,0.4233,0.4233
2019-09,SKU:55023,55023,קשיחPVC צ/י1.5 חוט,8,3600,0.39,0.39,0.39,0.39,0.39,0.39
2019-10,SKU:55023,55023,קשיחPVC צ/י1.5 חוט,6,2200,0.38,0.38,0.38,0.38,0.38,0.38
2020-02,SKU:55023,55023,קשיחPVC צ/י1.5 חוט,1,500,0.39,0.39,0.39,0.39,0.39,0.39
2020-03,SKU:55023,55023,קשיחPVC צ/י1.5 חוט,6,3000,0.39,0.39,0.39,0.39,0.39,0.39
2020-04,SKU:55023,55023,קשיחPVC צ/י1.5 חוט,4,2100,0.38,0.3824,0.38,0.39,0.38,0.39
2020-06,SKU:55023,55023,קשיחPVC צ/י1.5 חוט,4,1800,0.38,0.38,0.38,0.38,0.38,0.38
2020-07,SKU:55023,55023,קשיחPVC צ/י1.5 חוט,4,1500,0.4144,0.4144,0.4144,0.4144,0.4144,0.4144
2020-09,SKU:55023,55023,קשיחPVC צ/י1.5 חוט,6,3000,0.4218,0.4218,0.4218,0.4218,0.4218,0.4218
2020-10,SKU:55023,55023,קשיחPVC צ/י1.5 חוט,3,1500,0.44,0.44,0.44,0.44,0.44,0.44
2020-11,SKU:55023,55023,קשיחPVC צ/י1.5 חוט,4,1800,0.44,0.44,0.44,0.44,0.44,0.44
2020-12,SKU:55023,55023,קשיחPVC צ/י1.5 חוט,5,2600,0.48,0.4762,0.46,0.48,0.48,0.46
2021-04,SKU:55023,55023,קשיחPVC צ/י1.5 חוט,4,1600,0.5336,0.5336,0.5336,0.5336,0.5336,0.5336
2021-05,SKU:55023,55023,קשיחPVC צ/י1.5 חוט,5,1301,0.6195,,0.5796,0.6195,0.5796,0.6195
2021-06,SKU:55023,55023,קשיחPVC צ/י1.5 חוט,8,3100,0.588,,0.588,0.588,0.588,0.588
2021-07,SKU:55023,55023,קשיחPVC צ/י1.5 חוט,3,1700,0.5775,,0.5775,0.5775,0.5775,0.5775
2021-08,SKU:55023,55023,קשיחPVC צ/י1.5 חוט,5,2100,0.567,,0.567,0.567,0.567,0.567
2021-10,SKU:55023,55023,קשיחPVC צ/י1.5 חוט,2,700,0.5775,,0.5775,0.5775,0.5775,0.5775
2021-11,SKU:55023,55023,קשיחPVC צ/י1.5 חוט,3,1500,0.609,,0.609,0.609,0.609,0.609
2022-01,SKU:55023,55023,קשיחPVC צ/י1.5 חוט,3,800,0.5936,,0.5936,0.5936,0.5936,0.5936
2022-02,SKU:55023,55023,קשיחPVC צ/י1.5 חוט,6,1601,0.61,,0.61,0.61,0.61,0.61
2022-04,SKU:55023,55023,קשיחPVC צ/י1.5 חוט,5,2500,0.671,0.6708,0.67,0.671,0.67,0.671
2022-05,SKU:55023,55023,קשיחPVC צ/י1.5 חוט,4,2000,0.6588,0.6588,0.6588,0.6588,0.6588,0.6588
2022-06,SKU:55023,55023,קשיחPVC צ/י1.5 חוט,4,1500,0.62,0.62,0.62,0.62,0.62,0.62
2022-08,SKU:55023,55023,קשיחPVC צ/י1.5 חוט,5,2500,0.5831,0.5831,0.5831,0.5831,0.5831,0.5831
2022-09,SKU:55023,55023,קשיחPVC צ/י1.5 חוט,4,1900,0.5593,0.5593,0.5593,0.5593,0.5593,0.5593
2022-10,SKU:55023,55023,קשיחPVC צ/י1.5 חוט,4,1700,0.5593,0.5593,0.5593,0.5593,0.5593,0.5593
2022-11,SKU:55023,55023,קשיחPVC צ/י1.5 חוט,3,1500,0.5593,0.5593,0.5593,0.5593,0.5593,0.5593
2022-12,SKU:55023,55023,קשיחPVC צ/י1.5 חוט,7,2800,0.5593,0.5593,0.5593,0.5593,0.5593,0.5593
2023-02,SKU:55023,55023,קשיחPVC צ/י1.5 חוט,4,2000,0.588,0.588,0.588,0.588,0.588,0.588
2023-04,SKU:55023,55023,קשיחPVC צ/י1.5 חוט,3,800,0.612,0.612,0.612,0.612,0.612,0.612
2023-05,SKU:55023,55023,קשיחPVC צ/י1.5 חוט,3,1200,0.612,0.612,0.612,0.612,0.612,0.612
2023-06,SKU:55023,55023,קשיחPVC צ/י1.5 חוט,9,4300,0.58,0.58,0.58,0.58,0.58,0.58
2023-07,SKU:55023,55023,קשיחPVC צ/י1.5 חוט,6,2103,0.576,0.576,0.576,0.576,0.576,0.576
2023-08,SKU:55023,55023,קשיחPVC צ/י1.5 חוט,5,900,0.61,0.61,0.61,0.61,0.61,0.61
2023-09,SKU:55023,55023,קשיחPVC צ/י1.5 חוט,5,1400,0.5865,0.5865,0.5865,0.5865,0.5865,0.5865
2023-10,SKU:55023,55023,קשיחPVC צ/י1.5 חוט,2,200,0.63,0.63,0.63,0.63,0.63,0.63
2023-11,SKU:55023,55023,קשיחPVC צ/י1.5 חוט,4,800,0.6095,0.6095,0.6095,0.6095,0.6095,0.6095
2023-12,SKU:55023,55023,קשיחPVC צ/י1.5 חוט,4,1000,0.575,0.575,0.575,0.575,0.575,0.575
2024-01,SKU:55023,55023,קשיחPVC צ/י1.5 חוט,3,500,0.59,0.59,0.59,0.59,0.59,0.59
2024-02,SKU:55023,55023,קשיחPVC צ/י1.5 חוט,1,500,0.5893,0.5893,0.5893,0.5893,0.5893,0.5893
2024-03,SKU:55023,55023,קשיחPVC צ/י1.5 חוט,1,100,0.58,0.58,0.58,0.58,0.58,0.58
2024-05,SKU:55023,55023,קשיחPVC צ/י1.5 חוט,2,300,1.3351,1.5537,0.6794,1.9908,1.9908,0.6794
2024-06,SKU:55023,55023,קשיחPVC צ/י1.5 חוט,2,300,0.6794,0.6794,0.6794,0.6794,0.6794,0.6794
2024-07,SKU:55023,55023,קשיחPVC צ/י1.5 חוט,4,400,0.6794,0.6794,0.6794,0.6794,0.6794,0.6794
2024-08,SKU:55023,55023,קשיחPVC צ/י1.5 חוט,3,700,0.6622,0.6622,0.6622,0.6622,0.6622,0.6622
2024-09,SKU:55023,55023,קשיחPVC צ/י1.5 חוט,5,1900,0.6622,0.6622,0.6622,0.6622,0.6622,0.6622
2024-10,SKU:55023,55023,קשיחPVC צ/י1.5 חוט,2,700,0.6966,0.6966,0.6966,0.6966,0.6966,0.6966
2024-11,SKU:55023,55023,קשיחPVC צ/י1.5 חוט,1,500,0.6966,0.6966,0.6966,0.6966,0.6966,0.6966
2024-12,SKU:55023,55023,קשיחPVC צ/י1.5 חוט,3,1500,0.64,0.64,0.64,0.64,0.64,0.64
2025-01,SKU:55023,55023,קשיחPVC צ/י1.5 חוט,1,500,0.62,0.62,0.62,0.62,0.62,0.62
2025-02,SKU:55023,55023,קשיחPVC צ/י1.5 חוט,2,700,0.62,0.62,0.62,0.62,0.62,0.62
2025-03,SKU:55023,55023,קשיחPVC צ/י1.5 חוט,1,500,0.6715,0.6715,0.6715,0.6715,0.6715,0.6715
2017-10,SKU:55024,55024,קשיחPVC כחול1.5 חוט,7,3000,0.441,0.4387,0.434,0.441,0.434,0.441
2018-08,SKU:55024,55024,קשיחPVC כחול1.5 חוט,1,300,0.5616,0.5616,0.5616,0.5616,0.5616,0.5616
2018-11,SKU:55024,55024,קשיחPVC כחול1.5 חוט,3,1100,0.4329,0.4316,0.43,0.4329,0.4329,0.43
2018-12,SKU:55024,55024,קשיחPVC כחול1.5 חוט,1,500,0.4368,0.4368,0.4368,0.4368,0.4368,0.4368
2019-01,SKU:55024,55024,קשיחPVC כחול1.5 חוט,4,1700,0.4482,0.4482,0.4482,0.4482,0.4482,0.4482
2019-07,SKU:55024,55024,קשיחPVC כחול1.5 חוט,1,100,0.41,0.41,0.41,0.41,0.41,0.41
2019-08,SKU:55024,55024,קשיחPVC כחול1.5 חוט,2,500,0.4233,0.4233,0.4233,0.4233,0.4233,0.4233
2019-09,SKU:55024,55024,קשיחPVC כחול1.5 חוט,7,3600,0.39,0.39,0.39,0.39,0.39,0.39
2019-10,SKU:55024,55024,קשיחPVC כחול1.5 חוט,6,2200,0.38,0.38,0.38,0.38,0.38,0.38
2020-01,SKU:55024,55024,קשיחPVC כחול1.5 חוט,2,700,0.39,0.39,0.39,0.39,0.39,0.39
2020-02,SKU:55024,55024,קשיחPVC כחול1.5 חוט,1,500,0.39,0.39,0.39,0.39,0.39,0.39
2020-03,SKU:55024,55024,קשיחPVC כחול1.5 חוט,6,3000,0.39,0.39,0.39,0.39,0.39,0.39
2020-04,SKU:55024,55024,קשיחPVC כחול1.5 חוט,3,1500,0.38,0.3833,0.38,0.39,0.38,0.39
2020-06,SKU:55024,55024,קשיחPVC כחול1.5 חוט,4,1800,0.38,0.38,0.38,0.38,0.38,0.38
2020-07,SKU:55024,55024,קשיחPVC כחול1.5 חוט,4,1500,0.4144,0.4144,0.4144,0.4144,0.4144,0.4144
2020-09,SKU:55024,55024,קשיחPVC כחול1.5 חוט,5,2500,0.4218,0.4218,0.4218,0.4218,0.4218,0.4218
2020-10,SKU:55024,55024,קשיחPVC כחול1.5 חוט,3,1500,0.44,0.44,0.44,0.44,0.44,0.44
2020-11,SKU:55024,55024,קשיחPVC כחול1.5 חוט,3,1600,0.44,0.44,0.44,0.44,0.44,0.44
2020-12,SKU:55024,55024,קשיחPVC כחול1.5 חוט,4,2100,0.48,0.4752,0.46,0.48,0.48,0.46
2021-04,SKU:55024,55024,קשיחPVC כחול1.5 חוט,4,1600,0.5336,0.5336,0.5336,0.5336,0.5336,0.5336
2021-05,SKU:55024,55024,קשיחPVC כחול1.5 חוט,4,1400,0.5996,,0.5796,0.6195,0.5796,0.6195
2021-06,SKU:55024,55024,קשיחPVC כחול1.5 חוט,7,2600,0.588,,0.588,0.588,0.588,0.588
2021-07,SKU:55024,55024,קשיחPVC כחול1.5 חוט,3,1700,0.5775,,0.5775,0.5775,0.5775,0.5775
2021-08,SKU:55024,55024,קשיחPVC כחול1.5 חוט,4,2000,0.567,,0.567,0.567,0.567,0.567
2021-10,SKU:55024,55024,קשיחPVC כחול1.5 חוט,2,700,0.5775,,0.5775,0.5775,0.5775,0.5775
2021-11,SKU:55024,55024,קשיחPVC כחול1.5 חוט,3,1700,0.609,,0.609,0.609,0.609,0.609
2022-01,SKU:55024,55024,קשיחPVC כחול1.5 חוט,3,800,0.5936,,0.5936,0.5936,0.5936,0.5936
2022-02,SKU:55024,55024,קשיחPVC כחול1.5 חוט,8,2500,0.61,,0.61,0.61,0.61,0.61
2022-04,SKU:55024,55024,קשיחPVC כחול1.5 חוט,5,2500,0.671,0.6708,0.67,0.671,0.67,0.671
2022-05,SKU:55024,55024,קשיחPVC כחול1.5 חוט,4,2000,0.6588,0.6588,0.6588,0.6588,0.6588,0.6588
2022-06,SKU:55024,55024,קשיחPVC כחול1.5 חוט,5,1700,0.62,0.62,0.62,0.62,0.62,0.62
2022-08,SKU:55024,55024,קשיחPVC כחול1.5 חוט,5,2500,0.5831,0.5831,0.5831,0.5831,0.5831,0.5831
2022-09,SKU:55024,55024,קשיחPVC כחול1.5 חוט,4,2000,0.5593,0.5593,0.5593,0.5593,0.5593,0.5593
2022-10,SKU:55024,55024,קשיחPVC כחול1.5 חוט,3,1200,0.5593,0.5593,0.5593,0.5593,0.5593,0.5593
2022-11,SKU:55024,55024,קשיחPVC כחול1.5 חוט,3,1500,0.5593,0.5593,0.5593,0.5593,0.5593,0.5593
2022-12,SKU:55024,55024,קשיחPVC כחול1.5 חוט,7,2800,0.5593,0.5593,0.5593,0.5593,0.5593,0.5593
2023-02,SKU:55024,55024,קשיחPVC כחול1.5 חוט,5,2100,0.588,0.588,0.588,0.588,0.588,0.588
2023-04,SKU:55024,55024,קשיחPVC כחול1.5 חוט,3,800,0.612,0.612,0.612,0.612,0.612,0.612
2023-05,SKU:55024,55024,קשיחPVC כחול1.5 חוט,3,1200,0.612,0.612,0.612,0.612,0.612,0.612
2023-06,SKU:55024,55024,קשיחPVC כחול1.5 חוט,10,4800,0.58,0.58,0.58,0.58,0.58,0.58
2023-07,SKU:55024,55024,קשיחPVC כחול1.5 חוט,5,1703,0.576,0.576,0.576,0.576,0.576,0.576
2023-08,SKU:55024,55024,קשיחPVC כחול1.5 חוט,5,900,0.61,0.61,0.61,0.61,0.61,0.61
2023-09,SKU:55024,55024,קשיחPVC כחול1.5 חוט,5,1400,0.5865,0.5865,0.5865,0.5865,0.5865,0.5865
2023-10,SKU:55024,55024,קשיחPVC כחול1.5 חוט,2,200,0.63,0.63,0.63,0.63,0.63,0.63
2023-11,SKU:55024,55024,קשיחPVC כחול1.5 חוט,4,700,0.6095,0.6095,0.6095,0.6095,0.6095,0.6095
2023-12,SKU:55024,55024,קשיחPVC כחול1.5 חוט,4,1000,0.575,0.575,0.575,0.575,0.575,0.575
2024-01,SKU:55024,55024,קשיחPVC כחול1.5 חוט,3,500,0.59,0.59,0.59,0.59,0.59,0.59
2024-02,SKU:55024,55024,קשיחPVC כחול1.5 חוט,1,500,0.5893,0.5893,0.5893,0.5893,0.5893,0.5893
2024-03,SKU:55024,55024,קשיחPVC כחול1.5 חוט,1,100,0.58,0.58,0.58,0.58,0.58,0.58
2024-05,SKU:55024,55024,קשיחPVC כחול1.5 חוט,2,300,1.3351,1.5537,0.6794,1.9908,1.9908,0.6794
2024-06,SKU:55024,55024,קשיחPVC כחול1.5 חוט,2,300,0.6794,0.6794,0.6794,0.6794,0.6794,0.6794
2024-07,SKU:55024,55024,קשיחPVC כחול1.5 חוט,4,400,0.6794,0.6794,0.6794,0.6794,0.6794,0.6794
2024-08,SKU:55024,55024,קשיחPVC כחול1.5 חוט,4,800,0.6622,0.6622,0.6622,0.6622,0.6622,0.6622
2024-09,SKU:55024,55024,קשיחPVC כחול1.5 חוט,6,2000,0.6622,0.6622,0.6622,0.6622,0.6622,0.6622
2024-10,SKU:55024,55024,קשיחPVC כחול1.5 חוט,2,700,0.6966,0.6966,0.6966,0.6966,0.6966,0.6966
2024-11,SKU:55024,55024,קשיחPVC כחול1.5 חוט,1,500,0.6966,0.6966,0.6966,0.6966,0.6966,0.6966
2024-12,SKU:55024,55024,קשיחPVC כחול1.5 חוט,3,1500,0.64,0.64,0.64,0.64,0.64,0.64
2025-01,SKU:55024,55024,קשיחPVC כחול1.5 חוט,1,500,0.62,0.62,0.62,0.62,0.62,0.62
2025-02,SKU:55024,55024,קשיחPVC כחול1.5 חוט,2,700,0.62,0.62,0.62,0.62,0.62,0.62
2025-03,SKU:55024,55024,קשיחPVC כחול1.5 חוט,1,500,0.6715,0.6715,0.6715,0.6715,0.6715,0.6715
2017-10,SKU:55027,55027,קשיחPVC ח/ש1.5 חוט,4,2000,0.434,0.4358,0.434,0.441,0.434,0.441
2018-08,SKU:55027,55027,קשיחPVC ח/ש1.5 חוט,1,300,0.5616,0.5616,0.5616,0.5616,0.5616,0.5616
2018-11,SKU:55027,55027,קשיחPVC ח/ש1.5 חוט,1,200,0.4329,0.4329,0.4329,0.4329,0.4329,0.4329
2019-01,SKU:55027,55027,קשיחPVC ח/ש1.5 חוט,2,500,0.4482,0.4482,0.4482,0.4482,0.4482,0.4482
2019-08,SKU:55027,55027,קשיחPVC ח/ש1.5 חוט,2,500,0.4233,0.4233,0.4233,0.4233,0.4233,0.4233
2019-09,SKU:55027,55027,קשיחPVC ח/ש1.5 חוט,4,2000,0.39,0.39,0.39,0.39,0.39,0.39
2019-10,SKU:55027,55027,קשיחPVC ח/ש1.5 חוט,7,2700,0.38,0.38,0.38,0.38,0.38,0.38
2020-02,SKU:55027,55027,קשיחPVC ח/ש1.5 חוט,1,200,0.39,0.39,0.39,0.39,0.39,0.39
2020-03,SKU:55027,55027,קשיחPVC ח/ש1.5 חוט,5,2100,0.39,0.39,0.39,0.39,0.39,0.39
2020-04,SKU:55027,55027,קשיחPVC ח/ש1.5 חוט,4,1700,0.38,0.3829,0.38,0.39,0.38,0.39
2020-06,SKU:55027,55027,קשיחPVC ח/ש1.5 חוט,3,1100,0.38,0.38,0.38,0.38,0.38,0.38
2020-07,SKU:55027,55027,קשיחPVC ח/ש1.5 חוט,3,1200,0.4144,0.4144,0.4144,0.4144,0.4144,0.4144
2020-09,SKU:55027,55027,קשיחPVC ח/ש1.5 חוט,6,3000,0.4218,0.4218,0.4218,0.4218,0.4218,0.4218
2020-10,SKU:55027,55027,קשיחPVC ח/ש1.5 חוט,3,1500,0.44,0.44,0.44,0.44,0.44,0.44
2020-11,SKU:55027,55027,קשיחPVC ח/ש1.5 חוט,4,1800,0.44,0.44,0.44,0.44,0.44,0.44
2020-12,SKU:55027,55027,קשיחPVC ח/ש1.5 חוט,3,1500,0.48,0.4733,0.46,0.48,0.48,0.46
2021-04,SKU:55027,55027,קשיחPVC ח/ש1.5 חוט,4,1600,0.5336,0.5336,0.5336,0.5336,0.5336,0.5336
2021-05,SKU:55027,55027,קשיחPVC ח/ש1.5 חוט,3,900,0.6195,,0.5796,0.6195,0.5796,0.6195
2021-06,SKU:55027,55027,קשיחPVC ח/ש1.5 חוט,5,1200,0.588,,0.588,0.588,0.588,0.588
2021-07,SKU:55027,55027,קשיחPVC ח/ש1.5 חוט,2,1000,0.5775,,0.5775,0.5775,0.5775,0.5775
2021-08,SKU:55027,55027,קשיחPVC ח/ש1.5 חוט,5,1400,0.567,,0.567,0.567,0.567,0.567
2021-11,SKU:55027,55027,קשיחPVC ח/ש1.5 חוט,1,500,0.609,,0.609,0.609,0.609,0.609
2022-01,SKU:55027,55027,קשיחPVC ח/ש1.5 חוט,2,700,0.5936,,0.5936,0.5936,0.5936,0.5936
2022-02,SKU:55027,55027,קשיחPVC ח/ש1.5 חוט,3,900,0.61,,0.61,0.61,0.61,0.61
2022-04,SKU:55027,55027,קשיחPVC ח/ש1.5 חוט,6,3000,0.671,0.6708,0.67,0.671,0.67,0.671
2022-05,SKU:55027,55027,קשיחPVC ח/ש1.5 חוט,2,1000,0.6588,0.6588,0.6588,0.6588,0.6588,0.6588
2022-06,SKU:55027,55027,קשיחPVC ח/ש1.5 חוט,4,1500,0.62,0.62,0.62,0.62,0.62,0.62
2022-08,SKU:55027,55027,קשיחPVC ח/ש1.5 חוט,4,2000,0.5831,0.5831,0.5831,0.5831,0.5831,0.5831
2022-09,SKU:55027,55027,קשיחPVC ח/ש1.5 חוט,3,1500,0.5593,0.5593,0.5593,0.5593,0.5593,0.5593
2022-10,SKU:55027,55027,קשיחPVC ח/ש1.5 חוט,3,1500,0.5593,0.5593,0.5593,0.5593,0.5593,0.5593
2022-11,SKU:55027,55027,קשיחPVC ח/ש1.5 חוט,3,1500,0.5593,0.5593,0.5593,0.5593,0.5593,0.5593
2022-12,SKU:55027,55027,קשיחPVC ח/ש1.5 חוט,8,3300,0.5593,0.5593,0.5593,0.5593,0.5593,0.5593
2023-02,SKU:55027,55027,קשיחPVC ח/ש1.5 חוט,4,2000,0.588,0.588,0.588,0.588,0.588,0.588
2023-03,SKU:55027,55027,קשיחPVC ח/ש1.5 חוט,1,500,0.612,0.612,0.612,0.612,0.612,0.612
2023-04,SKU:55027,55027,קשיחPVC ח/ש1.5 חוט,2,700,0.612,0.612,0.612,0.612,0.612,0.612
2023-05,SKU:55027,55027,קשיחPVC ח/ש1.5 חוט,2,1000,0.612,0.612,0.612,0.612,0.612,0.612
2023-06,SKU:55027,55027,קשיחPVC ח/ש1.5 חוט,11,5300,0.58,0.58,0.58,0.58,0.58,0.58
2023-07,SKU:55027,55027,קשיחPVC ח/ש1.5 חוט,5,2003,0.576,0.576,0.576,0.576,0.576,0.576
2023-08,SKU:55027,55027,קשיחPVC ח/ש1.5 חוט,3,700,0.61,0.61,0.61,0.61,0.61,0.61
2023-09,SKU:55027,55027,קשיחPVC ח/ש1.5 חוט,2,1000,0.5865,0.5865,0.5865,0.5865,0.5865,0.5865
2023-11,SKU:55027,55027,קשיחPVC ח/ש1.5 חוט,3,600,0.6095,0.6095,0.6095,0.6095,0.6095,0.6095
2023-12,SKU:55027,55027,קשיחPVC ח/ש1.5 חוט,4,1000,0.575,0.575,0.575,0.575,0.575,0.575
2024-01,SKU:55027,55027,קשיחPVC ח/ש1.5 חוט,2,400,0.59,0.59,0.59,0.59,0.59,0.59
2024-05,SKU:55027,55027,קשיחPVC ח/ש1.5 חוט,1,100,0.6794,0.6794,0.6794,0.6794,0.6794,0.6794
2024-06,SKU:55027,55027,קשיחPVC ח/ש1.5 חוט,2,200,0.6794,0.6794,0.6794,0.6794,0.6794,0.6794
2024-07,SKU:55027,55027,קשיחPVC ח/ש1.5 חוט,2,200,0.6794,0.6794,0.6794,0.6794,0.6794,0.6794
2024-08,SKU:55027,55027,קשיחPVC ח/ש1.5 חוט,4,800,0.6622,0.6622,0.6622,0.6622,0.6622,0.6622
2024-09,SKU:55027,55027,קשיחPVC ח/ש1.5 חוט,4,1300,0.6622,0.6622,0.6622,0.6622,0.6622,0.6622
2024-10,SKU:55027,55027,קשיחPVC ח/ש1.5 חוט,1,500,0.6966,0.6966,0.6966,0.6966,0.6966,0.6966
2024-11,SKU:55027,55027,קשיחPVC ח/ש1.5 חוט,1,200,0.6966,0.6966,0.6966,0.6966,0.6966,0.6966
2024-12,SKU:55027,55027,קשיחPVC ח/ש1.5 חוט,2,700,0.64,0.64,0.64,0.64,0.64,0.64
2025-02,SKU:55027,55027,קשיחPVC ח/ש1.5 חוט,1,500,0.62,0.62,0.62,0.62,0.62,0.62
2025-03,SKU:55027,55027,קשיחPVC ח/ש1.5 חוט,1,500,0.6715,0.6715,0.6715,0.6715,0.6715,0.6715
2017-10,SKU:55028,55028,קשיחPVC ח/כ1.5 חוט,2,1000,0.4375,0.4375,0.434,0.441,0.434,0.441
2018-08,SKU:55028,55028,קשיחPVC ח/כ1.5 חוט,1,300,0.5616,0.5616,0.5616,0.5616,0.5616,0.5616
2018-11,SKU:55028,55028,קשיחPVC ח/כ1.5 חוט,1,200,0.4329,0.4329,0.4329,0.4329,0.4329,0.4329
2019-01,SKU:55028,55028,קשיחPVC ח/כ1.5 חוט,2,500,0.4482,0.4482,0.4482,0.4482,0.4482,0.4482
2019-08,SKU:55028,55028,קשיחPVC ח/כ1.5 חוט,2,500,0.4233,0.4233,0.4233,0.4233,0.4233,0.4233
2019-09,SKU:55028,55028,קשיחPVC ח/כ1.5 חוט,4,2000,0.39,0.39,0.39,0.39,0.39,0.39
2019-10,SKU:55028,55028,קשיחPVC ח/כ1.5 חוט,7,2700,0.38,0.38,0.38,0.38,0.38,0.38
2020-03,SKU:55028,55028,קשיחPVC ח/כ1.5 חוט,6,2600,0.39,0.39,0.39,0.39,0.39,0.39
2020-04,SKU:55028,55028,קשיחPVC ח/כ1.5 חוט,4,1700,0.38,0.3829,0.38,0.39,0.38,0.39
2020-06,SKU:55028,55028,קשיחPVC ח/כ1.5 חוט,3,1100,0.38,0.38,0.38,0.38,0.38,0.38
2020-07,SKU:55028,55028,קשיחPVC ח/כ1.5 חוט,4,1300,0.4144,0.4144,0.4144,0.4144,0.4144,0.4144
2020-09,SKU:55028,55028,קשיחPVC ח/כ1.5 חוט,8,3600,0.4218,0.4218,0.4218,0.4218,0.4218,0.4218
2020-10,SKU:55028,55028,קשיחPVC ח/כ1.5 חוט,2,1000,0.44,0.44,0.44,0.44,0.44,0.44
2020-11,SKU:55028,55028,קשיחPVC ח/כ1.5 חוט,4,1800,0.44,0.44,0.44,0.44,0.44,0.44
2020-12,SKU:55028,55028,קשיחPVC ח/כ1.5 חוט,5,2300,0.48,0.4757,0.46,0.48,0.48,0.46
2021-04,SKU:55028,55028,קשיחPVC ח/כ1.5 חוט,3,1500,0.5336,0.5336,0.5336,0.5336,0.5336,0.5336
2021-05,SKU:55028,55028,קשיחPVC ח/כ1.5 חוט,3,800,0.6195,,0.5796,0.6195,0.5796,0.6195
2021-06,SKU:55028,55028,קשיחPVC ח/כ1.5 חוט,5,1200,0.588,,0.588,0.588,0.588,0.588
2021-07,SKU:55028,55028,קשיחPVC ח/כ1.5 חוט,2,1000,0.5775,,0.5775,0.5775,0.5775,0.5775
2021-08,SKU:55028,55028,קשיחPVC ח/כ1.5 חוט,5,2100,0.567,,0.567,0.567,0.567,0.567
2021-11,SKU:55028,55028,קשיחPVC ח/כ1.5 חוט,1,500,0.609,,0.609,0.609,0.609,0.609
2022-01,SKU:55028,55028,קשיחPVC ח/כ1.5 חוט,2,700,0.5936,,0.5936,0.5936,0.5936,0.5936
2022-02,SKU:55028,55028,קשיחPVC ח/כ1.5 חוט,4,901,0.61,,0.61,0.61,0.61,0.61
2022-04,SKU:55028,55028,קשיחPVC ח/כ1.5 חוט,7,3500,0.671,0.6709,0.67,0.671,0.67,0.671
2022-05,SKU:55028,55028,קשיחPVC ח/כ1.5 חוט,2,1000,0.6588,0.6588,0.6588,0.6588,0.6588,0.6588
2022-06,SKU:55028,55028,קשיחPVC ח/כ1.5 חוט,4,1500,0.62,0.62,0.62,0.62,0.62,0.62
2022-08,SKU:55028,55028,קשיחPVC ח/כ1.5 חוט,4,2000,0.5831,0.5831,0.5831,0.5831,0.5831,0.5831
2022-09,SKU:55028,55028,קשיחPVC ח/כ1.5 חוט,3,1500,0.5593,0.5593,0.5593,0.5593,0.5593,0.5593
2022-10,SKU:55028,55028,קשיחPVC ח/כ1.5 חוט,3,1500,0.5593,0.5593,0.5593,0.5593,0.5593,0.5593
2022-11,SKU:55028,55028,קשיחPVC ח/כ1.5 חוט,3,1500,0.5593,0.5593,0.5593,0.5593,0.5593,0.5593
2022-12,SKU:55028,55028,קשיחPVC ח/כ1.5 חוט,7,2800,0.5593,0.5593,0.5593,0.5593,0.5593,0.5593
2023-02,SKU:55028,55028,קשיחPVC ח/כ1.5 חוט,4,2000,0.588,0.588,0.588,0.588,0.588,0.588
2023-03,SKU:55028,55028,קשיחPVC ח/כ1.5 חוט,1,500,0.612,0.612,0.612,0.612,0.612,0.612
2023-04,SKU:55028,55028,קשיחPVC ח/כ1.5 חוט,2,700,0.612,0.612,0.612,0.612,0.612,0.612
2023-05,SKU:55028,55028,קשיחPVC ח/כ1.5 חוט,3,1100,0.612,0.612,0.612,0.612,0.612,0.612
2023-06,SKU:55028,55028,קשיחPVC ח/כ1.5 חוט,11,5300,0.58,0.58,0.58,0.58,0.58,0.58
2023-07,SKU:55028,55028,קשיחPVC ח/כ1.5 חוט,5,2003,0.576,0.576,0.576,0.576,0.576,0.576
2023-08,SKU:55028,55028,קשיחPVC ח/כ1.5 חוט,4,800,0.61,0.61,0.61,0.61,0.61,0.61
2023-09,SKU:55028,55028,קשיחPVC ח/כ1.5 חוט,4,1100,0.5865,0.5865,0.5865,0.5865,0.5865,0.5865
2023-10,SKU:55028,55028,קשיחPVC ח/כ1.5 חוט,2,200,0.63,0.63,0.63,0.63,0.63,0.63
2023-11,SKU:55028,55028,קשיחPVC ח/כ1.5 חוט,4,800,0.6095,0.6095,0.6095,0.6095,0.6095,0.6095
2023-12,SKU:55028,55028,קשיחPVC ח/כ1.5 חוט,3,800,0.575,0.575,0.575,0.575,0.575,0.575
2024-01,SKU:55028,55028,קשיחPVC ח/כ1.5 חוט,2,400,0.59,0.59,0.59,0.59,0.59,0.59
2024-04,SKU:55028,55028,קשיחPVC ח/כ1.5 חוט,1,200,0.6391,0.6391,0.6391,0.6391,0.6391,0.6391
2024-05,SKU:55028,55028,קשיחPVC ח/כ1.5 חוט,2,300,1.2245,1.4062,0.6794,1.7696,1.7696,0.6794
2024-06,SKU:55028,55028,קשיחPVC ח/כ1.5 חוט,2,200,0.6794,0.6794,0.6794,0.6794,0.6794,0.6794
2024-07,SKU:55028,55028,קשיחPVC ח/כ1.5 חוט,2,200,0.6794,0.6794,0.6794,0.6794,0.6794,0.6794
2024-08,SKU:55028,55028,קשיחPVC ח/כ1.5 חוט,4,800,0.6622,0.6622,0.6622,0.6622,0.6622,0.6622
2024-09,SKU:55028,55028,קשיחPVC ח/כ1.5 חוט,3,1200,0.6622,0.6622,0.6622,0.6622,0.6622,0.6622
2024-10,SKU:55028,55028,קשיחPVC ח/כ1.5 חוט,1,500,0.6966,0.6966,0.6966,0.6966,0.6966,0.6966
2024-11,SKU:55028,55028,קשיחPVC ח/כ1.5 חוט,2,400,0.6966,0.6966,0.6966,0.6966,0.6966,0.6966
2024-12,SKU:55028,55028,קשיחPVC ח/כ1.5 חוט,2,700,0.64,0.64,0.64,0.64,0.64,0.64
2025-01,SKU:55028,55028,קשיחPVC ח/כ1.5 חוט,1,200,0.62,0.62,0.62,0.62,0.62,0.62
2025-02,SKU:55028,55028,קשיחPVC ח/כ1.5 חוט,1,500,0.62,0.62,0.62,0.62,0.62,0.62
2025-03,SKU:55028,55028,קשיחPVC ח/כ1.5 חוט,1,500,0.6715,0.6715,0.6715,0.6715,0.6715,0.6715
2017-10,SKU:55032,55032,קשיח PVC חום2.5 חוט,4,1400,0.7,0.7008,0.6944,0.7056,0.6944,0.6944
2018-08,SKU:55032,55032,קשיח PVC חום2.5 חוט,1,300,0.9072,0.9072,0.9072,0.9072,0.9072,0.9072
2018-12,SKU:55032,55032,קשיח PVC חום2.5 חוט,1,500,0.7056,0.7056,0.7056,0.7056,0.7056,0.7056
2019-01,SKU:55032,55032,קשיח PVC חום2.5 חוט,2,400,0.7182,0.7182,0.7182,0.7182,0.7182,0.7182
2019-08,SKU:55032,55032,קשיח PVC חום2.5 חוט,2,400,0.6783,0.6783,0.6783,0.6783,0.6783,0.6783
2019-09,SKU:55032,55032,קשיח PVC חום2.5 חוט,6,2500,0.65,0.65,0.65,0.65,0.65,0.65
2019-10,SKU:55032,55032,קשיח PVC חום2.5 חוט,5,1400,0.63,0.63,0.63,0.63,0.63,0.63
2020-03,SKU:55032,55032,קשיח PVC חום2.5 חוט,2,900,0.61,0.61,0.61,0.61,0.61,0.61
2020-04,SKU:55032,55032,קשיח PVC חום2.5 חוט,4,1600,0.6,0.6,0.6,0.6,0.6,0.6
2020-06,SKU:55032,55032,קשיח PVC חום2.5 חוט,2,600,0.585,0.5817,0.58,0.59,0.58,0.59
2020-07,SKU:55032,55032,קשיח PVC חום2.5 חוט,4,1300,0.6664,0.6655,0.6545,0.6664,0.6664,0.6545
2020-09,SKU:55032,55032,קשיח PVC חום2.5 חוט,3,1500,0.6783,0.6783,0.6783,0.6783,0.6783,0.6783
2020-10,SKU:55032,55032,קשיח PVC חום2.5 חוט,2,700,0.69,0.69,0.69,0.69,0.69,0.69
2020-11,SKU:55032,55032,קשיח PVC חום2.5 חוט,4,1600,0.72,0.7212,0.72,0.74,0.72,0.74
2020-12,SKU:55032,55032,קשיח PVC חום2.5 חוט,4,1800,0.78,0.78,0.78,0.78,0.78,0.78
2021-04,SKU:55032,55032,קשיח PVC חום2.5 חוט,2,1000,0.5336,0.5336,0.5336,0.5336,0.5336,0.5336
2021-05,SKU:55032,55032,קשיח PVC חום2.5 חוט,3,900,1.003,,0.945,1.003,0.945,1.003
2021-06,SKU:55032,55032,קשיח PVC חום2.5 חוט,5,1601,0.952,,0.952,0.952,0.952,0.952
2021-07,SKU:55032,55032,קשיח PVC חום2.5 חוט,1,500,0.935,,0.935,0.935,0.935,0.935
2021-08,SKU:55032,55032,קשיח PVC חום2.5 חוט,2,600,0.918,,0.918,0.918,0.918,0.918
2021-11,SKU:55032,55032,קשיח PVC חום2.5 חוט,2,900,0.986,,0.986,0.986,0.986,0.986
2022-01,SKU:55032,55032,קשיח PVC חום2.5 חוט,2,700,0.9752,,0.9752,0.9752,0.9752,0.9752
2022-02,SKU:55032,55032,קשיח PVC חום2.5 חוט,3,800,0.98,,0.98,0.98,0.98,0.98
2022-04,SKU:55032,55032,קשיח PVC חום2.5 חוט,5,2500,1.07,1.07,1.07,1.07,1.07,1.07
2022-05,SKU:55032,55032,קשיח PVC חום2.5 חוט,2,1100,1.08,1.08,1.08,1.08,1.08,1.08
2022-06,SKU:55032,55032,קשיח PVC חום2.5 חוט,4,1700,0.99,0.99,0.99,0.99,0.99,0.99
2022-08,SKU:55032,55032,קשיח PVC חום2.5 חוט,3,1500,0.96,0.96,0.96,0.96,0.96,0.96
2022-09,SKU:55032,55032,קשיח PVC חום2.5 חוט,6,2300,0.9118,0.9118,0.9118,0.9118,0.9118,0.9118
2022-10,SKU:55032,55032,קשיח PVC חום2.5 חוט,2,700,0.9118,0.9118,0.9118,0.9118,0.9118,0.9118
2022-11,SKU:55032,55032,קשיח PVC חום2.5 חוט,2,800,0.9118,0.9118,0.9118,0.9118,0.9118,0.9118
2022-12,SKU:55032,55032,קשיח PVC חום2.5 חוט,6,3000,0.9118,0.9118,0.9118,0.9118,0.9118,0.9118
2023-02,SKU:55032,55032,קשיח PVC חום2.5 חוט,6,3100,0.9555,0.9555,0.9555,0.9555,0.9555,0.9555
2023-03,SKU:55032,55032,קשיח PVC חום2.5 חוט,3,700,0.9945,0.9945,0.9945,0.9945,0.9945,0.9945
2023-04,SKU:55032,55032,קשיח PVC חום2.5 חוט,2,700,0.9945,0.9945,0.9945,0.9945,0.9945,0.9945
2023-05,SKU:55032,55032,קשיח PVC חום2.5 חוט,4,800,0.9945,0.9945,0.9945,0.9945,0.9945,0.9945
2023-06,SKU:55032,55032,קשיח PVC חום2.5 חוט,12,5400,0.95,0.95,0.95,0.95,0.95,0.95
2023-07,SKU:55032,55032,קשיח PVC חום2.5 חוט,3,1103,0.9555,0.9555,0.9555,0.9555,0.9555,0.9555
2023-08,SKU:55032,55032,קשיח PVC חום2.5 חוט,2,600,0.99,0.99,0.99,0.99,0.99,0.99
2023-09,SKU:55032,55032,קשיח PVC חום2.5 חוט,5,1600,0.9435,0.9481,0.9435,0.9805,0.9805,0.9435
2023-11,SKU:55032,55032,קשיח PVC חום2.5 חוט,1,300,0.9805,0.9805,0.9805,0.9805,0.9805,0.9805
2023-12,SKU:55032,55032,קשיח PVC חום2.5 חוט,4,1000,0.925,0.925,0.925,0.925,0.925,0.925
2024-01,SKU:55032,55032,קשיח PVC חום2.5 חוט,3,500,0.98,0.98,0.98,0.98,0.98,0.98
2024-03,SKU:55032,55032,קשיח PVC חום2.5 חוט,1,500,0.94,0.94,0.94,0.94,0.94,0.94
2024-04,SKU:55032,55032,קשיח PVC חום2.5 חוט,1,200,1.0241,1.0241,1.0241,1.0241,1.0241,1.0241
2024-05,SKU:55032,55032,קשיח PVC חום2.5 חוט,1,200,1.0981,1.0981,1.0981,1.0981,1.0981,1.0981
2024-06,SKU:55032,55032,קשיח PVC חום2.5 חוט,2,200,1.0981,1.0981,1.0981,1.0981,1.0981,1.0981
2024-08,SKU:55032,55032,קשיח PVC חום2.5 חוט,2,600,1.0703,1.0703,1.0703,1.0703,1.0703,1.0703
2024-09,SKU:55032,55032,קשיח PVC חום2.5 חוט,3,900,1.0703,1.0703,1.0703,1.0703,1.0703,1.0703
2024-10,SKU:55032,55032,קשיח PVC חום2.5 חוט,2,400,1.1259,1.1259,1.1259,1.1259,1.1259,1.1259
2024-11,SKU:55032,55032,קשיח PVC חום2.5 חוט,1,500,1.1259,1.1259,1.1259,1.1259,1.1259,1.1259
2024-12,SKU:55032,55032,קשיח PVC חום2.5 חוט,2,700,1.04,1.04,1.04,1.04,1.04,1.04
2017-10,SKU:55033,55033,קשיח PVC צ/י2.5 חוט,4,1100,0.7,0.6995,0.6944,0.7056,0.6944,0.6944
2018-08,SKU:55033,55033,קשיח PVC צ/י2.5 חוט,1,300,0.9072,0.9072,0.9072,0.9072,0.9072,0.9072
2018-11,SKU:55033,55033,קשיח PVC צ/י2.5 חוט,1,200,0.6993,0.6993,0.6993,0.6993,0.6993,0.6993
2018-12,SKU:55033,55033,קשיח PVC צ/י2.5 חוט,1,500,0.7056,0.7056,0.7056,0.7056,0.7056,0.7056
2019-01,SKU:55033,55033,קשיח PVC צ/י2.5 חוט,2,400,0.7182,0.7182,0.7182,0.7182,0.7182,0.7182
2019-08,SKU:55033,55033,קשיח PVC צ/י2.5 חוט,2,400,0.6783,0.6783,0.6783,0.6783,0.6783,0.6783
2019-09,SKU:55033,55033,קשיח PVC צ/י2.5 חוט,7,2700,0.65,0.65,0.65,0.65,0.65,0.65
2019-10,SKU:55033,55033,קשיח PVC צ/י2.5 חוט,4,1600,0.63,0.63,0.63,0.63,0.63,0.63
2020-03,SKU:55033,55033,קשיח PVC צ/י2.5 חוט,2,900,0.61,0.61,0.61,0.61,0.61,0.61
2020-04,SKU:55033,55033,קשיח PVC צ/י2.5 חוט,4,1600,0.6,0.6,0.6,0.6,0.6,0.6
2020-06,SKU:55033,55033,קשיח PVC צ/י2.5 חוט,2,600,0.585,0.5817,0.58,0.59,0.58,0.59
2020-07,SKU:55033,55033,קשיח PVC צ/י2.5 חוט,8,2400,0.6664,0.6659,0.6545,0.6664,0.6664,0.6545
2020-09,SKU:55033,55033,קשיח PVC צ/י2.5 חוט,5,2200,0.6783,0.6783,0.6783,0.6783,0.6783,0.6783
2020-10,SKU:55033,55033,קשיח PVC צ/י2.5 חוט,2,700,0.69,0.69,0.69,0.69,0.69,0.69
2020-11,SKU:55033,55033,קשיח PVC צ/י2.5 חוט,4,1600,0.72,0.7212,0.72,0.74,0.72,0.74
2020-12,SKU:55033,55033,קשיח PVC צ/י2.5 חוט,5,2300,0.78,0.78,0.78,0.78,0.78,0.78
2021-04,SKU:55033,55033,קשיח PVC צ/י2.5 חוט,2,1000,0.5336,0.5336,0.5336,0.5336,0.5336,0.5336
2021-05,SKU:55033,55033,קשיח PVC צ/י2.5 חוט,3,900,1.003,,0.945,1.003,0.945,1.003
2021-06,SKU:55033,55033,קשיח PVC צ/י2.5 חוט,4,1600,0.952,,0.952,0.952,0.952,0.952
2021-07,SKU:55033,55033,קשיח PVC צ/י2.5 חוט,2,501,0.935,,0.935,0.935,0.935,0.935
2021-08,SKU:55033,55033,קשיח PVC צ/י2.5 חוט,2,700,0.918,,0.918,0.918,0.918,0.918
2021-11,SKU:55033,55033,קשיח PVC צ/י2.5 חוט,2,700,0.986,,0.986,0.986,0.986,0.986
2022-01,SKU:55033,55033,קשיח PVC צ/י2.5 חוט,2,700,0.9752,,0.9752,0.9752,0.9752,0.9752
2022-02,SKU:55033,55033,קשיח PVC צ/י2.5 חוט,4,1000,0.98,,0.98,0.98,0.98,0.98
2022-04,SKU:55033,55033,קשיח PVC צ/י2.5 חוט,5,2500,1.07,1.07,1.07,1.07,1.07,1.07
2022-05,SKU:55033,55033,קשיח PVC צ/י2.5 חוט,2,1100,1.08,1.08,1.08,1.08,1.08,1.08
2022-06,SKU:55033,55033,קשיח PVC צ/י2.5 חוט,4,1700,0.99,0.99,0.99,0.99,0.99,0.99
2022-08,SKU:55033,55033,קשיח PVC צ/י2.5 חוט,3,1500,0.96,0.96,0.96,0.96,0.96,0.96
2022-09,SKU:55033,55033,קשיח PVC צ/י2.5 חוט,7,2800,0.9118,0.9118,0.9118,0.9118,0.9118,0.9118
2022-10,SKU:55033,55033,קשיח PVC צ/י2.5 חוט,2,700,0.9118,0.9118,0.9118,0.9118,0.9118,0.9118
2022-11,SKU:55033,55033,קשיח PVC צ/י2.5 חוט,2,800,0.9118,0.9118,0.9118,0.9118,0.9118,0.9118
2022-12,SKU:55033,55033,קשיח PVC צ/י2.5 חוט,6,3000,0.9118,0.9118,0.9118,0.9118,0.9118,0.9118
2023-02,SKU:55033,55033,קשיח PVC צ/י2.5 חוט,7,3600,0.9555,0.9555,0.9555,0.9555,0.9555,0.9555
2023-03,SKU:55033,55033,קשיח PVC צ/י2.5 חוט,3,700,0.9945,0.9945,0.9945,0.9945,0.9945,0.9945
2023-04,SKU:55033,55033,קשיח PVC צ/י2.5 חוט,2,700,0.9945,0.9945,0.9945,0.9945,0.9945,0.9945
2023-05,SKU:55033,55033,קשיח PVC צ/י2.5 חוט,4,800,0.9945,0.9945,0.9945,0.9945,0.9945,0.9945
2023-06,SKU:55033,55033,קשיח PVC צ/י2.5 חוט,12,5400,0.95,0.95,0.95,0.95,0.95,0.95
2023-07,SKU:55033,55033,קשיח PVC צ/י2.5 חוט,3,1003,0.9555,0.9555,0.9555,0.9555,0.9555,0.9555
2023-08,SKU:55033,55033,קשיח PVC צ/י2.5 חוט,3,1000,0.99,0.99,0.99,0.99,0.99,0.99
2023-09,SKU:55033,55033,קשיח PVC צ/י2.5 חוט,4,1300,0.9435,0.9463,0.9435,0.9805,0.9805,0.9435
2023-11,SKU:55033,55033,קשיח PVC צ/י2.5 חוט,1,300,0.9805,0.9805,0.9805,0.9805,0.9805,0.9805
2023-12,SKU:55033,55033,קשיח PVC צ/י2.5 חוט,5,1297,0.925,0.925,0.925,0.925,0.925,0.925
2024-01,SKU:55033,55033,קשיח PVC צ/י2.5 חוט,3,500,0.98,0.98,0.98,0.98,0.98,0.98
2024-03,SKU:55033,55033,קשיח PVC צ/י2.5 חוט,1,500,0.94,0.94,0.94,0.94,0.94,0.94
2024-04,SKU:55033,55033,קשיח PVC צ/י2.5 חוט,1,200,1.0241,1.0241,1.0241,1.0241,1.0241,1.0241
2024-05,SKU:55033,55033,קשיח PVC צ/י2.5 חוט,2,500,1.0981,1.0981,1.0981,1.0981,1.0981,1.0981
2024-06,SKU:55033,55033,קשיח PVC צ/י2.5 חוט,2,200,1.0981,1.0981,1.0981,1.0981,1.0981,1.0981
2024-08,SKU:55033,55033,קשיח PVC צ/י2.5 חוט,2,600,1.0703,1.0703,1.0703,1.0703,1.0703,1.0703
2024-09,SKU:55033,55033,קשיח PVC צ/י2.5 חוט,2,700,1.0703,1.0703,1.0703,1.0703,1.0703,1.0703
2024-10,SKU:55033,55033,קשיח PVC צ/י2.5 חוט,2,400,1.1259,1.1259,1.1259,1.1259,1.1259,1.1259
2024-11,SKU:55033,55033,קשיח PVC צ/י2.5 חוט,1,500,1.1259,1.1259,1.1259,1.1259,1.1259,1.1259
2024-12,SKU:55033,55033,קשיח PVC צ/י2.5 חוט,2,700,1.04,1.04,1.04,1.04,1.04,1.04
2025-03,SKU:55033,55033,קשיח PVC צ/י2.5 חוט,1,300,1.0744,1.0744,1.0744,1.0744,1.0744,1.0744
2017-10,SKU:55034,55034,קשיח PVC כחול2.5 חוט,5,1300,0.6944,0.6987,0.6944,0.7056,0.6944,0.6944
2018-08,SKU:55034,55034,קשיח PVC כחול2.5 חוט,1,300,0.9072,0.9072,0.9072,0.9072,0.9072,0.9072
2018-11,SKU:55034,55034,קשיח PVC כחול2.5 חוט,1,200,0.6993,0.6993,0.6993,0.6993,0.6993,0.6993
2018-12,SKU:55034,55034,קשיח PVC כחול2.5 חוט,1,500,0.7056,0.7056,0.7056,0.7056,0.7056,0.7056
2019-01,SKU:55034,55034,קשיח PVC כחול2.5 חוט,2,400,0.7182,0.7182,0.7182,0.7182,0.7182,0.7182
2019-08,SKU:55034,55034,קשיח PVC כחול2.5 חוט,2,400,0.6783,0.6783,0.6783,0.6783,0.6783,0.6783
2019-09,SKU:55034,55034,קשיח PVC כחול2.5 חוט,7,2700,0.65,0.65,0.65,0.65,0.65,0.65
2019-10,SKU:55034,55034,קשיח PVC כחול2.5 חוט,4,1600,0.63,0.63,0.63,0.63,0.63,0.63
2020-02,SKU:55034,55034,קשיח PVC כחול2.5 חוט,1,500,0.63,0.63,0.63,0.63,0.63,0.63
2020-03,SKU:55034,55034,קשיח PVC כחול2.5 חוט,3,900,0.61,0.61,0.61,0.61,0.61,0.61
2020-04,SKU:55034,55034,קשיח PVC כחול2.5 חוט,5,2200,0.6,0.6,0.6,0.6,0.6,0.6
2020-06,SKU:55034,55034,קשיח PVC כחול2.5 חוט,1,500,0.58,0.58,0.58,0.58,0.58,0.58
2020-07,SKU:55034,55034,קשיח PVC כחול2.5 חוט,7,2200,0.6664,0.6659,0.6545,0.6664,0.6664,0.6545
2020-09,SKU:55034,55034,קשיח PVC כחול2.5 חוט,5,2200,0.6783,0.6783,0.6783,0.6783,0.6783,0.6783
2020-10,SKU:55034,55034,קשיח PVC כחול2.5 חוט,2,700,0.69,0.69,0.69,0.69,0.69,0.69
2020-11,SKU:55034,55034,קשיח PVC כחול2.5 חוט,4,1600,0.72,0.7212,0.72,0.74,0.72,0.74
2020-12,SKU:55034,55034,קשיח PVC כחול2.5 חוט,5,2300,0.78,0.78,0.78,0.78,0.78,0.78
2021-04,SKU:55034,55034,קשיח PVC כחול2.5 חוט,2,1000,0.5336,0.5336,0.5336,0.5336,0.5336,0.5336
2021-05,SKU:55034,55034,קשיח PVC כחול2.5 חוט,2,600,0.974,,0.945,1.003,0.945,1.003
2021-06,SKU:55034,55034,קשיח PVC כחול2.5 חוט,5,1601,0.952,,0.952,0.952,0.952,0.952
2021-07,SKU:55034,55034,קשיח PVC כחול2.5 חוט,1,500,0.935,,0.935,0.935,0.935,0.935
2021-08,SKU:55034,55034,קשיח PVC כחול2.5 חוט,2,600,0.918,,0.918,0.918,0.918,0.918
2021-11,SKU:55034,55034,קשיח PVC כחול2.5 חוט,2,500,0.986,,0.986,0.986,0.986,0.986
2022-01,SKU:55034,55034,קשיח PVC כחול2.5 חוט,2,700,0.9752,,0.9752,0.9752,0.9752,0.9752
2022-02,SKU:55034,55034,קשיח PVC כחול2.5 חוט,3,800,0.98,,0.98,0.98,0.98,0.98
2022-04,SKU:55034,55034,קשיח PVC כחול2.5 חוט,5,2500,1.07,1.07,1.07,1.07,1.07,1.07
2022-05,SKU:55034,55034,קשיח PVC כחול2.5 חוט,2,1100,1.08,1.08,1.08,1.08,1.08,1.08
2022-06,SKU:55034,55034,קשיח PVC כחול2.5 חוט,4,1800,0.99,0.99,0.99,0.99,0.99,0.99
2022-08,SKU:55034,55034,קשיח PVC כחול2.5 חוט,2,1000,0.96,0.96,0.96,0.96,0.96,0.96
2022-09,SKU:55034,55034,קשיח PVC כחול2.5 חוט,7,2800,0.9118,0.9118,0.9118,0.9118,0.9118,0.9118
2022-10,SKU:55034,55034,קשיח PVC כחול2.5 חוט,2,700,0.9118,0.9118,0.9118,0.9118,0.9118,0.9118
2022-11,SKU:55034,55034,קשיח PVC כחול2.5 חוט,2,800,0.9118,0.9118,0.9118,0.9118,0.9118,0.9118
2022-12,SKU:55034,55034,קשיח PVC כחול2.5 חוט,6,3000,0.9118,0.9118,0.9118,0.9118,0.9118,0.9118
2023-02,SKU:55034,55034,קשיח PVC כחול2.5 חוט,7,3500,0.9555,0.9555,0.9555,0.9555,0.9555,0.9555
2023-03,SKU:55034,55034,קשיח PVC כחול2.5 חוט,3,700,0.9945,0.9945,0.9945,0.9945,0.9945,0.9945
2023-04,SKU:55034,55034,קשיח PVC כחול2.5 חוט,2,700,0.9945,0.9945,0.9945,0.9945,0.9945,0.9945
2023-05,SKU:55034,55034,קשיח PVC כחול2.5 חוט,4,800,0.9945,0.9945,0.9945,0.9945,0.9945,0.9945
2023-06,SKU:55034,55034,קשיח PVC כחול2.5 חוט,12,5400,0.95,0.95,0.95,0.95,0.95,0.95
2023-07,SKU:55034,55034,קשיח PVC כחול2.5 חוט,3,1003,0.9555,0.9555,0.9555,0.9555,0.9555,0.9555
2023-08,SKU:55034,55034,קשיח PVC כחול2.5 חוט,3,1000,0.99,0.99,0.99,0.99,0.99,0.99
2023-09,SKU:55034,55034,קשיח PVC כחול2.5 חוט,4,1300,0.9435,0.9463,0.9435,0.9805,0.9805,0.9435
2023-11,SKU:55034,55034,קשיח PVC כחול2.5 חוט,1,300,0.9805,0.9805,0.9805,0.9805,0.9805,0.9805
2023-12,SKU:55034,55034,קשיח PVC כחול2.5 חוט,4,997,0.925,0.925,0.925,0.925,0.925,0.925
2024-01,SKU:55034,55034,קשיח PVC כחול2.5 חוט,3,500,0.98,0.98,0.98,0.98,0.98,0.98
2024-03,SKU:55034,55034,קשיח PVC כחול2.5 חוט,1,500,0.94,0.94,0.94,0.94,0.94,0.94
2024-04,SKU:55034,55034,קשיח PVC כחול2.5 חוט,1,200,1.0241,1.0241,1.0241,1.0241,1.0241,1.0241
2024-05,SKU:55034,55034,קשיח PVC כחול2.5 חוט,2,500,1.0981,1.0981,1.0981,1.0981,1.0981,1.0981
2024-06,SKU:55034,55034,קשיח PVC כחול2.5 חוט,2,200,1.0981,1.0981,1.0981,1.0981,1.0981,1.0981
2024-08,SKU:55034,55034,קשיח PVC כחול2.5 חוט,2,600,1.0703,1.0703,1.0703,1.0703,1.0703,1.0703
2024-09,SKU:55034,55034,קשיח PVC כחול2.5 חוט,2,700,1.0703,1.0703,1.0703,1.0703,1.0703,1.0703
2024-10,SKU:55034,55034,קשיח PVC כחול2.5 חוט,2,800,1.1259,1.1259,1.1259,1.1259,1.1259,1.1259
2024-11,SKU:55034,55034,קשיח PVC כחול2.5 חוט,2,600,1.1259,1.1259,1.1259,1.1259,1.1259,1.1259
2024-12,SKU:55034,55034,קשיח PVC כחול2.5 חוט,2,700,1.04,1.04,1.04,1.04,1.04,1.04
2025-03,SKU:55034,55034,קשיח PVC כחול2.5 חוט,1,100,1.0744,1.0744,1.0744,1.0744,1.0744,1.0744
2019-09,SKU:55037,55037,קשיח PVC ח/ש2.5 חוט,1,300,0.65,0.65,0.65,0.65,0.65,0.65
2019-09,SKU:55038,55038,קשיח PVC ח/כ2.5 חוט,1,300,0.65,0.65,0.65,0.65,0.65,0.65
2024-01,SKU:55052,55052,קשיחPVC חום6. חוט,1,100,2.4075,2.4075,2.4075,2.4075,2.4075,2.4075
2020-01,SKU:56013,56013,קשיחPVC צ/י1 חוט,1,4,2.8,2.8,2.8,2.8,2.8,2.8
2020-07,SKU:56013,56013,קשיחPVC צ/י1 חוט,2,200,2.8,2.8,2.8,2.8,2.8,2.8
2020-10,SKU:56013,56013,קשיחPVC צ/י1 חוט,1,100,3.05,3.05,3.05,3.05,3.05,3.05
2023-06,SKU:56013,56013,קשיחPVC צ/י1 חוט,1,6,4.1,4.1,4.1,4.1,4.1,4.1
2023-09,SKU:56013,56013,קשיחPVC צ/י1 חוט,1,100,4.0174,4.0174,4.0174,4.0174,4.0174,4.0174
2023-11,SKU:56013,56013,קשיחPVC צ/י1 חוט,1,50,4.0174,4.0174,4.0174,4.0174,4.0174,4.0174
2024-02,SKU:56013,56013,קשיחPVC צ/י1 חוט,2,5,4.1144,4.114,4.1144,4.1144,4.1144,4.1144
2024-03,SKU:56013,56013,קשיחPVC צ/י1 חוט,2,27,4.1144,4.1144,4.1144,4.1144,4.1144,4.1144
2025-03,SKU:56013,56013,קשיחPVC צ/י1 חוט,1,30,4.5662,4.5663,4.5662,4.5662,4.5662,4.5662
2024-03,SKU:56014,56014,10 ' קשיח חבPVC כחול1 חוט,1,15,4.17,4.17,4.17,4.17,4.17,4.17
2021-06,SKU:56023,56023,קשיחPVC צ/י16 חוט,1,140,6.1936,,6.1936,6.1936,6.1936,6.1936
2023-11,SKU:56023,56023,קשיחPVC צ/י16 חוט,1,60,6.2381,6.2382,6.2381,6.2381,6.2381,6.2381
2024-02,SKU:56023,56023,קשיחPVC צ/י16 חוט,2,62,6.3862,6.3861,6.3862,6.3862,6.3862,6.3862
2018-12,SKU:560231,560231,קשיחPVC (צ/י)בחבילה16 מטר חוט,1,78,4.5372,4.5372,4.5372,4.5372,4.5372,4.5372
2020-04,SKU:560231,560231,קשיחPVC (צ/י)בחבילה16 מטר חוט,1,100,4.1094,4.1094,4.1094,4.1094,4.1094,4.1094
2021-04,SKU:560231,560231,קשיחPVC (צ/י)בחבילה16 מטר חוט,1,100,5.676,5.676,5.676,5.676,5.676,5.676
2023-09,SKU:560231,560231,קשיחPVC (צ/י)בחבילה16 מטר חוט,1,10,6.2381,6.238,6.2381,6.2381,6.2381,6.2381
2020-12,SKU:56033,56033,קשיחPVC צ/י25 חוט,1,300,8.7435,8.7435,8.7435,8.7435,8.7435,8.7435
2023-09,SKU:56033,56033,קשיחPVC צ/י25 חוט,1,20,9.9746,9.9745,9.9746,9.9746,9.9746,9.9746
2023-11,SKU:56033,56033,קשיחPVC צ/י25 חוט,1,41,9.9746,9.9746,9.9746,9.9746,9.9746,9.9746
2024-02,SKU:56033,56033,קשיחPVC צ/י25 חוט,2,103,10.006,9.812,9.8,10.212,9.8,10.212
2024-03,SKU:56033,56033,קשיחPVC צ/י25 חוט,1,2,10.074,10.075,10.074,10.074,10.074,10.074
2024-10,SKU:56033,56033,קשיחPVC צ/י25 חוט,1,5,12.1429,12.142,12.1429,12.1429,12.1429,12.1429
2020-12,SKU:56043,56043,קשיחPVC צ/י35 חוט,1,300,11.4496,11.4496,11.4496,11.4496,11.4496,11.4496
2023-08,SKU:560431,560431,קשיחPVC (צהוב/ירוק)בחבילה 35 מטר חוט,1,20,14.201,14.201,14.201,14.201,14.201,14.201
2023-09,SKU:560431,560431,קשיחPVC (צהוב/ירוק)בחבילה 35 מטר חוט,1,2,13.1682,13.17,13.1682,13.1682,13.1682,13.1682
2019-09,SKU:58140,58140,לבן3x1.5 פנדל פלסטי,1,1,1.638,1.64,1.638,1.638,1.638,1.638
2024-03,SKU:58140,58140,לבן3x1.5 פנדל פלסטי,1,60,2.257,2.257,2.257,2.257,2.257,2.257
2024-11,SKU:58140,58140,לבן3x1.5 פנדל פלסטי,1,50,2.6649,2.665,2.6649,2.6649,2.6649,2.6649
2021-10,SKU:58150,58150,לבן4x1.5 פנדל פלסטי,1,50,2.9456,,2.9456,2.9456,2.9456,2.9456
2023-06,SKU:58160,58160,לבן5x1.5 פנדל פלסטי,1,50,4.4,4.4,4.4,4.4,4.4,4.4
2024-11,SKU:58200,58200,לבן2x2.5 פנדל פלסטי,1,50,3.1104,3.1104,3.1104,3.1104,3.1104,3.1104
2021-05,SKU:582111,582111,' מ4 ' – חב3x2.5 פנדל פלסטי כתום,1,40,3.4272,,3.4272,3.4272,3.4272,3.4272
2018-11,SKU:590201,590201,"(H-100)' ממ""ר בחב1 נחושת גלויה",1,100,2.5593,2.5593,2.5593,2.5593,2.5593,2.5593
2019-01,SKU:590201,590201,"(H-100)' ממ""ר בחב1 נחושת גלויה",1,100,2.64,2.64,2.64,2.64,2.64,2.64
2020-01,SKU:590201,590201,"(H-100)' ממ""ר בחב1 נחושת גלויה",1,100,2.4966,2.4966,2.4966,2.4966,2.4966,2.4966
2021-08,SKU:590201,590201,"(H-100)' ממ""ר בחב1 נחושת גלויה",1,100,3.4155,,3.4155,3.4155,3.4155,3.4155
2021-11,SKU:590201,590201,"(H-100)' ממ""ר בחב1 נחושת גלויה",1,100,3.6018,,3.6018,3.6018,3.6018,3.6018
2023-05,SKU:590201,590201,"(H-100)' ממ""ר בחב1 נחושת גלויה",1,100,3.7464,3.7464,3.7464,3.7464,3.7464,3.7464
2023-12,SKU:590201,590201,"(H-100)' ממ""ר בחב1 נחושת גלויה",1,100,4.3722,4.3722,4.3722,4.3722,4.3722,4.3722
2024-08,SKU:590201,590201,"(H-100)' ממ""ר בחב1 נחושת גלויה",2,200,4.1426,4.1426,4.1426,4.1426,4.1426,4.1426
2020-12,SKU:590301,590301,"(H-100)' ממ""ר בחב16 נחושת גלויה",1,100,4.6431,4.6431,4.6431,4.6431,4.6431,4.6431
2021-05,SKU:590301,590301,"(H-100)' ממ""ר בחב16 נחושת גלויה",1,100,5.8174,,5.8174,5.8174,5.8174,5.8174
2021-07,SKU:590301,590301,"(H-100)' ממ""ר בחב16 נחושת גלויה",1,100,5.916,,5.916,5.916,5.916,5.916
2022-04,SKU:590301,590301,"(H-100)' ממ""ר בחב16 נחושת גלויה",1,100,5.8245,5.8245,5.8245,5.8245,5.8245,5.8245
2022-11,SKU:590301,590301,"(H-100)' ממ""ר בחב16 נחושת גלויה",1,100,5.2076,5.2076,5.2076,5.2076,5.2076,5.2076
2018-12,SKU:5951020,5951020,3x1.5 FR N2XY כבל,2,200,1.9266,1.9266,1.9266,1.9266,1.9266,1.9266
2021-05,SKU:5951020,5951020,3x1.5 FR N2XY כבל,1,300,2.6609,,2.6609,2.6609,2.6609,2.6609
2021-11,SKU:5951020,5951020,3x1.5 FR N2XY כבל,1,50,2.6158,,2.6158,2.6158,2.6158,2.6158
2017-10,SKU:5951021,5951021,3x1.5 N2XY (מטר כבל)בחבילה,3,300,1.7918,1.8014,1.7918,1.8207,1.8207,1.7918
2018-11,SKU:5951021,5951021,3x1.5 N2XY (מטר כבל)בחבילה,3,400,1.8354,1.8354,1.8354,1.8354,1.8354,1.8354
2019-01,SKU:5951021,5951021,3x1.5 N2XY (מטר כבל)בחבילה,7,700,1.848,1.848,1.848,1.848,1.848,1.848
2019-06,SKU:5951021,5951021,3x1.5 N2XY (מטר כבל)בחבילה,1,100,1.8816,1.8816,1.8816,1.8816,1.8816,1.8816
2019-07,SKU:5951021,5951021,3x1.5 N2XY (מטר כבל)בחבילה,1,100,1.8144,1.8144,1.8144,1.8144,1.8144,1.8144
2019-09,SKU:5951021,5951021,3x1.5 N2XY (מטר כבל)בחבילה,3,400,1.68,1.68,1.68,1.68,1.68,1.68
2019-10,SKU:5951021,5951021,3x1.5 N2XY (מטר כבל)בחבילה,3,300,1.68,1.68,1.68,1.68,1.68,1.68
2020-01,SKU:5951021,5951021,3x1.5 N2XY (מטר כבל)בחבילה,2,400,1.65,1.65,1.65,1.65,1.65,1.65
2020-02,SKU:5951021,5951021,3x1.5 N2XY (מטר כבל)בחבילה,1,100,1.65,1.65,1.65,1.65,1.65,1.65
2020-04,SKU:5951021,5951021,3x1.5 N2XY (מטר כבל)בחבילה,2,200,1.62,1.62,1.62,1.62,1.62,1.62
2020-06,SKU:5951021,5951021,3x1.5 N2XY (מטר כבל)בחבילה,3,500,1.56,1.56,1.56,1.56,1.56,1.56
2020-07,SKU:5951021,5951021,3x1.5 N2XY (מטר כבל)בחבילה,2,200,1.68,1.68,1.68,1.68,1.68,1.68
2020-09,SKU:5951021,5951021,3x1.5 N2XY (מטר כבל)בחבילה,2,200,1.71,1.71,1.71,1.71,1.71,1.71
2020-10,SKU:5951021,5951021,3x1.5 N2XY (מטר כבל)בחבילה,8,1000,1.83,1.83,1.83,1.83,1.83,1.83
2020-11,SKU:5951021,5951021,3x1.5 N2XY (מטר כבל)בחבילה,3,300,1.89,1.89,1.86,1.92,1.89,1.86
2020-12,SKU:5951021,5951021,3x1.5 N2XY (מטר כבל)בחבילה,3,300,2.01,2.01,2.01,2.01,2.01,2.01
2021-04,SKU:5951021,5951021,3x1.5 N2XY (מטר כבל)בחבילה,3,600,2.166,2.166,2.166,2.166,2.166,2.166
2021-05,SKU:5951021,5951021,3x1.5 N2XY (מטר כבל)בחבילה,3,500,2.2743,,2.2743,2.5606,2.2743,2.2743
2021-06,SKU:5951021,5951021,3x1.5 N2XY (מטר כבל)בחבילה,5,900,2.4304,,2.4304,2.4304,2.4304,2.4304
2021-07,SKU:5951021,5951021,3x1.5 N2XY (מטר כבל)בחבילה,4,800,2.387,,2.387,2.387,2.387,2.387
2021-08,SKU:5951021,5951021,3x1.5 N2XY (מטר כבל)בחבילה,2,400,2.3436,,2.3436,2.3436,2.3436,2.3436
2021-10,SKU:5951021,5951021,3x1.5 N2XY (מטר כבל)בחבילה,2,300,2.387,,2.387,2.387,2.387,2.387
2021-11,SKU:5951021,5951021,3x1.5 N2XY (מטר כבל)בחבילה,2,400,2.5172,,2.5172,2.5172,2.5172,2.5172
2022-01,SKU:5951021,5951021,3x1.5 N2XY (מטר כבל)בחבילה,2,200,2.5575,,2.5575,2.5575,2.5575,2.5575
2022-02,SKU:5951021,5951021,3x1.5 N2XY (מטר כבל)בחבילה,2,200,2.604,,2.604,2.604,2.604,2.604
2022-04,SKU:5951021,5951021,3x1.5 N2XY (מטר כבל)בחבילה,4,500,2.5575,2.618,2.5575,2.86,2.5575,2.86
2022-06,SKU:5951021,5951021,3x1.5 N2XY (מטר כבל)בחבילה,3,400,2.86,2.86,2.86,2.86,2.86,2.86
2022-07,SKU:5951021,5951021,3x1.5 N2XY (מטר כבל)בחבילה,1,100,2.626,2.626,2.626,2.626,2.626,2.626
2022-08,SKU:5951021,5951021,3x1.5 N2XY (מטר כבל)בחבילה,3,600,2.5755,2.5755,2.5755,2.5755,2.5755,2.5755
2022-09,SKU:5951021,5951021,3x1.5 N2XY (מטר כבל)בחבילה,2,300,2.3735,2.3735,2.3735,2.3735,2.3735,2.3735
2022-10,SKU:5951021,5951021,3x1.5 N2XY (מטר כבל)בחבילה,4,500,2.3735,2.3735,2.3735,2.3735,2.3735,2.3735
2022-11,SKU:5951021,5951021,3x1.5 N2XY (מטר כבל)בחבילה,7,700,2.3735,2.3735,2.3735,2.3735,2.3735,2.3735
2022-12,SKU:5951021,5951021,3x1.5 N2XY (מטר כבל)בחבילה,5,600,2.3735,2.4072,2.3735,2.5755,2.3735,2.5755
2023-02,SKU:5951021,5951021,3x1.5 N2XY (מטר כבל)בחבילה,2,200,2.5137,2.5137,2.5137,2.5137,2.5137,2.5137
2023-04,SKU:5951021,5951021,3x1.5 N2XY (מטר כבל)בחבילה,2,500,2.6163,2.6163,2.6163,2.6163,2.6163,2.6163
2023-05,SKU:5951021,5951021,3x1.5 N2XY (מטר כבל)בחבילה,3,400,2.6163,2.6163,2.6163,2.6163,2.6163,2.6163
2023-06,SKU:5951021,5951021,3x1.5 N2XY (מטר כבל)בחבילה,2,200,2.565,2.565,2.565,2.565,2.565,2.565
2023-08,SKU:5951021,5951021,3x1.5 N2XY (מטר כבל)בחבילה,3,300,2.7189,2.7189,2.7189,2.7189,2.7189,2.7189
2023-09,SKU:5951021,5951021,3x1.5 N2XY (מטר כבל)בחבילה,2,300,2.6163,2.6163,2.6163,2.6163,2.6163,2.6163
2023-10,SKU:5951021,5951021,3x1.5 N2XY (מטר כבל)בחבילה,1,100,2.7189,2.7189,2.7189,2.7189,2.7189,2.7189
2023-11,SKU:5951021,5951021,3x1.5 N2XY (מטר כבל)בחבילה,3,300,2.7189,2.7189,2.7189,2.7189,2.7189,2.7189
2024-01,SKU:5951021,5951021,3x1.5 N2XY (מטר כבל)בחבילה,1,100,2.445,2.445,2.445,2.445,2.445,2.445
2024-02,SKU:5951021,5951021,3x1.5 N2XY (מטר כבל)בחבילה,5,500,2.35,2.3489,2.3472,2.35,2.35,2.3472
2024-03,SKU:5951021,5951021,3x1.5 N2XY (מטר כבל)בחבילה,1,100,2.4124,2.4124,2.4124,2.4124,2.4124,2.4124
2024-04,SKU:5951021,5951021,3x1.5 N2XY (מטר כבל)בחבילה,2,200,2.445,2.445,2.445,2.445,2.445,2.445
2024-06,SKU:5951021,5951021,3x1.5 N2XY (מטר כבל)בחבילה,1,100,2.6702,2.6702,2.6702,2.6702,2.6702,2.6702
2024-07,SKU:5951021,5951021,3x1.5 N2XY (מטר כבל)בחבילה,2,200,2.6702,2.6702,2.6702,2.6702,2.6702,2.6702
2024-08,SKU:5951021,5951021,3x1.5 N2XY (מטר כבל)בחבילה,1,100,2.6026,2.6026,2.6026,2.6026,2.6026,2.6026
2024-09,SKU:5951021,5951021,3x1.5 N2XY (מטר כבל)בחבילה,3,300,2.6026,2.6026,2.6026,2.6026,2.6026,2.6026
2024-10,SKU:5951021,5951021,3x1.5 N2XY (מטר כבל)בחבילה,1,100,2.7378,2.7378,2.7378,2.7378,2.7378,2.7378
2024-11,SKU:5951021,5951021,3x1.5 N2XY (מטר כבל)בחבילה,1,100,2.7378,2.7378,2.7378,2.7378,2.7378,2.7378
2024-12,SKU:5951021,5951021,3x1.5 N2XY (מטר כבל)בחבילה,1,100,2.6702,2.6702,2.6702,2.6702,2.6702,2.6702
2025-01,SKU:5951021,5951021,3x1.5 N2XY (מטר כבל)בחבילה,2,200,2.5564,2.5564,2.5564,2.5564,2.5564,2.5564
2025-02,SKU:5951021,5951021,3x1.5 N2XY (מטר כבל)בחבילה,1,100,2.5232,2.5232,2.5232,2.5232,2.5232,2.5232
2021-07,SKU:5951040,5951040,5x1.5 FR N2XY כבל,1,500,3.839,,3.839,3.839,3.839,3.839
2022-01,SKU:5951040,5951040,5x1.5 FR N2XY כבל,1,100,4.114,,4.114,4.114,4.114,4.114
2023-09,SKU:5951040,5951040,5x1.5 FR N2XY כבל,1,6,4.1718,4.1717,4.1718,4.1718,4.1718,4.1718
2024-06,SKU:5951040,5951040,5x1.5 FR N2XY כבל,1,12,4.3924,4.3925,4.3924,4.3924,4.3924,4.3924
2025-02,SKU:5951040,5951040,5x1.5 FR N2XY כבל,1,100,4.104,4.104,4.104,4.104,4.104,4.104
2019-01,SKU:5951041,5951041,5x1.5 N2XY (מטר כבל)בחבילה,2,200,2.86,2.86,2.86,2.86,2.86,2.86
2019-07,SKU:5951041,5951041,5x1.5 N2XY (מטר כבל)בחבילה,1,100,2.808,2.808,2.808,2.808,2.808,2.808
2020-01,SKU:5951041,5951041,5x1.5 N2XY (מטר כבל)בחבילה,1,100,2.585,2.585,2.585,2.585,2.585,2.585
2020-02,SKU:5951041,5951041,5x1.5 N2XY (מטר כבל)בחבילה,2,200,2.585,2.585,2.585,2.585,2.585,2.585
2020-03,SKU:5951041,5951041,5x1.5 N2XY (מטר כבל)בחבילה,2,200,2.444,2.444,2.444,2.444,2.444,2.444
2020-04,SKU:5951041,5951041,5x1.5 N2XY (מטר כבל)בחבילה,1,100,2.538,2.538,2.538,2.538,2.538,2.538
2020-09,SKU:5951041,5951041,5x1.5 N2XY (מטר כבל)בחבילה,2,400,2.679,2.679,2.679,2.679,2.679,2.679
2020-10,SKU:5951041,5951041,5x1.5 N2XY (מטר כבל)בחבילה,2,200,2.867,2.867,2.867,2.867,2.867,2.867
2020-11,SKU:5951041,5951041,5x1.5 N2XY (מטר כבל)בחבילה,1,100,3.008,3.008,3.008,3.008,3.008,3.008
2020-12,SKU:5951041,5951041,5x1.5 N2XY (מטר כבל)בחבילה,2,200,3.149,3.149,3.149,3.149,3.149,3.149
2021-05,SKU:5951041,5951041,5x1.5 N2XY (מטר כבל)בחבילה,1,100,3.9884,,3.9884,3.9884,3.9884,3.9884
2021-06,SKU:5951041,5951041,5x1.5 N2XY (מטר כבל)בחבילה,3,600,3.7856,,3.7856,3.7856,3.7856,3.7856
2021-07,SKU:5951041,5951041,5x1.5 N2XY (מטר כבל)בחבילה,2,300,3.718,,3.718,3.718,3.718,3.718
2021-10,SKU:5951041,5951041,5x1.5 N2XY (מטר כבל)בחבילה,2,200,3.718,,3.718,3.718,3.718,3.718
2021-11,SKU:5951041,5951041,5x1.5 N2XY (מטר כבל)בחבילה,1,100,3.9208,,3.9208,3.9208,3.9208,3.9208
2022-04,SKU:5951041,5951041,5x1.5 N2XY (מטר כבל)בחבילה,5,600,3.9875,4.0617,3.9875,4.433,3.9875,4.433
2022-06,SKU:5951041,5951041,5x1.5 N2XY (מטר כבל)בחבילה,1,100,4.433,4.433,4.433,4.433,4.433,4.433
2022-07,SKU:5951041,5951041,5x1.5 N2XY (מטר כבל)בחבילה,1,100,4.0716,4.0716,4.0716,4.0716,4.0716,4.0716
2022-08,SKU:5951041,5951041,5x1.5 N2XY (מטר כבל)בחבילה,1,100,3.9933,3.9933,3.9933,3.9933,3.9933,3.9933
2022-09,SKU:5951041,5951041,5x1.5 N2XY (מטר כבל)בחבילה,2,200,3.6801,3.6801,3.6801,3.6801,3.6801,3.6801
2022-10,SKU:5951041,5951041,5x1.5 N2XY (מטר כבל)בחבילה,1,100,3.6801,3.6801,3.6801,3.6801,3.6801,3.6801
2022-11,SKU:5951041,5951041,5x1.5 N2XY (מטר כבל)בחבילה,4,400,3.6801,3.6801,3.6801,3.6801,3.6801,3.6801
2022-12,SKU:5951041,5951041,5x1.5 N2XY (מטר כבל)בחבילה,3,300,3.6801,3.6801,3.6801,3.6801,3.6801,3.6801
2023-02,SKU:5951041,5951041,5x1.5 N2XY (מטר כבל)בחבילה,2,200,3.871,3.871,3.871,3.871,3.871,3.871
2023-04,SKU:5951041,5951041,5x1.5 N2XY (מטר כבל)בחבילה,1,100,4.029,4.029,4.029,4.029,4.029,4.029
2023-05,SKU:5951041,5951041,5x1.5 N2XY (מטר כבל)בחבילה,5,500,4.029,4.029,4.029,4.029,4.029,4.029
2023-06,SKU:5951041,5951041,5x1.5 N2XY (מטר כבל)בחבילה,2,200,3.95,3.95,3.95,3.95,3.95,3.95
2023-07,SKU:5951041,5951041,5x1.5 N2XY (מטר כבל)בחבילה,1,100,3.871,3.871,3.871,3.871,3.871,3.871
2023-08,SKU:5951041,5951041,5x1.5 N2XY (מטר כבל)בחבילה,1,100,4.187,4.187,4.187,4.187,4.187,4.187
2023-09,SKU:5951041,5951041,5x1.5 N2XY (מטר כבל)בחבילה,1,100,4.029,4.029,4.029,4.029,4.029,4.029
2023-12,SKU:5951041,5951041,5x1.5 N2XY (מטר כבל)בחבילה,1,100,3.95,3.95,3.95,3.95,3.95,3.95
2024-01,SKU:5951041,5951041,5x1.5 N2XY (מטר כבל)בחבילה,1,100,3.8625,3.8625,3.8625,3.8625,3.8625,3.8625
2024-02,SKU:5951041,5951041,5x1.5 N2XY (מטר כבל)בחבילה,2,200,3.85,3.85,3.85,3.85,3.85,3.85
2024-04,SKU:5951041,5951041,5x1.5 N2XY (מטר כבל)בחבילה,1,100,3.8625,3.8625,3.8625,3.8625,3.8625,3.8625
2024-05,SKU:5951041,5951041,5x1.5 N2XY (מטר כבל)בחבילה,1,100,4.2265,4.2265,4.2265,4.2265,4.2265,4.2265
2024-06,SKU:5951041,5951041,5x1.5 N2XY (מטר כבל)בחבילה,2,200,4.2581,4.2581,4.2581,4.2581,4.2581,4.2581
2024-08,SKU:5951041,5951041,5x1.5 N2XY (מטר כבל)בחבילה,1,100,4.1503,4.1503,4.1503,4.1503,4.1503,4.1503
2024-09,SKU:5951041,5951041,5x1.5 N2XY (מטר כבל)בחבילה,1,100,4.1503,4.1503,4.1503,4.1503,4.1503,4.1503
2024-10,SKU:5951041,5951041,5x1.5 N2XY (מטר כבל)בחבילה,2,200,4.3659,4.3659,4.3659,4.3659,4.3659,4.3659
2025-02,SKU:5951041,5951041,5x1.5 N2XY (מטר כבל)בחבילה,2,200,4.0204,4.0204,4.0204,4.0204,4.0204,4.0204
2020-01,SKU:5951060,5951060,3x2.5 FR N2XY כבל,1,500,2.5685,2.5685,2.5685,2.5685,2.5685,2.5685
2020-03,SKU:5951060,5951060,3x2.5 FR N2XY כבל,1,500,2.4284,2.4284,2.4284,2.4284,2.4284,2.4284
2020-11,SKU:5951060,5951060,3x2.5 FR N2XY כבל,1,300,2.9421,2.9421,2.9421,2.9421,2.9421,2.9421
2022-01,SKU:5951060,5951060,3x2.5 FR N2XY כבל,2,400,3.9105,,3.9105,3.9105,3.9105,3.9105
2022-04,SKU:5951060,5951060,3x2.5 FR N2XY כבל,1,200,3.9105,3.9105,3.9105,3.9105,3.9105,3.9105
2022-06,SKU:5951060,5951060,3x2.5 FR N2XY כבל,1,300,4.3505,4.3505,4.3505,4.3505,4.3505,4.3505
2022-11,SKU:5951060,5951060,3x2.5 FR N2XY כבל,1,100,3.6096,3.6096,3.6096,3.6096,3.6096,3.6096
2023-02,SKU:5951060,5951060,3x2.5 FR N2XY כבל,1,300,3.7975,3.7975,3.7975,3.7975,3.7975,3.7975
2024-03,SKU:5951060,5951060,3x2.5 FR N2XY כבל,1,300,3.7296,3.7296,3.7296,3.7296,3.7296,3.7296
2025-02,SKU:5951060,5951060,3x2.5 FR N2XY כבל,1,50,3.8456,3.8456,3.8456,3.8456,3.8456,3.8456
2023-12,SKU:5951100,5951100,"ממ""ר3x4 N2XY כבל",1,2,5.88,5.88,5.88,5.88,5.88,5.88
2024-07,SKU:5951100,5951100,"ממ""ר3x4 N2XY כבל",2,4,6.4148,6.4125,6.4148,6.4148,6.4148,6.4148
2025-03,SKU:5951100,5951100,"ממ""ר3x4 N2XY כבל",1,5,6.241,6.242,6.241,6.241,6.241,6.241
2017-10,SKU:5951101,5951101,3x4 N2XY (מטר כבל)בחבילה,1,100,4.1168,4.1168,4.1168,4.1168,4.1168,4.1168
2020-09,SKU:5951120,5951120,"ממ""ר5x4 N2XY כבל",1,103,6.4809,6.4809,6.4809,6.4809,6.4809,6.4809
2021-07,SKU:5951120,5951120,"ממ""ר5x4 N2XY כבל",1,143,8.987,,8.987,8.987,8.987,8.987
2022-09,SKU:5951120,5951120,"ממ""ר5x4 N2XY כבל",1,50,8.9018,8.9018,8.9018,8.9018,8.9018,8.9018
2023-06,SKU:5951120,5951120,"ממ""ר5x4 N2XY כבל",1,4,9.475,9.475,9.475,9.475,9.475,9.475
2023-07,SKU:5951120,5951120,"ממ""ר5x4 N2XY כבל",1,40,9.6645,9.6645,9.6645,9.6645,9.6645,9.6645
2024-02,SKU:5951120,5951120,"ממ""ר5x4 N2XY כבל",2,270,8.9358,8.8627,8.85,9.0216,9.0216,8.85
2024-04,SKU:5951120,5951120,"ממ""ר5x4 N2XY כבל",1,24,9.3975,9.3975,9.3975,9.3975,9.3975,9.3975
2024-08,SKU:5951120,5951120,"ממ""ר5x4 N2XY כבל",1,250,10.1409,10.1409,10.1409,10.1409,10.1409,10.1409
2024-10,SKU:5951120,5951120,"ממ""ר5x4 N2XY כבל",1,35,10.7994,10.7994,10.7994,10.7994,10.7994,10.7994
2024-11,SKU:5951120,5951120,"ממ""ר5x4 N2XY כבל",1,22,10.6677,10.6677,10.6677,10.6677,10.6677,10.6677
2025-01,SKU:5951120,5951120,"ממ""ר5x4 N2XY כבל",1,500,9.7405,9.7405,9.7405,9.7405,9.7405,9.7405
2017-10,SKU:59511201,59511201,"ממ""ר5x4 N2XY (מטר כבל)בחבילה",1,100,6.6528,6.6528,6.6528,6.6528,6.6528,6.6528
2018-11,SKU:59511201,59511201,"ממ""ר5x4 N2XY (מטר כבל)בחבילה",1,100,6.612,6.612,6.612,6.612,6.612,6.612
2018-12,SKU:59511201,59511201,"ממ""ר5x4 N2XY (מטר כבל)בחבילה",1,200,6.612,6.612,6.612,6.612,6.612,6.612
2020-01,SKU:59511201,59511201,"ממ""ר5x4 N2XY (מטר כבל)בחבילה",1,100,6.0335,6.0335,6.0335,6.0335,6.0335,6.0335
2020-02,SKU:59511201,59511201,"ממ""ר5x4 N2XY (מטר כבל)בחבילה",1,100,6.0335,6.0335,6.0335,6.0335,6.0335,6.0335
2020-04,SKU:59511201,59511201,"ממ""ר5x4 N2XY (מטר כבל)בחבילה",1,100,5.9238,5.9238,5.9238,5.9238,5.9238,5.9238
2020-10,SKU:59511201,59511201,"ממ""ר5x4 N2XY (מטר כבל)בחבילה",1,100,6.8014,6.8014,6.8014,6.8014,6.8014,6.8014
2020-12,SKU:59511201,59511201,"ממ""ר5x4 N2XY (מטר כבל)בחבילה",1,100,7.3499,7.3499,7.3499,7.3499,7.3499,7.3499
2021-04,SKU:59511201,59511201,"ממ""ר5x4 N2XY (מטר כבל)בחבילה",1,100,8.034,8.034,8.034,8.034,8.034,8.034
2021-05,SKU:59511201,59511201,"ממ""ר5x4 N2XY (מטר כבל)בחבילה",1,200,9.4813,,9.4813,9.4813,9.4813,9.4813
2022-04,SKU:59511201,59511201,"ממ""ר5x4 N2XY (מטר כבל)בחבילה",1,100,9.4875,9.4875,9.4875,9.4875,9.4875,9.4875
2022-11,SKU:59511201,59511201,"ממ""ר5x4 N2XY (מטר כבל)בחבילה",1,200,8.6762,8.6762,8.6762,8.6762,8.6762,8.6762
2022-12,SKU:59511201,59511201,"ממ""ר5x4 N2XY (מטר כבל)בחבילה",1,100,8.6762,8.6762,8.6762,8.6762,8.6762,8.6762
2023-05,SKU:59511201,59511201,"ממ""ר5x4 N2XY (מטר כבל)בחבילה",2,200,9.3993,9.3993,9.3993,9.3993,9.3993,9.3993
2023-07,SKU:59511201,59511201,"ממ""ר5x4 N2XY (מטר כבל)בחבילה",1,100,9.3993,9.3993,9.3993,9.3993,9.3993,9.3993
2024-03,SKU:59511201,59511201,"ממ""ר5x4 N2XY (מטר כבל)בחבילה",1,100,9.0058,9.0058,9.0058,9.0058,9.0058,9.0058
2024-05,SKU:59511201,59511201,"ממ""ר5x4 N2XY (מטר כבל)בחבילה",1,100,10.191,10.191,10.191,10.191,10.191,10.191
2024-12,SKU:59511201,59511201,"ממ""ר5x4 N2XY (מטר כבל)בחבילה",1,100,10.191,10.191,10.191,10.191,10.191,10.191
2025-01,SKU:59511201,59511201,"ממ""ר5x4 N2XY (מטר כבל)בחבילה",1,100,9.6635,9.6635,9.6635,9.6635,9.6635,9.6635
2021-07,SKU:5951160,5951160,"ממ""ר5x6 FR N2XY כבל",1,50,12.672,,12.672,12.672,12.672,12.672
2024-03,SKU:5951160,5951160,"ממ""ר5x6 FR N2XY כבל",1,25,13.2238,13.224,13.2238,13.2238,13.2238,13.2238
2024-06,SKU:5951160,5951160,"ממ""ר5x6 FR N2XY כבל",1,20,14.9705,14.9705,14.9705,14.9705,14.9705,14.9705
2019-10,SKU:59511601,59511601,"ממ""ר5x6 N2XY (מטר כבל)בחבילה",1,100,8.76,8.76,8.76,8.76,8.76,8.76
2020-06,SKU:59511601,59511601,"ממ""ר5x6 N2XY (מטר כבל)בחבילה",1,100,8.164,8.164,8.164,8.164,8.164,8.164
2020-12,SKU:59511601,59511601,"ממ""ר5x6 N2XY (מטר כבל)בחבילה",1,100,10.519,10.519,10.519,10.519,10.519,10.519
2021-04,SKU:59511601,59511601,"ממ""ר5x6 N2XY (מטר כבל)בחבילה",1,100,11.61,11.61,11.61,11.61,11.61,11.61
2021-05,SKU:59511601,59511601,"ממ""ר5x6 N2XY (מטר כבל)בחבילה",1,200,13.3458,,13.3458,13.3458,13.3458,13.3458
2023-08,SKU:59511601,59511601,"ממ""ר5x6 N2XY (מטר כבל)בחבילה",1,100,13.6793,13.6793,13.6793,13.6793,13.6793,13.6793
2024-05,SKU:59511601,59511601,"ממ""ר5x6 N2XY (מטר כבל)בחבילה",1,100,14.6308,14.6308,14.6308,14.6308,14.6308,14.6308
2022-06,SKU:5952030,5952030,"ממ""ר4x1 N2XY כבל",1,50,20.317,20.317,20.317,20.317,20.317,20.317
2019-01,SKU:5952040,5952040,"ממ""ר5x1 N2XY כבל",2,30,16.115,16.1153,16.115,16.115,16.115,16.115
2020-07,SKU:5952040,5952040,"ממ""ר5x1 N2XY כבל",1,15,14.8288,14.8287,14.8288,14.8288,14.8288,14.8288
2020-12,SKU:5952040,5952040,"ממ""ר5x1 N2XY כבל",1,505,17.7416,17.7416,17.7416,17.7416,17.7416,17.7416
2021-04,SKU:5952040,5952040,"ממ""ר5x1 N2XY כבל",1,36,18.9,18.9,18.9,18.9,18.9,18.9
2021-07,SKU:5952040,5952040,"ממ""ר5x1 N2XY כבל",1,40,21.1365,,21.1365,21.1365,21.1365,21.1365
2021-10,SKU:5952040,5952040,"ממ""ר5x1 N2XY כבל",2,1020,19.9,,19.9,19.9,19.9,19.9
2022-07,SKU:5952040,5952040,"ממ""ר5x1 N2XY כבל",4,1573,23.6,23.6,23.6,23.6,23.6,23.6
2022-12,SKU:5952040,5952040,"ממ""ר5x1 N2XY כבל",2,1008,20.1,20.1,20.1,20.1,20.1,20.1
2023-05,SKU:5952040,5952040,"ממ""ר5x1 N2XY כבל",2,995,21.2,21.2,21.2,21.2,21.2,21.2
2024-02,SKU:5952040,5952040,"ממ""ר5x1 N2XY כבל",1,400,20.35,20.35,20.35,20.35,20.35,20.35
2024-08,SKU:5952040,5952040,"ממ""ר5x1 N2XY כבל",1,100,23.17,23.17,23.17,23.17,23.17,23.17
2024-09,SKU:5952040,5952040,"ממ""ר5x1 N2XY כבל",2,160,23.7314,23.7314,23.7314,23.7314,23.7314,23.7314
2017-10,SKU:59520401,59520401,"ממ""ר5x1 N2XY (מטר כבל)בחבילה",1,3,15.4752,15.4767,15.4752,15.4752,15.4752,15.4752
2020-12,SKU:59520401,59520401,"ממ""ר5x1 N2XY (מטר כבל)בחבילה",1,100,17.5875,17.5875,17.5875,17.5875,17.5875,17.5875
2020-01,SKU:5952060,5952060,"ממ""ר4x16 N2XY כבל",1,10,19.604,19.604,19.604,19.604,19.604,19.604
2019-01,SKU:5952070,5952070,"ממ""ר5x16 FR N2XY כבל",2,90,24.871,24.8711,24.871,24.871,24.871,24.871
2020-01,SKU:5952070,5952070,"ממ""ר5x16 FR N2XY כבל",1,30,22.4565,22.4567,22.4565,22.4565,22.4565,22.4565
2020-03,SKU:5952070,5952070,"ממ""ר5x16 FR N2XY כבל",1,20,21.2316,21.2315,21.2316,21.2316,21.2316,21.2316
2020-10,SKU:5952070,5952070,"ממ""ר5x16 FR N2XY כבל",1,5,24.9063,24.906,24.9063,24.9063,24.9063,24.9063
2020-12,SKU:5952070,5952070,"ממ""ר5x16 FR N2XY כבל",1,50,26.5395,26.5396,26.5395,26.5395,26.5395,26.5395
2021-04,SKU:5952070,5952070,"ממ""ר5x16 FR N2XY כבל",1,101,30.894,30.894,30.894,30.894,30.894,30.894
2023-04,SKU:5952070,5952070,"ממ""ר5x16 FR N2XY כבל",1,40,34.3485,34.3485,34.3485,34.3485,34.3485,34.3485
2024-02,SKU:5952070,5952070,"ממ""ר5x16 FR N2XY כבל",1,42,31.66,31.66,31.66,31.66,31.66,31.66
2023-08,SKU:5952080,5952080,"ממ""ר3x25+16 N2XY כבל",1,40,42.9948,42.9947,42.9948,42.9948,42.9948,42.9948
2024-02,SKU:5952080,5952080,"ממ""ר3x25+16 N2XY כבל",1,5,39.3375,39.338,39.3375,39.3375,39.3375,39.3375
2020-02,SKU:5952090,5952090,"ממ""ר4x25 N2XY כבל",1,45,29.315,29.3151,29.315,29.315,29.315,29.315
2023-02,SKU:5952100,5952100,"ממ""ר3x35+16 N2XY כבל",1,16,50.5925,50.5925,50.5925,50.5925,50.5925,50.5925
2024-02,SKU:5952100,5952100,"ממ""ר3x35+16 N2XY כבל",1,27,49,49,49,49,49,49
2024-03,SKU:5952100,5952100,"ממ""ר3x35+16 N2XY כבל",2,5,49.713,49.714,49.713,49.713,49.713,49.713
2024-05,SKU:5952100,5952100,"ממ""ר3x35+16 N2XY כבל",1,6,58.0203,58.02,58.0203,58.0203,58.0203,58.0203
2019-09,SKU:5952110,5952110,"ממ""ר4x35 N2XY כבל",1,6,42.12,42.12,42.12,42.12,42.12,42.12
2020-02,SKU:5952110,5952110,"ממ""ר4x35 N2XY כבל",1,10,40.205,40.205,40.205,40.205,40.205,40.205
2020-10,SKU:5952110,5952110,"ממ""ר4x35 N2XY כבל",1,44,44.591,44.5909,44.591,44.591,44.591,44.591
2021-07,SKU:5953030,5953030,4x5 N2XY כבל,1,40,80.2505,,80.2505,80.2505,80.2505,80.2505
2024-10,SKU:5953030,5953030,4x5 N2XY כבל,1,8,90.9792,90.9788,90.9792,90.9792,90.9792,90.9792
2023-08,SKU:5954380,5954380,גיד צ/יNA2xY 1x24 כבל,1,30,15.62,15.62,15.62,15.62,15.62,15.62
2017-10,SKU:5955150,5955150,גמישNYAF חום1.5 חוט,1,100,0.5103,0.5103,0.5103,0.5103,0.5103,0.5103
2017-10,SKU:5955161,5955161,גמישNYAF כחול1.5 חוט,1,100,0.5103,0.5103,0.5103,0.5103,0.5103,0.5103
2021-10,SKU:5955230,5955230,גמישNYAF חום4. חוט,1,10,1.6188,,1.6188,1.6188,1.6188,1.6188
2023-04,SKU:5955230,5955230,גמישNYAF חום4. חוט,1,2,1.675,1.675,1.675,1.675,1.675,1.675
2025-01,SKU:5955230,5955230,גמישNYAF חום4. חוט,1,5,1.7556,1.756,1.7556,1.7556,1.7556,1.7556
2020-02,SKU:5955240,5955240,גמישNYAF צ/י4. חוט,1,20,1.1165,1.1165,1.1165,1.1165,1.1165,1.1165
2025-01,SKU:5955241,5955241,גמישNYAF כחול4. חוט,1,5,1.7556,1.756,1.7556,1.7556,1.7556,1.7556
2019-10,SKU:5955270,5955270,גמישNYAF חום6. חוט,1,90,1.66,1.66,1.66,1.66,1.66,1.66
2020-06,SKU:5955270,5955270,גמישNYAF חום6. חוט,1,100,1.5704,1.5704,1.5704,1.5704,1.5704,1.5704
2021-04,SKU:5955270,5955270,גמישNYAF חום6. חוט,1,5,2.268,2.268,2.268,2.268,2.268,2.268
2021-06,SKU:5955270,5955270,גמישNYAF חום6. חוט,1,100,2.3576,,2.3576,2.3576,2.3576,2.3576
2021-11,SKU:5955270,5955270,גמישNYAF חום6. חוט,1,100,2.3997,,2.3997,2.3997,2.3997,2.3997
2022-04,SKU:5955270,5955270,גמישNYAF חום6. חוט,1,3,2.5135,2.5133,2.5135,2.5135,2.5135,2.5135
2022-09,SKU:5955270,5955270,גמישNYAF חום6. חוט,1,100,2.303,2.303,2.303,2.303,2.303,2.303
2023-05,SKU:5955270,5955270,גמישNYAF חום6. חוט,1,100,2.485,2.485,2.485,2.485,2.485,2.485
2023-08,SKU:5955270,5955270,גמישNYAF חום6. חוט,1,3,2.5844,2.5833,2.5844,2.5844,2.5844,2.5844
2023-12,SKU:5955270,5955270,גמישNYAF חום6. חוט,1,100,2.6152,2.6152,2.6152,2.6152,2.6152,2.6152
2024-04,SKU:5955270,5955270,גמישNYAF חום6. חוט,2,17,2.4717,2.4718,2.4717,2.4717,2.4717,2.4717
2024-06,SKU:5955270,5955270,גמישNYAF חום6. חוט,3,15,2.6702,2.67,2.6702,2.6702,2.6702,2.6702
2024-10,SKU:5955270,5955270,גמישNYAF חום6. חוט,1,2,2.7716,2.77,2.7716,2.7716,2.7716,2.7716
2024-12,SKU:5955270,5955270,גמישNYAF חום6. חוט,1,4,2.6702,2.67,2.6702,2.6702,2.6702,2.6702
2025-01,SKU:5955270,5955270,גמישNYAF חום6. חוט,1,2,2.6257,2.625,2.6257,2.6257,2.6257,2.6257
2019-10,SKU:5955290,5955290,גמישNYAF כחול6. חוט,1,10,1.66,1.66,1.66,1.66,1.66,1.66
2020-06,SKU:5955290,5955290,גמישNYAF כחול6. חוט,2,105,1.5704,1.5704,1.5704,1.5704,1.5704,1.5704
2020-12,SKU:5955290,5955290,גמישNYAF כחול6. חוט,1,100,2.0234,2.0234,2.0234,2.0234,2.0234,2.0234
2021-04,SKU:5955290,5955290,גמישNYAF כחול6. חוט,1,2,2.268,2.27,2.268,2.268,2.268,2.268
2021-06,SKU:5955290,5955290,גמישNYAF כחול6. חוט,1,100,2.3576,,2.3576,2.3576,2.3576,2.3576
2023-05,SKU:5955290,5955290,גמישNYAF כחול6. חוט,2,20,2.485,2.485,2.485,2.485,2.485,2.485
2023-12,SKU:5955290,5955290,גמישNYAF כחול6. חוט,2,25,2.6152,2.6152,2.6152,2.6152,2.6152,2.6152
2024-04,SKU:5955290,5955290,גמישNYAF כחול6. חוט,2,8,2.4717,2.4725,2.4717,2.4717,2.4717,2.4717
2024-06,SKU:5955290,5955290,גמישNYAF כחול6. חוט,2,10,2.6702,2.67,2.6702,2.6702,2.6702,2.6702
2024-10,SKU:5955290,5955290,גמישNYAF כחול6. חוט,1,5,2.7716,2.772,2.7716,2.7716,2.7716,2.7716
2025-01,SKU:5955290,5955290,גמישNYAF כחול6. חוט,1,2,2.6257,2.625,2.6257,2.6257,2.6257,2.6257
2024-07,SKU:5956030,5956030,גמישNYAF חום1 חוט,1,3,4.582,4.5833,4.582,4.582,4.582,4.582
2020-03,SKU:5956041,5956041,גמישNYAF כחול1 חוט,1,1,2.8435,2.84,2.8435,2.8435,2.8435,2.8435
2024-07,SKU:5956041,5956041,גמישNYAF כחול1 חוט,1,1,4.582,4.58,4.582,4.582,4.582,4.582
2020-06,SKU:5956070,5956070,גמישNYAF חום16 חוט,1,8,4.92,4.92,4.92,4.92,4.92,4.92
2017-10,SKU:5956300,5956300,גמישNYAF שחור12 חוט,1,18,40.0995,40.0994,40.0995,40.0995,40.0995,40.0995
2022-08,SKU:5959060,5959060,14x1.5 N2XY כבל,1,89,13.4028,13.4028,13.4028,13.4028,13.4028,13.4028
2019-11,SKU:5974020,5974020,"52.00% שח81.0 מטר50.0 ממ""ר4x35 N2XY כבל5952110",1,1,0,0,0,0,0,0
2020-09,SKU:5974020,5974020,"52.00% שח81.0 מטר50.0 ממ""ר4x35 N2XY כבל5952110",1,1,0,0,0,0,0,0
2020-11,SKU:5974020,5974020,"52.00% שח81.0 מטר50.0 ממ""ר4x35 N2XY כבל5952110",1,1,0,0,0,0,0,0
2020-12,SKU:5974020,5974020,"52.00% שח81.0 מטר50.0 ממ""ר4x35 N2XY כבל5952110",3,3,0,0,0,0,0,0
2021-05,SKU:5974020,5974020,"52.00% שח81.0 מטר50.0 ממ""ר4x35 N2XY כבל5952110",1,1,0,,0,0,0,0
2021-06,SKU:5974020,5974020,"52.00% שח81.0 מטר50.0 ממ""ר4x35 N2XY כבל5952110",1,1,0,,0,0,0,0
2021-12,SKU:5974020,5974020,"52.00% שח81.0 מטר50.0 ממ""ר4x35 N2XY כבל5952110",1,1,0,0,0,0,0,0
2022-01,SKU:5974020,5974020,"52.00% שח81.0 מטר50.0 ממ""ר4x35 N2XY כבל5952110",1,2,0,,0,0,0,0
2022-06,SKU:5974020,5974020,"52.00% שח81.0 מטר50.0 ממ""ר4x35 N2XY כבל5952110",1,1,0,0,0,0,0,0
2023-02,SKU:5974020,5974020,"52.00% שח81.0 מטר50.0 ממ""ר4x35 N2XY כבל5952110",1,1,0,0,0,0,0,0
2023-08,SKU:5974020,5974020,"52.00% שח81.0 מטר50.0 ממ""ר4x35 N2XY כבל5952110",1,1,0,0,0,0,0,0
2024-03,SKU:5974020,5974020,"52.00% שח81.0 מטר50.0 ממ""ר4x35 N2XY כבל5952110",1,1,0,0,0,0,0,0
2020-02,SKU:5974030,5974030,"ס""מ8 תוף קוטר",1,1,0,0,0,0,0,0
2020-08,SKU:5974030,5974030,"ס""מ8 תוף קוטר",1,1,0,0,0,0,0,0
2021-09,SKU:5974030,5974030,"ס""מ8 תוף קוטר",1,1,0,0,0,0,0,0
2023-04,SKU:5974030,5974030,"ס""מ8 תוף קוטר",1,1,0,0,0,0,0,0
2023-08,SKU:5974030,5974030,"ס""מ8 תוף קוטר",3,4,0,0,0,0,0,0
2024-02,SKU:5974030,5974030,"ס""מ8 תוף קוטר",1,2,0,0,0,0,0,0
2024-08,SKU:5974030,5974030,"ס""מ8 תוף קוטר",1,1,0,0,0,0,0,0
2024-09,SKU:5974030,5974030,"ס""מ8 תוף קוטר",1,1,0,0,0,0,0,0
2025-01,SKU:5974030,5974030,"ס""מ8 תוף קוטר",1,1,0,0,0,0,0,0
2018-12,SKU:5974040,5974040,"44.00% שח26.48 מטר500.0 ממ""ר5x1 N2XY כבל5952040",1,1,0,0,0,0,0,0
2020-08,SKU:5974040,5974040,"44.00% שח26.48 מטר500.0 ממ""ר5x1 N2XY כבל5952040",2,2,0,0,0,0,0,0
2020-12,SKU:5974040,5974040,"44.00% שח26.48 מטר500.0 ממ""ר5x1 N2XY כבל5952040",2,6,160,160,160,160,160,160
2021-01,SKU:5974040,5974040,"44.00% שח26.48 מטר500.0 ממ""ר5x1 N2XY כבל5952040",2,3,160,160,160,160,160,160
2021-04,SKU:5974040,5974040,"44.00% שח26.48 מטר500.0 ממ""ר5x1 N2XY כבל5952040",1,1,0,0,0,0,0,0
2021-07,SKU:5974040,5974040,"44.00% שח26.48 מטר500.0 ממ""ר5x1 N2XY כבל5952040",1,1,0,,0,0,0,0
2021-10,SKU:5974040,5974040,"44.00% שח26.48 מטר500.0 ממ""ר5x1 N2XY כבל5952040",1,2,0,,0,0,0,0
2022-06,SKU:5974040,5974040,"44.00% שח26.48 מטר500.0 ממ""ר5x1 N2XY כבל5952040",1,3,0,0,0,0,0,0
2022-07,SKU:5974040,5974040,"44.00% שח26.48 מטר500.0 ממ""ר5x1 N2XY כבל5952040",1,1,0,0,0,0,0,0
2023-05,SKU:5974040,5974040,"44.00% שח26.48 מטר500.0 ממ""ר5x1 N2XY כבל5952040",1,2,0,0,0,0,0,0
2024-02,SKU:5974040,5974040,"44.00% שח26.48 מטר500.0 ממ""ר5x1 N2XY כבל5952040",1,1,0,0,0,0,0,0
2020-10,SKU:5974060,5974060,"FE18 E9 NHxH 5x1.5 כבל10613P 25A 6kA C GEWISS מאמ""ת3992069",1,1,0,0,0,0,0,0
2021-02,SKU:5974060,5974060,"FE18 E9 NHxH 5x1.5 כבל10613P 25A 6kA C GEWISS מאמ""ת3992069",1,1,0,0,0,0,0,0
2020-12,SKU:5974063,5974063,"ס""מ13 תוף קוטר",1,1,350,350,350,350,350,350
2021-09,SKU:61119612,61119612,ARKE מודול לקופסא מלבנית2 מתאם,1,140,4.81,4.8096,4.81,4.81,4.81,4.81
2021-10,SKU:61119612,61119612,ARKE מודול לקופסא מלבנית2 מתאם,1,60,4.5424,,4.5424,4.5424,4.5424,4.5424
2021-11,SKU:61119612,61119612,ARKE מודול לקופסא מלבנית2 מתאם,1,12,5.01,,5.01,5.01,5.01,5.01
2020-02,SKU:6112350613,6112350613,E2715W/WW (נורות לד3) מארז4,1,1,18.513,18.51,18.513,18.513,18.513,18.513
2024-06,SKU:6112351310,6112351310,אור קרDL 23W E-27 נורה לד ליבון4,1,5,15.39,15.39,15.39,15.39,15.39,15.39
2021-11,SKU:63300320,63300320,ממ24 מחבר לחץ פין אל/נח,1,1,68.625,,68.625,68.625,68.625,68.625
2017-10,SKU:63301958,63301958,x1 נ.כ אלומ' מובדל,1,1,7.713,7.71,7.713,7.713,7.713,7.713
2017-10,SKU:63301959,63301959,x1 נ.כ אלומ' מובדל,1,1,9.387,9.39,9.387,9.387,9.387,9.387
2021-11,SKU:63302191,63302191,x13 נעל כבל אלומניום מובדל,2,3,18.2025,,18.2025,18.2025,18.2025,18.2025
2023-08,SKU:63302191,63302191,x13 נעל כבל אלומניום מובדל,2,3,18.2025,18.2033,18.2025,18.2025,18.2025,18.2025
2020-11,SKU:6600020,6600020,מודו1 יומי ללא רזרבהHAGER שעון,1,2,87.8228,87.825,87.8228,87.8228,87.8228,87.8228
2019-01,SKU:6600104,6600104,VAC אוטומט חדר מדרגות,1,2,103.95,103.95,103.95,103.95,103.95,103.95
2021-04,SKU:6600104,6600104,VAC אוטומט חדר מדרגות,1,2,94.1105,94.11,94.1105,94.1105,94.1105,94.1105
2021-05,SKU:6600104,6600104,VAC אוטומט חדר מדרגות,1,10,94.1105,,94.1105,94.1105,94.1105,94.1105
2021-10,SKU:6600104,6600104,VAC אוטומט חדר מדרגות,1,10,103.88,,103.88,103.88,103.88,103.88
2021-11,SKU:6600104,6600104,VAC אוטומט חדר מדרגות,1,6,89.2878,,89.2878,89.2878,89.2878,89.2878
2023-05,SKU:6600104,6600104,VAC אוטומט חדר מדרגות,1,8,102.753,102.7525,102.753,102.753,102.753,102.753
2023-08,SKU:6600104,6600104,VAC אוטומט חדר מדרגות,1,4,87.22,87.22,87.22,87.22,87.22,87.22
2023-09,SKU:6600104,6600104,VAC אוטומט חדר מדרגות,1,3,87.22,87.22,87.22,87.22,87.22,87.22
2023-11,SKU:6600104,6600104,VAC אוטומט חדר מדרגות,1,4,97.9,97.9,97.9,97.9,97.9,97.9
2024-07,SKU:6600104,6600104,VAC אוטומט חדר מדרגות,2,2,92.56,92.56,87.22,97.9,97.9,87.22
2025-02,SKU:6600104,6600104,VAC אוטומט חדר מדרגות,1,7,102.3,102.3,102.3,102.3,102.3,102.3
2022-06,SKU:6600152,6600152,"x16A מפ""ז חד קוטבי",1,1,24.42,24.42,24.42,24.42,24.42,24.42
2023-11,SKU:6600153,6600153,"x25A מפ""ז חד קוטבי",1,7,42.48,42.48,42.48,42.48,42.48,42.48
2021-10,SKU:6600156,6600156,"x40A מפ""ז חד קוטבי",1,8,51.153,,51.153,51.153,51.153,51.153
2024-03,SKU:6600163,6600163,"x25A מפ""ז דו קוטבי",1,3,51.15,51.15,51.15,51.15,51.15,51.15
2025-02,SKU:6600163,6600163,"x25A מפ""ז דו קוטבי",1,6,54.45,54.45,54.45,54.45,54.45,54.45
2024-02,SKU:6600175,6600175,"x25A מפ""ז תלת קוטבי",1,3,69.12,69.12,69.12,69.12,69.12,69.12
2023-05,SKU:6600176,6600176,"x32A מפ""ז תלת קוטבי",1,2,72.57,72.57,72.57,72.57,72.57,72.57
2022-09,SKU:6600178,6600178,"x40A מפ""ז תלת קוטבי",1,1,111.925,111.93,111.925,111.925,111.925,111.925
2023-04,SKU:6600178,6600178,"x40A מפ""ז תלת קוטבי",1,1,113.96,113.96,113.96,113.96,113.96,113.96
2017-10,SKU:6600302,6600302,"x25A 1-0-2 מפ""ז מחליף",1,1,38.5,38.5,38.5,38.5,38.5,38.5
2023-11,SKU:6600302,6600302,"x25A 1-0-2 מפ""ז מחליף",2,3,53.712,53.71,53.712,53.712,53.712,53.712
2023-02,SKU:66010492,66010492,"VF412M מודול תה""ט48 בסיס ללוח חשמל",1,2,178.662,178.66,178.662,178.662,178.662,178.662
2018-11,SKU:6601165,6601165,KD19 פס גישור חד פזי מזלג,1,4,89.05,89.05,89.05,89.05,89.05,89.05
2022-01,SKU:6601165,6601165,KD19 פס גישור חד פזי מזלג,1,2,86.35,,86.35,86.35,86.35,86.35
2024-03,SKU:66011783,66011783,PVC 50x12 תעלת דריכה,1,6,23.76,23.76,23.76,23.76,23.76,23.76
2022-11,SKU:6601202,6601202,מכני יומי ללא רזרבהHAGER שעון,1,2,101.5331,101.535,101.5331,101.5331,101.5331,101.5331
2021-02,SKU:6601507,6601507,"חשמל תה""ט54 בסיס ללוח ל",1,1,151.84,151.84,151.84,151.84,151.84,151.84
2019-01,SKU:6601518,6601518,"תקשורת תה""ט36 בסיס ללוח ל",2,2,82.5,82.5,82.5,82.5,82.5,82.5
2020-12,SKU:6601518,6601518,"תקשורת תה""ט36 בסיס ללוח ל",1,4,82.5,82.5,82.5,82.5,82.5,82.5
2019-08,SKU:6801001,6801001,40x40x0.8 תעלת פח מלא,1,45,7.6635,7.6636,7.6635,7.6635,7.6635,7.6635
2023-07,SKU:6801001,6801001,40x40x0.8 תעלת פח מלא,1,5,8.07,8.07,8.07,8.07,8.07,8.07
2023-02,SKU:6801002,6801002,60x40x0.8 תעלת פח מלא,1,2.5,10.5048,10.504,10.5048,10.5048,10.5048,10.5048
2023-12,SKU:6801003,6801003,60x60x0.8 תעלת פח מלא,1,2.5,11.46,11.46,11.46,11.46,11.46,11.46
2020-02,SKU:6801004,6801004,100x60x0.8 תעלת פח מלא,1,12.5,11.348,11.348,11.348,11.348,11.348,11.348
2021-05,SKU:6801004,6801004,100x60x0.8 תעלת פח מלא,1,20,16.4565,,16.4565,16.4565,16.4565,16.4565
2021-11,SKU:6801004,6801004,100x60x0.8 תעלת פח מלא,1,7.5,16.1625,,16.1625,16.1625,16.1625,16.1625
2019-01,SKU:6801007,6801007,100x100x0.8 תעלת פח מלא,1,17.5,14.984,14.984,14.984,14.984,14.984,14.984
2021-06,SKU:6801007,6801007,100x100x0.8 תעלת פח מלא,1,20,19.1982,,19.1982,19.1982,19.1982,19.1982
2023-08,SKU:6801007,6801007,100x100x0.8 תעלת פח מלא,1,22.5,17.712,17.712,17.712,17.712,17.712,17.712
2024-02,SKU:6801007,6801007,100x100x0.8 תעלת פח מלא,1,55,17.108,17.108,17.108,17.108,17.108,17.108
2024-11,SKU:6801007,6801007,100x100x0.8 תעלת פח מלא,1,20,17.205,17.205,17.205,17.205,17.205,17.205
2025-02,SKU:6801007,6801007,100x100x0.8 תעלת פח מלא,2,22.5,17.205,17.2049,17.205,17.205,17.205,17.205
2017-10,SKU:6801008,6801008,200x100x0.8 תעלת פח מלא,1,5,18.4,18.4,18.4,18.4,18.4,18.4
2018-12,SKU:6801008,6801008,200x100x0.8 תעלת פח מלא,1,2.5,18.4,18.4,18.4,18.4,18.4,18.4
2020-11,SKU:6801008,6801008,200x100x0.8 תעלת פח מלא,1,20,21.96,21.96,21.96,21.96,21.96,21.96
2023-08,SKU:6801008,6801008,200x100x0.8 תעלת פח מלא,1,10,24.0675,24.068,24.0675,24.0675,24.0675,24.0675
2024-02,SKU:6801008,6801008,200x100x0.8 תעלת פח מלא,1,12.5,22.463,22.4632,22.463,22.463,22.463,22.463
2024-11,SKU:6801008,6801008,200x100x0.8 תעלת פח מלא,1,50,22.44,22.44,22.44,22.44,22.44,22.44
2020-11,SKU:6801090,6801090,300x100x1 תעלת פח מלא,1,12.5,34.3305,34.3304,34.3305,34.3305,34.3305,34.3305
2024-11,SKU:6801091,6801091,300x100x0.8 תעלת פח מלא,1,10,27.555,27.555,27.555,27.555,27.555,27.555
2021-06,SKU:6801100,6801100,400x100x1 תעלת פח מלא,1,10,48.3588,,48.3588,48.3588,48.3588,48.3588
2019-10,SKU:6801160,6801160,60x6 תעלת חיפוי,1,2.5,59.427,59.428,59.427,59.427,59.427,59.427
2022-04,SKU:6801160,6801160,60x6 תעלת חיפוי,1,40,73.152,73.152,73.152,73.152,73.152,73.152
2019-08,SKU:6802001,6802001,40x0.8 מכסה לתעלת פח מלא,1,45,3.5865,3.5864,3.5865,3.5865,3.5865,3.5865
2023-12,SKU:6802002,6802002,60x0.8 מכסה לתעלת פח מלא,1,2.5,5.1525,5.152,5.1525,5.1525,5.1525,5.1525
2019-01,SKU:6802003,6802003,100x0.8 מכסה לתעלת פח מלא,1,17.5,5.908,5.908,5.908,5.908,5.908,5.908
2020-02,SKU:6802003,6802003,100x0.8 מכסה לתעלת פח מלא,1,12.5,5.908,5.908,5.908,5.908,5.908,5.908
2020-06,SKU:6802003,6802003,100x0.8 מכסה לתעלת פח מלא,1,2.5,5.944,5.944,5.944,5.944,5.944,5.944
2020-12,SKU:6802003,6802003,100x0.8 מכסה לתעלת פח מלא,3,37.5,6.687,6.6869,6.687,6.687,6.687,6.687
2021-11,SKU:6802003,6802003,100x0.8 מכסה לתעלת פח מלא,3,112.5,8.3025,,8.3025,8.3025,8.3025,8.3025
2022-02,SKU:6802003,6802003,100x0.8 מכסה לתעלת פח מלא,1,25,8.3025,,8.3025,8.3025,8.3025,8.3025
2023-06,SKU:6802003,6802003,100x0.8 מכסה לתעלת פח מלא,1,60,7.5,7.5,7.5,7.5,7.5,7.5
2023-09,SKU:6802003,6802003,100x0.8 מכסה לתעלת פח מלא,2,30,7.1568,7.1567,7.1568,7.1568,7.1568,7.1568
2023-11,SKU:6802003,6802003,100x0.8 מכסה לתעלת פח מלא,1,10,7.455,7.455,7.455,7.455,7.455,7.455
2024-01,SKU:6802003,6802003,100x0.8 מכסה לתעלת פח מלא,1,35,7.455,7.4551,7.455,7.455,7.455,7.455
2024-03,SKU:6802003,6802003,100x0.8 מכסה לתעלת פח מלא,1,5,6.882,6.882,6.882,6.882,6.882,6.882
2024-05,SKU:6802003,6802003,100x0.8 מכסה לתעלת פח מלא,1,2.5,6.8025,6.804,6.8025,6.8025,6.8025,6.8025
2024-06,SKU:6802003,6802003,100x0.8 מכסה לתעלת פח מלא,1,30,6.8025,6.8027,6.8025,6.8025,6.8025,6.8025
2024-10,SKU:6802003,6802003,100x0.8 מכסה לתעלת פח מלא,2,50,6.8025,6.8026,6.8025,6.8025,6.8025,6.8025
2024-12,SKU:6802003,6802003,100x0.8 מכסה לתעלת פח מלא,1,2.5,6.8025,6.804,6.8025,6.8025,6.8025,6.8025
2020-02,SKU:6802004,6802004,120x0.8 מכסה לתעלת פח מלא,1,17.5,7.92,7.92,7.92,7.92,7.92,7.92
2023-09,SKU:6802004,6802004,120x0.8 מכסה לתעלת פח מלא,2,20,8.244,8.244,8.244,8.244,8.244,8.244
2017-10,SKU:6802006,6802006,200x0.8 מכסה לתעלת פח מלא,1,5,9.944,9.944,9.944,9.944,9.944,9.944
2020-12,SKU:6802006,6802006,200x0.8 מכסה לתעלת פח מלא,3,17.5,11.97,11.9703,11.97,11.97,11.97,11.97
2021-11,SKU:6802006,6802006,200x0.8 מכסה לתעלת פח מלא,2,55,15.3825,,15.3825,15.3825,15.3825,15.3825
2022-02,SKU:6802006,6802006,200x0.8 מכסה לתעלת פח מלא,1,10,15.3825,,15.3825,15.3825,15.3825,15.3825
2023-09,SKU:6802006,6802006,200x0.8 מכסה לתעלת פח מלא,2,25,12.6216,12.6216,12.6216,12.6216,12.6216,12.6216
2023-11,SKU:6802006,6802006,200x0.8 מכסה לתעלת פח מלא,1,10,13.1475,13.148,13.1475,13.1475,13.1475,13.1475
2024-01,SKU:6802006,6802006,200x0.8 מכסה לתעלת פח מלא,2,22.5,13.1475,13.1476,13.1475,13.1475,13.1475,13.1475
2024-06,SKU:6802006,6802006,200x0.8 מכסה לתעלת פח מלא,1,5,12,12,12,12,12,12
2022-07,SKU:6802060,6802060,200x1 מכסה לתעלה פח,1,15,19.6575,19.6573,19.6575,19.6575,19.6575,19.6575
2021-10,SKU:6802070,6802070,300x1 מכסה לתעלה פח,1,10,27.0864,,27.0864,27.0864,27.0864,27.0864
2021-11,SKU:6802070,6802070,300x1 מכסה לתעלה פח,2,27.5,28.215,,28.215,28.215,28.215,28.215
2022-02,SKU:6802070,6802070,300x1 מכסה לתעלה פח,1,10,28.215,,28.215,28.215,28.215,28.215
2022-07,SKU:6802070,6802070,300x1 מכסה לתעלה פח,1,60,28.215,28.215,28.215,28.215,28.215,28.215
2023-12,SKU:6802071,6802071,300x0.8 מכסה לתעלת פח,1,7.5,18.765,18.7653,18.765,18.765,18.765,18.765
2021-11,SKU:6802080,6802080,400x1 מכסה לתעלה פח,1,2.5,36.7725,,36.7725,36.7725,36.7725,36.7725
2019-01,SKU:6950020681,6950020681,(שקע כח מוגן מים)חדש ' יח1.06950020681 SUPER NW-1,2,3,10.0375,10.04,10.0375,10.0375,10.0375,10.0375
2019-10,SKU:6950020681,6950020681,(שקע כח מוגן מים)חדש ' יח1.06950020681 SUPER NW-1,1,1,10.0375,10.04,10.0375,10.0375,10.0375,10.0375
2019-11,SKU:6950020681,6950020681,(שקע כח מוגן מים)חדש ' יח1.06950020681 SUPER NW-1,1,4,10.04,10.0375,10.04,10.04,10.04,10.04
2020-06,SKU:6950020681,6950020681,(שקע כח מוגן מים)חדש ' יח1.06950020681 SUPER NW-1,1,2,10.0375,10.04,10.0375,10.0375,10.0375,10.0375
2020-07,SKU:6950020681,6950020681,(שקע כח מוגן מים)חדש ' יח1.06950020681 SUPER NW-1,1,1,10.0375,10.04,10.0375,10.0375,10.0375,10.0375
2020-08,SKU:6950020681,6950020681,(שקע כח מוגן מים)חדש ' יח1.06950020681 SUPER NW-1,1,1,8.21,8.21,8.21,8.21,8.21,8.21
2021-08,SKU:6950020681,6950020681,(שקע כח מוגן מים)חדש ' יח1.06950020681 SUPER NW-1,1,8,8.06,,8.06,8.06,8.06,8.06
2022-02,SKU:6950020681,6950020681,(שקע כח מוגן מים)חדש ' יח1.06950020681 SUPER NW-1,2,3,9.3,,9.3,9.3,9.3,9.3
2023-11,SKU:6950020681,6950020681,(שקע כח מוגן מים)חדש ' יח1.06950020681 SUPER NW-1,2,5,9.0675,9.068,9.0675,9.0675,9.0675,9.0675
2024-05,SKU:6950020681,6950020681,(שקע כח מוגן מים)חדש ' יח1.06950020681 SUPER NW-1,1,2,9.0675,9.07,9.0675,9.0675,9.0675,9.0675
2024-07,SKU:6950020681,6950020681,(שקע כח מוגן מים)חדש ' יח1.06950020681 SUPER NW-1,2,2,9.5325,9.53,9.5325,9.5325,9.5325,9.5325
2017-10,SKU:695110107,695110107,סוללת גיבוי+ 230V גלאי עשן ארופאי תקני,2,7,135,133.5714,125,145,145,125
2018-11,SKU:695110107,695110107,סוללת גיבוי+ 230V גלאי עשן ארופאי תקני,1,4,107,107,107,107,107,107
2019-01,SKU:695110107,695110107,סוללת גיבוי+ 230V גלאי עשן ארופאי תקני,1,34,107,107,107,107,107,107
2021-08,SKU:695110107,695110107,סוללת גיבוי+ 230V גלאי עשן ארופאי תקני,1,40,73.5,,73.5,73.5,73.5,73.5
2021-09,SKU:695110107,695110107,סוללת גיבוי+ 230V גלאי עשן ארופאי תקני,1,10,73.5,73.5,73.5,73.5,73.5,73.5
2021-10,SKU:695110107,695110107,סוללת גיבוי+ 230V גלאי עשן ארופאי תקני,1,3,73.5,,73.5,73.5,73.5,73.5
2021-11,SKU:695110107,695110107,סוללת גיבוי+ 230V גלאי עשן ארופאי תקני,2,6,73.5,,73.5,73.5,73.5,73.5
2022-05,SKU:695110107,695110107,סוללת גיבוי+ 230V גלאי עשן ארופאי תקני,1,2,73.5,73.5,73.5,73.5,73.5,73.5
2023-08,SKU:6951101075,6951101075,+ 230V תקני גלאי עשן ' יח30.06951101075 סוללת גיבוי,1,53,82,82,82,82,82,82
2023-09,SKU:6951101075,6951101075,+ 230V תקני גלאי עשן ' יח30.06951101075 סוללת גיבוי,1,1,50,50,50,50,50,50
2023-10,SKU:6951101075,6951101075,+ 230V תקני גלאי עשן ' יח30.06951101075 סוללת גיבוי,1,4,50,50,50,50,50,50
2023-11,SKU:6951101075,6951101075,+ 230V תקני גלאי עשן ' יח30.06951101075 סוללת גיבוי,1,1,50,50,50,50,50,50
2024-06,SKU:6951101075,6951101075,+ 230V תקני גלאי עשן ' יח30.06951101075 סוללת גיבוי,2,26,52.3125,52.3127,52.3125,52.3125,52.3125,52.3125
2024-08,SKU:6951101075,6951101075,+ 230V תקני גלאי עשן ' יח30.06951101075 סוללת גיבוי,2,16,49,49,49,49,49,49
2024-09,SKU:6951101075,6951101075,+ 230V תקני גלאי עשן ' יח30.06951101075 סוללת גיבוי,1,6,50.43,50.43,50.43,50.43,50.43,50.43
2025-01,SKU:6951101075,6951101075,+ 230V תקני גלאי עשן ' יח30.06951101075 סוללת גיבוי,1,13,52.3125,52.3123,52.3125,52.3125,52.3125,52.3125
2021-06,SKU:695110111,695110111,"גלאי תנועה תקרתי תה""ט",1,6,30.387,,30.387,30.387,30.387,30.387
2021-08,SKU:695110111,695110111,"גלאי תנועה תקרתי תה""ט",1,6,32.7024,,32.7024,32.7024,32.7024,32.7024
2018-11,SKU:695220102,695220102,SUPER N N-2 קופסא,1,1,8.0135,8.01,8.0135,8.0135,8.0135,8.0135
2020-02,SKU:695220102,695220102,SUPER N N-2 קופסא,1,1,8.0135,8.01,8.0135,8.0135,8.0135,8.0135
2021-04,SKU:695220102,695220102,SUPER N N-2 קופסא,1,1,7.062,7.06,7.062,7.062,7.062,7.062
2022-01,SKU:695220102,695220102,SUPER N N-2 קופסא,1,1,7.56,,7.56,7.56,7.56,7.56
2022-04,SKU:695220102,695220102,SUPER N N-2 קופסא,1,5,7.56,7.56,7.56,7.56,7.56,7.56
2023-07,SKU:695220102,695220102,SUPER N N-2 קופסא,1,1,8.31,8.31,8.31,8.31,8.31,8.31
2023-09,SKU:695220102,695220102,SUPER N N-2 קופסא,1,1,8.31,8.31,8.31,8.31,8.31,8.31
2017-10,SKU:695220103,695220103,SUPER N N-3 קופסא,1,11,12.3088,12.3091,12.3088,12.3088,12.3088,12.3088
2019-01,SKU:695220103,695220103,SUPER N N-3 קופסא,1,5,12.089,12.09,12.089,12.089,12.089,12.089
2019-06,SKU:695220103,695220103,SUPER N N-3 קופסא,1,2,12.089,12.09,12.089,12.089,12.089,12.089
2020-04,SKU:695220103,695220103,SUPER N N-3 קופסא,1,4,12.089,12.09,12.089,12.089,12.089,12.089
2020-07,SKU:695220103,695220103,SUPER N N-3 קופסא,1,5,12.089,12.09,12.089,12.089,12.089,12.089
2020-11,SKU:695220103,695220103,SUPER N N-3 קופסא,1,11,9.891,9.8909,9.891,9.891,9.891,9.891
2020-12,SKU:695220103,695220103,SUPER N N-3 קופסא,2,4,9.891,9.89,9.891,9.891,9.891,9.891
2022-01,SKU:695220103,695220103,SUPER N N-3 קופסא,1,1,11.5125,,11.5125,11.5125,11.5125,11.5125
2017-10,SKU:695220104,695220104,SUPER N N-4 קופסא,3,11,14.32,14.32,14.32,14.32,14.32,14.32
2019-06,SKU:695220104,695220104,SUPER N N-4 קופסא,1,4,15.752,15.7525,15.752,15.752,15.752,15.752
2019-09,SKU:695220104,695220104,SUPER N N-4 קופסא,1,2,12.6016,12.6,12.6016,12.6016,12.6016,12.6016
2020-02,SKU:695220104,695220104,SUPER N N-4 קופסא,2,3,15.752,15.75,15.752,15.752,15.752,15.752
2020-03,SKU:695220104,695220104,SUPER N N-4 קופסא,1,3,15.752,15.7533,15.752,15.752,15.752,15.752
2020-04,SKU:695220104,695220104,SUPER N N-4 קופסא,1,4,15.752,15.7525,15.752,15.752,15.752,15.752
2020-06,SKU:695220104,695220104,SUPER N N-4 קופסא,1,1,15.752,15.75,15.752,15.752,15.752,15.752
2020-09,SKU:695220104,695220104,SUPER N N-4 קופסא,1,2,12.888,12.89,12.888,12.888,12.888,12.888
2020-10,SKU:695220104,695220104,SUPER N N-4 קופסא,2,5,12.888,12.888,12.888,12.888,12.888,12.888
2020-11,SKU:695220104,695220104,SUPER N N-4 קופסא,1,7,12.888,12.8886,12.888,12.888,12.888,12.888
2020-12,SKU:695220104,695220104,SUPER N N-4 קופסא,1,2,12.888,12.89,12.888,12.888,12.888,12.888
2021-06,SKU:695220104,695220104,SUPER N N-4 קופסא,3,18,14.3325,,14.3325,14.3325,14.3325,14.3325
2021-11,SKU:695220104,695220104,SUPER N N-4 קופסא,1,1,15,,15,15,15,15
2022-01,SKU:695220104,695220104,SUPER N N-4 קופסא,1,6,15,,15,15,15,15
2022-02,SKU:695220104,695220104,SUPER N N-4 קופסא,1,11,15,,15,15,15,15
2022-04,SKU:695220104,695220104,SUPER N N-4 קופסא,1,4,14.4,14.4,14.4,14.4,14.4,14.4
2022-05,SKU:695220104,695220104,SUPER N N-4 קופסא,1,3,15,15,15,15,15,15
2022-06,SKU:695220104,695220104,SUPER N N-4 קופסא,1,4,15,15,15,15,15,15
2022-10,SKU:695220104,695220104,SUPER N N-4 קופסא,1,5,16.5075,16.508,16.5075,16.5075,16.5075,16.5075
2022-12,SKU:695220104,695220104,SUPER N N-4 קופסא,2,6,16.1774,16.0683,15.8472,16.5075,15.8472,16.5075
2023-02,SKU:695220104,695220104,SUPER N N-4 קופסא,1,1,16.5075,16.51,16.5075,16.5075,16.5075,16.5075
2023-10,SKU:695220104,695220104,SUPER N N-4 קופסא,1,4,14.535,14.535,14.535,14.535,14.535,14.535
2024-07,SKU:695220104,695220104,SUPER N N-4 קופסא,1,1,14.535,14.54,14.535,14.535,14.535,14.535
2024-08,SKU:695220104,695220104,SUPER N N-4 קופסא,1,1,16.0425,16.04,16.0425,16.0425,16.0425,16.0425
2024-11,SKU:695220104,695220104,SUPER N N-4 קופסא,1,2,16.0425,16.045,16.0425,16.0425,16.0425,16.0425
2025-03,SKU:695220104,695220104,SUPER N N-4 קופסא,1,1,16.0425,16.04,16.0425,16.0425,16.0425,16.0425
2017-10,SKU:695220106,695220106,SUPER N N-6 קופסא,1,3,27.9328,27.9333,27.9328,27.9328,27.9328,27.9328
2019-09,SKU:695220106,695220106,SUPER N N-6 קופסא,1,1,21.9472,21.95,21.9472,21.9472,21.9472,21.9472
2020-03,SKU:695220106,695220106,SUPER N N-6 קופסא,1,1,26.9352,26.94,26.9352,26.9352,26.9352,26.9352
2020-12,SKU:695220106,695220106,SUPER N N-6 קופסא,1,1,22.446,22.45,22.446,22.446,22.446,22.446
2022-02,SKU:695220106,695220106,SUPER N N-6 קופסא,1,1,26.04,,26.04,26.04,26.04,26.04
2019-06,SKU:695220501,695220501,SUPER N1-A מפסק יחיד,1,2,6.7925,6.795,6.7925,6.7925,6.7925,6.7925
2019-10,SKU:695220501,695220501,SUPER N1-A מפסק יחיד,1,1,6.7925,6.79,6.7925,6.7925,6.7925,6.7925
2022-12,SKU:695220501,695220501,SUPER N1-A מפסק יחיד,1,1,6.9192,6.92,6.9192,6.9192,6.9192,6.9192
2023-06,SKU:695220501,695220501,SUPER N1-A מפסק יחיד,1,2,7.2075,7.21,7.2075,7.2075,7.2075,7.2075
2023-08,SKU:695220501,695220501,SUPER N1-A מפסק יחיד,1,1,7.2075,7.21,7.2075,7.2075,7.2075,7.2075
2023-11,SKU:695220501,695220501,SUPER N1-A מפסק יחיד,1,6,6.2775,6.2783,6.2775,6.2775,6.2775,6.2775
2024-04,SKU:695220501,695220501,SUPER N1-A מפסק יחיד,1,1,6.2775,6.28,6.2775,6.2775,6.2775,6.2775
2017-10,SKU:695220503,695220503,SUPER N1-C מפסק חילוף,1,2,8.848,8.85,8.848,8.848,8.848,8.848
2021-08,SKU:695220503,695220503,SUPER N1-C מפסק חילוף,1,2,7.9272,,7.9272,7.9272,7.9272,7.9272
2020-01,SKU:695220505,695220505,SUPER N1DL לחצן מואר,3,3,11.407,11.41,11.407,11.407,11.407,11.407
2017-10,SKU:695220506,695220506,SUPER N1-DK מפסק דו קוטבי,1,1,11.2695,11.27,11.2695,11.2695,11.2695,11.2695
2023-05,SKU:695220506,695220506,SUPER N1-DK מפסק דו קוטבי,1,1,11.745,11.75,11.745,11.745,11.745,11.745
2018-11,SKU:695220521,695220521,SUPER N-1 שקע כח,1,1,4.9555,4.96,4.9555,4.9555,4.9555,4.9555
2018-12,SKU:695220521,695220521,SUPER N-1 שקע כח,2,2,4.9555,4.96,4.9555,4.9555,4.9555,4.9555
2019-08,SKU:695220521,695220521,SUPER N-1 שקע כח,2,4,4.9555,4.955,4.9555,4.9555,4.9555,4.9555
2019-10,SKU:695220521,695220521,SUPER N-1 שקע כח,2,9,4.9555,4.9556,4.9555,4.9555,4.9555,4.9555
2020-01,SKU:695220521,695220521,SUPER N-1 שקע כח,1,2,4.9555,4.955,4.9555,4.9555,4.9555,4.9555
2020-02,SKU:695220521,695220521,SUPER N-1 שקע כח,2,4,4.9555,4.9575,4.9555,4.9555,4.9555,4.9555
2020-04,SKU:695220521,695220521,SUPER N-1 שקע כח,1,5,4.9555,4.956,4.9555,4.9555,4.9555,4.9555
2020-06,SKU:695220521,695220521,SUPER N-1 שקע כח,1,20,4.9555,4.9555,4.9555,4.9555,4.9555,4.9555
2020-07,SKU:695220521,695220521,SUPER N-1 שקע כח,1,20,4.9555,4.9555,4.9555,4.9555,4.9555,4.9555
2020-10,SKU:695220521,695220521,SUPER N-1 שקע כח,1,5,4.0545,4.054,4.0545,4.0545,4.0545,4.0545
2021-06,SKU:695220521,695220521,SUPER N-1 שקע כח,1,20,4.446,,4.446,4.446,4.446,4.446
2021-08,SKU:695220521,695220521,SUPER N-1 שקע כח,1,8,4.03,,4.03,4.03,4.03,4.03
2021-11,SKU:695220521,695220521,SUPER N-1 שקע כח,1,10,4.65,,4.65,4.65,4.65,4.65
2022-01,SKU:695220521,695220521,SUPER N-1 שקע כח,1,5,4.65,,4.65,4.65,4.65,4.65
2022-04,SKU:695220521,695220521,SUPER N-1 שקע כח,1,20,4.464,4.464,4.464,4.464,4.464,4.464
2022-05,SKU:695220521,695220521,SUPER N-1 שקע כח,2,11,4.65,4.65,4.65,4.65,4.65,4.65
2022-11,SKU:695220521,695220521,SUPER N-1 שקע כח,1,20,5.115,5.115,5.115,5.115,5.115,5.115
2023-06,SKU:695220521,695220521,SUPER N-1 שקע כח,1,20,5.115,5.115,5.115,5.115,5.115,5.115
2023-08,SKU:695220521,695220521,SUPER N-1 שקע כח,1,20,5.115,5.115,5.115,5.115,5.115,5.115
2023-09,SKU:695220521,695220521,SUPER N-1 שקע כח,1,20,4.5375,4.5375,4.5375,4.5375,4.5375,4.5375
2023-10,SKU:695220521,695220521,SUPER N-1 שקע כח,1,4,4.5375,4.5375,4.5375,4.5375,4.5375,4.5375
2023-11,SKU:695220521,695220521,SUPER N-1 שקע כח,1,2,4.5375,4.54,4.5375,4.5375,4.5375,4.5375
2024-02,SKU:695220521,695220521,SUPER N-1 שקע כח,1,20,4.5375,4.5375,4.5375,4.5375,4.5375,4.5375
2024-03,SKU:695220521,695220521,SUPER N-1 שקע כח,1,20,4.5375,4.5375,4.5375,4.5375,4.5375,4.5375
2024-04,SKU:695220521,695220521,SUPER N-1 שקע כח,2,2,4.5375,4.54,4.5375,4.5375,4.5375,4.5375
2024-05,SKU:695220521,695220521,SUPER N-1 שקע כח,1,10,4.5375,4.538,4.5375,4.5375,4.5375,4.5375
2024-07,SKU:695220521,695220521,SUPER N-1 שקע כח,1,5,4.5375,4.538,4.5375,4.5375,4.5375,4.5375
2024-08,SKU:695220521,695220521,SUPER N-1 שקע כח,2,15,5.0025,5.0027,5.0025,5.0025,5.0025,5.0025
2024-09,SKU:695220521,695220521,SUPER N-1 שקע כח,1,1,5.0025,5,5.0025,5.0025,5.0025,5.0025
2024-10,SKU:695220521,695220521,SUPER N-1 שקע כח,1,20,5.0025,5.0025,5.0025,5.0025,5.0025,5.0025
2025-01,SKU:695220521,695220521,SUPER N-1 שקע כח,1,20,5.0025,5.0025,5.0025,5.0025,5.0025,5.0025
2017-10,SKU:695220591,695220591,SUPER N-1xקופסא ריקה,1,20,3.1808,3.181,3.1808,3.1808,3.1808,3.1808
2017-10,SKU:695220592,695220592,SUPER N-2xקופסא ריקה,1,11,5.9472,5.9473,5.9472,5.9472,5.9472,5.9472
2024-01,SKU:695220605,695220605,SUPER NW-1DL לחצן מואר מוגן,1,1,11.28,11.28,11.28,11.28,11.28,11.28
2019-10,SKU:695220611,695220611,SUPER NW-1AE מפסק יחיד מוגן גמיש,2,4,10.3235,10.325,10.3235,10.3235,10.3235,10.3235
2020-10,SKU:695220611,695220611,SUPER NW-1AE מפסק יחיד מוגן גמיש,1,1,8.4465,8.45,8.4465,8.4465,8.4465,8.4465
2020-12,SKU:695220611,695220611,SUPER NW-1AE מפסק יחיד מוגן גמיש,1,1,8.4465,8.45,8.4465,8.4465,8.4465,8.4465
2021-09,SKU:695220611,695220611,SUPER NW-1AE מפסק יחיד מוגן גמיש,1,1,9.49,9.49,9.49,9.49,9.49,9.49
2021-11,SKU:695220611,695220611,SUPER NW-1AE מפסק יחיד מוגן גמיש,1,1,9.885,,9.885,9.885,9.885,9.885
2022-01,SKU:695220611,695220611,SUPER NW-1AE מפסק יחיד מוגן גמיש,1,3,9.885,,9.885,9.885,9.885,9.885
2024-01,SKU:695220611,695220611,SUPER NW-1AE מפסק יחיד מוגן גמיש,1,1,10.4625,10.46,10.4625,10.4625,10.4625,10.4625
2024-04,SKU:695220611,695220611,SUPER NW-1AE מפסק יחיד מוגן גמיש,1,1,10.4625,10.46,10.4625,10.4625,10.4625,10.4625
2024-06,SKU:695220611,695220611,SUPER NW-1AE מפסק יחיד מוגן גמיש,1,1,10.4625,10.46,10.4625,10.4625,10.4625,10.4625
2017-10,SKU:695220621,695220621,SUPER NW-1 שקע כח מוגן מים,1,1,10.0912,10.09,10.0912,10.0912,10.0912,10.0912
2022-05,SKU:695234024,695234024,ספיר-לחצן מדרגות מואר,1,10,8.5968,8.597,8.5968,8.5968,8.5968,8.5968
2020-10,SKU:695234029,695234029,ספיר0-1-2 מפסק לתריס,1,2,18.7695,18.77,18.7695,18.7695,18.7695,18.7695
2017-10,SKU:695240004,695240004,NB4 גובה לבןN - ניסקול,1,1,13.21,13.21,13.21,13.21,13.21,13.21
2023-07,SKU:695260008,695260008,"מודול תה""ט8 אופיס ריקה",1,4,27.6675,27.6675,27.6675,27.6675,27.6675,27.6675
2017-10,SKU:695320374,695320374,' אוטו400W נורה מטל אגסי שקוף,1,6,63,63,63,63,63,63
2019-08,SKU:695321381,695321381,ST-111/S-14-80W 'סטרטר אוני,1,10,2.25,2.25,2.25,2.25,2.25,2.25
2018-11,SKU:695321404,695321404,שקוף40W נורה ליבון,1,20,1.8,1.8,1.8,1.8,1.8,1.8
2019-08,SKU:695321681,695321681,W/865 D.L T5 'נורה פלו,1,4,8.091,8.09,8.091,8.091,8.091,8.091
2020-01,SKU:695331236,695331236,תוספת כיתוב לאוסקר,1,1,28.5835,28.58,28.5835,28.5835,28.5835,28.5835
2019-01,SKU:695331907,695331907,ללא נורהPOP IP-54 ג.ת,1,5,16,16,16,16,16,16
2023-09,SKU:69537719,69537719,SMD IP65100W DL פנס הצפה דקוליין,1,2,139.5,139.5,139.5,139.5,139.5,139.5
2017-10,SKU:695384100,695384100,OS-LEDV 100W/84 IP65 פנס הצפה שחור,1,1,300,300,300,300,300,300
2017-10,SKU:695386250,695386250,OS-LEDV 50W/865 IP65 פנס הצפה לבן,1,4,85,85,85,85,85,85
2019-07,SKU:695387201,695387201,V לנורת דקרויקהGU1 בסיס,1,11,2,2,2,2,2,2
2019-03,SKU:695640806,695640806,"VEGA 1x16C 6KA ח""א161005 (100) SAPISELCO 304.5 חבק לבן90024",1,1,90,90,90,90,90,90
2021-04,SKU:695640806,695640806,"VEGA 1x16C 6KA ח""א161005 (100) SAPISELCO 304.5 חבק לבן90024",1,1,70.4,70.4,70.4,70.4,70.4,70.4
2022-02,SKU:695642831,695642831,קופסא ללא חצי אוטומט,1,1,81.6075,,81.6075,81.6075,81.6075,81.6075
2018-11,SKU:696444021,696444021,A תלת פאזי מזלגR.S.T פס,1,4,37.665,37.665,37.665,37.665,37.665,37.665
2019-01,SKU:696444021,696444021,A תלת פאזי מזלגR.S.T פס,1,1,37.665,37.67,37.665,37.665,37.665,37.665
2019-10,SKU:696444021,696444021,A תלת פאזי מזלגR.S.T פס,1,1,46.035,46.04,46.035,46.035,46.035,46.035
2020-06,SKU:696444021,696444021,A תלת פאזי מזלגR.S.T פס,1,1,46.035,46.04,46.035,46.035,46.035,46.035
2020-09,SKU:696444021,696444021,A תלת פאזי מזלגR.S.T פס,1,2,36.828,36.83,36.828,36.828,36.828,36.828
2020-12,SKU:696444021,696444021,A תלת פאזי מזלגR.S.T פס,3,20,37.665,37.247,36.828,37.665,37.665,36.828
2021-06,SKU:696444021,696444021,A תלת פאזי מזלגR.S.T פס,2,8,44.361,,41.85,46.872,41.85,46.872
2021-08,SKU:696444021,696444021,A תלת פאזי מזלגR.S.T פס,2,10,42.696,,42.696,42.696,42.696,42.696
2021-10,SKU:696444021,696444021,A תלת פאזי מזלגR.S.T פס,2,4,42.696,,42.696,42.696,42.696,42.696
2022-01,SKU:696444021,696444021,A תלת פאזי מזלגR.S.T פס,1,1,42.696,,42.696,42.696,42.696,42.696
2023-05,SKU:696444021,696444021,A תלת פאזי מזלגR.S.T פס,2,6,44.475,44.4767,44.475,44.475,44.475,44.475
2023-12,SKU:696444021,696444021,A תלת פאזי מזלגR.S.T פס,3,14,44.475,44.4757,44.475,44.475,44.475,44.475
2024-02,SKU:696444021,696444021,A תלת פאזי מזלגR.S.T פס,1,5,44.475,44.476,44.475,44.475,44.475,44.475
2024-04,SKU:696444021,696444021,A תלת פאזי מזלגR.S.T פס,1,3,44.475,44.4767,44.475,44.475,44.475,44.475
2024-05,SKU:696444021,696444021,A תלת פאזי מזלגR.S.T פס,1,2,44.475,44.475,44.475,44.475,44.475,44.475
2024-06,SKU:696444021,696444021,A תלת פאזי מזלגR.S.T פס,1,1,44.475,44.48,44.475,44.475,44.475,44.475
2024-10,SKU:696444021,696444021,A תלת פאזי מזלגR.S.T פס,1,3,44.475,44.4767,44.475,44.475,44.475,44.475
2024-12,SKU:696444021,696444021,A תלת פאזי מזלגR.S.T פס,1,1,44.475,44.48,44.475,44.475,44.475,44.475
2017-10,SKU:696444022,696444022,"1P 16A 6kA C GEWISS מאמ""ת3992007",1,1,38,38,38,38,38,38
2019-03,SKU:696444022,696444022,"1P 16A 6kA C GEWISS מאמ""ת3992007",3,3,34.38,34.38,34.38,34.38,34.38,34.38
2019-11,SKU:696444022,696444022,"1P 16A 6kA C GEWISS מאמ""ת3992007",1,3,34.38,34.3767,34.38,34.38,34.38,34.38
2020-02,SKU:696444022,696444022,"1P 16A 6kA C GEWISS מאמ""ת3992007",1,1,34.375,34.38,34.375,34.375,34.375,34.375
2020-12,SKU:696444023,696444023,פס גישור סגור תלת פאזי פין,1,1,32.1435,32.14,32.1435,32.1435,32.1435,32.1435
2024-01,SKU:696444023,696444023,פס גישור סגור תלת פאזי פין,1,5,29.6475,29.648,29.6475,29.6475,29.6475,29.6475
2018-11,SKU:696444032,696444032,40.00% שח3.78 מטר100.0 גמישNYAF חום6. חוט5955275x1.5 N2XY (מטר כבל)בחבילה5951041,1,1,12.1,12.1,12.1,12.1,12.1,12.1
2019-11,SKU:696444032,696444032,40.00% שח3.78 מטר100.0 גמישNYAF חום6. חוט5955275x1.5 N2XY (מטר כבל)בחבילה5951041,1,2,12.1,12.1,12.1,12.1,12.1,12.1
2020-02,SKU:696444032,696444032,40.00% שח3.78 מטר100.0 גמישNYAF חום6. חוט5955275x1.5 N2XY (מטר כבל)בחבילה5951041,1,2,12.1,12.1,12.1,12.1,12.1,12.1
2020-06,SKU:696444032,696444032,40.00% שח3.78 מטר100.0 גמישNYAF חום6. חוט5955275x1.5 N2XY (מטר כבל)בחבילה5951041,2,6,12.1,12.1,12.1,12.1,12.1,12.1
2021-02,SKU:696444032,696444032,40.00% שח3.78 מטר100.0 גמישNYAF חום6. חוט5955275x1.5 N2XY (מטר כבל)בחבילה5951041,1,1,9.9,9.9,9.9,9.9,9.9,9.9
2021-03,SKU:696444032,696444032,40.00% שח3.78 מטר100.0 גמישNYAF חום6. חוט5955275x1.5 N2XY (מטר כבל)בחבילה5951041,1,4,9.9,9.9,9.9,9.9,9.9,9.9
2021-10,SKU:696444032,696444032,40.00% שח3.78 מטר100.0 גמישNYAF חום6. חוט5955275x1.5 N2XY (מטר כבל)בחבילה5951041,1,1,11.5848,,11.5848,11.5848,11.5848,11.5848
2021-11,SKU:696444032,696444032,40.00% שח3.78 מטר100.0 גמישNYAF חום6. חוט5955275x1.5 N2XY (מטר כבל)בחבילה5951041,1,1,12.0675,,12.0675,12.0675,12.0675,12.0675
2023-06,SKU:696444032,696444032,40.00% שח3.78 מטר100.0 גמישNYAF חום6. חוט5955275x1.5 N2XY (מטר כבל)בחבילה5951041,2,3,15.6225,15.6233,15.6225,15.6225,15.6225,15.6225
2018-12,SKU:69644407,69644407,i-Test Pro בודק שקע ישראלי,1,1,59.428,59.43,59.428,59.428,59.428,59.428
2020-07,SKU:69644407,69644407,i-Test Pro בודק שקע ישראלי,1,1,65.3708,65.37,65.3708,65.3708,65.3708,65.3708
2020-09,SKU:69644407,69644407,i-Test Pro בודק שקע ישראלי,1,1,65.3708,65.37,65.3708,65.3708,65.3708,65.3708
2019-08,SKU:7000001,7000001,' מגול100x85 תעלת רשת,1,9,8.3565,8.3567,8.3565,8.3565,8.3565,8.3565
2019-09,SKU:7000001,7000001,' מגול100x85 תעלת רשת,1,18,7.428,7.4278,7.428,7.428,7.428,7.428
2020-10,SKU:7000001,7000001,' מגול100x85 תעלת רשת,2,15,8.3565,8.3567,8.3565,8.3565,8.3565,8.3565
2024-11,SKU:7000001,7000001,' מגול100x85 תעלת רשת,1,60,10.68,10.68,10.68,10.68,10.68,10.68
2019-09,SKU:7000002,7000002,' מגול200x85 תעלת רשת,1,12,9.716,9.7158,9.716,9.716,9.716,9.716
2019-01,SKU:7000003,7000003,' מגול300x85 תעלת רשת,2,12,12.456,12.4567,12.456,12.456,12.456,12.456
2023-05,SKU:7000005,7000005,מגולוון500x85 תעלת רשת,1,6,23.25,23.25,23.25,23.25,23.25,23.25
2020-11,SKU:70000090,70000090,מגולוון100x85 תעלת רשת חיבור מהיר,1,75,8.1135,8.1135,8.1135,8.1135,8.1135,8.1135
2021-05,SKU:70000090,70000090,מגולוון100x85 תעלת רשת חיבור מהיר,1,60,8.1606,,8.1606,8.1606,8.1606,8.1606
2021-06,SKU:70000090,70000090,מגולוון100x85 תעלת רשת חיבור מהיר,1,15,11.17,,11.17,11.17,11.17,11.17
2021-07,SKU:70000090,70000090,מגולוון100x85 תעלת רשת חיבור מהיר,1,21,8.7264,,8.7264,8.7264,8.7264,8.7264
2022-09,SKU:70000090,70000090,מגולוון100x85 תעלת רשת חיבור מהיר,1,99,9.5976,9.5976,9.5976,9.5976,9.5976,9.5976
2022-11,SKU:70000090,70000090,מגולוון100x85 תעלת רשת חיבור מהיר,1,60,9.0675,9.0675,9.0675,9.0675,9.0675,9.0675
2023-02,SKU:70000090,70000090,מגולוון100x85 תעלת רשת חיבור מהיר,1,45,9.0675,9.0676,9.0675,9.0675,9.0675,9.0675
2023-05,SKU:70000090,70000090,מגולוון100x85 תעלת רשת חיבור מהיר,2,54,9.0675,9.0676,9.0675,9.0675,9.0675,9.0675
2023-08,SKU:70000090,70000090,מגולוון100x85 תעלת רשת חיבור מהיר,1,45,8.7048,8.7049,8.7048,8.7048,8.7048,8.7048
2023-09,SKU:70000090,70000090,מגולוון100x85 תעלת רשת חיבור מהיר,1,36,8.7048,8.7047,8.7048,8.7048,8.7048,8.7048
2023-11,SKU:70000090,70000090,מגולוון100x85 תעלת רשת חיבור מהיר,1,6,9.09,9.09,9.09,9.09,9.09,9.09
2024-02,SKU:70000090,70000090,מגולוון100x85 תעלת רשת חיבור מהיר,2,66,9.09,9.09,9.09,9.09,9.09,9.09
2024-04,SKU:70000090,70000090,מגולוון100x85 תעלת רשת חיבור מהיר,1,15,9.09,9.09,9.09,9.09,9.09,9.09
2024-07,SKU:70000090,70000090,מגולוון100x85 תעלת רשת חיבור מהיר,1,6,8.28,8.28,8.28,8.28,8.28,8.28
2024-08,SKU:70000090,70000090,מגולוון100x85 תעלת רשת חיבור מהיר,2,27,8.1144,7.9856,7.9488,8.28,7.9488,8.28
2024-11,SKU:70000090,70000090,מגולוון100x85 תעלת רשת חיבור מהיר,1,6,8.28,8.28,8.28,8.28,8.28,8.28
2024-12,SKU:70000090,70000090,מגולוון100x85 תעלת רשת חיבור מהיר,1,90,8.28,8.28,8.28,8.28,8.28,8.28
2025-01,SKU:70000090,70000090,מגולוון100x85 תעלת רשת חיבור מהיר,1,24,8.28,8.28,8.28,8.28,8.28,8.28
2025-02,SKU:70000090,70000090,מגולוון100x85 תעלת רשת חיבור מהיר,2,42,8.28,8.28,8.28,8.28,8.28,8.28
2020-10,SKU:70000091,70000091,מגולוון200x85 תעלת רשת חיבור מהיר,1,30,10.602,10.602,10.602,10.602,10.602,10.602
2021-06,SKU:70000091,70000091,מגולוון200x85 תעלת רשת חיבור מהיר,1,15,14.62,,14.62,14.62,14.62,14.62
2022-12,SKU:70000091,70000091,מגולוון200x85 תעלת רשת חיבור מהיר,1,3,12.21,12.21,12.21,12.21,12.21,12.21
2023-05,SKU:70000091,70000091,מגולוון200x85 תעלת רשת חיבור מהיר,1,30,12.21,12.21,12.21,12.21,12.21,12.21
2020-12,SKU:70000092,70000092,מגולוון300x85 תעלת רשת חיבור מהיר,1,12,13.59,13.59,13.59,13.59,13.59,13.59
2021-08,SKU:70000092,70000092,מגולוון300x85 תעלת רשת חיבור מהיר,1,3,15.4008,,15.4008,15.4008,15.4008,15.4008
2025-02,SKU:70000092,70000092,מגולוון300x85 תעלת רשת חיבור מהיר,1,15,15.6975,15.6973,15.6975,15.6975,15.6975,15.6975
2024-01,SKU:7000026,7000026,30 מכסה לתעלת רשת,1,3,19.47,19.47,19.47,19.47,19.47,19.47
2020-11,SKU:7300951,7300951,x20A מפסק מודולרי,1,1,25.48,25.48,25.48,25.48,25.48,25.48
2019-01,SKU:7327002,7327002,K60N 1P 10A 6kA C חצי אוטומט אופיין,3,24,12.48,11.64,10.8,12.48,12.48,10.8
2022-02,SKU:7327002,7327002,K60N 1P 10A 6kA C חצי אוטומט אופיין,1,12,12.15,,12.15,12.15,12.15,12.15
2017-10,SKU:7327003,7327003,K60N 1P 16A 6kA C חצי אוטומט אופיין,1,12,11,11,11,11,11,11
2019-01,SKU:7327003,7327003,K60N 1P 16A 6kA C חצי אוטומט אופיין,3,32,11.04,10.95,10.8,11.04,11.04,10.8
2020-11,SKU:7327003,7327003,K60N 1P 16A 6kA C חצי אוטומט אופיין,1,3,11,11,11,11,11,11
2022-02,SKU:7327003,7327003,K60N 1P 16A 6kA C חצי אוטומט אופיין,1,12,12.15,,12.15,12.15,12.15,12.15
2019-01,SKU:7327023,7327023,K60N 3P 16A 6kA C מאמט אופיין,3,7,55.2,55.0286,54,55.2,55.2,54
2019-01,SKU:7327025,7327025,K60N 3P 25A 6kA C מאמט אופיין,5,5,55.2,54.96,54,55.2,55.2,54
2020-11,SKU:7327403,7327403,iID 2P 25A 30mA A-type מפסק פחת,1,1,105,105,105,105,105,105
2017-10,SKU:7327405,7327405,iID 2P 40A 30mA A-type מפסק פחת,1,1,110,110,110,110,110,110
2020-11,SKU:7327411,7327411,iID 4P 40A 30mA A-type מפסק פחת,1,1,160,160,160,160,160,160
2019-01,SKU:73274115,73274115,K60N 1P 16A 6kA C מאמט אופיין7327003,3,3,160,161.6667,160,165,160,165
2019-02,SKU:73274115,73274115,K60N 1P 16A 6kA C מאמט אופיין7327003,1,1,152.75,152.75,152.75,152.75,152.75,152.75
2017-10,SKU:73274461,73274461,"iDPN 6KA 1P+N 10A מא""ז",1,1,54,54,54,54,54,54
2017-10,SKU:73274748,73274748,iCT25A 2NO 230V מ.מודולרי,1,2,83.6,83.6,83.6,83.6,83.6,83.6
2017-10,SKU:7340505,7340505,NSx100B-TM83P 25KA מפסק,1,1,410,410,410,410,410,410
2017-10,SKU:7340538,7340538,NSx100-63220-240VAC סליל הפסקה,1,1,187.72,187.72,187.72,187.72,187.72,187.72
2023-05,SKU:7427112512,7427112512,ללא קליפסים1200MM IP654000K 4320LM 36W טופז,1,30,75,75,75,75,75,75
2022-12,SKU:747100110,747100110,250LM 3W אופל חירום שקוע,1,10,85,85,85,85,85,85
2023-06,SKU:747100110,747100110,250LM 3W אופל חירום שקוע,1,10,85,85,85,85,85,85
2023-09,SKU:747100110,747100110,250LM 3W אופל חירום שקוע,2,22,87,87,87,87,87,87
2023-10,SKU:747100110,747100110,250LM 3W אופל חירום שקוע,1,3,87,87,87,87,87,87
2023-11,SKU:747100110,747100110,250LM 3W אופל חירום שקוע,2,8,87,87,87,87,87,87
2024-07,SKU:747100110,747100110,250LM 3W אופל חירום שקוע,2,9,87,87,87,87,87,87
2024-09,SKU:747100110,747100110,250LM 3W אופל חירום שקוע,1,4,87,87,87,87,87,87
2023-06,SKU:748100110,748100110,LM 3W אופל חיצוני,1,15,85,85,85,85,85,85
2023-11,SKU:748100110,748100110,LM 3W אופל חיצוני,2,4,85,85,85,85,85,85
2024-01,SKU:748100110,748100110,LM 3W אופל חיצוני,1,5,85,85,85,85,85,85
2024-10,SKU:748100110,748100110,LM 3W אופל חיצוני,2,4,103.77,103.77,87,120.54,87,120.54
2023-11,SKU:748200110,748200110,LM 6W אופל חירום חיצוני,1,6,136.2375,136.2383,136.2375,136.2375,136.2375,136.2375
2022-12,SKU:749100110,749100110,ספיר שלט יציאה,1,5,85,85,85,85,85,85
2023-09,SKU:749100110,749100110,ספיר שלט יציאה,1,7,87,87,87,87,87,87
2023-10,SKU:749100110,749100110,ספיר שלט יציאה,1,4,87,87,87,87,87,87
2023-11,SKU:749100110,749100110,ספיר שלט יציאה,1,1,87,87,87,87,87,87
2023-12,SKU:749100110,749100110,ספיר שלט יציאה,1,6,87,87,87,87,87,87
2024-07,SKU:749100110,749100110,ספיר שלט יציאה,2,5,87,87,87,87,87,87
2024-08,SKU:749100110,749100110,ספיר שלט יציאה,1,1,104.7375,104.74,104.7375,104.7375,104.7375,104.7375
2024-09,SKU:749100110,749100110,ספיר שלט יציאה,1,3,87,87,87,87,87,87
2023-04,SKU:7620004,7620004,(ממ מגולוון)אופצ' להארקה26x7 כבל פלדה,1,100,0.72,0.72,0.72,0.72,0.72,0.72
2023-11,SKU:7620004,7620004,(ממ מגולוון)אופצ' להארקה26x7 כבל פלדה,1,100,0.72,0.72,0.72,0.72,0.72,0.72
2023-05,SKU:78000040,78000040,לבן17x17 PVC מכסה+תעלה,1,20,1.92,1.92,1.92,1.92,1.92,1.92
2023-09,SKU:78000040,78000040,לבן17x17 PVC מכסה+תעלה,1,2,1.92,1.92,1.92,1.92,1.92,1.92
2021-06,SKU:78000045,78000045,לבן30x17 PVC מכסה+תעלה,1,6,5.1435,,5.1435,5.1435,5.1435,5.1435
2022-02,SKU:78000054,78000054,לבן60x42 PVC מכסה+תעלה,1,2,13.605,,13.605,13.605,13.605,13.605
2017-10,SKU:78000067,78000067,מחיצה+ 120x6 תעלה,1,4,21,21,21,21,21,21
2022-02,SKU:79002012,79002012,דבק+ 17x17 PVC מכסה+תעלה,2,12,11.8575,,11.8575,11.8575,11.8575,11.8575
2022-08,SKU:79002012,79002012,דבק+ 17x17 PVC מכסה+תעלה,1,20,12.555,12.555,12.555,12.555,12.555,12.555
2019-01,SKU:80142801,80142801,"PVC 12x8 ""שלט קשיח ""הארקה לא לנתק",1,4,3.83,3.83,3.83,3.83,3.83,3.83
2021-12,SKU:80142801,80142801,"PVC 12x8 ""שלט קשיח ""הארקה לא לנתק",1,2,3.12,3.115,3.12,3.12,3.12,3.12
2021-12,SKU:80142811,80142811,"PVC 12x8 ""שלט קשיח ""הארקת יסוד",1,1,4.19,4.19,4.19,4.19,4.19,4.19
2024-01,SKU:80142811,80142811,"PVC 12x8 ""שלט קשיח ""הארקת יסוד",1,1,4.185,4.19,4.185,4.185,4.185,4.185
2018-11,SKU:80142821,80142821,"PVC 12x8 ""שלט קשיח ""הארקה לא לפרק",1,1,3.447,3.45,3.447,3.447,3.447,3.447
2021-11,SKU:80142821,80142821,"PVC 12x8 ""שלט קשיח ""הארקה לא לפרק",1,1,3.1125,,3.1125,3.1125,3.1125,3.1125
2021-12,SKU:80142821,80142821,"PVC 12x8 ""שלט קשיח ""הארקה לא לפרק",1,6,3.11,3.1133,3.11,3.11,3.11,3.11
2020-06,SKU:8014292,8014292,"x8 "" ""פס השוואת פוטנציאליםPVC מדבקה",1,1,1.6515,1.65,1.6515,1.6515,1.6515,1.6515
2024-03,SKU:8014292,8014292,"x8 "" ""פס השוואת פוטנציאליםPVC מדבקה",1,1,1.628,1.63,1.628,1.628,1.628,1.628
2019-09,SKU:80144280,80144280,"x8 "" ""הארקה לא לנתקPVC מדבקה",1,2,1.6515,1.65,1.6515,1.6515,1.6515,1.6515
2021-02,SKU:80144280,80144280,"x8 "" ""הארקה לא לנתקPVC מדבקה",1,1,1.65,1.65,1.65,1.65,1.65,1.65
2020-01,SKU:80144281,80144281,"x8 "" ""הארקת יסודPVC מדבקה",1,2,1.468,1.47,1.468,1.468,1.468,1.468
2023-02,SKU:80144281,80144281,"x8 "" ""הארקת יסודPVC מדבקה",1,1,1.65,1.65,1.65,1.65,1.65,1.65
2020-01,SKU:80144282,80144282,"x12 "" ""הארקה לא לפרקPVC מדבקה",1,2,1.468,1.47,1.468,1.468,1.468,1.468
2019-06,SKU:80144306,80144306,"x8 "" ""לוח חשמלPVC מדבקה",1,1,1.835,1.84,1.835,1.835,1.835,1.835
2020-06,SKU:80144306,80144306,"x8 "" ""לוח חשמלPVC מדבקה",1,1,1.835,1.84,1.835,1.835,1.835,1.835
2023-07,SKU:80145019,80145019,x8 מדבקה זהירות הצבע הכחול של בידוד,1,20,1.65,1.65,1.65,1.65,1.65,1.65
2017-10,SKU:80145049,80145049,"(' יח3) 8x4 "" ""הארקה לא לפרקPVC מדבקה",1,2,1.6,1.6,1.6,1.6,1.6,1.6
2019-09,SKU:80145049,80145049,"(' יח3) 8x4 "" ""הארקה לא לפרקPVC מדבקה",1,1,1.9215,1.92,1.9215,1.9215,1.9215,1.9215
2020-01,SKU:80145049,80145049,"(' יח3) 8x4 "" ""הארקה לא לפרקPVC מדבקה",3,11,1.708,1.7073,1.708,1.708,1.708,1.708
2020-11,SKU:80145049,80145049,"(' יח3) 8x4 "" ""הארקה לא לפרקPVC מדבקה",1,5,1.708,1.708,1.708,1.708,1.708,1.708
2023-09,SKU:80145049,80145049,"(' יח3) 8x4 "" ""הארקה לא לפרקPVC מדבקה",1,2,1.8432,1.845,1.8432,1.8432,1.8432,1.8432
2020-06,SKU:80145079,80145079,"(' יח3) 8x4 "" ""הארקת יסודPVC מדבקה",1,2,1.9215,1.92,1.9215,1.9215,1.9215,1.9215
2021-11,SKU:80145079,80145079,"(' יח3) 8x4 "" ""הארקת יסודPVC מדבקה",1,2,1.92,,1.92,1.92,1.92,1.92
2022-08,SKU:8014719,8014719,x2 שלט פולט אור מפסק זרם ראשי גודל,1,1,12.75,12.75,12.75,12.75,12.75,12.75
2024-02,SKU:801473308,801473308,""" ""מאופס8x12 שלט חריטה",1,1,9.3,9.3,9.3,9.3,9.3,9.3
2024-03,SKU:801473312,801473312,""" ""הארקת יסוד8x12 שלט חריטה",1,1,14.8,14.8,14.8,14.8,14.8,14.8
2021-08,SKU:81010057,81010057,PVC אטם לחץ לצינור,1,6,22.32,,22.32,22.32,22.32,22.32
2022-04,SKU:81010057,81010057,PVC אטם לחץ לצינור,1,12,23.25,23.25,23.25,23.25,23.25,23.25
2022-04,SKU:81010058,81010058,PVC אטם לחץ לצינור,1,8,23.25,23.25,23.25,23.25,23.25,23.25
2022-04,SKU:8103006,8103006,ממ4.9 עובי דופן8 דרג16 צינור אפור לחשמל,1,12,46.2675,46.2675,46.2675,46.2675,46.2675,46.2675
2022-10,SKU:8103006,8103006,ממ4.9 עובי דופן8 דרג16 צינור אפור לחשמל,1,24,44.4168,44.4167,44.4168,44.4168,44.4168,44.4168
2021-08,SKU:8103007,8103007,"ממ6.2 ע""ד1 דרג16 צינור אפור לחשמל",1,30,46,,46,46,46,46
2022-04,SKU:8103016,8103016,ממ6.9 עובי דופן8 דרג225 צינור אפור לחשמל,1,6,95.9625,95.9633,95.9625,95.9625,95.9625,95.9625
2021-08,SKU:8103301,8103301,פקק זכר לצינור,1,6,90.675,,90.675,90.675,90.675,90.675
2022-04,SKU:8103390,8103390,פקק נקבה לצינור,1,12,153.45,153.45,153.45,153.45,153.45,153.45
2022-04,SKU:8103400,8103400,פקק נקבה לצינור,1,6,209.25,209.25,209.25,209.25,209.25,209.25
2022-07,SKU:8103400,8103400,פקק נקבה לצינור,1,2,209.25,209.25,209.25,209.25,209.25,209.25
2021-05,SKU:8107005,8107005,"8 חוט+(8.)ד13.5 מ""מ5 צינור י.ק.ע",1,100,7,,7,7,7,7
2018-11,SKU:833001,833001,CA-22 חותך ומקלף כבלים9956513582 TOP ' מודו6 ל TOP מתאם3924230,2,11,19.5725,21.6773,17,22.145,17,22.145
2018-12,SKU:833001,833001,CA-22 חותך ומקלף כבלים9956513582 TOP ' מודו6 ל TOP מתאם3924230,1,4,17,17,17,17,17,17
2019-01,SKU:833001,833001,CA-22 חותך ומקלף כבלים9956513582 TOP ' מודו6 ל TOP מתאם3924230,2,2,17,17,17,17,17,17
2019-03,SKU:833001,833001,CA-22 חותך ומקלף כבלים9956513582 TOP ' מודו6 ל TOP מתאם3924230,3,24,17,17,17,17,17,17
2019-10,SKU:833001,833001,CA-22 חותך ומקלף כבלים9956513582 TOP ' מודו6 ל TOP מתאם3924230,1,6,19.9305,19.93,19.9305,19.9305,19.9305,19.9305
2020-04,SKU:833001,833001,CA-22 חותך ומקלף כבלים9956513582 TOP ' מודו6 ל TOP מתאם3924230,1,20,17,17,17,17,17,17
2020-07,SKU:833001,833001,CA-22 חותך ומקלף כבלים9956513582 TOP ' מודו6 ל TOP מתאם3924230,1,1,18.6018,18.6,18.6018,18.6018,18.6018,18.6018
2020-08,SKU:833001,833001,CA-22 חותך ומקלף כבלים9956513582 TOP ' מודו6 ל TOP מתאם3924230,1,30,17.72,17.716,17.72,17.72,17.72,17.72
2020-09,SKU:833001,833001,CA-22 חותך ומקלף כבלים9956513582 TOP ' מודו6 ל TOP מתאם3924230,1,4,19.4876,19.4875,19.4876,19.4876,19.4876,19.4876
2020-11,SKU:833001,833001,CA-22 חותך ומקלף כבלים9956513582 TOP ' מודו6 ל TOP מתאם3924230,1,2,19.9305,19.93,19.9305,19.9305,19.9305,19.9305
2021-02,SKU:833001,833001,CA-22 חותך ומקלף כבלים9956513582 TOP ' מודו6 ל TOP מתאם3924230,1,10,19.31,19.308,19.31,19.31,19.31,19.31
2021-03,SKU:833001,833001,CA-22 חותך ומקלף כבלים9956513582 TOP ' מודו6 ל TOP מתאם3924230,1,2,19.31,19.31,19.31,19.31,19.31,19.31
2021-06,SKU:833001,833001,CA-22 חותך ומקלף כבלים9956513582 TOP ' מודו6 ל TOP מתאם3924230,2,60,22.9282,,21.7215,24.135,24.135,21.7215
2021-08,SKU:833001,833001,CA-22 חותך ומקלף כבלים9956513582 TOP ' מודו6 ל TOP מתאם3924230,1,3,18.8496,,18.8496,18.8496,18.8496,18.8496
2021-10,SKU:833001,833001,CA-22 חותך ומקלף כבלים9956513582 TOP ' מודו6 ל TOP מתאם3924230,2,4,18.8496,,18.8496,18.8496,18.8496,18.8496
2022-01,SKU:833001,833001,CA-22 חותך ומקלף כבלים9956513582 TOP ' מודו6 ל TOP מתאם3924230,1,10,18.54,,18.54,18.54,18.54,18.54
2022-02,SKU:833001,833001,CA-22 חותך ומקלף כבלים9956513582 TOP ' מודו6 ל TOP מתאם3924230,2,16,19.7025,,19.7025,19.7025,19.7025,19.7025
2022-06,SKU:833001,833001,CA-22 חותך ומקלף כבלים9956513582 TOP ' מודו6 ל TOP מתאם3924230,1,10,22.0875,22.088,22.0875,22.0875,22.0875,22.0875
2022-09,SKU:833001,833001,CA-22 חותך ומקלף כבלים9956513582 TOP ' מודו6 ל TOP מתאם3924230,1,1,18.1618,18.16,18.1618,18.1618,18.1618,18.1618
2023-02,SKU:833001,833001,CA-22 חותך ומקלף כבלים9956513582 TOP ' מודו6 ל TOP מתאם3924230,1,22,19.185,19.185,19.185,19.185,19.185,19.185
2023-08,SKU:833001,833001,CA-22 חותך ומקלף כבלים9956513582 TOP ' מודו6 ל TOP מתאם3924230,1,1,19.185,19.19,19.185,19.185,19.185,19.185
2023-09,SKU:833001,833001,CA-22 חותך ומקלף כבלים9956513582 TOP ' מודו6 ל TOP מתאם3924230,1,4,19.185,19.185,19.185,19.185,19.185,19.185
2023-10,SKU:833001,833001,CA-22 חותך ומקלף כבלים9956513582 TOP ' מודו6 ל TOP מתאם3924230,1,4,18.4176,18.4175,18.4176,18.4176,18.4176,18.4176
2023-12,SKU:833001,833001,CA-22 חותך ומקלף כבלים9956513582 TOP ' מודו6 ל TOP מתאם3924230,3,8,19.185,19.1863,19.185,19.185,19.185,19.185
2024-01,SKU:833001,833001,CA-22 חותך ומקלף כבלים9956513582 TOP ' מודו6 ל TOP מתאם3924230,1,12,19.185,19.185,19.185,19.185,19.185,19.185
2024-05,SKU:833001,833001,CA-22 חותך ומקלף כבלים9956513582 TOP ' מודו6 ל TOP מתאם3924230,2,17,19.185,19.1853,19.185,19.185,19.185,19.185
2024-06,SKU:833001,833001,CA-22 חותך ומקלף כבלים9956513582 TOP ' מודו6 ל TOP מתאם3924230,2,15,19.185,19.1853,19.185,19.185,19.185,19.185
2017-10,SKU:833005,833005,פעמון גונג מכני דגם,3,3,40,40,40,40,40,40
2022-07,SKU:833005,833005,פעמון גונג מכני דגם,1,6,49.41,49.41,49.41,49.41,49.41,49.41
2022-02,SKU:835001,835001,"מנ' סימון+מפסק לדוד מואר תה""ט",1,1,11.565,,11.565,11.565,11.565,11.565
2022-08,SKU:835001,835001,"מנ' סימון+מפסק לדוד מואר תה""ט",1,1,7.965,7.97,7.965,7.965,7.965,7.965
2020-07,SKU:835013,835013,"נורת סימון+מפסק לדוד עה""ט",1,1,14.7195,14.72,14.7195,14.7195,14.7195,14.7195
2020-11,SKU:835013,835013,"נורת סימון+מפסק לדוד עה""ט",1,1,14.7195,14.72,14.7195,14.7195,14.7195,14.7195
2017-10,SKU:835034,835034,A תקע למזגן,1,10,3.896,3.896,3.896,3.896,3.896,3.896
2020-06,SKU:835551,835551,"A/250V P-1 שקע כח ירדן עה""ט",1,60,4.5405,4.5405,4.5405,4.5405,4.5405,4.5405
2020-07,SKU:835551,835551,"A/250V P-1 שקע כח ירדן עה""ט",1,60,4.4396,4.4397,4.4396,4.4396,4.4396,4.4396
2020-11,SKU:835551,835551,"A/250V P-1 שקע כח ירדן עה""ט",1,10,4.5405,4.541,4.5405,4.5405,4.5405,4.5405
2020-12,SKU:835551,835551,"A/250V P-1 שקע כח ירדן עה""ט",2,72,4.5405,4.5406,4.5405,4.5405,4.5405,4.5405
2021-06,SKU:835551,835551,"A/250V P-1 שקע כח ירדן עה""ט",1,20,4.95,,4.95,4.95,4.95,4.95
2021-07,SKU:835551,835551,"A/250V P-1 שקע כח ירדן עה""ט",1,20,4.4775,,4.4775,4.4775,4.4775,4.4775
2022-09,SKU:835551,835551,"A/250V P-1 שקע כח ירדן עה""ט",1,2,4.284,4.285,4.284,4.284,4.284,4.284
2020-09,SKU:835560,835560,A מוגן מיםP1 שקע כח ירדן,1,12,8.2104,8.21,8.2104,8.2104,8.2104,8.2104
2020-11,SKU:835560,835560,A מוגן מיםP1 שקע כח ירדן,1,2,8.397,8.395,8.397,8.397,8.397,8.397
2020-12,SKU:835560,835560,A מוגן מיםP1 שקע כח ירדן,2,3,8.397,8.3967,8.397,8.397,8.397,8.397
2021-11,SKU:835560,835560,A מוגן מיםP1 שקע כח ירדן,1,1,8.28,,8.28,8.28,8.28,8.28
2020-07,SKU:835602,835602,"מפסק יחיד ירדן עה""ט",1,1,6.1605,6.16,6.1605,6.1605,6.1605,6.1605
2020-12,SKU:835602,835602,"מפסק יחיד ירדן עה""ט",1,3,6.0236,6.0233,6.0236,6.0236,6.0236,6.0236
2022-09,SKU:835602,835602,"מפסק יחיד ירדן עה""ט",1,1,5.8176,5.82,5.8176,5.8176,5.8176,5.8176
2022-06,SKU:835900,835900,A-250V שקע כח על פס/מסילה,1,1,15.1125,15.11,15.1125,15.1125,15.1125,15.1125
2020-06,SKU:836001,836001,"A שקע כח נועה תה""ט",1,20,4.5,4.5,4.5,4.5,4.5,4.5
2020-09,SKU:836001,836001,"A שקע כח נועה תה""ט",1,20,4.4,4.4,4.4,4.4,4.4,4.4
2020-11,SKU:836001,836001,"A שקע כח נועה תה""ט",1,40,4.4,4.4,4.4,4.4,4.4,4.4
2020-12,SKU:836001,836001,"A שקע כח נועה תה""ט",1,20,4.4,4.4,4.4,4.4,4.4,4.4
2021-07,SKU:836001,836001,"A שקע כח נועה תה""ט",1,20,4.44,,4.44,4.44,4.44,4.44
2021-10,SKU:836001,836001,"A שקע כח נועה תה""ט",2,60,4.2624,,4.2624,4.2624,4.2624,4.2624
2022-07,SKU:836001,836001,"A שקע כח נועה תה""ט",1,20,4.65,4.65,4.65,4.65,4.65,4.65
2022-08,SKU:836001,836001,"A שקע כח נועה תה""ט",1,40,4.65,4.65,4.65,4.65,4.65,4.65
2023-05,SKU:836001,836001,"A שקע כח נועה תה""ט",2,40,4.65,4.65,4.65,4.65,4.65,4.65
2023-11,SKU:836001,836001,"A שקע כח נועה תה""ט",1,20,4.65,4.65,4.65,4.65,4.65,4.65
2020-06,SKU:836003,836003,"A מפסק יחיד נועה תה""ט",1,20,6.363,6.363,6.363,6.363,6.363,6.363
2021-10,SKU:836003,836003,"A מפסק יחיד נועה תה""ט",1,5,6.0264,,6.0264,6.0264,6.0264,6.0264
2022-07,SKU:836003,836003,"A מפסק יחיד נועה תה""ט",1,10,6.5925,6.593,6.5925,6.5925,6.5925,6.5925
2022-08,SKU:836003,836003,"A מפסק יחיד נועה תה""ט",1,20,6.5925,6.5925,6.5925,6.5925,6.5925,6.5925
2023-02,SKU:836003,836003,"A מפסק יחיד נועה תה""ט",1,1,6.5925,6.59,6.5925,6.5925,6.5925,6.5925
2025-01,SKU:836003,836003,"A מפסק יחיד נועה תה""ט",1,1,6.5925,6.59,6.5925,6.5925,6.5925,6.5925
2021-10,SKU:836005,836005,"A מפסק כפול נועה תה""ט",1,5,6.0264,,6.0264,6.0264,6.0264,6.0264
2022-08,SKU:836005,836005,"A מפסק כפול נועה תה""ט",1,10,6.5925,6.593,6.5925,6.5925,6.5925,6.5925
2020-06,SKU:836006,836006,"A לחצן מדרגות מואר נועה תה""ט",1,28,8.8695,8.8696,8.8695,8.8695,8.8695,8.8695
2020-09,SKU:836006,836006,"A לחצן מדרגות מואר נועה תה""ט",1,20,8.6724,8.6725,8.6724,8.6724,8.6724,8.6724
2022-04,SKU:836006,836006,"A לחצן מדרגות מואר נועה תה""ט",1,8,9.1875,9.1875,9.1875,9.1875,9.1875,9.1875
2023-12,SKU:836006,836006,"A לחצן מדרגות מואר נועה תה""ט",1,4,9.1875,9.1875,9.1875,9.1875,9.1875,9.1875
2020-11,SKU:836009,836009,"A מפסק דוד מואר נועה תה""ט",1,6,8.8695,8.87,8.8695,8.8695,8.8695,8.8695
2022-02,SKU:836009,836009,"A מפסק דוד מואר נועה תה""ט",1,2,8.745,,8.745,8.745,8.745,8.745
2023-06,SKU:836009,836009,"A מפסק דוד מואר נועה תה""ט",1,2,9.1875,9.19,9.1875,9.1875,9.1875,9.1875
2020-09,SKU:836013,836013,"קרם16A שקע כח נועה תה""ט",1,40,6.0984,6.0985,6.0984,6.0984,6.0984,6.0984
2018-11,SKU:8390084,8390084,N.K. / שובל1xE-27 אוברלוקס,1,6,17.937,17.9367,17.937,17.937,17.937,17.937
2020-07,SKU:8390084,8390084,N.K. / שובל1xE-27 אוברלוקס,1,1,17.937,17.94,17.937,17.937,17.937,17.937
2021-11,SKU:8390084,8390084,N.K. / שובל1xE-27 אוברלוקס,1,49,17.685,,17.685,17.685,17.685,17.685
2024-08,SKU:839512,839512,"כפולRJ-45 שקע רשת+ קופסא למחשב עה""ט",1,4,15.8325,15.8325,15.8325,15.8325,15.8325,15.8325
2020-03,SKU:839513,839513,"מסוכך קיסטון ע""הטRJ-45 שקע",1,2,6.4305,6.43,6.4305,6.4305,6.4305,6.4305
2017-10,SKU:839514,839514,(1013) ONKA קרם2.5 מהדק לפס1800102,1,15,4.653,4.6533,4.653,4.653,4.653,4.653
2018-12,SKU:839514,839514,(1013) ONKA קרם2.5 מהדק לפס1800102,1,3,4.5,4.5,4.5,4.5,4.5,4.5
2019-11,SKU:839514,839514,(1013) ONKA קרם2.5 מהדק לפס1800102,1,10,4.24,4.244,4.24,4.24,4.24,4.24
2020-03,SKU:839514,839514,(1013) ONKA קרם2.5 מהדק לפס1800102,1,2,3.772,3.77,3.772,3.772,3.772,3.772
2020-09,SKU:839514,839514,(1013) ONKA קרם2.5 מהדק לפס1800102,1,6,4.1492,4.15,4.1492,4.1492,4.1492,4.1492
2020-10,SKU:839514,839514,(1013) ONKA קרם2.5 מהדק לפס1800102,1,3,3.772,3.7733,3.772,3.772,3.772,3.772
2020-11,SKU:839514,839514,(1013) ONKA קרם2.5 מהדק לפס1800102,1,6,3.772,3.7717,3.772,3.772,3.772,3.772
2020-12,SKU:839514,839514,(1013) ONKA קרם2.5 מהדק לפס1800102,2,9,4.1964,4.2333,4.1492,4.2435,4.2435,4.1492
2021-02,SKU:839514,839514,(1013) ONKA קרם2.5 מהדק לפס1800102,1,30,3.77,3.772,3.77,3.77,3.77,3.77
2021-09,SKU:839514,839514,(1013) ONKA קרם2.5 מהדק לפס1800102,1,3,4.46,4.4633,4.46,4.46,4.46,4.46
2021-11,SKU:839514,839514,(1013) ONKA קרם2.5 מהדק לפס1800102,1,25,4.65,,4.65,4.65,4.65,4.65
2024-05,SKU:839526,839526,"קופסא למחשב עה""ט כפול",1,6,2.73,2.73,2.73,2.73,2.73,2.73
2023-08,SKU:8400003,8400003,פתחים תקן455 קופסא עומק,1,10,1.9296,1.93,1.9296,1.9296,1.9296,1.9296
2019-03,SKU:8400005,8400005,EL-014 PG 11 צינור גמיש שחור10201055/16 עוגן מתכת ראש אום99565630,2,40,0.36,0.36,0.36,0.36,0.36,0.36
2020-08,SKU:8400005,8400005,EL-014 PG 11 צינור גמיש שחור10201055/16 עוגן מתכת ראש אום99565630,1,30,0.32,0.32,0.32,0.32,0.32,0.32
2021-02,SKU:8400005,8400005,EL-014 PG 11 צינור גמיש שחור10201055/16 עוגן מתכת ראש אום99565630,1,30,0.31,0.3107,0.31,0.31,0.31,0.31
2019-09,SKU:8400009,8400009,מקום ליציקה3 קופ' מלבנית ירוקה,1,20,4.2,4.2,4.2,4.2,4.2,4.2
2020-02,SKU:8400009,8400009,מקום ליציקה3 קופ' מלבנית ירוקה,1,150,4.8,4.8,4.8,4.8,4.8,4.8
2019-10,SKU:8400010,8400010,(חדש20) 16 יציאות8 קופ' שוודית,1,100,2.275,2.275,2.275,2.275,2.275,2.275
2020-03,SKU:8400010,8400010,(חדש20) 16 יציאות8 קופ' שוודית,1,100,2.0545,2.0545,2.0545,2.0545,2.0545,2.0545
2020-09,SKU:8400010,8400010,(חדש20) 16 יציאות8 קופ' שוודית,1,15,2.6415,2.6413,2.6415,2.6415,2.6415,2.6415
2020-11,SKU:8400010,8400010,(חדש20) 16 יציאות8 קופ' שוודית,1,30,2.0545,2.0547,2.0545,2.0545,2.0545,2.0545
2021-07,SKU:8400010,8400010,(חדש20) 16 יציאות8 קופ' שוודית,1,15,2.576,,2.576,2.576,2.576,2.576
2021-10,SKU:8400010,8400010,(חדש20) 16 יציאות8 קופ' שוודית,1,30,2.2,,2.2,2.2,2.2,2.2
2022-02,SKU:8400010,8400010,(חדש20) 16 יציאות8 קופ' שוודית,2,40,2.6496,,2.6496,2.6496,2.6496,2.6496
2022-04,SKU:8400010,8400010,(חדש20) 16 יציאות8 קופ' שוודית,1,30,2.6496,2.6497,2.6496,2.6496,2.6496,2.6496
2022-05,SKU:8400010,8400010,(חדש20) 16 יציאות8 קופ' שוודית,1,10,2.76,2.76,2.76,2.76,2.76,2.76
2022-09,SKU:8400010,8400010,(חדש20) 16 יציאות8 קופ' שוודית,2,30,2.6496,2.6493,2.6496,2.6496,2.6496,2.6496
2022-10,SKU:8400010,8400010,(חדש20) 16 יציאות8 קופ' שוודית,2,55,2.7048,2.7298,2.6496,2.76,2.76,2.6496
2023-02,SKU:8400010,8400010,(חדש20) 16 יציאות8 קופ' שוודית,2,50,2.76,2.76,2.76,2.76,2.76,2.76
2023-05,SKU:8400010,8400010,(חדש20) 16 יציאות8 קופ' שוודית,1,20,2.76,2.76,2.76,2.76,2.76,2.76
2023-06,SKU:8400010,8400010,(חדש20) 16 יציאות8 קופ' שוודית,1,20,2.76,2.76,2.76,2.76,2.76,2.76
2024-06,SKU:8400010,8400010,(חדש20) 16 יציאות8 קופ' שוודית,1,15,2.6496,2.6493,2.6496,2.6496,2.6496,2.6496
2024-07,SKU:8400010,8400010,(חדש20) 16 יציאות8 קופ' שוודית,1,5,2.6496,2.65,2.6496,2.6496,2.6496,2.6496
2020-01,SKU:8400012,8400012,פטנט תקן55 קופ' לקיר גבס,1,20,1.6205,1.6205,1.6205,1.6205,1.6205,1.6205
2021-06,SKU:8400012,8400012,פטנט תקן55 קופ' לקיר גבס,1,15,1.7865,,1.7865,1.7865,1.7865,1.7865
2022-10,SKU:8400012,8400012,פטנט תקן55 קופ' לקיר גבס,1,10,1.55,1.55,1.55,1.55,1.55,1.55
2023-08,SKU:8400012,8400012,פטנט תקן55 קופ' לקיר גבס,2,25,2.0433,2.0348,2.0016,2.085,2.085,2.0016
2024-06,SKU:8400012,8400012,פטנט תקן55 קופ' לקיר גבס,1,10,2.085,2.085,2.085,2.085,2.085,2.085
2025-01,SKU:8400012,8400012,פטנט תקן55 קופ' לקיר גבס,1,30,2.085,2.085,2.085,2.085,2.085,2.085
2025-03,SKU:8400012,8400012,פטנט תקן55 קופ' לקיר גבס,1,20,2.085,2.085,2.085,2.085,2.085,2.085
2020-01,SKU:8400013,8400013,44.00% שח4.96 מטר100.0 קשיחPVC (צ/י)בחבילה1 מטר חוט5601313x1.5 N2XY (מטר כבל)בחבילה5951021,1,30,1.6205,1.6207,1.6205,1.6205,1.6205,1.6205
2020-08,SKU:8400013,8400013,44.00% שח4.96 מטר100.0 קשיחPVC (צ/י)בחבילה1 מטר חוט5601313x1.5 N2XY (מטר כבל)בחבילה5951021,1,30,1.8,1.8,1.8,1.8,1.8,1.8
2020-09,SKU:8400013,8400013,44.00% שח4.96 מטר100.0 קשיחPVC (צ/י)בחבילה1 מטר חוט5601313x1.5 N2XY (מטר כבל)בחבילה5951021,1,20,1.852,1.852,1.852,1.852,1.852,1.852
2021-04,SKU:8400013,8400013,44.00% שח4.96 מטר100.0 קשיחPVC (צ/י)בחבילה1 מטר חוט5601313x1.5 N2XY (מטר כבל)בחבילה5951021,1,50,1.8612,1.8612,1.8612,1.8612,1.8612,1.8612
2021-08,SKU:8400013,8400013,44.00% שח4.96 מטר100.0 קשיחPVC (צ/י)בחבילה1 מטר חוט5601313x1.5 N2XY (מטר כבל)בחבילה5951021,1,10,2.1312,,2.1312,2.1312,2.1312,2.1312
2022-09,SKU:8400013,8400013,44.00% שח4.96 מטר100.0 קשיחPVC (צ/י)בחבילה1 מטר חוט5601313x1.5 N2XY (מטר כבל)בחבילה5951021,1,20,2.1312,2.131,2.1312,2.1312,2.1312,2.1312
2022-10,SKU:8400013,8400013,44.00% שח4.96 מטר100.0 קשיחPVC (צ/י)בחבילה1 מטר חוט5601313x1.5 N2XY (מטר כבל)בחבילה5951021,1,40,1.55,1.55,1.55,1.55,1.55,1.55
2022-12,SKU:8400013,8400013,44.00% שח4.96 מטר100.0 קשיחPVC (צ/י)בחבילה1 מטר חוט5601313x1.5 N2XY (מטר כבל)בחבילה5951021,1,15,2.1312,2.1313,2.1312,2.1312,2.1312,2.1312
2023-03,SKU:8400013,8400013,44.00% שח4.96 מטר100.0 קשיחPVC (צ/י)בחבילה1 מטר חוט5601313x1.5 N2XY (מטר כבל)בחבילה5951021,1,10,2.22,2.22,2.22,2.22,2.22,2.22
2023-04,SKU:8400013,8400013,44.00% שח4.96 מטר100.0 קשיחPVC (צ/י)בחבילה1 מטר חוט5601313x1.5 N2XY (מטר כבל)בחבילה5951021,1,40,2.1312,2.1313,2.1312,2.1312,2.1312,2.1312
2023-08,SKU:8400013,8400013,44.00% שח4.96 מטר100.0 קשיחPVC (צ/י)בחבילה1 מטר חוט5601313x1.5 N2XY (מטר כבל)בחבילה5951021,1,20,2.22,2.22,2.22,2.22,2.22,2.22
2023-11,SKU:8400013,8400013,44.00% שח4.96 מטר100.0 קשיחPVC (צ/י)בחבילה1 מטר חוט5601313x1.5 N2XY (מטר כבל)בחבילה5951021,1,25,2.1312,2.1312,2.1312,2.1312,2.1312,2.1312
2023-12,SKU:8400013,8400013,44.00% שח4.96 מטר100.0 קשיחPVC (צ/י)בחבילה1 מטר חוט5601313x1.5 N2XY (מטר כבל)בחבילה5951021,2,40,2.22,2.22,2.22,2.22,2.22,2.22
2024-01,SKU:8400013,8400013,44.00% שח4.96 מטר100.0 קשיחPVC (צ/י)בחבילה1 מטר חוט5601313x1.5 N2XY (מטר כבל)בחבילה5951021,1,15,2.22,2.22,2.22,2.22,2.22,2.22
2024-04,SKU:8400013,8400013,44.00% שח4.96 מטר100.0 קשיחPVC (צ/י)בחבילה1 מטר חוט5601313x1.5 N2XY (מטר כבל)בחבילה5951021,1,20,2.22,2.22,2.22,2.22,2.22,2.22
2024-05,SKU:8400013,8400013,44.00% שח4.96 מטר100.0 קשיחPVC (צ/י)בחבילה1 מטר חוט5601313x1.5 N2XY (מטר כבל)בחבילה5951021,1,20,2.22,2.22,2.22,2.22,2.22,2.22
2024-11,SKU:8400013,8400013,44.00% שח4.96 מטר100.0 קשיחPVC (צ/י)בחבילה1 מטר חוט5601313x1.5 N2XY (מטר כבל)בחבילה5951021,1,30,2.22,2.22,2.22,2.22,2.22,2.22
2025-01,SKU:8400013,8400013,44.00% שח4.96 מטר100.0 קשיחPVC (צ/י)בחבילה1 מטר חוט5601313x1.5 N2XY (מטר כבל)בחבילה5951021,1,30,2.22,2.22,2.22,2.22,2.22,2.22
2025-02,SKU:8400013,8400013,44.00% שח4.96 מטר100.0 קשיחPVC (צ/י)בחבילה1 מטר חוט5601313x1.5 N2XY (מטר כבל)בחבילה5951021,1,20,2.22,2.22,2.22,2.22,2.22,2.22
2019-06,SKU:8400014,8400014,גבס עומק פטנט תקן55 'קופ,1,20,3.292,3.292,3.292,3.292,3.292,3.292
2024-07,SKU:8400014,8400014,גבס עומק פטנט תקן55 'קופ,1,10,2.899,2.899,2.899,2.899,2.899,2.899
2025-03,SKU:8400014,8400014,גבס עומק פטנט תקן55 'קופ,1,2,3.345,3.345,3.345,3.345,3.345,3.345
2019-10,SKU:8400016,8400016,)ברגים(תקן7 קופ' לקיר גבס,1,10,1.772,1.772,1.772,1.772,1.772,1.772
2021-08,SKU:8400017,8400017,מודול לקיר גבס עם ברגים3 קופסא,1,10,2.8224,,2.8224,2.8224,2.8224,2.8224
2017-10,SKU:840001800,840001800,6500K 6W 120x12 לד מרובעVEGA שקוע3850108,6,263,1.292,1.292,1.292,1.292,1.292,1.292
2019-01,SKU:840001800,840001800,6500K 6W 120x12 לד מרובעVEGA שקוע3850108,1,3,0.9,0.9,0.9,0.9,0.9,0.9
2019-03,SKU:840001800,840001800,6500K 6W 120x12 לד מרובעVEGA שקוע3850108,2,500,0.9,0.9,0.9,0.9,0.9,0.9
2019-07,SKU:840001800,840001800,6500K 6W 120x12 לד מרובעVEGA שקוע3850108,1,250,0.9,0.9,0.9,0.9,0.9,0.9
2019-09,SKU:840001800,840001800,6500K 6W 120x12 לד מרובעVEGA שקוע3850108,1,250,0.9,0.9,0.9,0.9,0.9,0.9
2020-01,SKU:840001800,840001800,6500K 6W 120x12 לד מרובעVEGA שקוע3850108,1,250,0.9,0.9,0.9,0.9,0.9,0.9
2020-02,SKU:840001800,840001800,6500K 6W 120x12 לד מרובעVEGA שקוע3850108,2,500,0.9,0.9,0.9,0.9,0.9,0.9
2020-03,SKU:840001800,840001800,6500K 6W 120x12 לד מרובעVEGA שקוע3850108,1,250,0.9,0.9,0.9,0.9,0.9,0.9
2020-06,SKU:840001800,840001800,6500K 6W 120x12 לד מרובעVEGA שקוע3850108,1,250,1.15,1.15,1.15,1.15,1.15,1.15
2020-07,SKU:840001800,840001800,6500K 6W 120x12 לד מרובעVEGA שקוע3850108,3,750,1.02,1.02,1.02,1.02,1.02,1.02
2020-08,SKU:840001800,840001800,6500K 6W 120x12 לד מרובעVEGA שקוע3850108,3,600,1.02,1.02,1.02,1.02,1.02,1.02
2020-09,SKU:840001800,840001800,6500K 6W 120x12 לד מרובעVEGA שקוע3850108,2,400,1.02,1.02,1.02,1.02,1.02,1.02
2020-10,SKU:840001800,840001800,6500K 6W 120x12 לד מרובעVEGA שקוע3850108,2,500,1.02,1.02,1.02,1.02,1.02,1.02
2020-11,SKU:840001800,840001800,6500K 6W 120x12 לד מרובעVEGA שקוע3850108,1,250,1.1305,1.1305,1.1305,1.1305,1.1305,1.1305
2021-05,SKU:840001800,840001800,6500K 6W 120x12 לד מרובעVEGA שקוע3850108,1,250,1.188,,1.188,1.188,1.188,1.188
2021-06,SKU:840001800,840001800,6500K 6W 120x12 לד מרובעVEGA שקוע3850108,1,30,1.188,,1.188,1.188,1.188,1.188
2021-07,SKU:840001800,840001800,6500K 6W 120x12 לד מרובעVEGA שקוע3850108,1,250,1.144,,1.144,1.144,1.144,1.144
2021-11,SKU:840001800,840001800,6500K 6W 120x12 לד מרובעVEGA שקוע3850108,1,250,1.144,,1.144,1.144,1.144,1.144
2022-01,SKU:840001800,840001800,6500K 6W 120x12 לד מרובעVEGA שקוע3850108,1,250,1.12,,1.12,1.12,1.12,1.12
2022-04,SKU:840001800,840001800,6500K 6W 120x12 לד מרובעVEGA שקוע3850108,1,250,1.18,1.18,1.18,1.18,1.18,1.18
2022-05,SKU:840001800,840001800,6500K 6W 120x12 לד מרובעVEGA שקוע3850108,1,250,1.2,1.2,1.2,1.2,1.2,1.2
2022-06,SKU:840001800,840001800,6500K 6W 120x12 לד מרובעVEGA שקוע3850108,2,260,1.37,1.1946,1.18,1.56,1.18,1.56
2022-07,SKU:840001800,840001800,6500K 6W 120x12 לד מרובעVEGA שקוע3850108,1,250,1.15,1.15,1.15,1.15,1.15,1.15
2022-08,SKU:840001800,840001800,6500K 6W 120x12 לד מרובעVEGA שקוע3850108,1,250,1.56,1.56,1.56,1.56,1.56,1.56
2022-09,SKU:840001800,840001800,6500K 6W 120x12 לד מרובעVEGA שקוע3850108,1,250,1.2,1.2,1.2,1.2,1.2,1.2
2022-12,SKU:840001800,840001800,6500K 6W 120x12 לד מרובעVEGA שקוע3850108,1,250,1.2,1.2,1.2,1.2,1.2,1.2
2023-02,SKU:840001800,840001800,6500K 6W 120x12 לד מרובעVEGA שקוע3850108,1,250,1.144,1.144,1.144,1.144,1.144,1.144
2023-05,SKU:840001800,840001800,6500K 6W 120x12 לד מרובעVEGA שקוע3850108,2,130,1.2,1.1731,1.15,1.25,1.15,1.25
2023-06,SKU:840001800,840001800,6500K 6W 120x12 לד מרובעVEGA שקוע3850108,3,150,1.25,1.3533,1.25,1.56,1.56,1.25
2018-11,SKU:840001802,840001802,ברגים ללא מחיצות+ מודול פטנט גבס3 קופ,3,500,4,4,4,4,4,4
2020-01,SKU:840001802,840001802,ברגים ללא מחיצות+ מודול פטנט גבס3 קופ,1,300,4,4,4,4,4,4
2020-04,SKU:840001802,840001802,ברגים ללא מחיצות+ מודול פטנט גבס3 קופ,1,240,4,4,4,4,4,4
2020-12,SKU:840001802,840001802,ברגים ללא מחיצות+ מודול פטנט גבס3 קופ,1,240,4,4,4,4,4,4
2021-07,SKU:840001802,840001802,ברגים ללא מחיצות+ מודול פטנט גבס3 קופ,1,30,3.9585,,3.9585,3.9585,3.9585,3.9585
2021-10,SKU:840001802,840001802,ברגים ללא מחיצות+ מודול פטנט גבס3 קופ,1,250,4.25,,4.25,4.25,4.25,4.25
2022-02,SKU:840001802,840001802,ברגים ללא מחיצות+ מודול פטנט גבס3 קופ,1,240,4.3848,,4.3848,4.3848,4.3848,4.3848
2022-04,SKU:840001802,840001802,ברגים ללא מחיצות+ מודול פטנט גבס3 קופ,1,240,4.3848,4.3848,4.3848,4.3848,4.3848,4.3848
2022-06,SKU:840001802,840001802,ברגים ללא מחיצות+ מודול פטנט גבס3 קופ,1,60,4.5675,4.5675,4.5675,4.5675,4.5675,4.5675
2022-12,SKU:840001802,840001802,ברגים ללא מחיצות+ מודול פטנט גבס3 קופ,1,250,4.3848,4.3848,4.3848,4.3848,4.3848,4.3848
2023-02,SKU:840001802,840001802,ברגים ללא מחיצות+ מודול פטנט גבס3 קופ,1,250,4.3848,4.3848,4.3848,4.3848,4.3848,4.3848
2024-11,SKU:840001802,840001802,ברגים ללא מחיצות+ מודול פטנט גבס3 קופ,1,240,4.5675,4.5675,4.5675,4.5675,4.5675,4.5675
2025-01,SKU:840001802,840001802,ברגים ללא מחיצות+ מודול פטנט גבס3 קופ,1,240,4.3848,4.3848,4.3848,4.3848,4.3848,4.3848
2025-02,SKU:840001802,840001802,ברגים ללא מחיצות+ מודול פטנט גבס3 קופ,4,280,4.3848,4.3979,4.3848,4.5675,4.5675,4.3848
2017-10,SKU:840001810,840001810,"VEGA מ""מ18 סכין יפני רחב99598019",2,34,2.492,2.4921,2.492,2.492,2.492,2.492
2019-07,SKU:840001810,840001810,"VEGA מ""מ18 סכין יפני רחב99598019",1,6,2.492,2.4917,2.492,2.492,2.492,2.492
2019-09,SKU:840001810,840001810,"VEGA מ""מ18 סכין יפני רחב99598019",2,30,2.492,2.492,2.492,2.492,2.492,2.492
2019-11,SKU:840001810,840001810,"VEGA מ""מ18 סכין יפני רחב99598019",1,10,2.49,2.492,2.49,2.49,2.49,2.49
2020-01,SKU:840001810,840001810,"VEGA מ""מ18 סכין יפני רחב99598019",1,50,2.492,2.492,2.492,2.492,2.492,2.492
2020-02,SKU:840001810,840001810,"VEGA מ""מ18 סכין יפני רחב99598019",1,50,2.492,2.492,2.492,2.492,2.492,2.492
2020-03,SKU:840001810,840001810,"VEGA מ""מ18 סכין יפני רחב99598019",1,200,2.492,2.492,2.492,2.492,2.492,2.492
2020-07,SKU:840001810,840001810,"VEGA מ""מ18 סכין יפני רחב99598019",1,100,2.492,2.492,2.492,2.492,2.492,2.492
2020-10,SKU:840001810,840001810,"VEGA מ""מ18 סכין יפני רחב99598019",1,100,2.492,2.492,2.492,2.492,2.492,2.492
2020-11,SKU:840001810,840001810,"VEGA מ""מ18 סכין יפני רחב99598019",1,20,2.492,2.492,2.492,2.492,2.492,2.492
2021-02,SKU:840001810,840001810,"VEGA מ""מ18 סכין יפני רחב99598019",1,20,2.56,2.56,2.56,2.56,2.56,2.56
2021-04,SKU:840001810,840001810,"VEGA מ""מ18 סכין יפני רחב99598019",1,60,2.56,2.56,2.56,2.56,2.56,2.56
2021-07,SKU:840001810,840001810,"VEGA מ""מ18 סכין יפני רחב99598019",2,90,2.3769,,2.2555,2.4984,2.2555,2.4984
2021-11,SKU:840001810,840001810,"VEGA מ""מ18 סכין יפני רחב99598019",1,50,2.4984,,2.4984,2.4984,2.4984,2.4984
2022-04,SKU:840001810,840001810,"VEGA מ""מ18 סכין יפני רחב99598019",1,50,2.4984,2.4984,2.4984,2.4984,2.4984,2.4984
2022-05,SKU:840001810,840001810,"VEGA מ""מ18 סכין יפני רחב99598019",1,100,2.4984,2.4984,2.4984,2.4984,2.4984,2.4984
2022-09,SKU:840001810,840001810,"VEGA מ""מ18 סכין יפני רחב99598019",1,50,2.4984,2.4984,2.4984,2.4984,2.4984,2.4984
2022-12,SKU:840001810,840001810,"VEGA מ""מ18 סכין יפני רחב99598019",1,100,2.4,2.4,2.4,2.4,2.4,2.4
2023-06,SKU:840001810,840001810,"VEGA מ""מ18 סכין יפני רחב99598019",2,50,2.6025,2.6026,2.6025,2.6025,2.6025,2.6025
2023-07,SKU:840001810,840001810,"VEGA מ""מ18 סכין יפני רחב99598019",1,20,2.4984,2.4985,2.4984,2.4984,2.4984,2.4984
2020-01,SKU:840001812,840001812,ברגים ללא מחיצות+ מודול פטנט גבס4 קופ,1,50,8,8,8,8,8,8
2020-04,SKU:840001812,840001812,ברגים ללא מחיצות+ מודול פטנט גבס4 קופ,1,100,8,8,8,8,8,8
2022-02,SKU:840001812,840001812,ברגים ללא מחיצות+ מודול פטנט גבס4 קופ,1,50,7.9272,,7.9272,7.9272,7.9272,7.9272
2023-05,SKU:840001812,840001812,ברגים ללא מחיצות+ מודול פטנט גבס4 קופ,1,30,8.2575,8.2577,8.2575,8.2575,8.2575,8.2575
2025-02,SKU:840001812,840001812,ברגים ללא מחיצות+ מודול פטנט גבס4 קופ,2,80,8.2575,8.2576,8.2575,8.2575,8.2575,8.2575
2020-02,SKU:840001814,840001814,"מודול תה""ט עמוקה4 'קופ",1,30,3.544,3.544,3.544,3.544,3.544,3.544
2020-03,SKU:840001814,840001814,"מודול תה""ט עמוקה4 'קופ",1,20,3.544,3.544,3.544,3.544,3.544,3.544
2020-07,SKU:840001814,840001814,"מודול תה""ט עמוקה4 'קופ",1,20,3.544,3.544,3.544,3.544,3.544,3.544
2020-02,SKU:840001815,840001815,5x1.5/2.5 מהדק חיבור מהיר9915059244.00% שח0.74 מטר500.0 קשיחPVC חום1.5 חוט55022,1,150,0.9,0.9,0.9,0.9,0.9,0.9
2020-03,SKU:840001815,840001815,5x1.5/2.5 מהדק חיבור מהיר9915059244.00% שח0.74 מטר500.0 קשיחPVC חום1.5 חוט55022,2,200,2.468,2.468,2.468,2.468,2.468,2.468
2020-07,SKU:840001815,840001815,5x1.5/2.5 מהדק חיבור מהיר9915059244.00% שח0.74 מטר500.0 קשיחPVC חום1.5 חוט55022,1,100,2.468,2.468,2.468,2.468,2.468,2.468
2020-08,SKU:840001815,840001815,5x1.5/2.5 מהדק חיבור מהיר9915059244.00% שח0.74 מטר500.0 קשיחPVC חום1.5 חוט55022,2,200,2.47,2.468,2.47,2.47,2.47,2.47
2021-04,SKU:840001815,840001815,5x1.5/2.5 מהדק חיבור מהיר9915059244.00% שח0.74 מטר500.0 קשיחPVC חום1.5 חוט55022,1,50,2.276,2.276,2.276,2.276,2.276,2.276
2020-06,SKU:840001831,840001831,"מודול תה""ט ללא מחיצות6 קופסא תקן",1,2,4.8,4.8,4.8,4.8,4.8,4.8
2022-06,SKU:840001831,840001831,"מודול תה""ט ללא מחיצות6 קופסא תקן",1,10,5.6376,5.638,5.6376,5.6376,5.6376,5.6376
2023-06,SKU:840001831,840001831,"מודול תה""ט ללא מחיצות6 קופסא תקן",1,5,5.8725,5.872,5.8725,5.8725,5.8725,5.8725
2019-01,SKU:84000184,84000184,ALPEN 9x16 מקדח לפטישון ראש צלב2400173,3,3,8.572,8.57,8.572,8.572,8.572,8.572
2019-06,SKU:84000184,84000184,ALPEN 9x16 מקדח לפטישון ראש צלב2400173,1,2,8.572,8.57,8.572,8.572,8.572,8.572
2020-09,SKU:84000184,84000184,ALPEN 9x16 מקדח לפטישון ראש צלב2400173,1,5,8.572,8.572,8.572,8.572,8.572,8.572
2021-02,SKU:84000184,84000184,ALPEN 9x16 מקדח לפטישון ראש צלב2400173,1,1,8.57,8.57,8.57,8.57,8.57,8.57
2021-03,SKU:84000184,84000184,ALPEN 9x16 מקדח לפטישון ראש צלב2400173,1,5,9.03,9.028,9.03,9.03,9.03,9.03
2022-12,SKU:84000184,84000184,ALPEN 9x16 מקדח לפטישון ראש צלב2400173,1,5,8.82,8.82,8.82,8.82,8.82,8.82
2023-08,SKU:84000184,84000184,ALPEN 9x16 מקדח לפטישון ראש צלב2400173,1,5,8.82,8.82,8.82,8.82,8.82,8.82
2024-05,SKU:84000184,84000184,ALPEN 9x16 מקדח לפטישון ראש צלב2400173,1,5,9.1875,9.188,9.1875,9.1875,9.1875,9.1875
2019-01,SKU:840001891,840001891,ברגים+ מודול לקיר גבס פטנט6 'קופ,1,1,8.572,8.57,8.572,8.572,8.572,8.572
2018-11,SKU:8400027,8400027,תקן סגור 2 קופ' רון,1,5,1.332,1.332,1.332,1.332,1.332,1.332
2019-06,SKU:8400027,8400027,תקן סגור 2 קופ' רון,1,10,1.332,1.332,1.332,1.332,1.332,1.332
2020-09,SKU:8400028,8400028,פתחים2 תקן 2 קופ' רון,1,10,1.05,1.05,1.05,1.05,1.05,1.05
2021-12,SKU:8400028,8400028,פתחים2 תקן 2 קופ' רון,2,50,2.97,2.97,2.97,2.97,2.97,2.97
2022-02,SKU:8400028,8400028,פתחים2 תקן 2 קופ' רון,2,45,2.8512,,2.8512,2.8512,2.8512,2.8512
2023-02,SKU:8400028,8400028,פתחים2 תקן 2 קופ' רון,1,10,2.97,2.97,2.97,2.97,2.97,2.97
2023-12,SKU:8400028,8400028,פתחים2 תקן 2 קופ' רון,1,15,2.97,2.97,2.97,2.97,2.97,2.97
2019-03,SKU:8400029,8400029,(100) SAPISELCO 304.5 חבק לבן90024,2,40,1.33,1.332,1.33,1.33,1.33,1.33
2022-09,SKU:8400029,8400029,(100) SAPISELCO 304.5 חבק לבן90024,1,10,2.8512,2.851,2.8512,2.8512,2.8512,2.8512
2017-10,SKU:8400030,8400030,פתחים4 תקן 2 קופ' רון,1,5,1.332,1.332,1.332,1.332,1.332,1.332
2025-03,SKU:84000385,84000385,מחיצות פטנט+ מודול לקיר גבס3 קופסא,1,20,5.685,5.685,5.685,5.685,5.685,5.685
2025-03,SKU:84000386,84000386,מחיצות+ מודול לקיר גבס פטנט4 קופסא,1,20,9.615,9.615,9.615,9.615,9.615,9.615
2017-10,SKU:8400039,8400039,כסה פלסטיק לקופסא,4,132,0.2,0.2038,0.2,0.225,0.2,0.225
2018-12,SKU:8400039,8400039,כסה פלסטיק לקופסא,2,60,0.1875,0.1875,0.175,0.2,0.175,0.2
2019-01,SKU:8400039,8400039,כסה פלסטיק לקופסא,3,30,0.2,0.2,0.2,0.2,0.2,0.2
2020-01,SKU:8400039,8400039,כסה פלסטיק לקופסא,1,20,0.175,0.175,0.175,0.175,0.175,0.175
2020-12,SKU:8400039,8400039,כסה פלסטיק לקופסא,1,100,0.175,0.175,0.175,0.175,0.175,0.175
2021-06,SKU:8400039,8400039,כסה פלסטיק לקופסא,2,150,0.2677,,0.252,0.2835,0.252,0.2835
2022-01,SKU:8400039,8400039,כסה פלסטיק לקופסא,1,50,0.6336,,0.6336,0.6336,0.6336,0.6336
2022-02,SKU:8400039,8400039,כסה פלסטיק לקופסא,2,110,0.66,,0.66,0.66,0.66,0.66
2022-04,SKU:8400039,8400039,כסה פלסטיק לקופסא,1,10,0.44,0.44,0.44,0.44,0.44,0.44
2022-08,SKU:8400039,8400039,כסה פלסטיק לקופסא,1,20,0.66,0.66,0.66,0.66,0.66,0.66
2023-09,SKU:8400039,8400039,כסה פלסטיק לקופסא,1,50,0.6336,0.6336,0.6336,0.6336,0.6336,0.6336
2023-10,SKU:8400039,8400039,כסה פלסטיק לקופסא,1,50,0.35,0.35,0.35,0.35,0.35,0.35
2023-11,SKU:8400039,8400039,כסה פלסטיק לקופסא,3,80,0.66,0.6534,0.6336,0.66,0.6336,0.66
2023-12,SKU:8400039,8400039,כסה פלסטיק לקופסא,1,4,0.66,0.66,0.66,0.66,0.66,0.66
2024-01,SKU:8400039,8400039,כסה פלסטיק לקופסא,2,65,0.66,0.66,0.66,0.66,0.66,0.66
2024-03,SKU:8400039,8400039,כסה פלסטיק לקופסא,1,10,0.6336,0.634,0.6336,0.6336,0.6336,0.6336
2024-05,SKU:8400039,8400039,כסה פלסטיק לקופסא,1,20,0.66,0.66,0.66,0.66,0.66,0.66
2024-07,SKU:8400039,8400039,כסה פלסטיק לקופסא,1,10,0.66,0.66,0.66,0.66,0.66,0.66
2024-08,SKU:8400039,8400039,כסה פלסטיק לקופסא,1,100,0.5,0.5,0.5,0.5,0.5,0.5
2020-11,SKU:84000395,84000395,כסה פח לקופסא,1,10,1.6,1.6,1.6,1.6,1.6,1.6
2021-05,SKU:84000399,84000399,ברגים לקופסאות+מכסה פלסטי תקן,1,30,1.0035,,1.0035,1.0035,1.0035,1.0035
2023-05,SKU:84000399,84000399,ברגים לקופסאות+מכסה פלסטי תקן,1,1,2.82,2.82,2.82,2.82,2.82,2.82
2023-11,SKU:84000399,84000399,ברגים לקופסאות+מכסה פלסטי תקן,1,20,3,3,3,3,3,3
2024-03,SKU:84000399,84000399,ברגים לקופסאות+מכסה פלסטי תקן,1,5,2.88,2.88,2.88,2.88,2.88,2.88
2024-04,SKU:84000399,84000399,ברגים לקופסאות+מכסה פלסטי תקן,1,1,3,3,3,3,3,3
2024-06,SKU:84000399,84000399,ברגים לקופסאות+מכסה פלסטי תקן,1,30,3,3,3,3,3,3
2024-06,SKU:84000400,84000400,כסה פלסטי תקן לקופסאות,1,15,1.2,1.2,1.2,1.2,1.2,1.2
2019-07,SKU:8400041,8400041,ברגים תקן+7 מכסה,1,20,1.3185,1.3185,1.3185,1.3185,1.3185,1.3185
2020-11,SKU:8400041,8400041,ברגים תקן+7 מכסה,1,20,1.172,1.172,1.172,1.172,1.172,1.172
2021-06,SKU:8400041,8400041,ברגים תקן+7 מכסה,1,20,0.96,,0.96,0.96,0.96,0.96
2021-09,SKU:8400041,8400041,ברגים תקן+7 מכסה,1,100,2.42,2.4192,2.42,2.42,2.42,2.42
2021-10,SKU:8400041,8400041,ברגים תקן+7 מכסה,1,30,2.4192,,2.4192,2.4192,2.4192,2.4192
2021-11,SKU:8400041,8400041,ברגים תקן+7 מכסה,1,4,2.52,,2.52,2.52,2.52,2.52
2021-12,SKU:8400041,8400041,ברגים תקן+7 מכסה,1,10,2.52,2.52,2.52,2.52,2.52,2.52
2024-02,SKU:8400041,8400041,ברגים תקן+7 מכסה,1,50,2.52,2.52,2.52,2.52,2.52,2.52
2021-05,SKU:840005209,840005209,"IP-55 מ""מ84x42x38 מיני°85 קופסת סעף",1,84,2.313,,2.313,2.313,2.313,2.313
2017-10,SKU:840005211,840005211,PW6195x149x75 מכסה+קופ' סעף לגבס,1,1,19.6695,19.67,19.6695,19.6695,19.6695,19.6695
2022-01,SKU:8400055,8400055,"(100) מ""מ7 דיבל",2,14,2.7489,,2.6928,2.805,2.805,2.6928
2019-01,SKU:8400059,8400059,(' יח100) דיבל פרפר לקיר גבס,1,1,5.144,5.14,5.144,5.144,5.144,5.144
2020-01,SKU:8400059,8400059,(' יח100) דיבל פרפר לקיר גבס,1,1,5.144,5.14,5.144,5.144,5.144,5.144
2020-09,SKU:8400059,8400059,(' יח100) דיבל פרפר לקיר גבס,1,1,5.144,5.14,5.144,5.144,5.144,5.144
2020-11,SKU:8400059,8400059,(' יח100) דיבל פרפר לקיר גבס,1,1,5.144,5.14,5.144,5.144,5.144,5.144
2021-11,SKU:8400059,8400059,(' יח100) דיבל פרפר לקיר גבס,1,1,5.8125,,5.8125,5.8125,5.8125,5.8125
2022-11,SKU:8400059,8400059,(' יח100) דיבל פרפר לקיר גבס,1,1,5.8125,5.81,5.8125,5.8125,5.8125,5.8125
2024-07,SKU:8400059,8400059,(' יח100) דיבל פרפר לקיר גבס,1,1,5.8125,5.81,5.8125,5.8125,5.8125,5.8125
2021-07,SKU:84000592,84000592,בנעיצה0.5 דיבל מחוסם לגבס עובי,1,100,0.962,,0.962,0.962,0.962,0.962
2020-10,SKU:84000665,84000665,"מ""מ חסין אש2 מופה רון",1,50,0.7875,0.7876,0.7875,0.7875,0.7875,0.7875
2017-10,SKU:84000791,84000791,(חדש20) 16 צינור מופה אדום,4,40,1.332,1.332,1.332,1.332,1.332,1.332
2018-11,SKU:84000791,84000791,(חדש20) 16 צינור מופה אדום,1,5,1.332,1.332,1.332,1.332,1.332,1.332
2018-12,SKU:84000791,84000791,(חדש20) 16 צינור מופה אדום,1,10,1.332,1.332,1.332,1.332,1.332,1.332
2019-01,SKU:84000791,84000791,(חדש20) 16 צינור מופה אדום,2,20,1.332,1.332,1.332,1.332,1.332,1.332
2019-07,SKU:84000791,84000791,(חדש20) 16 צינור מופה אדום,1,10,1.1655,1.166,1.1655,1.1655,1.1655,1.1655
2019-09,SKU:84000791,84000791,(חדש20) 16 צינור מופה אדום,2,15,1.2488,1.2767,1.1655,1.332,1.1655,1.332
2019-10,SKU:84000791,84000791,(חדש20) 16 צינור מופה אדום,2,55,1.332,1.1958,1.1655,1.4985,1.1655,1.4985
2020-01,SKU:84000791,84000791,(חדש20) 16 צינור מופה אדום,2,15,1.1655,1.166,1.1655,1.1655,1.1655,1.1655
2020-03,SKU:84000791,84000791,(חדש20) 16 צינור מופה אדום,2,60,1.1655,1.1657,1.1655,1.1655,1.1655,1.1655
2020-04,SKU:84000791,84000791,(חדש20) 16 צינור מופה אדום,2,70,1.1655,1.1656,1.1655,1.1655,1.1655,1.1655
2020-06,SKU:84000791,84000791,(חדש20) 16 צינור מופה אדום,3,51,1.1655,1.1655,1.1655,1.1655,1.1655,1.1655
2020-07,SKU:84000791,84000791,(חדש20) 16 צינור מופה אדום,4,95,1.1655,1.1656,1.1655,1.1655,1.1655,1.1655
2020-09,SKU:84000791,84000791,(חדש20) 16 צינור מופה אדום,1,10,1.1655,1.166,1.1655,1.1655,1.1655,1.1655
2020-10,SKU:84000791,84000791,(חדש20) 16 צינור מופה אדום,2,60,1.4985,1.4987,1.4985,1.4985,1.4985,1.4985
2020-11,SKU:84000791,84000791,(חדש20) 16 צינור מופה אדום,1,20,1.1655,1.1655,1.1655,1.1655,1.1655,1.1655
2020-12,SKU:84000791,84000791,(חדש20) 16 צינור מופה אדום,2,35,1.1655,1.1654,1.1655,1.1655,1.1655,1.1655
2021-04,SKU:84000791,84000791,(חדש20) 16 צינור מופה אדום,1,10,1.1655,1.166,1.1655,1.1655,1.1655,1.1655
2021-06,SKU:84000791,84000791,(חדש20) 16 צינור מופה אדום,3,30,1.332,,1.332,1.4985,1.332,1.4985
2021-07,SKU:84000791,84000791,(חדש20) 16 צינור מופה אדום,2,15,1.4,,1.4,1.4,1.4,1.4
2021-10,SKU:84000791,84000791,(חדש20) 16 צינור מופה אדום,1,10,1.25,,1.25,1.25,1.25,1.25
2021-11,SKU:84000791,84000791,(חדש20) 16 צינור מופה אדום,1,10,1.5,,1.5,1.5,1.5,1.5
2022-02,SKU:84000791,84000791,(חדש20) 16 צינור מופה אדום,1,10,1.44,,1.44,1.44,1.44,1.44
2022-04,SKU:84000791,84000791,(חדש20) 16 צינור מופה אדום,1,10,1.44,1.44,1.44,1.44,1.44,1.44
2022-05,SKU:84000791,84000791,(חדש20) 16 צינור מופה אדום,1,10,1.5,1.5,1.5,1.5,1.5,1.5
2022-06,SKU:84000791,84000791,(חדש20) 16 צינור מופה אדום,2,20,1.3,1.3,1.3,1.3,1.3,1.3
2022-08,SKU:84000791,84000791,(חדש20) 16 צינור מופה אדום,4,40,1.44,1.455,1.44,1.5,1.44,1.5
2022-09,SKU:84000791,84000791,(חדש20) 16 צינור מופה אדום,3,25,1.44,1.44,1.44,1.44,1.44,1.44
2022-10,SKU:84000791,84000791,(חדש20) 16 צינור מופה אדום,2,11,1.44,1.44,1.44,1.44,1.44,1.44
2022-12,SKU:84000791,84000791,(חדש20) 16 צינור מופה אדום,5,46,1.42,1.3717,1.3,1.44,1.44,1.42
2023-02,SKU:84000791,84000791,(חדש20) 16 צינור מופה אדום,4,35,1.44,1.4571,1.44,1.5,1.44,1.5
2023-04,SKU:84000791,84000791,(חדש20) 16 צינור מופה אדום,1,10,1.5,1.5,1.5,1.5,1.5,1.5
2023-05,SKU:84000791,84000791,(חדש20) 16 צינור מופה אדום,5,45,1.5,1.5,1.5,1.5,1.5,1.5
2023-06,SKU:84000791,84000791,(חדש20) 16 צינור מופה אדום,3,20,1.5,1.5,1.5,1.5,1.5,1.5
2023-07,SKU:84000791,84000791,(חדש20) 16 צינור מופה אדום,1,10,1.44,1.44,1.44,1.44,1.44,1.44
2023-08,SKU:84000791,84000791,(חדש20) 16 צינור מופה אדום,1,10,1.44,1.44,1.44,1.44,1.44,1.44
2023-09,SKU:84000791,84000791,(חדש20) 16 צינור מופה אדום,1,1,1.44,1.44,1.44,1.44,1.44,1.44
2023-11,SKU:84000791,84000791,(חדש20) 16 צינור מופה אדום,1,5,1.5,1.5,1.5,1.5,1.5,1.5
2024-03,SKU:84000791,84000791,(חדש20) 16 צינור מופה אדום,1,5,1.44,1.44,1.44,1.44,1.44,1.44
2024-04,SKU:84000791,84000791,(חדש20) 16 צינור מופה אדום,1,1,1.5,1.5,1.5,1.5,1.5,1.5
2024-05,SKU:84000791,84000791,(חדש20) 16 צינור מופה אדום,2,10,1.47,1.47,1.44,1.5,1.5,1.44
2024-06,SKU:84000791,84000791,(חדש20) 16 צינור מופה אדום,3,10,1.25,1.3,1.25,1.5,1.5,1.25
2024-07,SKU:84000791,84000791,(חדש20) 16 צינור מופה אדום,1,2,1.3,1.3,1.3,1.3,1.3,1.3
2024-08,SKU:84000791,84000791,(חדש20) 16 צינור מופה אדום,2,7,1.44,1.44,1.44,1.44,1.44,1.44
2024-09,SKU:84000791,84000791,(חדש20) 16 צינור מופה אדום,1,5,1.5,1.5,1.5,1.5,1.5,1.5
2024-10,SKU:84000791,84000791,(חדש20) 16 צינור מופה אדום,2,10,1.5,1.5,1.5,1.5,1.5,1.5
2025-01,SKU:84000791,84000791,(חדש20) 16 צינור מופה אדום,2,20,1.44,1.44,1.44,1.44,1.44,1.44
2025-02,SKU:84000791,84000791,(חדש20) 16 צינור מופה אדום,2,20,1.5,1.5,1.5,1.5,1.5,1.5
2025-03,SKU:84000791,84000791,(חדש20) 16 צינור מופה אדום,2,20,1.5,1.5,1.5,1.5,1.5,1.5
2020-06,SKU:8400089,8400089,"מ""מ שחור12 צינור בידוד",1,100,0.856,0.856,0.856,0.856,0.856,0.856
2022-05,SKU:84001915,84001915,"מ""מ לבן12 חיתוך)בלבד(צינור בידוד",1,10,1,1,1,1,1,1
2020-11,SKU:841999,841999,אטומה8x8 קופסא חיצונית,1,20,2.4,2.4,2.4,2.4,2.4,2.4
2022-09,SKU:841999,841999,אטומה8x8 קופסא חיצונית,1,6,3.6,3.6,3.6,3.6,3.6,3.6
2019-01,SKU:842000,842000,עם פיטמות8x8 קופסא חיצונית,3,32,2.628,2.6281,2.628,2.628,2.628,2.628
2021-06,SKU:842000,842000,עם פיטמות8x8 קופסא חיצונית,1,18,3.0735,,3.0735,3.0735,3.0735,3.0735
2022-12,SKU:842000,842000,עם פיטמות8x8 קופסא חיצונית,1,6,3.1248,3.125,3.1248,3.1248,3.1248,3.1248
2023-06,SKU:842000,842000,עם פיטמות8x8 קופסא חיצונית,1,10,3.255,3.255,3.255,3.255,3.255,3.255
2024-09,SKU:842000,842000,עם פיטמות8x8 קופסא חיצונית,1,6,3.255,3.255,3.255,3.255,3.255,3.255
2021-11,SKU:842002,842002,עם פיטמות10x1 קופסא חיצונית,1,8,4.0725,,4.0725,4.0725,4.0725,4.0725
2022-09,SKU:842002,842002,עם פיטמות10x1 קופסא חיצונית,1,1,4.5792,4.58,4.5792,4.5792,4.5792,4.5792
2017-10,SKU:8600003,8600003,שחור/כתום חדש2 מריכף,4,1300,0.76,0.76,0.76,0.76,0.76,0.76
2018-11,SKU:8600003,8600003,שחור/כתום חדש2 מריכף,1,200,0.67,0.67,0.67,0.67,0.67,0.67
2018-12,SKU:8600003,8600003,שחור/כתום חדש2 מריכף,1,200,0.67,0.67,0.67,0.67,0.67,0.67
2019-01,SKU:8600003,8600003,שחור/כתום חדש2 מריכף,2,400,0.645,0.6575,0.62,0.67,0.67,0.62
2019-09,SKU:8600003,8600003,שחור/כתום חדש2 מריכף,1,300,0.59,0.59,0.59,0.59,0.59,0.59
2019-10,SKU:8600003,8600003,שחור/כתום חדש2 מריכף,3,500,0.59,0.59,0.59,0.59,0.59,0.59
2020-01,SKU:8600003,8600003,שחור/כתום חדש2 מריכף,1,100,0.59,0.59,0.59,0.59,0.59,0.59
2020-02,SKU:8600003,8600003,שחור/כתום חדש2 מריכף,1,100,0.56,0.56,0.56,0.56,0.56,0.56
2020-06,SKU:8600003,8600003,שחור/כתום חדש2 מריכף,2,900,0.56,0.56,0.56,0.56,0.56,0.56
2020-07,SKU:8600003,8600003,שחור/כתום חדש2 מריכף,2,300,0.56,0.56,0.56,0.56,0.56,0.56
2020-10,SKU:8600003,8600003,שחור/כתום חדש2 מריכף,1,500,0.56,0.56,0.56,0.56,0.56,0.56
2020-11,SKU:8600003,8600003,שחור/כתום חדש2 מריכף,1,500,0.56,0.56,0.56,0.56,0.56,0.56
2021-07,SKU:8600003,8600003,שחור/כתום חדש2 מריכף,1,1,0.57,,0.57,0.57,0.57,0.57
2021-10,SKU:8600003,8600003,שחור/כתום חדש2 מריכף,1,2,0.53,,0.53,0.53,0.53,0.53
2021-11,SKU:8600003,8600003,שחור/כתום חדש2 מריכף,1,2,0.5396,,0.5396,0.5396,0.5396,0.5396
2022-01,SKU:8600003,8600003,שחור/כתום חדש2 מריכף,1,2,0.5904,,0.5904,0.5904,0.5904,0.5904
2022-02,SKU:8600003,8600003,שחור/כתום חדש2 מריכף,2,3,0.5904,,0.5904,0.5904,0.5904,0.5904
2022-07,SKU:8600003,8600003,שחור/כתום חדש2 מריכף,1,600,0.6816,0.6816,0.6816,0.6816,0.6816,0.6816
2022-08,SKU:8600003,8600003,שחור/כתום חדש2 מריכף,1,300,0.6816,0.6816,0.6816,0.6816,0.6816,0.6816
2022-09,SKU:8600003,8600003,שחור/כתום חדש2 מריכף,1,100,0.6816,0.6816,0.6816,0.6816,0.6816,0.6816
2022-10,SKU:8600003,8600003,שחור/כתום חדש2 מריכף,1,500,0.6816,0.6816,0.6816,0.6816,0.6816,0.6816
2022-12,SKU:8600003,8600003,שחור/כתום חדש2 מריכף,2,1100,0.6816,0.6816,0.6816,0.6816,0.6816,0.6816
2023-02,SKU:8600003,8600003,שחור/כתום חדש2 מריכף,1,400,0.6975,0.6975,0.6975,0.6975,0.6975,0.6975
2024-05,SKU:8600003,8600003,שחור/כתום חדש2 מריכף,1,500,0.6696,0.6696,0.6696,0.6696,0.6696,0.6696
2024-06,SKU:8600003,8600003,שחור/כתום חדש2 מריכף,1,600,0.6696,0.6696,0.6696,0.6696,0.6696,0.6696
2024-07,SKU:8600003,8600003,שחור/כתום חדש2 מריכף,1,300,0.6696,0.6696,0.6696,0.6696,0.6696,0.6696
2024-09,SKU:8600003,8600003,שחור/כתום חדש2 מריכף,1,300,0.6696,0.6696,0.6696,0.6696,0.6696,0.6696
2024-10,SKU:8600003,8600003,שחור/כתום חדש2 מריכף,1,200,0.6696,0.6696,0.6696,0.6696,0.6696,0.6696
2019-10,SKU:8600004,8600004,שחור/כתום25 צינור מריכף,1,50,1.4,1.4,1.4,1.4,1.4,1.4
2021-05,SKU:8600004,8600004,שחור/כתום25 צינור מריכף,1,100,1.45,,1.45,1.45,1.45,1.45
2022-02,SKU:8600004,8600004,שחור/כתום25 צינור מריכף,2,700,1.44,,1.44,1.44,1.44,1.44
2022-04,SKU:8600004,8600004,שחור/כתום25 צינור מריכף,1,500,1.42,1.42,1.42,1.42,1.42,1.42
2022-07,SKU:8600004,8600004,שחור/כתום25 צינור מריכף,1,150,1.562,1.562,1.562,1.562,1.562,1.562
2022-08,SKU:8600004,8600004,שחור/כתום25 צינור מריכף,1,150,1.562,1.562,1.562,1.562,1.562,1.562
2022-10,SKU:8600004,8600004,שחור/כתום25 צינור מריכף,2,300,1.562,1.562,1.562,1.562,1.562,1.562
2022-11,SKU:8600004,8600004,שחור/כתום25 צינור מריכף,1,500,1.562,1.562,1.562,1.562,1.562,1.562
2022-12,SKU:8600004,8600004,שחור/כתום25 צינור מריכף,3,400,1.562,1.562,1.562,1.562,1.562,1.562
2023-02,SKU:8600004,8600004,שחור/כתום25 צינור מריכף,3,400,1.584,1.5922,1.584,1.65,1.584,1.584
2023-06,SKU:8600004,8600004,שחור/כתום25 צינור מריכף,1,100,1.584,1.584,1.584,1.584,1.584,1.584
2024-02,SKU:8600004,8600004,שחור/כתום25 צינור מריכף,1,200,1.584,1.584,1.584,1.584,1.584,1.584
2024-03,SKU:8600004,8600004,שחור/כתום25 צינור מריכף,1,200,1.4256,1.4256,1.4256,1.4256,1.4256,1.4256
2024-09,SKU:8600004,8600004,שחור/כתום25 צינור מריכף,1,200,1.4256,1.4256,1.4256,1.4256,1.4256,1.4256
2024-10,SKU:8600004,8600004,שחור/כתום25 צינור מריכף,2,200,1.4256,1.4256,1.4256,1.4256,1.4256,1.4256
2021-05,SKU:8600005,8600005,שחור/כתום32 צינור מריכף,1,100,2.2,,2.2,2.2,2.2,2.2
2023-07,SKU:8600005,8600005,שחור/כתום32 צינור מריכף,1,150,2.3472,2.3472,2.3472,2.3472,2.3472,2.3472
2019-10,SKU:8600007,8600007,שחור/כתום5 צינור מריכף,1,50,5.2,5.2,5.2,5.2,5.2,5.2
2021-07,SKU:8600007,8600007,שחור/כתום5 צינור מריכף,1,150,4.515,,4.515,4.515,4.515,4.515
2021-08,SKU:8600007,8600007,שחור/כתום5 צינור מריכף,2,100,4.515,,4.515,4.515,4.515,4.515
2017-10,SKU:8600103,8600103,ירוק חדש2 מריכף,2,500,1,1,1,1,1,1
2018-11,SKU:8600103,8600103,ירוק חדש2 מריכף,2,600,0.87,0.87,0.87,0.87,0.87,0.87
2019-01,SKU:8600103,8600103,ירוק חדש2 מריכף,1,100,0.84,0.84,0.84,0.84,0.84,0.84
2019-07,SKU:8600103,8600103,ירוק חדש2 מריכף,1,800,0.82,0.82,0.82,0.82,0.82,0.82
2019-09,SKU:8600103,8600103,ירוק חדש2 מריכף,1,100,0.82,0.82,0.82,0.82,0.82,0.82
2019-10,SKU:8600103,8600103,ירוק חדש2 מריכף,1,100,0.82,0.82,0.82,0.82,0.82,0.82
2020-01,SKU:8600103,8600103,ירוק חדש2 מריכף,1,500,0.86,0.86,0.86,0.86,0.86,0.86
2020-02,SKU:8600103,8600103,ירוק חדש2 מריכף,2,800,0.86,0.86,0.86,0.86,0.86,0.86
2020-06,SKU:8600103,8600103,ירוק חדש2 מריכף,2,300,0.78,0.78,0.78,0.78,0.78,0.78
2020-07,SKU:8600103,8600103,ירוק חדש2 מריכף,1,500,0.78,0.78,0.78,0.78,0.78,0.78
2020-09,SKU:8600103,8600103,ירוק חדש2 מריכף,1,200,0.78,0.78,0.78,0.78,0.78,0.78
2020-10,SKU:8600103,8600103,ירוק חדש2 מריכף,2,300,0.828,0.8433,0.782,0.874,0.874,0.782
2021-04,SKU:8600103,8600103,ירוק חדש2 מריכף,2,1000,0.79,0.79,0.79,0.79,0.79,0.79
2021-05,SKU:8600103,8600103,ירוק חדש2 מריכף,2,800,0.79,,0.79,0.79,0.79,0.79
2021-06,SKU:8600103,8600103,ירוק חדש2 מריכף,3,402,0.782,,0.782,0.782,0.782,0.782
2021-07,SKU:8600103,8600103,ירוק חדש2 מריכף,3,600,0.8025,,0.8025,0.8025,0.8025,0.8025
2021-08,SKU:8600103,8600103,ירוק חדש2 מריכף,2,201,0.7704,,0.7704,0.7704,0.7704,0.7704
2021-10,SKU:8600103,8600103,ירוק חדש2 מריכף,2,102,0.77,,0.77,0.77,0.77,0.77
2021-11,SKU:8600103,8600103,ירוק חדש2 מריכף,1,100,0.885,,0.885,0.885,0.885,0.885
2022-01,SKU:8600103,8600103,ירוק חדש2 מריכף,1,2,0.8496,,0.8496,0.8496,0.8496,0.8496
2022-02,SKU:8600103,8600103,ירוק חדש2 מריכף,1,1,0.8496,,0.8496,0.8496,0.8496,0.8496
2022-06,SKU:8600103,8600103,ירוק חדש2 מריכף,1,200,0.9443,0.9443,0.9443,0.9443,0.9443,0.9443
2022-08,SKU:8600103,8600103,ירוק חדש2 מריכף,3,1200,0.9443,0.9665,0.9443,0.9975,0.9443,0.9975
2022-09,SKU:8600103,8600103,ירוק חדש2 מריכף,3,700,1.0011,1.0011,1.0011,1.0011,1.0011,1.0011
2022-10,SKU:8600103,8600103,ירוק חדש2 מריכף,2,800,1.0011,1.0011,1.0011,1.0011,1.0011,1.0011
2022-11,SKU:8600103,8600103,ירוק חדש2 מריכף,2,800,1.0006,1.0004,1,1.0011,1.0011,1
2022-12,SKU:8600103,8600103,ירוק חדש2 מריכף,3,400,1.0011,1.0011,1.0011,1.0011,1.0011,1.0011
2023-02,SKU:8600103,8600103,ירוק חדש2 מריכף,1,500,0.9576,0.9576,0.9576,0.9576,0.9576,0.9576
2023-03,SKU:8600103,8600103,ירוק חדש2 מריכף,1,400,0.9576,0.9576,0.9576,0.9576,0.9576,0.9576
2023-05,SKU:8600103,8600103,ירוק חדש2 מריכף,1,400,0.9576,0.9576,0.9576,0.9576,0.9576,0.9576
2023-06,SKU:8600103,8600103,ירוק חדש2 מריכף,1,100,0.9576,0.9576,0.9576,0.9576,0.9576,0.9576
2023-07,SKU:8600103,8600103,ירוק חדש2 מריכף,2,300,0.9576,0.9576,0.9576,0.9576,0.9576,0.9576
2023-08,SKU:8600103,8600103,ירוק חדש2 מריכף,1,300,0.9576,0.9576,0.9576,0.9576,0.9576,0.9576
2023-09,SKU:8600103,8600103,ירוק חדש2 מריכף,1,300,0.9576,0.9576,0.9576,0.9576,0.9576,0.9576
2024-01,SKU:8600103,8600103,ירוק חדש2 מריכף,1,100,0.9576,0.9576,0.9576,0.9576,0.9576,0.9576
2024-03,SKU:8600103,8600103,ירוק חדש2 מריכף,1,200,0.8784,0.8784,0.8784,0.8784,0.8784,0.8784
2024-05,SKU:8600103,8600103,ירוק חדש2 מריכף,1,100,0.9975,0.9975,0.9975,0.9975,0.9975,0.9975
2024-08,SKU:8600103,8600103,ירוק חדש2 מריכף,3,600,0.9576,0.9576,0.9576,0.9576,0.9576,0.9576
2024-09,SKU:8600103,8600103,ירוק חדש2 מריכף,5,1600,0.9576,0.9576,0.9576,0.9576,0.9576,0.9576
2024-10,SKU:8600103,8600103,ירוק חדש2 מריכף,5,1100,0.9576,0.9576,0.9576,0.9576,0.9576,0.9576
2024-11,SKU:8600103,8600103,ירוק חדש2 מריכף,3,1000,0.9576,0.9576,0.9576,0.9576,0.9576,0.9576
2024-12,SKU:8600103,8600103,ירוק חדש2 מריכף,3,1300,0.9443,0.9356,0.9159,0.9443,0.9443,0.9159
2025-01,SKU:8600103,8600103,ירוק חדש2 מריכף,2,500,0.9144,0.923,0.9,0.9288,0.9288,0.9
2025-02,SKU:8600103,8600103,ירוק חדש2 מריכף,1,400,0.9675,0.9675,0.9675,0.9675,0.9675,0.9675
2025-03,SKU:8600103,8600103,ירוק חדש2 מריכף,2,800,0.9288,0.9288,0.9288,0.9288,0.9288,0.9288
2017-10,SKU:8600104,8600104,ירוק חדש25 מריכף,1,50,1.8,1.8,1.8,1.8,1.8,1.8
2018-08,SKU:8600104,8600104,ירוק חדש25 מריכף,1,50,4.452,4.452,4.452,4.452,4.452,4.452
2018-11,SKU:8600104,8600104,ירוק חדש25 מריכף,1,50,1.8,1.8,1.8,1.8,1.8,1.8
2018-12,SKU:8600104,8600104,ירוק חדש25 מריכף,1,50,1.8,1.8,1.8,1.8,1.8,1.8
2019-07,SKU:8600104,8600104,ירוק חדש25 מריכף,1,200,1.8,1.8,1.8,1.8,1.8,1.8
2019-08,SKU:8600104,8600104,ירוק חדש25 מריכף,1,250,1.8,1.8,1.8,1.8,1.8,1.8
2019-09,SKU:8600104,8600104,ירוק חדש25 מריכף,1,450,1.7,1.7,1.7,1.7,1.7,1.7
2020-01,SKU:8600104,8600104,ירוק חדש25 מריכף,1,500,1.8,1.8,1.8,1.8,1.8,1.8
2020-02,SKU:8600104,8600104,ירוק חדש25 מריכף,1,150,1.7,1.7,1.7,1.7,1.7,1.7
2020-03,SKU:8600104,8600104,ירוק חדש25 מריכף,2,400,1.7,1.7,1.7,1.7,1.7,1.7
2020-07,SKU:8600104,8600104,ירוק חדש25 מריכף,2,500,1.8,1.8,1.8,1.8,1.8,1.8
2020-09,SKU:8600104,8600104,ירוק חדש25 מריכף,1,400,1.8,1.8,1.8,1.8,1.8,1.8
2020-10,SKU:8600104,8600104,ירוק חדש25 מריכף,2,600,1.907,1.9427,1.8,2.014,1.8,2.014
2020-12,SKU:8600104,8600104,ירוק חדש25 מריכף,1,50,1.8,1.8,1.8,1.8,1.8,1.8
2021-04,SKU:8600104,8600104,ירוק חדש25 מריכף,1,200,1.8,1.8,1.8,1.8,1.8,1.8
2021-05,SKU:8600104,8600104,ירוק חדש25 מריכף,1,250,1.8,,1.8,1.8,1.8,1.8
2021-07,SKU:8600104,8600104,ירוק חדש25 מריכף,1,200,1.845,,1.845,1.845,1.845,1.845
2021-11,SKU:8600104,8600104,ירוק חדש25 מריכף,1,200,1.845,,1.845,1.845,1.845,1.845
2022-02,SKU:8600104,8600104,ירוק חדש25 מריכף,1,200,1.7712,,1.7712,1.7712,1.7712,1.7712
2022-05,SKU:8600104,8600104,ירוק חדש25 מריכף,1,200,1.9596,1.9596,1.9596,1.9596,1.9596,1.9596
2022-06,SKU:8600104,8600104,ירוק חדש25 מריכף,1,200,1.9596,1.9596,1.9596,1.9596,1.9596,1.9596
2022-08,SKU:8600104,8600104,ירוק חדש25 מריכף,3,800,1.9596,2.0286,1.9596,2.07,1.9596,2.07
2022-09,SKU:8600104,8600104,ירוק חדש25 מריכף,2,400,1.9596,1.9596,1.9596,1.9596,1.9596,1.9596
2022-11,SKU:8600104,8600104,ירוק חדש25 מריכף,1,200,1.9596,1.9596,1.9596,1.9596,1.9596,1.9596
2024-02,SKU:8600104,8600104,ירוק חדש25 מריכף,1,50,1.9872,1.9872,1.9872,1.9872,1.9872,1.9872
2024-04,SKU:8600104,8600104,ירוק חדש25 מריכף,1,50,1.98,1.98,1.98,1.98,1.98,1.98
2024-05,SKU:8600104,8600104,ירוק חדש25 מריכף,1,50,2.0625,2.0626,2.0625,2.0625,2.0625,2.0625
2024-06,SKU:8600104,8600104,ירוק חדש25 מריכף,1,200,1.98,1.98,1.98,1.98,1.98,1.98
2024-08,SKU:8600104,8600104,ירוק חדש25 מריכף,2,200,1.98,1.98,1.98,1.98,1.98,1.98
2024-09,SKU:8600104,8600104,ירוק חדש25 מריכף,2,250,1.98,1.98,1.98,1.98,1.98,1.98
2024-10,SKU:8600104,8600104,ירוק חדש25 מריכף,1,150,1.98,1.98,1.98,1.98,1.98,1.98
2024-12,SKU:8600104,8600104,ירוק חדש25 מריכף,2,300,1.9663,1.9708,1.9525,1.98,1.9525,1.98
2020-01,SKU:8600105,8600105,ירוק32 צינור מריכף,1,200,3.192,3.192,3.192,3.192,3.192,3.192
2020-02,SKU:8600105,8600105,ירוק32 צינור מריכף,1,100,3.192,3.192,3.192,3.192,3.192,3.192
2020-03,SKU:8600105,8600105,ירוק32 צינור מריכף,1,100,3.192,3.192,3.192,3.192,3.192,3.192
2021-04,SKU:8600105,8600105,ירוק32 צינור מריכף,2,200,2.9,2.9,2.9,2.9,2.9,2.9
2018-11,SKU:8600108,8600108,אדום חדש2 מריכף,1,100,0.87,0.87,0.87,0.87,0.87,0.87
2019-01,SKU:8600108,8600108,אדום חדש2 מריכף,1,100,0.84,0.84,0.84,0.84,0.84,0.84
2019-09,SKU:8600108,8600108,אדום חדש2 מריכף,1,100,0.82,0.82,0.82,0.82,0.82,0.82
2020-01,SKU:8600108,8600108,אדום חדש2 מריכף,1,100,1.96,1.96,1.96,1.96,1.96,1.96
2020-07,SKU:8600108,8600108,אדום חדש2 מריכף,1,100,0.78,0.78,0.78,0.78,0.78,0.78
2020-09,SKU:8600108,8600108,אדום חדש2 מריכף,1,500,0.78,0.78,0.78,0.78,0.78,0.78
2020-10,SKU:8600108,8600108,אדום חדש2 מריכף,1,100,0.78,0.78,0.78,0.78,0.78,0.78
2021-04,SKU:8600108,8600108,אדום חדש2 מריכף,1,200,0.79,0.79,0.79,0.79,0.79,0.79
2021-07,SKU:8600108,8600108,אדום חדש2 מריכף,1,100,0.749,,0.749,0.749,0.749,0.749
2021-08,SKU:8600108,8600108,אדום חדש2 מריכף,1,100,0.7704,,0.7704,0.7704,0.7704,0.7704
2022-01,SKU:8600108,8600108,אדום חדש2 מריכף,2,200,0.8496,,0.8496,0.8496,0.8496,0.8496
2022-10,SKU:8600108,8600108,אדום חדש2 מריכף,2,200,1.0011,1.0011,1.0011,1.0011,1.0011,1.0011
2023-03,SKU:8600108,8600108,אדום חדש2 מריכף,1,100,0.9576,0.9576,0.9576,0.9576,0.9576,0.9576
2023-06,SKU:8600108,8600108,אדום חדש2 מריכף,1,100,0.9576,0.9576,0.9576,0.9576,0.9576,0.9576
2023-09,SKU:8600108,8600108,אדום חדש2 מריכף,1,100,0.9576,0.9576,0.9576,0.9576,0.9576,0.9576
2024-03,SKU:8600108,8600108,אדום חדש2 מריכף,1,100,0.8784,0.8784,0.8784,0.8784,0.8784,0.8784
2024-05,SKU:8600108,8600108,אדום חדש2 מריכף,1,100,0.9975,0.9975,0.9975,0.9975,0.9975,0.9975
2024-08,SKU:8600108,8600108,אדום חדש2 מריכף,1,100,0.9576,0.9576,0.9576,0.9576,0.9576,0.9576
2017-10,SKU:8600113,8600113,לבן חדש2 מריכף,1,200,1,1,1,1,1,1
2018-11,SKU:8600113,8600113,לבן חדש2 מריכף,2,300,0.87,0.87,0.87,0.87,0.87,0.87
2018-12,SKU:8600113,8600113,לבן חדש2 מריכף,1,500,0.87,0.87,0.87,0.87,0.87,0.87
2019-07,SKU:8600113,8600113,לבן חדש2 מריכף,1,500,0.82,0.82,0.82,0.82,0.82,0.82
2019-09,SKU:8600113,8600113,לבן חדש2 מריכף,1,100,0.82,0.82,0.82,0.82,0.82,0.82
2019-10,SKU:8600113,8600113,לבן חדש2 מריכף,1,100,0.82,0.82,0.82,0.82,0.82,0.82
2020-01,SKU:8600113,8600113,לבן חדש2 מריכף,1,300,0.86,0.86,0.86,0.86,0.86,0.86
2020-02,SKU:8600113,8600113,לבן חדש2 מריכף,1,200,0.86,0.86,0.86,0.86,0.86,0.86
2020-03,SKU:8600113,8600113,לבן חדש2 מריכף,1,500,0.86,0.86,0.86,0.86,0.86,0.86
2020-06,SKU:8600113,8600113,לבן חדש2 מריכף,4,1600,0.78,0.78,0.78,0.78,0.78,0.78
2020-10,SKU:8600113,8600113,לבן חדש2 מריכף,1,500,0.78,0.78,0.78,0.78,0.78,0.78
2021-04,SKU:8600113,8600113,לבן חדש2 מריכף,1,500,0.79,0.79,0.79,0.79,0.79,0.79
2021-06,SKU:8600113,8600113,לבן חדש2 מריכף,2,201,0.782,,0.782,0.782,0.782,0.782
2021-08,SKU:8600113,8600113,לבן חדש2 מריכף,1,500,0.7704,,0.7704,0.7704,0.7704,0.7704
2021-11,SKU:8600113,8600113,לבן חדש2 מריכף,2,600,0.8438,,0.8025,0.885,0.885,0.8025
2022-01,SKU:8600113,8600113,לבן חדש2 מריכף,1,1,0.8496,,0.8496,0.8496,0.8496,0.8496
2022-04,SKU:8600113,8600113,לבן חדש2 מריכף,1,500,0.8378,0.8378,0.8378,0.8378,0.8378,0.8378
2022-09,SKU:8600113,8600113,לבן חדש2 מריכף,1,100,1.0011,1.0011,1.0011,1.0011,1.0011,1.0011
2022-10,SKU:8600113,8600113,לבן חדש2 מריכף,1,100,1.0011,1.0011,1.0011,1.0011,1.0011,1.0011
2022-12,SKU:8600113,8600113,לבן חדש2 מריכף,1,100,1.0011,1.0011,1.0011,1.0011,1.0011,1.0011
2023-02,SKU:8600113,8600113,לבן חדש2 מריכף,2,1000,0.9864,0.9864,0.9576,1.0152,1.0152,0.9576
2023-05,SKU:8600113,8600113,לבן חדש2 מריכף,1,200,0.9576,0.9576,0.9576,0.9576,0.9576,0.9576
2023-09,SKU:8600113,8600113,לבן חדש2 מריכף,1,100,0.9576,0.9576,0.9576,0.9576,0.9576,0.9576
2024-05,SKU:8600113,8600113,לבן חדש2 מריכף,1,200,0.9675,0.9675,0.9675,0.9675,0.9675,0.9675
2024-08,SKU:8600113,8600113,לבן חדש2 מריכף,2,400,0.9288,0.9288,0.9288,0.9288,0.9288,0.9288
2024-09,SKU:8600113,8600113,לבן חדש2 מריכף,4,1100,0.9288,0.9288,0.9288,0.9288,0.9288,0.9288
2024-12,SKU:8600113,8600113,לבן חדש2 מריכף,1,300,0.9159,0.9159,0.9159,0.9159,0.9159,0.9159
2025-02,SKU:8600113,8600113,לבן חדש2 מריכף,1,100,0.9675,0.9675,0.9675,0.9675,0.9675,0.9675
2025-03,SKU:8600113,8600113,לבן חדש2 מריכף,1,100,0.9288,0.9288,0.9288,0.9288,0.9288,0.9288
2017-10,SKU:8600114,8600114,כחול חדש2 מריכף,2,400,1,1,1,1,1,1
2020-02,SKU:8600114,8600114,כחול חדש2 מריכף,1,600,0.86,0.86,0.86,0.86,0.86,0.86
2024-12,SKU:8600114,8600114,כחול חדש2 מריכף,1,200,0.9,0.9,0.9,0.9,0.9,0.9
2024-09,SKU:8600116,8600116,כחול25 צינור מריכף,1,100,1.8216,1.8216,1.8216,1.8216,1.8216,1.8216
2024-12,SKU:8600116,8600116,כחול25 צינור מריכף,1,100,1.7963,1.7963,1.7963,1.7963,1.7963,1.7963
2018-08,SKU:8600119,8600119,לבן חדש25 מריכף,1,50,4.452,4.452,4.452,4.452,4.452,4.452
2018-11,SKU:8600119,8600119,לבן חדש25 מריכף,1,50,4.452,4.452,4.452,4.452,4.452,4.452
2019-07,SKU:8600119,8600119,לבן חדש25 מריכף,1,400,1.8,1.8,1.8,1.8,1.8,1.8
2019-08,SKU:8600119,8600119,לבן חדש25 מריכף,1,400,1.8,1.8,1.8,1.8,1.8,1.8
2019-10,SKU:8600119,8600119,לבן חדש25 מריכף,4,550,1.8,1.8,1.8,1.8,1.8,1.8
2020-02,SKU:8600119,8600119,לבן חדש25 מריכף,3,1000,1.7,1.7,1.7,1.7,1.7,1.7
2020-04,SKU:8600119,8600119,לבן חדש25 מריכף,1,500,1.7,1.7,1.7,1.7,1.7,1.7
2020-06,SKU:8600119,8600119,לבן חדש25 מריכף,2,600,1.7,1.7,1.7,1.7,1.7,1.7
2020-09,SKU:8600119,8600119,לבן חדש25 מריכף,2,450,1.8,1.8,1.8,1.8,1.8,1.8
2020-12,SKU:8600119,8600119,לבן חדש25 מריכף,1,50,1.8,1.8,1.8,1.8,1.8,1.8
2021-04,SKU:8600119,8600119,לבן חדש25 מריכף,2,250,1.8,1.8,1.8,1.8,1.8,1.8
2021-05,SKU:8600119,8600119,לבן חדש25 מריכף,1,100,1.8,,1.8,1.8,1.8,1.8
2021-07,SKU:8600119,8600119,לבן חדש25 מריכף,1,300,1.845,,1.845,1.845,1.845,1.845
2021-10,SKU:8600119,8600119,לבן חדש25 מריכף,1,200,1.8,,1.8,1.8,1.8,1.8
2022-01,SKU:8600119,8600119,לבן חדש25 מריכף,1,300,1.7712,,1.7712,1.7712,1.7712,1.7712
2022-02,SKU:8600119,8600119,לבן חדש25 מריכף,1,200,1.7712,,1.7712,1.7712,1.7712,1.7712
2022-04,SKU:8600119,8600119,לבן חדש25 מריכף,2,750,1.7466,1.7466,1.7466,1.7466,1.7466,1.7466
2022-06,SKU:8600119,8600119,לבן חדש25 מריכף,2,200,1.9596,1.9596,1.9596,1.9596,1.9596,1.9596
2022-08,SKU:8600119,8600119,לבן חדש25 מריכף,2,700,2.0148,2.0385,1.9596,2.07,1.9596,2.07
2022-09,SKU:8600119,8600119,לבן חדש25 מריכף,1,250,1.9596,1.9596,1.9596,1.9596,1.9596,1.9596
2022-10,SKU:8600119,8600119,לבן חדש25 מריכף,2,400,1.9596,1.9596,1.9596,1.9596,1.9596,1.9596
2024-06,SKU:8600119,8600119,לבן חדש25 מריכף,1,50,1.8216,1.8216,1.8216,1.8216,1.8216,1.8216
2024-07,SKU:8600119,8600119,לבן חדש25 מריכף,1,50,1.8216,1.8216,1.8216,1.8216,1.8216,1.8216
2024-08,SKU:8600119,8600119,לבן חדש25 מריכף,1,150,1.8216,1.8216,1.8216,1.8216,1.8216,1.8216
2024-09,SKU:8600119,8600119,לבן חדש25 מריכף,2,150,1.8216,1.8216,1.8216,1.8216,1.8216,1.8216
2024-10,SKU:8600119,8600119,לבן חדש25 מריכף,1,250,1.8216,1.8216,1.8216,1.8216,1.8216,1.8216
2022-04,SKU:8600209,8600209,"מ""מ4 חוט+ שחור5 צינור מריכף",1,50,3.9263,3.9264,3.9263,3.9263,3.9263,3.9263
2020-03,SKU:8600216,8600216,"(2"") 5 צינור מופה",1,2,22.6345,22.635,22.6345,22.6345,22.6345,22.6345
2024-08,SKU:8600216,8600216,"(2"") 5 צינור מופה",1,5,10.8288,10.828,10.8288,10.8288,10.8288,10.8288
2020-12,SKU:8910266,8910266,FLM 10x25 F אום+ בורג,1,20,0,0,0,0,0,0
2020-12,SKU:8911111,8911111,KU 5 מחבר עליון לתקרה,1,20,12.6,12.6,12.6,12.6,12.6,12.6
2021-05,SKU:8911111,8911111,KU 5 מחבר עליון לתקרה,1,20,17,,17,17,17,17
2022-11,SKU:8911111,8911111,KU 5 מחבר עליון לתקרה,1,8,23.1105,23.11,23.1105,23.1105,23.1105,23.1105
2022-12,SKU:8911111,8911111,KU 5 מחבר עליון לתקרה,1,6,22.785,22.785,22.785,22.785,22.785,22.785
2023-06,SKU:8911111,8911111,KU 5 מחבר עליון לתקרה,1,5,22.134,22.134,22.134,22.134,22.134,22.134
2020-12,SKU:8911121,8911121,U 50/300 עמוד לחיבור זרועות,1,9,17.899,17.8989,17.899,17.899,17.899,17.899
2022-11,SKU:8911121,8911121,U 50/300 עמוד לחיבור זרועות,1,3,24.6512,24.65,24.6512,24.6512,24.6512,24.6512
2022-12,SKU:8911121,8911121,U 50/300 עמוד לחיבור זרועות,1,3,24.304,24.3033,24.304,24.304,24.304,24.304
2021-05,SKU:8911126,8911126,UD 24 זרועות במישור אחד2 מחבר להרכבת,1,20,3.84,,3.84,3.84,3.84,3.84
2021-05,SKU:8911136,8911136,KTUM 10 דגםU5 זרוע לעמוד,1,20,5.94,,5.94,5.94,5.94,5.94
2021-06,SKU:8911146,8911146,KTUM 30 דגםU5 זרוע לעמוד,1,20,9.27,,9.27,9.27,9.27,9.27
2020-12,SKU:8911151,8911151,KTUM 40 דגםU5 זרוע לעמוד,2,22,13.79,13.79,13.79,13.79,13.79,13.79
2022-11,SKU:8911151,8911151,KTUM 40 דגםU5 זרוע לעמוד,1,6,18.7085,18.7083,18.7085,18.7085,18.7085,18.7085
2021-02,SKU:90003,90003,SAPISELCO 102.5 יח'(חבק לבן100) מארז,1,1,1.35,1.35,1.35,1.35,1.35,1.35
2021-10,SKU:90003,90003,SAPISELCO 102.5 יח'(חבק לבן100) מארז,1,1,1.728,,1.728,1.728,1.728,1.728
2021-02,SKU:90010,90010,(100) SAPISELCO 284.5 חבק לבן9002 SAPISELCO 102.5 יח'(חבק לבן100) מארז90003,1,1,3.09,3.09,3.09,3.09,3.09,3.09
2021-02,SKU:90015,90015,"SAPISELCO 102.5 יח'(חבק לבן100) מארז900031P 6A 6kA C GEWISS מאמ""ת3992005",1,1,6.04,6.04,6.04,6.04,6.04,6.04
2017-10,SKU:90018,90018,(100) SAPISELCO 254.5 חבק לבן,1,4,6.172,6.1725,6.172,6.172,6.172,6.172
2019-01,SKU:90018,90018,(100) SAPISELCO 254.5 חבק לבן,3,13,6.9435,6.5877,5.4005,6.9435,6.9435,5.4005
2019-06,SKU:90018,90018,(100) SAPISELCO 254.5 חבק לבן,1,5,5.98,5.98,5.98,5.98,5.98,5.98
2019-08,SKU:90018,90018,(100) SAPISELCO 254.5 חבק לבן,1,5,6.9435,6.944,6.9435,6.9435,6.9435,6.9435
2019-10,SKU:90018,90018,(100) SAPISELCO 254.5 חבק לבן,2,10,6.9435,6.944,6.9435,6.9435,6.9435,6.9435
2020-01,SKU:90018,90018,(100) SAPISELCO 254.5 חבק לבן,1,5,6.172,6.172,6.172,6.172,6.172,6.172
2020-07,SKU:90018,90018,(100) SAPISELCO 254.5 חבק לבן,1,5,6.172,6.172,6.172,6.172,6.172,6.172
2022-05,SKU:90018,90018,(100) SAPISELCO 254.5 חבק לבן,1,5,7.9704,7.97,7.9704,7.9704,7.9704,7.9704
2022-06,SKU:90018,90018,(100) SAPISELCO 254.5 חבק לבן,1,10,8.3025,8.303,8.3025,8.3025,8.3025,8.3025
2022-09,SKU:90018,90018,(100) SAPISELCO 254.5 חבק לבן,2,15,7.915,7.9333,7.8597,7.9704,7.8597,7.9704
2023-03,SKU:90018,90018,(100) SAPISELCO 254.5 חבק לבן,1,3,8.3,8.3033,8.3,8.3,8.3,8.3
2023-04,SKU:90018,90018,(100) SAPISELCO 254.5 חבק לבן,1,2,8.3025,8.305,8.3025,8.3025,8.3025,8.3025
2023-05,SKU:90018,90018,(100) SAPISELCO 254.5 חבק לבן,1,10,8.3025,8.303,8.3025,8.3025,8.3025,8.3025
2023-06,SKU:90018,90018,(100) SAPISELCO 254.5 חבק לבן,1,10,8.3025,8.303,8.3025,8.3025,8.3025,8.3025
2023-09,SKU:90018,90018,(100) SAPISELCO 254.5 חבק לבן,1,5,9.2175,9.218,9.2175,9.2175,9.2175,9.2175
2023-10,SKU:90018,90018,(100) SAPISELCO 254.5 חבק לבן,1,10,8.8488,8.849,8.8488,8.8488,8.8488,8.8488
2024-02,SKU:90018,90018,(100) SAPISELCO 254.5 חבק לבן,2,6,9.2175,9.2183,9.2175,9.2175,9.2175,9.2175
2024-03,SKU:90018,90018,(100) SAPISELCO 254.5 חבק לבן,3,15,9.2175,9.218,9.2175,9.2175,9.2175,9.2175
2024-04,SKU:90018,90018,(100) SAPISELCO 254.5 חבק לבן,1,10,9.2175,9.218,9.2175,9.2175,9.2175,9.2175
2024-05,SKU:90018,90018,(100) SAPISELCO 254.5 חבק לבן,1,2,9.2175,9.22,9.2175,9.2175,9.2175,9.2175
2024-06,SKU:90018,90018,(100) SAPISELCO 254.5 חבק לבן,2,8,9.2175,9.2175,9.2175,9.2175,9.2175,9.2175
2024-07,SKU:90018,90018,(100) SAPISELCO 254.5 חבק לבן,1,2,9.2175,9.22,9.2175,9.2175,9.2175,9.2175
2024-08,SKU:90018,90018,(100) SAPISELCO 254.5 חבק לבן,4,10,9.2175,9.034,8.8488,9.2175,8.8488,9.2175
2024-09,SKU:90018,90018,(100) SAPISELCO 254.5 חבק לבן,3,8,8.8488,8.9425,8.8488,9.2175,8.8488,8.8488
2025-01,SKU:90018,90018,(100) SAPISELCO 254.5 חבק לבן,2,10,8.2467,8.247,8.0784,8.415,8.0784,8.415
2017-10,SKU:90019,90019,(100) SAPISELCO 253.5 חבק לבן,1,5,5.144,5.144,5.144,5.144,5.144,5.144
2023-05,SKU:90019,90019,(100) SAPISELCO 253.5 חבק לבן,1,5,8.7225,8.722,8.7225,8.7225,8.7225,8.7225
2019-10,SKU:90022,90022,(100) SAPISELCO 283.5 חבק לבן,1,5,6.284,6.284,6.284,6.284,6.284,6.284
2019-03,SKU:90024,90024,(100) SAPISELCO 304.5 חבק לבן,2,10,8.12,8.116,8.12,8.12,8.12,8.12
2022-08,SKU:90024,90024,(100) SAPISELCO 304.5 חבק לבן,2,5,10.3305,10.33,10.3305,10.3305,10.3305,10.3305
2023-05,SKU:90024,90024,(100) SAPISELCO 304.5 חבק לבן,1,10,10.9125,10.913,10.9125,10.9125,10.9125,10.9125
2023-09,SKU:90024,90024,(100) SAPISELCO 304.5 חבק לבן,1,2,11.6424,11.64,11.6424,11.6424,11.6424,11.6424
2024-10,SKU:90024,90024,(100) SAPISELCO 304.5 חבק לבן,4,25,12.1275,11.9336,11.6424,12.1275,12.1275,12.1275
2024-11,SKU:90024,90024,(100) SAPISELCO 304.5 חבק לבן,1,2,9.81,9.81,9.81,9.81,9.81,9.81
2021-02,SKU:90025,90025,(100) SAPISELCO 327.5 חבק לבן,1,1,17.36,17.36,17.36,17.36,17.36,17.36
2021-04,SKU:90025,90025,(100) SAPISELCO 327.5 חבק לבן,1,1,15.428,15.43,15.428,15.428,15.428,15.428
2021-04,SKU:90028,90028,(100) SAPISELCO 367.5 חבק לבן,1,1,18.056,18.06,18.056,18.056,18.056,18.056
2023-08,SKU:90028,90028,(100) SAPISELCO 367.5 חבק לבן,2,2,26.4526,26.45,25.9128,26.9925,25.9128,26.9925
2021-04,SKU:90032,90032,(100) SAPISELCO 547.5 חבק לבן,1,1,35.428,35.43,35.428,35.428,35.428,35.428
2020-01,SKU:90051,90051,(100) SAPISELCO 10 חבק דגלון,1,1,6.8,6.8,6.8,6.8,6.8,6.8
2020-09,SKU:90051,90051,(100) SAPISELCO 10 חבק דגלון,2,2,7.48,7.48,7.48,7.48,7.48,7.48
2021-04,SKU:90051,90051,(100) SAPISELCO 10 חבק דגלון,1,1,7.48,7.48,7.48,7.48,7.48,7.48
2021-11,SKU:90051,90051,(100) SAPISELCO 10 חבק דגלון,1,1,9.135,,9.135,9.135,9.135,9.135
2023-09,SKU:90051,90051,(100) SAPISELCO 10 חבק דגלון,1,1,13.755,13.76,13.755,13.755,13.755,13.755
2024-01,SKU:90051,90051,(100) SAPISELCO 10 חבק דגלון,1,1,13.755,13.76,13.755,13.755,13.755,13.755
2024-07,SKU:90051,90051,(100) SAPISELCO 10 חבק דגלון,1,1,13.755,13.76,13.755,13.755,13.755,13.755
2022-07,SKU:90052,90052,SAPISELCO 20 יח'(חבק דגלון100) מארז,1,1,16,16,16,16,16,16
2023-09,SKU:90052,90052,SAPISELCO 20 יח'(חבק דגלון100) מארז,1,1,17.064,17.06,17.064,17.064,17.064,17.064
2024-02,SKU:90052,90052,SAPISELCO 20 יח'(חבק דגלון100) מארז,1,1,17.775,17.78,17.775,17.775,17.775,17.775
2024-03,SKU:90052,90052,SAPISELCO 20 יח'(חבק דגלון100) מארז,1,1,17.775,17.78,17.775,17.775,17.775,17.775
2021-02,SKU:901102,901102,IP44 כניסות+ 80x8 °96 קופ' סעף3944053,1,1,1.58,1.58,1.58,1.58,1.58,1.58
2025-01,SKU:901123,901123,יח'(חבק שחור100) מארז,1,1,9.81,9.81,9.81,9.81,9.81,9.81
2021-04,SKU:901130,901130,(100) SAPISELCO 457.5 חבק שחור,1,1,27.6584,27.66,27.6584,27.6584,27.6584,27.6584
2020-12,SKU:901151,901151,x19. (100) HC-101 בסיס לחבק,1,1,22.6292,22.63,22.6292,22.6292,22.6292,22.6292
2020-12,SKU:901155,901155,(100) HC-1 חור+ בסיס לחבק,1,1,11.3124,11.31,11.3124,11.3124,11.3124,11.3124
2021-07,SKU:901155,901155,(100) HC-1 חור+ בסיס לחבק,1,1,11.9925,,11.9925,11.9925,11.9925,11.9925
2020-02,SKU:906002,906002,(100) עגול4 קליפס,1,2,2,2,2,2,2,2
2020-12,SKU:906002,906002,(100) עגול4 קליפס,2,10,2.1,2.12,2,2.2,2,2.2
2021-10,SKU:906003,906003,(100) עגול6 קליפס,1,3,2.3184,,2.3184,2.3184,2.3184,2.3184
2021-12,SKU:908006,908006,אום+PG11 כניסת אנטיגרון לכבל,1,10,1.41,1.41,1.41,1.41,1.41,1.41
2023-09,SKU:908006,908006,אום+PG11 כניסת אנטיגרון לכבל,1,10,1.3536,1.354,1.3536,1.3536,1.3536,1.3536
2019-08,SKU:908008,908008,אום+PG13.5 כניסת אנטיגרון לכבל,1,20,0.5715,0.5715,0.5715,0.5715,0.5715,0.5715
2021-12,SKU:908008,908008,אום+PG13.5 כניסת אנטיגרון לכבל,1,10,1.35,1.35,1.35,1.35,1.35,1.35
2021-11,SKU:908010,908010,אום+PG16 כניסת אנטיגרון לכבל,1,10,2.43,,2.43,2.43,2.43,2.43
2021-11,SKU:908012,908012,אום+PG21 כניסת אנטיגרון לכבל,1,6,1.755,,1.755,1.755,1.755,1.755
2021-11,SKU:908014,908014,אום+PG29 כניסת אנטיגרון לכבל,1,4,2.76,,2.76,2.76,2.76,2.76
2024-09,SKU:908019,908019,אום+ M25 כניסת אנטיגרון לכבל,1,30,2.8944,2.8943,2.8944,2.8944,2.8944,2.8944
2020-12,SKU:9411004,9411004,D 4Kx2K 60Hz 1080p ' מ1 איכותHDMI כבל,1,1,74.1708,74.17,74.1708,74.1708,74.1708,74.1708
2020-06,SKU:9411080,9411080,מסוכך פלסטיק RJ45 CAT-5e שקע מחשב,1,10,6.4,6.4,6.4,6.4,6.4,6.4
2021-02,SKU:9411080,9411080,מסוכך פלסטיק RJ45 CAT-5e שקע מחשב,1,20,7.2,7.2,7.2,7.2,7.2,7.2
2023-08,SKU:9411120,9411120,פלסטיקRJ45 CAT-6 תקע רשת מחשב ללא כלים,1,5,5.7975,5.798,5.7975,5.7975,5.7975,5.7975
2020-07,SKU:9480019,9480019,"""-32"" זרוע צמוד קיר ללא הטיה עד מידה",1,1,52.5,52.5,52.5,52.5,52.5,52.5
2021-12,SKU:9565106010,9565106010,קסדת בטיחות תקנית בצבע לבן9,1,1,34.88,34.88,34.88,34.88,34.88,34.88
2022-04,SKU:9565106010,9565106010,קסדת בטיחות תקנית בצבע לבן9,1,1,33.48,33.48,33.48,33.48,33.48,33.48
2024-03,SKU:9565106010,9565106010,קסדת בטיחות תקנית בצבע לבן9,1,2,34.875,34.875,34.875,34.875,34.875,34.875
2024-05,SKU:9566150095,9566150095,WERA 1060i 1000V 3.5x10 מברג שטוח9,1,1,17.1,17.1,17.1,17.1,17.1,17.1
2024-07,SKU:9566150095,9566150095,WERA 1060i 1000V 3.5x10 מברג שטוח9,1,1,17.1,17.1,17.1,17.1,17.1,17.1
2024-03,SKU:9566150115,9566150115,WERA 1060i 1000V 4.0x10 מברג שטוח9,1,1,20.1825,20.18,20.1825,20.1825,20.1825,20.1825
2024-05,SKU:9566150115,9566150115,WERA 1060i 1000V 4.0x10 מברג שטוח9,1,1,20.1825,20.18,20.1825,20.1825,20.1825,20.1825
2024-07,SKU:9566150115,9566150115,WERA 1060i 1000V 4.0x10 מברג שטוח9,1,1,20.1825,20.18,20.1825,20.1825,20.1825,20.1825
2024-02,SKU:9566150415,9566150415,WERA) טסטר+ שטוח3+ 9,1,1,93.195,93.2,93.195,93.195,93.195,93.195
2019-10,SKU:9566150481,9566150481,WERA 1000V להב דק4x10 מברג שטוח מבודד 9,1,1,40.2292,40.23,40.2292,40.2292,40.2292,40.2292
2023-11,SKU:9566150481,9566150481,WERA 1000V להב דק4x10 מברג שטוח מבודד 9,1,1,48.4275,48.43,48.4275,48.4275,48.4275,48.4275
2024-04,SKU:9566150481,9566150481,WERA 1000V להב דק4x10 מברג שטוח מבודד 9,1,2,32.6175,32.62,32.6175,32.6175,32.6175,32.6175
2025-03,SKU:9566150481,9566150481,WERA 1000V להב דק4x10 מברג שטוח מבודד 9,1,4,32.6175,32.6175,32.6175,32.6175,32.6175,32.6175
2020-10,SKU:9566152631,9566152631,WERA 1/4x5 מחזיק ביט מגנטי9,1,1,13.5432,13.54,13.5432,13.5432,13.5432,13.5432
2023-06,SKU:9566152631,9566152631,WERA 1/4x5 מחזיק ביט מגנטי9,2,2,16.5075,16.51,16.5075,16.5075,16.5075,16.5075
2020-10,SKU:9566152632,9566152632,WERA 1/4x75 מחזיק ביט מגנטי9,1,1,21.0804,21.08,21.0804,21.0804,21.0804,21.0804
2023-06,SKU:9566152632,9566152632,WERA 1/4x75 מחזיק ביט מגנטי9,1,1,25.05,25.05,25.05,25.05,25.05,25.05
2021-04,SKU:980001,980001,בבליסטרAA TOSHIBA סוללות4,1,4,4.74,4.74,4.74,4.74,4.74,4.74
2024-08,SKU:9800415,9800415,TOSHIBA AA סוללות1 בליסטר,1,2,9.3,9.3,9.3,9.3,9.3,9.3
2021-05,SKU:9800435,9800435,TOSHIBA AAA סוללות1 בליסטר,1,1,12.573,,12.573,12.573,12.573,12.573
2021-08,SKU:9800435,9800435,TOSHIBA AAA סוללות1 בליסטר,1,1,8.928,,8.928,8.928,8.928,8.928
2023-02,SKU:9810405,9810405,LED 5W פנס יד נטען,1,2,17.6328,17.635,17.6328,17.6328,17.6328,17.6328
2023-04,SKU:9810405,9810405,LED 5W פנס יד נטען,1,1,18.3675,18.37,18.3675,18.3675,18.3675,18.3675
2019-06,SKU:990200193,990200193,לבן8W WW בלה טרימלס עגול גדול פלסטיק,1,1,20,20,20,20,20,20
2019-06,SKU:990200704,990200704,אור קר5W לילי שקוע לבן עגול קטן פלסטיק,1,1,15.4665,15.47,15.4665,15.4665,15.4665,15.4665
2020-07,SKU:990218702,990218702,IP54 לבן אור חם12W צרלי אפ דאון אלומות,1,4,110,110,110,110,110,110
2021-11,SKU:990218728,990218728,שחור18W גרפה קיר מסתובב,1,1,232.5,,232.5,232.5,232.5,232.5
2017-10,SKU:99060003,99060003,' חב1.0 ('יח100) 16/2 שלה פלס' בודד,2,4,30,30,30,30,30,30
2018-11,SKU:99060003,99060003,' חב1.0 ('יח100) 16/2 שלה פלס' בודד,2,5,27.5,27.5,27.5,27.5,27.5,27.5
2019-07,SKU:99060003,99060003,' חב1.0 ('יח100) 16/2 שלה פלס' בודד,1,7,28.3322,28.3329,28.3322,28.3322,28.3322,28.3322
2019-08,SKU:99060003,99060003,' חב1.0 ('יח100) 16/2 שלה פלס' בודד,1,20,28.3322,28.332,28.3322,28.3322,28.3322,28.3322
2019-09,SKU:99060003,99060003,' חב1.0 ('יח100) 16/2 שלה פלס' בודד,1,20,26.0678,26.068,26.0678,26.0678,26.0678,26.0678
2019-10,SKU:99060003,99060003,' חב1.0 ('יח100) 16/2 שלה פלס' בודד,1,2,26.0678,26.07,26.0678,26.0678,26.0678,26.0678
2020-02,SKU:99060003,99060003,' חב1.0 ('יח100) 16/2 שלה פלס' בודד,4,31,26.0678,26.0681,26.0678,26.0678,26.0678,26.0678
2020-03,SKU:99060003,99060003,' חב1.0 ('יח100) 16/2 שלה פלס' בודד,2,25,26.0678,26.068,26.0678,26.0678,26.0678,26.0678
2020-07,SKU:99060003,99060003,' חב1.0 ('יח100) 16/2 שלה פלס' בודד,3,24,26.0678,26.0683,26.0678,26.0678,26.0678,26.0678
2020-09,SKU:99060003,99060003,' חב1.0 ('יח100) 16/2 שלה פלס' בודד,2,13,26.0678,26.0677,26.0678,26.0678,26.0678,26.0678
2020-10,SKU:99060003,99060003,' חב1.0 ('יח100) 16/2 שלה פלס' בודד,2,15,26.0678,26.068,26.0678,26.0678,26.0678,26.0678
2020-12,SKU:99060003,99060003,' חב1.0 ('יח100) 16/2 שלה פלס' בודד,1,5,26.0678,26.068,26.0678,26.0678,26.0678,26.0678
2021-05,SKU:99060003,99060003,' חב1.0 ('יח100) 16/2 שלה פלס' בודד,2,8,26.0678,,26.0678,26.0678,26.0678,26.0678
2021-07,SKU:99060003,99060003,' חב1.0 ('יח100) 16/2 שלה פלס' בודד,1,20,26.7375,,26.7375,26.7375,26.7375,26.7375
2021-11,SKU:99060003,99060003,' חב1.0 ('יח100) 16/2 שלה פלס' בודד,1,10,26.7375,,26.7375,26.7375,26.7375,26.7375
2022-01,SKU:99060003,99060003,' חב1.0 ('יח100) 16/2 שלה פלס' בודד,2,6,26.7375,,26.7375,26.7375,26.7375,26.7375
2022-02,SKU:99060003,99060003,' חב1.0 ('יח100) 16/2 שלה פלס' בודד,2,11,26.2028,,25.668,26.7375,25.668,26.7375
2022-04,SKU:99060003,99060003,' חב1.0 ('יח100) 16/2 שלה פלס' בודד,6,30,25.668,25.7747,25.668,26.7375,25.668,25.668
2022-06,SKU:99060003,99060003,' חב1.0 ('יח100) 16/2 שלה פלס' בודד,3,23,26.7375,26.2726,25.668,26.7375,26.7375,26.7375
2022-08,SKU:99060003,99060003,' חב1.0 ('יח100) 16/2 שלה פלס' בודד,3,17,25.668,25.6682,25.668,25.668,25.668,25.668
2022-09,SKU:99060003,99060003,' חב1.0 ('יח100) 16/2 שלה פלס' בודד,3,14,25.668,25.6679,25.668,25.668,25.668,25.668
2022-10,SKU:99060003,99060003,' חב1.0 ('יח100) 16/2 שלה פלס' בודד,3,15,26.7375,26.738,26.7375,26.7375,26.7375,26.7375
2022-11,SKU:99060003,99060003,' חב1.0 ('יח100) 16/2 שלה פלס' בודד,3,12,25.668,25.6675,25.668,25.668,25.668,25.668
2022-12,SKU:99060003,99060003,' חב1.0 ('יח100) 16/2 שלה פלס' בודד,4,28,25.668,26.05,25.668,26.7375,25.668,25.668
2023-02,SKU:99060003,99060003,' חב1.0 ('יח100) 16/2 שלה פלס' בודד,1,5,25.668,25.668,25.668,25.668,25.668,25.668
2023-04,SKU:99060003,99060003,' חב1.0 ('יח100) 16/2 שלה פלס' בודד,1,5,26.7375,26.738,26.7375,26.7375,26.7375,26.7375
2023-05,SKU:99060003,99060003,' חב1.0 ('יח100) 16/2 שלה פלס' בודד,2,8,26.7375,26.7375,26.7375,26.7375,26.7375,26.7375
2023-06,SKU:99060003,99060003,' חב1.0 ('יח100) 16/2 שלה פלס' בודד,1,3,26.7375,26.7367,26.7375,26.7375,26.7375,26.7375
2023-07,SKU:99060003,99060003,' חב1.0 ('יח100) 16/2 שלה פלס' בודד,1,5,25.668,25.668,25.668,25.668,25.668,25.668
2023-08,SKU:99060003,99060003,' חב1.0 ('יח100) 16/2 שלה פלס' בודד,1,3,26.7375,26.7367,26.7375,26.7375,26.7375,26.7375
2023-09,SKU:99060003,99060003,' חב1.0 ('יח100) 16/2 שלה פלס' בודד,2,6,26.7375,26.7367,26.7375,26.7375,26.7375,26.7375
2023-11,SKU:99060003,99060003,' חב1.0 ('יח100) 16/2 שלה פלס' בודד,1,2,26.7375,26.74,26.7375,26.7375,26.7375,26.7375
2024-02,SKU:99060003,99060003,' חב1.0 ('יח100) 16/2 שלה פלס' בודד,1,2,26.7375,26.74,26.7375,26.7375,26.7375,26.7375
2024-03,SKU:99060003,99060003,' חב1.0 ('יח100) 16/2 שלה פלס' בודד,1,2,26.7375,26.74,26.7375,26.7375,26.7375,26.7375
2024-04,SKU:99060003,99060003,' חב1.0 ('יח100) 16/2 שלה פלס' בודד,1,1,26.7375,26.74,26.7375,26.7375,26.7375,26.7375
2024-07,SKU:99060003,99060003,' חב1.0 ('יח100) 16/2 שלה פלס' בודד,1,3,26.7375,26.7367,26.7375,26.7375,26.7375,26.7375
2024-08,SKU:99060003,99060003,' חב1.0 ('יח100) 16/2 שלה פלס' בודד,4,7,26.7375,26.74,26.7375,26.7375,26.7375,26.7375
2024-09,SKU:99060003,99060003,' חב1.0 ('יח100) 16/2 שלה פלס' בודד,4,9,26.7375,26.2633,25.668,26.7375,26.7375,25.668
2024-10,SKU:99060003,99060003,' חב1.0 ('יח100) 16/2 שלה פלס' בודד,3,11,26.7375,26.7373,26.7375,26.7375,26.7375,26.7375
2024-11,SKU:99060003,99060003,' חב1.0 ('יח100) 16/2 שלה פלס' בודד,2,9,26.7375,26.7378,26.7375,26.7375,26.7375,26.7375
2025-02,SKU:99060003,99060003,' חב1.0 ('יח100) 16/2 שלה פלס' בודד,1,5,26.7375,26.738,26.7375,26.7375,26.7375,26.7375
2025-03,SKU:99060003,99060003,' חב1.0 ('יח100) 16/2 שלה פלס' בודד,1,5,26.7375,26.738,26.7375,26.7375,26.7375,26.7375
2020-02,SKU:99060004,99060004,(' יח100) 23/25 שלה פלס' בודד,1,4,34,34,34,34,34,34
2020-09,SKU:99060004,99060004,(' יח100) 23/25 שלה פלס' בודד,1,2,34,34,34,34,34,34
2020-10,SKU:99060004,99060004,(' יח100) 23/25 שלה פלס' בודד,1,5,34,34,34,34,34,34
2022-05,SKU:99060004,99060004,(' יח100) 23/25 שלה פלס' בודד,1,1,33.48,33.48,33.48,33.48,33.48,33.48
2022-09,SKU:99060004,99060004,(' יח100) 23/25 שלה פלס' בודד,1,2,33.48,33.48,33.48,33.48,33.48,33.48
2024-06,SKU:99060004,99060004,(' יח100) 23/25 שלה פלס' בודד,1,2,34.875,34.875,34.875,34.875,34.875,34.875
2024-08,SKU:99060004,99060004,(' יח100) 23/25 שלה פלס' בודד,1,1,34.875,34.88,34.875,34.875,34.875,34.875
2017-10,SKU:99060006,99060006,' חב1.0 ('יח100) 16/2 שלה פלס' כפול,2,4,40,40,40,40,40,40
2018-11,SKU:99060006,99060006,' חב1.0 ('יח100) 16/2 שלה פלס' כפול,1,4,35,35,35,35,35,35
2019-07,SKU:99060006,99060006,' חב1.0 ('יח100) 16/2 שלה פלס' כפול,2,16,34,34,34,34,34,34
2019-08,SKU:99060006,99060006,' חב1.0 ('יח100) 16/2 שלה פלס' כפול,1,20,34,34,34,34,34,34
2020-02,SKU:99060006,99060006,' חב1.0 ('יח100) 16/2 שלה פלס' כפול,3,29,34,34,34,34,34,34
2020-03,SKU:99060006,99060006,' חב1.0 ('יח100) 16/2 שלה פלס' כפול,1,10,34,34,34,34,34,34
2020-07,SKU:99060006,99060006,' חב1.0 ('יח100) 16/2 שלה פלס' כפול,4,26,34,34,34,34,34,34
2020-09,SKU:99060006,99060006,' חב1.0 ('יח100) 16/2 שלה פלס' כפול,2,13,34,34,34,34,34,34
2020-10,SKU:99060006,99060006,' חב1.0 ('יח100) 16/2 שלה פלס' כפול,2,7,34,34,34,34,34,34
2020-12,SKU:99060006,99060006,' חב1.0 ('יח100) 16/2 שלה פלס' כפול,2,15,34,34,34,34,34,34
2021-05,SKU:99060006,99060006,' חב1.0 ('יח100) 16/2 שלה פלס' כפול,1,1,34,,34,34,34,34
2021-06,SKU:99060006,99060006,' חב1.0 ('יח100) 16/2 שלה פלס' כפול,2,7,42.5,,40,45,40,45
2021-11,SKU:99060006,99060006,' חב1.0 ('יח100) 16/2 שלה פלס' כפול,3,12,34.875,,34.875,34.875,34.875,34.875
2022-01,SKU:99060006,99060006,' חב1.0 ('יח100) 16/2 שלה פלס' כפול,1,4,34.875,,34.875,34.875,34.875,34.875
2022-02,SKU:99060006,99060006,' חב1.0 ('יח100) 16/2 שלה פלס' כפול,2,15,33.48,,33.48,33.48,33.48,33.48
2022-04,SKU:99060006,99060006,' חב1.0 ('יח100) 16/2 שלה פלס' כפול,5,19,33.48,33.7005,33.48,34.875,33.48,33.48
2022-06,SKU:99060006,99060006,' חב1.0 ('יח100) 16/2 שלה פלס' כפול,2,20,34.1775,34.1775,33.48,34.875,34.875,33.48
2022-08,SKU:99060006,99060006,' חב1.0 ('יח100) 16/2 שלה פלס' כפול,3,16,34.875,34.3525,33.48,34.875,33.48,34.875
2022-09,SKU:99060006,99060006,' חב1.0 ('יח100) 16/2 שלה פלס' כפול,2,13,33.48,33.48,33.48,33.48,33.48,33.48
2022-10,SKU:99060006,99060006,' חב1.0 ('יח100) 16/2 שלה פלס' כפול,3,14,34.875,34.8757,34.875,34.875,34.875,34.875
2022-11,SKU:99060006,99060006,' חב1.0 ('יח100) 16/2 שלה פלס' כפול,2,9,33.48,33.48,33.48,33.48,33.48,33.48
2022-12,SKU:99060006,99060006,' חב1.0 ('יח100) 16/2 שלה פלס' כפול,5,31,33.48,34.0652,33.48,34.875,33.48,33.48
2023-02,SKU:99060006,99060006,' חב1.0 ('יח100) 16/2 שלה פלס' כפול,3,28,33.48,33.6296,33.48,34.875,33.48,34.875
2023-05,SKU:99060006,99060006,' חב1.0 ('יח100) 16/2 שלה פלס' כפול,2,8,34.875,34.8762,34.875,34.875,34.875,34.875
2023-07,SKU:99060006,99060006,' חב1.0 ('יח100) 16/2 שלה פלס' כפול,2,7,33.48,33.48,33.48,33.48,33.48,33.48
2023-09,SKU:99060006,99060006,' חב1.0 ('יח100) 16/2 שלה פלס' כפול,1,3,34.875,34.8767,34.875,34.875,34.875,34.875
2024-02,SKU:99060006,99060006,' חב1.0 ('יח100) 16/2 שלה פלס' כפול,1,2,34.875,34.875,34.875,34.875,34.875,34.875
2024-03,SKU:99060006,99060006,' חב1.0 ('יח100) 16/2 שלה פלס' כפול,1,2,34.875,34.875,34.875,34.875,34.875,34.875
2024-08,SKU:99060006,99060006,' חב1.0 ('יח100) 16/2 שלה פלס' כפול,3,5,34.875,34.876,34.875,34.875,34.875,34.875
2024-09,SKU:99060006,99060006,' חב1.0 ('יח100) 16/2 שלה פלס' כפול,1,3,34.875,34.8767,34.875,34.875,34.875,34.875
2024-10,SKU:99060006,99060006,' חב1.0 ('יח100) 16/2 שלה פלס' כפול,2,9,34.875,34.8756,34.875,34.875,34.875,34.875
2025-02,SKU:99060006,99060006,' חב1.0 ('יח100) 16/2 שלה פלס' כפול,1,5,34.875,34.876,34.875,34.875,34.875,34.875
2020-02,SKU:99060007,99060007,(' יח100) 23/25 שלה פלס' כפול,1,5,45.3322,45.332,45.3322,45.3322,45.3322,45.3322
2021-07,SKU:99060007,99060007,(' יח100) 23/25 שלה פלס' כפול,1,2,48,,48,48,48,48
2022-09,SKU:99060007,99060007,(' יח100) 23/25 שלה פלס' כפול,1,2,44.64,44.64,44.64,44.64,44.64,44.64
2024-09,SKU:99060007,99060007,(' יח100) 23/25 שלה פלס' כפול,1,4,46.5,46.5,46.5,46.5,46.5,46.5
2024-10,SKU:99060007,99060007,(' יח100) 23/25 שלה פלס' כפול,1,3,46.5,46.5,46.5,46.5,46.5,46.5
2020-02,SKU:990700021,990700021,(מטר)מזלג180A מגשר תלת פזי6601164,1,3,21.8565,21.8567,21.8565,21.8565,21.8565,21.8565
2020-07,SKU:990700021,990700021,(מטר)מזלג180A מגשר תלת פזי6601164,1,10,21.3708,21.371,21.3708,21.3708,21.3708,21.3708
2020-08,SKU:990700021,990700021,(מטר)מזלג180A מגשר תלת פזי6601164,1,40,21.37,21.3708,21.37,21.37,21.37,21.37
2020-09,SKU:990700021,990700021,(מטר)מזלג180A מגשר תלת פזי6601164,1,6,21,21,21,21,21,21
2020-10,SKU:990700021,990700021,(מטר)מזלג180A מגשר תלת פזי6601164,2,5,21.8565,21.858,21.8565,21.8565,21.8565,21.8565
2020-11,SKU:990700021,990700021,(מטר)מזלג180A מגשר תלת פזי6601164,1,1,19.428,19.43,19.428,19.428,19.428,19.428
2021-03,SKU:990700021,990700021,(מטר)מזלג180A מגשר תלת פזי6601164,1,2,19.43,19.43,19.43,19.43,19.43,19.43
2021-08,SKU:990700021,990700021,(מטר)מזלג180A מגשר תלת פזי6601164,1,3,18.972,,18.972,18.972,18.972,18.972
2022-12,SKU:990700021,990700021,(מטר)מזלג180A מגשר תלת פזי6601164,1,1,18.972,18.97,18.972,18.972,18.972,18.972
2024-06,SKU:990700021,990700021,(מטר)מזלג180A מגשר תלת פזי6601164,1,2,19.7625,19.765,19.7625,19.7625,19.7625,19.7625
2024-08,SKU:990700021,990700021,(מטר)מזלג180A מגשר תלת פזי6601164,1,1,19.7625,19.76,19.7625,19.7625,19.7625,19.7625
2020-12,SKU:990700022,990700022,ידית מנוף4x32-35A פקט בקופסא,1,2,27.428,27.43,27.428,27.428,27.428,27.428
2021-02,SKU:990700022,990700022,ידית מנוף4x32-35A פקט בקופסא,1,22,30.86,30.8564,30.86,30.86,30.86,30.86
2021-04,SKU:990700022,990700022,ידית מנוף4x32-35A פקט בקופסא,1,1,30.1708,30.17,30.1708,30.1708,30.1708,30.1708
2021-05,SKU:990700022,990700022,ידית מנוף4x32-35A פקט בקופסא,1,10,28.7994,,28.7994,28.7994,28.7994,28.7994
2021-09,SKU:990700022,990700022,ידית מנוף4x32-35A פקט בקופסא,1,20,26.78,26.784,26.78,26.78,26.78,26.78
2021-11,SKU:990700022,990700022,ידית מנוף4x32-35A פקט בקופסא,2,3,27.9,,27.9,27.9,27.9,27.9
2021-12,SKU:990700022,990700022,ידית מנוף4x32-35A פקט בקופסא,2,4,27.9,27.9,27.9,27.9,27.9,27.9
2022-01,SKU:990700022,990700022,ידית מנוף4x32-35A פקט בקופסא,1,2,27.9,,27.9,27.9,27.9,27.9
2022-02,SKU:990700022,990700022,ידית מנוף4x32-35A פקט בקופסא,2,7,27.342,,26.784,27.9,26.784,27.9
2022-04,SKU:990700022,990700022,ידית מנוף4x32-35A פקט בקופסא,1,2,26.784,26.785,26.784,26.784,26.784,26.784
2022-05,SKU:990700022,990700022,ידית מנוף4x32-35A פקט בקופסא,1,1,27.9,27.9,27.9,27.9,27.9,27.9
2022-06,SKU:990700022,990700022,ידית מנוף4x32-35A פקט בקופסא,1,1,27.9,27.9,27.9,27.9,27.9,27.9
2022-08,SKU:990700022,990700022,ידית מנוף4x32-35A פקט בקופסא,1,2,27.9,27.9,27.9,27.9,27.9,27.9
2022-11,SKU:990700022,990700022,ידית מנוף4x32-35A פקט בקופסא,1,24,26.412,26.4121,26.412,26.412,26.412,26.412
2023-02,SKU:990700022,990700022,ידית מנוף4x32-35A פקט בקופסא,1,1,27.9,27.9,27.9,27.9,27.9,27.9
2023-03,SKU:990700022,990700022,ידית מנוף4x32-35A פקט בקופסא,1,10,27.9,27.9,27.9,27.9,27.9,27.9
2023-05,SKU:990700022,990700022,ידית מנוף4x32-35A פקט בקופסא,2,2,27.9,27.9,27.9,27.9,27.9,27.9
2023-07,SKU:990700022,990700022,ידית מנוף4x32-35A פקט בקופסא,2,3,27.342,27.1567,26.784,27.9,26.784,27.9
2023-08,SKU:990700022,990700022,ידית מנוף4x32-35A פקט בקופסא,1,20,27.9,27.9,27.9,27.9,27.9,27.9
2023-09,SKU:990700022,990700022,ידית מנוף4x32-35A פקט בקופסא,1,2,26.784,26.785,26.784,26.784,26.784,26.784
2023-10,SKU:990700022,990700022,ידית מנוף4x32-35A פקט בקופסא,2,2,27.342,27.34,26.784,27.9,26.784,27.9
2023-11,SKU:990700022,990700022,ידית מנוף4x32-35A פקט בקופסא,1,4,27.9,27.9,27.9,27.9,27.9,27.9
2023-12,SKU:990700022,990700022,ידית מנוף4x32-35A פקט בקופסא,1,3,27.9,27.9,27.9,27.9,27.9,27.9
2024-01,SKU:990700022,990700022,ידית מנוף4x32-35A פקט בקופסא,1,4,27.9,27.9,27.9,27.9,27.9,27.9
2024-03,SKU:990700022,990700022,ידית מנוף4x32-35A פקט בקופסא,1,2,27.9,27.9,27.9,27.9,27.9,27.9
2024-04,SKU:990700022,990700022,ידית מנוף4x32-35A פקט בקופסא,1,3,27.9,27.9,27.9,27.9,27.9,27.9
2024-08,SKU:990700022,990700022,ידית מנוף4x32-35A פקט בקופסא,1,15,27.9,27.9,27.9,27.9,27.9,27.9
2024-09,SKU:990700022,990700022,ידית מנוף4x32-35A פקט בקופסא,1,2,27.9,27.9,27.9,27.9,27.9,27.9
2024-10,SKU:990700022,990700022,ידית מנוף4x32-35A פקט בקופסא,2,16,27.9,27.9,27.9,27.9,27.9,27.9
2020-04,SKU:99070003,99070003,x40A 'פקט בקופ,1,2,44,44,44,44,44,44
2021-05,SKU:99070003,99070003,x40A 'פקט בקופ,1,1,45,,45,45,45,45
2022-02,SKU:99070003,99070003,x40A 'פקט בקופ,2,3,40.935,,40.935,40.935,40.935,40.935
2019-06,SKU:99070004,99070004,x63A 'פקט בקופ,1,2,54.856,54.855,54.856,54.856,54.856,54.856
2020-10,SKU:99070004,99070004,x63A 'פקט בקופ,1,1,63,63,63,63,63,63
2023-05,SKU:99070004,99070004,x63A 'פקט בקופ,1,1,62.475,62.48,62.475,62.475,62.475,62.475
2017-10,SKU:99070005,99070005,(סמ12x10x7)קופ' גדולה3x32A 'פקט בקופ,5,9,40,40,40,40,40,40
2018-11,SKU:99070005,99070005,(סמ12x10x7)קופ' גדולה3x32A 'פקט בקופ,1,2,27.428,27.43,27.428,27.428,27.428,27.428
2018-12,SKU:99070005,99070005,(סמ12x10x7)קופ' גדולה3x32A 'פקט בקופ,2,8,27.428,27.4275,27.428,27.428,27.428,27.428
2019-01,SKU:99070005,99070005,(סמ12x10x7)קופ' גדולה3x32A 'פקט בקופ,1,7,27.428,27.4286,27.428,27.428,27.428,27.428
2019-06,SKU:99070005,99070005,(סמ12x10x7)קופ' גדולה3x32A 'פקט בקופ,1,14,34.284,34.2843,34.284,34.284,34.284,34.284
2019-09,SKU:99070005,99070005,(סמ12x10x7)קופ' גדולה3x32A 'פקט בקופ,1,1,29.91,29.91,29.91,29.91,29.91,29.91
2019-10,SKU:99070005,99070005,(סמ12x10x7)קופ' גדולה3x32A 'פקט בקופ,2,7,29.91,29.91,29.91,29.91,29.91,29.91
2020-01,SKU:99070005,99070005,(סמ12x10x7)קופ' גדולה3x32A 'פקט בקופ,1,1,34.284,34.28,34.284,34.284,34.284,34.284
2020-03,SKU:99070005,99070005,(סמ12x10x7)קופ' גדולה3x32A 'פקט בקופ,1,1,34.284,34.28,34.284,34.284,34.284,34.284
2020-06,SKU:99070005,99070005,(סמ12x10x7)קופ' גדולה3x32A 'פקט בקופ,1,4,34.284,34.285,34.284,34.284,34.284,34.284
2020-07,SKU:99070005,99070005,(סמ12x10x7)קופ' גדולה3x32A 'פקט בקופ,1,4,37.7124,37.7125,37.7124,37.7124,37.7124,37.7124
2020-09,SKU:99070005,99070005,(סמ12x10x7)קופ' גדולה3x32A 'פקט בקופ,1,3,37.7124,37.7133,37.7124,37.7124,37.7124,37.7124
2020-10,SKU:99070005,99070005,(סמ12x10x7)קופ' גדולה3x32A 'פקט בקופ,1,3,38.5695,38.57,38.5695,38.5695,38.5695,38.5695
2020-11,SKU:99070005,99070005,(סמ12x10x7)קופ' גדולה3x32A 'פקט בקופ,1,10,34.284,34.284,34.284,34.284,34.284,34.284
2024-03,SKU:99070010,99070010,x100A פקט בקופסא,1,1,127.875,127.88,127.875,127.875,127.875,127.875
2022-04,SKU:99080055,99080055,מטר אדום2 סרט בידוד,1,2,2.376,2.375,2.376,2.376,2.376,2.376
2019-01,SKU:990800550,990800550,חום שחור20mx19mm סרט בידוד,2,2,1.8,1.8,1.8,1.8,1.8,1.8
2019-03,SKU:990800550,990800550,חום שחור20mx19mm סרט בידוד,2,4,1.88,1.875,1.88,1.88,1.88,1.88
2020-02,SKU:990800550,990800550,חום שחור20mx19mm סרט בידוד,1,1,1.8,1.8,1.8,1.8,1.8,1.8
2023-09,SKU:990800550,990800550,חום שחור20mx19mm סרט בידוד,1,1,2.55,2.55,2.55,2.55,2.55,2.55
2019-03,SKU:990800552,990800552,20mx19mm סרט בידוד 990800552 צהוב ירוק,3,8,1.88,1.8762,1.88,1.88,1.88,1.88
2019-06,SKU:990800552,990800552,20mx19mm סרט בידוד 990800552 צהוב ירוק,1,3,1.8,1.8,1.8,1.8,1.8,1.8
2019-07,SKU:990800552,990800552,20mx19mm סרט בידוד 990800552 צהוב ירוק,1,2,1.8,1.8,1.8,1.8,1.8,1.8
2020-01,SKU:990800552,990800552,20mx19mm סרט בידוד 990800552 צהוב ירוק,2,4,1.875,1.875,1.8,1.95,1.8,1.95
2020-03,SKU:990800552,990800552,20mx19mm סרט בידוד 990800552 צהוב ירוק,1,1,1.8,1.8,1.8,1.8,1.8,1.8
2020-08,SKU:990800552,990800552,20mx19mm סרט בידוד 990800552 צהוב ירוק,1,1,2.25,2.25,2.25,2.25,2.25,2.25
2020-09,SKU:990800552,990800552,20mx19mm סרט בידוד 990800552 צהוב ירוק,1,1,1.875,1.88,1.875,1.875,1.875,1.875
2021-02,SKU:990800552,990800552,20mx19mm סרט בידוד 990800552 צהוב ירוק,1,2,1.5,1.5,1.5,1.5,1.5,1.5
2021-04,SKU:990800552,990800552,20mx19mm סרט בידוד 990800552 צהוב ירוק,1,1,1.875,1.88,1.875,1.875,1.875,1.875
2021-09,SKU:990800552,990800552,20mx19mm סרט בידוד 990800552 צהוב ירוק,1,1,1.73,1.73,1.73,1.73,1.73,1.73
2021-10,SKU:990800552,990800552,20mx19mm סרט בידוד 990800552 צהוב ירוק,1,2,1.8,,1.8,1.8,1.8,1.8
2021-11,SKU:990800552,990800552,20mx19mm סרט בידוד 990800552 צהוב ירוק,3,6,2.55,,2.55,2.55,2.55,2.55
2022-04,SKU:990800552,990800552,20mx19mm סרט בידוד 990800552 צהוב ירוק,1,3,2.04,2.04,2.04,2.04,2.04,2.04
2023-02,SKU:990800552,990800552,20mx19mm סרט בידוד 990800552 צהוב ירוק,1,1,2.55,2.55,2.55,2.55,2.55,2.55
2023-05,SKU:990800552,990800552,20mx19mm סרט בידוד 990800552 צהוב ירוק,3,4,2.55,2.55,2.55,2.55,2.55,2.55
2023-06,SKU:990800552,990800552,20mx19mm סרט בידוד 990800552 צהוב ירוק,2,4,2.55,2.55,2.55,2.55,2.55,2.55
2023-08,SKU:990800552,990800552,20mx19mm סרט בידוד 990800552 צהוב ירוק,2,3,2.55,2.55,2.55,2.55,2.55,2.55
2023-09,SKU:990800552,990800552,20mx19mm סרט בידוד 990800552 צהוב ירוק,2,2,2.448,2.45,2.448,2.448,2.448,2.448
2023-11,SKU:990800552,990800552,20mx19mm סרט בידוד 990800552 צהוב ירוק,1,1,2.55,2.55,2.55,2.55,2.55,2.55
2024-02,SKU:990800552,990800552,20mx19mm סרט בידוד 990800552 צהוב ירוק,1,1,2.448,2.45,2.448,2.448,2.448,2.448
2024-07,SKU:990800552,990800552,20mx19mm סרט בידוד 990800552 צהוב ירוק,1,1,2.55,2.55,2.55,2.55,2.55,2.55
2019-03,SKU:990800553,990800553,חום20mx19mm סרט בידוד,2,4,1.88,1.875,1.88,1.88,1.88,1.88
2020-02,SKU:990800553,990800553,חום20mx19mm סרט בידוד,1,1,1.8,1.8,1.8,1.8,1.8,1.8
2021-10,SKU:990800553,990800553,חום20mx19mm סרט בידוד,1,1,1.8,,1.8,1.8,1.8,1.8
2022-04,SKU:990800553,990800553,חום20mx19mm סרט בידוד,1,1,1.98,1.98,1.98,1.98,1.98,1.98
2023-09,SKU:990800553,990800553,חום20mx19mm סרט בידוד,1,1,2.475,2.48,2.475,2.475,2.475,2.475
2019-03,SKU:990800554,990800554,"1.1/2"" אומגה כבד4931615 DIN 8.5 קדח-16 נ.כ495133003",3,5,1.88,1.86,1.8,1.88,1.88,1.88
2020-02,SKU:990800554,990800554,"1.1/2"" אומגה כבד4931615 DIN 8.5 קדח-16 נ.כ495133003",1,1,1.8,1.8,1.8,1.8,1.8,1.8
2022-04,SKU:990800554,990800554,"1.1/2"" אומגה כבד4931615 DIN 8.5 קדח-16 נ.כ495133003",1,4,1.98,1.98,1.98,1.98,1.98,1.98
2023-06,SKU:990800554,990800554,"1.1/2"" אומגה כבד4931615 DIN 8.5 קדח-16 נ.כ495133003",1,1,2.13,2.13,2.13,2.13,2.13,2.13
2023-09,SKU:990800554,990800554,"1.1/2"" אומגה כבד4931615 DIN 8.5 קדח-16 נ.כ495133003",3,4,2.0448,2.065,2.0448,2.13,2.0448,2.13
2024-05,SKU:990800554,990800554,"1.1/2"" אומגה כבד4931615 DIN 8.5 קדח-16 נ.כ495133003",1,1,2.13,2.13,2.13,2.13,2.13,2.13
2022-02,SKU:990800557,990800557,מטר שחור2 סרט בידוד,1,10,2.376,,2.376,2.376,2.376,2.376
2019-01,SKU:990800559,990800559,חום כתום20mx19mm סרט בידוד,2,2,1.8,1.8,1.8,1.8,1.8,1.8
2019-03,SKU:990800559,990800559,חום כתום20mx19mm סרט בידוד,2,4,1.88,1.875,1.88,1.88,1.88,1.88
2020-02,SKU:990800559,990800559,חום כתום20mx19mm סרט בידוד,1,1,1.8,1.8,1.8,1.8,1.8,1.8
2023-09,SKU:990800559,990800559,חום כתום20mx19mm סרט בידוד,1,1,2.55,2.55,2.55,2.55,2.55,2.55
2018-11,SKU:99080056,99080056,3x1.5 N2XY (מטר כבל)בחבילה5951021,1,4,4.5,4.5,4.5,4.5,4.5,4.5
2019-01,SKU:99080056,99080056,3x1.5 N2XY (מטר כבל)בחבילה5951021,1,6,4.5,4.5,4.5,4.5,4.5,4.5
2019-09,SKU:99080056,99080056,3x1.5 N2XY (מטר כבל)בחבילה5951021,1,10,4.5,4.5,4.5,4.5,4.5,4.5
2019-10,SKU:99080056,99080056,3x1.5 N2XY (מטר כבל)בחבילה5951021,3,21,4.896,4.7829,4.5,4.896,4.896,4.896
2019-11,SKU:99080056,99080056,3x1.5 N2XY (מטר כבל)בחבילה5951021,2,20,4.8,4.8,4.8,4.8,4.8,4.8
2020-01,SKU:99080056,99080056,3x1.5 N2XY (מטר כבל)בחבילה5951021,1,2,4.6,4.6,4.6,4.6,4.6,4.6
2020-02,SKU:99080056,99080056,3x1.5 N2XY (מטר כבל)בחבילה5951021,1,10,4.6,4.6,4.6,4.6,4.6,4.6
2020-03,SKU:99080056,99080056,3x1.5 N2XY (מטר כבל)בחבילה5951021,2,25,4.8416,4.8088,4.7872,4.896,4.7872,4.896
2020-04,SKU:99080056,99080056,3x1.5 N2XY (מטר כבל)בחבילה5951021,2,30,4.97,5.1267,4.5,5.44,4.5,5.44
2020-06,SKU:99080056,99080056,3x1.5 N2XY (מטר כבל)בחבילה5951021,1,10,4.55,4.55,4.55,4.55,4.55,4.55
2020-08,SKU:99080056,99080056,3x1.5 N2XY (מטר כבל)בחבילה5951021,1,10,4.1,4.095,4.1,4.1,4.1,4.1
2020-09,SKU:99080056,99080056,3x1.5 N2XY (מטר כבל)בחבילה5951021,2,20,4.1475,4.1475,4.095,4.2,4.2,4.095
2020-10,SKU:99080056,99080056,3x1.5 N2XY (מטר כבל)בחבילה5951021,3,30,4.095,4.2467,4.095,4.55,4.095,4.55
2020-11,SKU:99080056,99080056,3x1.5 N2XY (מטר כבל)בחבילה5951021,2,25,4.004,4.004,4.004,4.004,4.004,4.004
2021-02,SKU:99080056,99080056,3x1.5 N2XY (מטר כבל)בחבילה5951021,1,10,5.06,5.063,5.06,5.06,5.06,5.06
2021-04,SKU:99080056,99080056,3x1.5 N2XY (מטר כבל)בחבילה5951021,3,26,4.5,4.5865,4.5,4.95,4.5,4.95
2021-05,SKU:99080056,99080056,3x1.5 N2XY (מטר כבל)בחבילה5951021,1,10,5.0625,,5.0625,5.0625,5.0625,5.0625
2021-07,SKU:99080056,99080056,3x1.5 N2XY (מטר כבל)בחבילה5951021,1,10,4.417,,4.417,4.417,4.417,4.417
2021-08,SKU:99080056,99080056,3x1.5 N2XY (מטר כבל)בחבילה5951021,3,23,4.5432,,4.5432,4.5432,4.5432,4.5432
2021-09,SKU:99080056,99080056,3x1.5 N2XY (מטר כבל)בחבילה5951021,1,10,4.54,4.543,4.54,4.54,4.54,4.54
2021-10,SKU:99080056,99080056,3x1.5 N2XY (מטר כבל)בחבילה5951021,1,10,4.5432,,4.5432,4.5432,4.5432,4.5432
2021-11,SKU:99080056,99080056,3x1.5 N2XY (מטר כבל)בחבילה5951021,1,5,4.7325,,4.7325,4.7325,4.7325,4.7325
2022-01,SKU:99080056,99080056,3x1.5 N2XY (מטר כבל)בחבילה5951021,2,14,4.7325,,4.7325,4.7325,4.7325,4.7325
2022-02,SKU:99080056,99080056,3x1.5 N2XY (מטר כבל)בחבילה5951021,1,10,4.65,,4.65,4.65,4.65,4.65
2022-04,SKU:99080056,99080056,3x1.5 N2XY (מטר כבל)בחבילה5951021,3,30,4.092,4.278,4.092,4.65,4.092,4.65
2022-05,SKU:99080056,99080056,3x1.5 N2XY (מטר כבל)בחבילה5951021,1,10,4.464,4.464,4.464,4.464,4.464,4.464
2022-07,SKU:99080056,99080056,3x1.5 N2XY (מטר כבל)בחבילה5951021,1,10,4.65,4.65,4.65,4.65,4.65,4.65
2022-08,SKU:99080056,99080056,3x1.5 N2XY (מטר כבל)בחבילה5951021,3,30,4.464,4.526,4.464,4.65,4.464,4.65
2022-09,SKU:99080056,99080056,3x1.5 N2XY (מטר כבל)בחבילה5951021,2,20,4.433,4.433,4.402,4.464,4.402,4.464
2022-10,SKU:99080056,99080056,3x1.5 N2XY (מטר כבל)בחבילה5951021,2,20,4.65,4.65,4.65,4.65,4.65,4.65
2022-11,SKU:99080056,99080056,3x1.5 N2XY (מטר כבל)בחבילה5951021,1,10,4.464,4.464,4.464,4.464,4.464,4.464
2022-12,SKU:99080056,99080056,3x1.5 N2XY (מטר כבל)בחבילה5951021,1,10,4.464,4.464,4.464,4.464,4.464,4.464
2023-02,SKU:99080056,99080056,3x1.5 N2XY (מטר כבל)בחבילה5951021,2,25,4.464,4.464,4.464,4.464,4.464,4.464
2023-05,SKU:99080056,99080056,3x1.5 N2XY (מטר כבל)בחבילה5951021,1,10,4.65,4.65,4.65,4.65,4.65,4.65
2023-08,SKU:99080056,99080056,3x1.5 N2XY (מטר כבל)בחבילה5951021,1,10,4.464,4.464,4.464,4.464,4.464,4.464
2023-10,SKU:99080056,99080056,3x1.5 N2XY (מטר כבל)בחבילה5951021,1,5,4.464,4.464,4.464,4.464,4.464,4.464
2024-01,SKU:99080056,99080056,3x1.5 N2XY (מטר כבל)בחבילה5951021,1,5,4.65,4.65,4.65,4.65,4.65,4.65
2024-02,SKU:99080056,99080056,3x1.5 N2XY (מטר כבל)בחבילה5951021,1,5,4.65,4.65,4.65,4.65,4.65,4.65
2024-05,SKU:99080056,99080056,3x1.5 N2XY (מטר כבל)בחבילה5951021,2,10,4.65,4.65,4.65,4.65,4.65,4.65
2024-06,SKU:99080056,99080056,3x1.5 N2XY (מטר כבל)בחבילה5951021,1,5,4.65,4.65,4.65,4.65,4.65,4.65
2024-07,SKU:99080056,99080056,3x1.5 N2XY (מטר כבל)בחבילה5951021,1,2,4.65,4.65,4.65,4.65,4.65,4.65
2024-08,SKU:99080056,99080056,3x1.5 N2XY (מטר כבל)בחבילה5951021,2,7,4.65,4.65,4.65,4.65,4.65,4.65
2024-10,SKU:99080056,99080056,3x1.5 N2XY (מטר כבל)בחבילה5951021,2,7,4.65,4.65,4.65,4.65,4.65,4.65
2024-11,SKU:99080056,99080056,3x1.5 N2XY (מטר כבל)בחבילה5951021,1,2,4.65,4.65,4.65,4.65,4.65,4.65
2025-01,SKU:99080056,99080056,3x1.5 N2XY (מטר כבל)בחבילה5951021,1,3,4.65,4.65,4.65,4.65,4.65,4.65
2025-03,SKU:99080056,99080056,3x1.5 N2XY (מטר כבל)בחבילה5951021,1,5,4.65,4.65,4.65,4.65,4.65,4.65
2017-10,SKU:990800561,990800561,8x1.5/2.5 מהדק חיבור מהיר99150596,1,6,4.5,4.5,4.5,4.5,4.5,4.5
2018-11,SKU:990800561,990800561,8x1.5/2.5 מהדק חיבור מהיר99150596,1,4,4.5,4.5,4.5,4.5,4.5,4.5
2018-12,SKU:990800561,990800561,8x1.5/2.5 מהדק חיבור מהיר99150596,3,17,4.5,4.6471,4.5,5,4.5,4.5
2019-01,SKU:990800561,990800561,8x1.5/2.5 מהדק חיבור מהיר99150596,1,6,4.6,4.6,4.6,4.6,4.6,4.6
2019-03,SKU:990800561,990800561,8x1.5/2.5 מהדק חיבור מהיר99150596,2,12,4.5,4.5,4.5,4.5,4.5,4.5
2019-11,SKU:990800561,990800561,8x1.5/2.5 מהדק חיבור מהיר99150596,1,10,10.45,10.45,10.45,10.45,10.45,10.45
2020-01,SKU:990800561,990800561,8x1.5/2.5 מהדק חיבור מהיר99150596,1,5,4.6,4.6,4.6,4.6,4.6,4.6
2020-12,SKU:990800561,990800561,8x1.5/2.5 מהדק חיבור מהיר99150596,1,20,4.55,4.55,4.55,4.55,4.55,4.55
2022-01,SKU:990800561,990800561,8x1.5/2.5 מהדק חיבור מהיר99150596,1,2,4.605,,4.605,4.605,4.605,4.605
2022-06,SKU:990800561,990800561,8x1.5/2.5 מהדק חיבור מהיר99150596,1,1,4.65,4.65,4.65,4.65,4.65,4.65
2022-07,SKU:990800561,990800561,8x1.5/2.5 מהדק חיבור מהיר99150596,1,3,4.46,4.4633,4.46,4.46,4.46,4.46
2022-11,SKU:990800561,990800561,8x1.5/2.5 מהדק חיבור מהיר99150596,1,1,4.65,4.65,4.65,4.65,4.65,4.65
2022-12,SKU:990800561,990800561,8x1.5/2.5 מהדק חיבור מהיר99150596,1,10,4.464,4.464,4.464,4.464,4.464,4.464
2023-06,SKU:990800561,990800561,8x1.5/2.5 מהדק חיבור מהיר99150596,1,10,4.65,4.65,4.65,4.65,4.65,4.65
2023-07,SKU:990800561,990800561,8x1.5/2.5 מהדק חיבור מהיר99150596,1,5,4.464,4.464,4.464,4.464,4.464,4.464
2019-06,SKU:99080235,99080235,"לדקר' ""מרקורי"" לבן שקוע",1,1,15.6825,15.68,15.6825,15.6825,15.6825,15.6825
2019-06,SKU:990830044,990830044,מרובעCB1 ספוט שקוע דגם,1,2,18,18,18,18,18,18
2019-07,SKU:990830044,990830044,מרובעCB1 ספוט שקוע דגם,1,8,18,18,18,18,18,18
2022-10,SKU:99086145,99086145,"CW 36-40W עגול עה""טLED פאנל",1,1,110,110,110,110,110,110
2021-11,SKU:99110298,99110298,CR2032 סוללה ליתיום,1,2,2.85,,2.85,2.85,2.85,2.85
2019-01,SKU:99110337,99110337,WL-01 פנס יד דגם פלקון,1,4,17.028,17.0275,17.028,17.028,17.028,17.028
2019-09,SKU:99110337,99110337,WL-01 פנס יד דגם פלקון,1,2,17.028,17.03,17.028,17.028,17.028,17.028
2024-08,SKU:991300541,991300541,קומקום חשמלי גוף נסתר מזכוכית צבע שחור,1,1,72.075,72.08,72.075,72.075,72.075,72.075
2019-10,SKU:99130078,99130078,ליטר יונדאי בצבע2 קומקום חשמלי,1,1,48,48,48,48,48,48
2020-10,SKU:99130078,99130078,ליטר יונדאי בצבע2 קומקום חשמלי,1,1,47.5695,47.57,47.5695,47.5695,47.5695,47.5695
2022-04,SKU:99130078,99130078,ליטר יונדאי בצבע2 קומקום חשמלי,1,1,51.15,51.15,51.15,51.15,51.15,51.15
2017-10,SKU:99130907,99130907,דרגות3 תנור אמבטיה אינפרא,1,1,71.43,71.43,71.43,71.43,71.43,71.43
2025-02,SKU:99131206,99131206,מקרן חום מסתובב רצפתי,2,2,145.3125,145.31,145.3125,145.3125,145.3125,145.3125
2023-12,SKU:99131212,99131212,ספירלות3 תנור קרמי,1,1,87.1875,87.19,87.1875,87.1875,87.1875,87.1875
2023-02,SKU:99131803,99131803,"Cata B1 plus 4"" שואב אויר ונטה",1,5,76.725,76.726,76.725,76.725,76.725,76.725
2025-03,SKU:99131804,99131804,"Cata B15 plus 6"" שואב אויר ונטה",1,1,158.1,158.1,158.1,158.1,158.1,158.1
2020-06,SKU:99131807,99131807,"Cata CB10 plus 4/6"" מפוח מתחת לטיח",1,2,240,240,240,240,240,240
2022-10,SKU:991330564,991330564,"ס""מ54x7600W סירים6 פלטת שבת",1,1,133.6875,133.69,133.6875,133.6875,133.6875,133.6875
2022-11,SKU:991360046,991360046,MK345 LOGITECH סט עכבר ומקלדת אלחוטי,1,1,115,115,115,115,115,115
2025-02,SKU:991370553,991370553,ליטר יונדאי2 קומקום זכוכית שחור,1,1,80.2125,80.21,80.2125,80.2125,80.2125,80.2125
2020-02,SKU:991370556,991370556,לבן יונדאי1.7 קומקום נירו' דגם חרמון,1,1,0,0,0,0,0,0
2022-04,SKU:991370556,991370556,לבן יונדאי1.7 קומקום נירו' דגם חרמון,1,1,67.968,67.97,67.968,67.968,67.968,67.968
2023-08,SKU:991380030,991380030,MICROSOFT 85 עכבר+סט אלחוטי מקלדת,1,1,133.6875,133.69,133.6875,133.6875,133.6875,133.6875
2020-03,SKU:99150591,99150591,x1.5/2.5 מהדק חיבור מהיר,2,100,0.375,0.375,0.375,0.375,0.375,0.375
2020-07,SKU:99150591,99150591,x1.5/2.5 מהדק חיבור מהיר,1,200,0.375,0.375,0.375,0.375,0.375,0.375
2021-08,SKU:99150591,99150591,x1.5/2.5 מהדק חיבור מהיר,1,100,0.36,,0.36,0.36,0.36,0.36
2018-12,SKU:99150592,99150592,5x1.5/2.5 מהדק חיבור מהיר,1,200,0.4,0.4,0.4,0.4,0.4,0.4
2019-10,SKU:99150592,99150592,5x1.5/2.5 מהדק חיבור מהיר,1,200,0.4,0.4,0.4,0.4,0.4,0.4
2020-01,SKU:99150592,99150592,5x1.5/2.5 מהדק חיבור מהיר,3,600,0.37,0.4333,0.37,0.56,0.37,0.56
2020-03,SKU:99150592,99150592,5x1.5/2.5 מהדק חיבור מהיר,3,500,0.37,0.37,0.37,0.37,0.37,0.37
2020-06,SKU:99150592,99150592,5x1.5/2.5 מהדק חיבור מהיר,3,600,0.37,0.37,0.37,0.37,0.37,0.37
2020-07,SKU:99150592,99150592,5x1.5/2.5 מהדק חיבור מהיר,1,100,0.56,0.56,0.56,0.56,0.56,0.56
2020-09,SKU:99150592,99150592,5x1.5/2.5 מהדק חיבור מהיר,2,600,0.29,0.29,0.29,0.29,0.29,0.29
2020-11,SKU:99150592,99150592,5x1.5/2.5 מהדק חיבור מהיר,4,1400,0.29,0.29,0.29,0.29,0.29,0.29
2020-12,SKU:99150592,99150592,5x1.5/2.5 מהדק חיבור מהיר,2,600,0.29,0.29,0.29,0.29,0.29,0.29
2021-04,SKU:99150592,99150592,5x1.5/2.5 מהדק חיבור מהיר,1,600,0.4092,0.4092,0.4092,0.4092,0.4092,0.4092
2021-05,SKU:99150592,99150592,5x1.5/2.5 מהדק חיבור מהיר,1,500,0.4185,,0.4185,0.4185,0.4185,0.4185
2021-06,SKU:99150592,99150592,5x1.5/2.5 מהדק חיבור מהיר,5,1601,0.63,,0.56,0.63,0.63,0.63
2021-07,SKU:99150592,99150592,5x1.5/2.5 מהדק חיבור מהיר,1,400,0.392,,0.392,0.392,0.392,0.392
2021-08,SKU:99150592,99150592,5x1.5/2.5 מהדק חיבור מהיר,5,1600,0.4032,,0.308,0.4032,0.4032,0.4032
2021-10,SKU:99150592,99150592,5x1.5/2.5 מהדק חיבור מהיר,3,1000,0.392,,0.392,0.4032,0.392,0.4032
2021-11,SKU:99150592,99150592,5x1.5/2.5 מהדק חיבור מהיר,1,500,0.42,,0.42,0.42,0.42,0.42
2022-01,SKU:99150592,99150592,5x1.5/2.5 מהדק חיבור מהיר,4,1600,0.42,,0.42,0.42,0.42,0.42
2022-02,SKU:99150592,99150592,5x1.5/2.5 מהדק חיבור מהיר,1,800,0.4032,,0.4032,0.4032,0.4032,0.4032
2022-04,SKU:99150592,99150592,5x1.5/2.5 מהדק חיבור מהיר,6,2900,0.42,0.4165,0.4032,0.42,0.4032,0.42
2022-07,SKU:99150592,99150592,5x1.5/2.5 מהדק חיבור מהיר,1,300,0.42,0.42,0.42,0.42,0.42,0.42
2022-09,SKU:99150592,99150592,5x1.5/2.5 מהדק חיבור מהיר,1,500,0.5184,0.5184,0.5184,0.5184,0.5184,0.5184
2022-10,SKU:99150592,99150592,5x1.5/2.5 מהדק חיבור מהיר,1,200,0.396,0.396,0.396,0.396,0.396,0.396
2022-11,SKU:99150592,99150592,5x1.5/2.5 מהדק חיבור מהיר,3,1200,0.54,0.54,0.54,0.54,0.54,0.54
2022-12,SKU:99150592,99150592,5x1.5/2.5 מהדק חיבור מהיר,1,400,0.5184,0.5184,0.5184,0.5184,0.5184,0.5184
2023-02,SKU:99150592,99150592,5x1.5/2.5 מהדק חיבור מהיר,2,500,0.54,0.54,0.54,0.54,0.54,0.54
2023-05,SKU:99150592,99150592,5x1.5/2.5 מהדק חיבור מהיר,3,900,0.54,0.54,0.54,0.54,0.54,0.54
2023-06,SKU:991505920,991505920,(10)מארז5x0.5/2.5 מהדק חיבור מהיר,3,8,41.85,41.85,41.85,41.85,41.85,41.85
2023-07,SKU:991505920,991505920,(10)מארז5x0.5/2.5 מהדק חיבור מהיר,4,11,40.176,40.1755,40.176,40.176,40.176,40.176
2023-08,SKU:991505920,991505920,(10)מארז5x0.5/2.5 מהדק חיבור מהיר,3,408,41.85,41.85,41.85,41.85,41.85,41.85
2023-09,SKU:991505920,991505920,(10)מארז5x0.5/2.5 מהדק חיבור מהיר,2,5,41.013,41.516,40.176,41.85,41.85,40.176
2023-11,SKU:991505920,991505920,(10)מארז5x0.5/2.5 מהדק חיבור מהיר,3,9,41.85,41.85,41.85,41.85,41.85,41.85
2024-02,SKU:991505920,991505920,(10)מארז5x0.5/2.5 מהדק חיבור מהיר,2,8,41.85,41.85,41.85,41.85,41.85,41.85
2024-03,SKU:991505920,991505920,(10)מארז5x0.5/2.5 מהדק חיבור מהיר,1,4,41.85,41.85,41.85,41.85,41.85,41.85
2024-04,SKU:991505920,991505920,(10)מארז5x0.5/2.5 מהדק חיבור מהיר,1,4,41.85,41.85,41.85,41.85,41.85,41.85
2024-05,SKU:991505920,991505920,(10)מארז5x0.5/2.5 מהדק חיבור מהיר,2,5,41.85,41.85,41.85,41.85,41.85,41.85
2024-06,SKU:991505920,991505920,(10)מארז5x0.5/2.5 מהדק חיבור מהיר,3,10,41.85,41.18,40.176,41.85,41.85,40.176
2024-07,SKU:991505920,991505920,(10)מארז5x0.5/2.5 מהדק חיבור מהיר,1,2,40.176,40.175,40.176,40.176,40.176,40.176
2024-08,SKU:991505920,991505920,(10)מארז5x0.5/2.5 מהדק חיבור מהיר,4,13,41.85,41.3346,40.176,41.85,40.176,41.85
2024-10,SKU:991505920,991505920,(10)מארז5x0.5/2.5 מהדק חיבור מהיר,1,2,41.85,41.85,41.85,41.85,41.85,41.85
2025-01,SKU:991505920,991505920,(10)מארז5x0.5/2.5 מהדק חיבור מהיר,1,4,41.85,41.85,41.85,41.85,41.85,41.85
2025-02,SKU:991505920,991505920,(10)מארז5x0.5/2.5 מהדק חיבור מהיר,1,4,41.85,41.85,41.85,41.85,41.85,41.85
2018-12,SKU:99150596,99150596,8x1.5/2.5 מהדק חיבור מהיר,1,100,0.75,0.75,0.75,0.75,0.75,0.75
2019-10,SKU:99150596,99150596,8x1.5/2.5 מהדק חיבור מהיר,1,100,0.75,0.75,0.75,0.75,0.75,0.75
2020-06,SKU:99150596,99150596,8x1.5/2.5 מהדק חיבור מהיר,1,100,0.68,0.68,0.68,0.68,0.68,0.68
2020-09,SKU:99150596,99150596,8x1.5/2.5 מהדק חיבור מהיר,1,100,0.65,0.65,0.65,0.65,0.65,0.65
2020-11,SKU:99150596,99150596,8x1.5/2.5 מהדק חיבור מהיר,1,100,0.65,0.65,0.65,0.65,0.65,0.65
2020-12,SKU:99150596,99150596,8x1.5/2.5 מהדק חיבור מהיר,3,500,1.188,1.0484,0.65,1.566,0.65,1.188
2021-04,SKU:99150596,99150596,8x1.5/2.5 מהדק חיבור מהיר,1,100,1.188,1.188,1.188,1.188,1.188,1.188
2021-06,SKU:99150596,99150596,8x1.5/2.5 מהדק חיבור מהיר,5,950,1.215,,1.08,1.215,1.215,1.215
2021-07,SKU:99150596,99150596,8x1.5/2.5 מהדק חיבור מהיר,1,100,0.756,,0.756,0.756,0.756,0.756
2021-08,SKU:99150596,99150596,8x1.5/2.5 מהדק חיבור מהיר,3,250,0.7776,,0.594,0.7776,0.594,0.7776
2021-10,SKU:99150596,99150596,8x1.5/2.5 מהדק חיבור מהיר,1,100,0.756,,0.756,0.756,0.756,0.756
2022-01,SKU:99150596,99150596,8x1.5/2.5 מהדק חיבור מהיר,1,50,0.81,,0.81,0.81,0.81,0.81
2022-02,SKU:99150596,99150596,8x1.5/2.5 מהדק חיבור מהיר,1,100,0.7776,,0.7776,0.7776,0.7776,0.7776
2022-04,SKU:99150596,99150596,8x1.5/2.5 מהדק חיבור מהיר,1,100,0.81,0.81,0.81,0.81,0.81,0.81
2022-11,SKU:99150596,99150596,8x1.5/2.5 מהדק חיבור מהיר,3,200,0.81,0.81,0.81,0.81,0.81,0.81
2023-02,SKU:99150596,99150596,8x1.5/2.5 מהדק חיבור מהיר,1,50,0.81,0.81,0.81,0.81,0.81,0.81
2023-05,SKU:99150596,99150596,8x1.5/2.5 מהדק חיבור מהיר,1,50,0.81,0.81,0.81,0.81,0.81,0.81
2023-05,SKU:991505960,991505960,(5)מארז8x1.5/2.5 מהדק חיבור מהיר,2,51,31.3875,31.3876,31.3875,31.3875,31.3875,31.3875
2023-06,SKU:991505960,991505960,(5)מארז8x1.5/2.5 מהדק חיבור מהיר,1,1,31.3875,31.39,31.3875,31.3875,31.3875,31.3875
2023-07,SKU:991505960,991505960,(5)מארז8x1.5/2.5 מהדק חיבור מהיר,1,1,30.132,30.13,30.132,30.132,30.132,30.132
2024-02,SKU:991505960,991505960,(5)מארז8x1.5/2.5 מהדק חיבור מהיר,1,2,31.3875,31.39,31.3875,31.3875,31.3875,31.3875
2024-08,SKU:991505960,991505960,(5)מארז8x1.5/2.5 מהדק חיבור מהיר,2,2,30.7598,30.76,30.132,31.3875,30.132,31.3875
2025-01,SKU:991505960,991505960,(5)מארז8x1.5/2.5 מהדק חיבור מהיר,1,2,31.3875,31.39,31.3875,31.3875,31.3875,31.3875
2025-02,SKU:991505960,991505960,(5)מארז8x1.5/2.5 מהדק חיבור מהיר,1,2,31.3875,31.39,31.3875,31.3875,31.3875,31.3875
2021-06,SKU:992200099,992200099,"מ""מ קשיח5.5-6. מטר5 סטלבנד",1,50,390,,390,390,390,390
2021-03,SKU:99220011,99220011,24VDC 4.5A 100W ספק כח לסטריפ/פרופיל לד29103912 AD1123M שניות ג'ל3 זוג דבק995659910,1,5,9.03,9.028,9.03,9.03,9.03,9.03
2021-10,SKU:99220011,99220011,24VDC 4.5A 100W ספק כח לסטריפ/פרופיל לד29103912 AD1123M שניות ג'ל3 זוג דבק995659910,1,1,10.2456,,10.2456,10.2456,10.2456,10.2456
2022-01,SKU:99220011,99220011,24VDC 4.5A 100W ספק כח לסטריפ/פרופיל לד29103912 AD1123M שניות ג'ל3 זוג דבק995659910,1,1,10.6725,,10.6725,10.6725,10.6725,10.6725
2022-12,SKU:99220011,99220011,24VDC 4.5A 100W ספק כח לסטריפ/פרופיל לד29103912 AD1123M שניות ג'ל3 זוג דבק995659910,1,3,10.2456,10.2467,10.2456,10.2456,10.2456,10.2456
2021-11,SKU:99220057,99220057,"(' יח500) מ""מ6. סופיות ניקל",2,12,18.8325,,18.8325,18.8325,18.8325,18.8325
2021-06,SKU:992201010,992201010,(1013) ONKA קרם2.5 מהדק לפס1800102,2,1.5,4.8152,,4.532,5.0985,5.0985,4.532
2021-07,SKU:992201010,992201010,(1013) ONKA קרם2.5 מהדק לפס1800102,1,0.75,4.102,,4.102,4.102,4.102,4.102
2022-01,SKU:992201010,992201010,(1013) ONKA קרם2.5 מהדק לפס1800102,1,0.75,4.395,,4.395,4.395,4.395,4.395
2024-03,SKU:992201010,992201010,(1013) ONKA קרם2.5 מהדק לפס1800102,2,4,3.9525,3.955,3.9525,3.9525,3.9525,3.9525
2024-04,SKU:992201010,992201010,(1013) ONKA קרם2.5 מהדק לפס1800102,1,3,3.9525,3.9533,3.9525,3.9525,3.9525,3.9525
2024-05,SKU:992201010,992201010,(1013) ONKA קרם2.5 מהדק לפס1800102,2,3,3.9525,3.9533,3.9525,3.9525,3.9525,3.9525
2024-08,SKU:992201010,992201010,(1013) ONKA קרם2.5 מהדק לפס1800102,1,1,3.9525,3.95,3.9525,3.9525,3.9525,3.9525
2021-07,SKU:99220103,99220103,"(200) מ""מ1.5 סופיות מבודדת",1,1.5,5.271,,5.271,5.271,5.271,5.271
2024-03,SKU:99220103,99220103,"(200) מ""מ1.5 סופיות מבודדת",1,1,5.6475,5.65,5.6475,5.6475,5.6475,5.6475
2024-11,SKU:99220103,99220103,"(200) מ""מ1.5 סופיות מבודדת",1,1,5.6475,5.65,5.6475,5.6475,5.6475,5.6475
2024-07,SKU:99220104,99220104,"(200) מ""מ2.5 סופיות מבודדת",1,1,6.0264,6.03,6.0264,6.0264,6.0264,6.0264
2024-11,SKU:99220104,99220104,"(200) מ""מ2.5 סופיות מבודדת",1,1,6.2775,6.28,6.2775,6.2775,6.2775,6.2775
2021-10,SKU:99220105,99220105,"(200) מ""מ4. סופיות מבודדת",1,4,7.812,,7.812,7.812,7.812,7.812
2025-01,SKU:99220105,99220105,"(200) מ""מ4. סופיות מבודדת",1,1,8.79,8.79,8.79,8.79,8.79,8.79
2021-07,SKU:99220106,99220106,"(100) מ""מ2.5-נ.כ צינור מצופה ל901555",1,6,4.886,,4.886,4.886,4.886,4.886
2021-08,SKU:99220106,99220106,"(100) מ""מ2.5-נ.כ צינור מצופה ל901555",2,12,5.0256,,5.0256,5.0256,5.0256,5.0256
2021-10,SKU:99220106,99220106,"(100) מ""מ2.5-נ.כ צינור מצופה ל901555",1,6,5.8125,,5.8125,5.8125,5.8125,5.8125
2021-11,SKU:99220106,99220106,"(100) מ""מ2.5-נ.כ צינור מצופה ל901555",2,12,5.8125,,5.8125,5.8125,5.8125,5.8125
2023-12,SKU:99220106,99220106,"(100) מ""מ2.5-נ.כ צינור מצופה ל901555",2,4,5.8125,5.8125,5.8125,5.8125,5.8125,5.8125
2024-01,SKU:99220106,99220106,"(100) מ""מ2.5-נ.כ צינור מצופה ל901555",3,5,5.8125,5.814,5.8125,5.8125,5.8125,5.8125
2024-02,SKU:99220106,99220106,"(100) מ""מ2.5-נ.כ צינור מצופה ל901555",1,2,5.8125,5.815,5.8125,5.8125,5.8125,5.8125
2024-05,SKU:99220106,99220106,"(100) מ""מ2.5-נ.כ צינור מצופה ל901555",1,2,5.8125,5.815,5.8125,5.8125,5.8125,5.8125
2024-10,SKU:99220106,99220106,"(100) מ""מ2.5-נ.כ צינור מצופה ל901555",1,2,5.8125,5.815,5.8125,5.8125,5.8125,5.8125
2024-12,SKU:99220106,99220106,"(100) מ""מ2.5-נ.כ צינור מצופה ל901555",1,1,5.8125,5.81,5.8125,5.8125,5.8125,5.8125
2025-01,SKU:99220106,99220106,"(100) מ""מ2.5-נ.כ צינור מצופה ל901555",1,1,5.7675,5.77,5.7675,5.7675,5.7675,5.7675
2024-07,SKU:99220107,99220107,"מ""מ חום1 סופיות מבודדת10 מארז",1,1,9.3,9.3,9.3,9.3,9.3,9.3
2021-10,SKU:99220115,99220115,(100) 1.5 סופית מבודדת כפולה,2,4,5.0256,,5.0256,5.0256,5.0256,5.0256
2023-09,SKU:99220115,99220115,(100) 1.5 סופית מבודדת כפולה,1,1,5.58,5.58,5.58,5.58,5.58,5.58
2018-11,SKU:99220941,99220941,VAC פין שטוח8 ממסר,1,1,9.876,9.88,9.876,9.876,9.876,9.876
2017-10,SKU:99221070,99221070,(100) 1.5 סופית מבודדת כפולה99220115,1,2,1.5,1.5,1.5,1.5,1.5,1.5
2018-11,SKU:99221070,99221070,(100) 1.5 סופית מבודדת כפולה99220115,1,2,1.5,1.5,1.5,1.5,1.5,1.5
2018-12,SKU:99221070,99221070,(100) 1.5 סופית מבודדת כפולה99220115,1,10,1.5,1.5,1.5,1.5,1.5,1.5
2019-01,SKU:99221070,99221070,(100) 1.5 סופית מבודדת כפולה99220115,3,40,1.5,1.5,1.5,1.5,1.5,1.5
2019-03,SKU:99221070,99221070,(100) 1.5 סופית מבודדת כפולה99220115,2,20,1.5,1.5,1.5,1.5,1.5,1.5
2019-09,SKU:99221070,99221070,(100) 1.5 סופית מבודדת כפולה99220115,1,5,1.5,1.5,1.5,1.5,1.5,1.5
2019-10,SKU:99221070,99221070,(100) 1.5 סופית מבודדת כפולה99220115,1,20,1.5,1.5,1.5,1.5,1.5,1.5
2020-07,SKU:99221070,99221070,(100) 1.5 סופית מבודדת כפולה99220115,1,10,1.5,1.5,1.5,1.5,1.5,1.5
2020-09,SKU:99221070,99221070,(100) 1.5 סופית מבודדת כפולה99220115,1,30,1.65,1.65,1.65,1.65,1.65,1.65
2019-01,SKU:99221071,99221071,"ממ""ר2.5 מהדק כחול לפס",1,25,1.5,1.5,1.5,1.5,1.5,1.5
2019-01,SKU:99221073,99221073,"ממ""ר4. מהדק לפס",1,25,1.5,1.5,1.5,1.5,1.5,1.5
2019-01,SKU:99221074,99221074,"ממ""ר4. מהדק כחול לפס",1,25,1.5,1.5,1.5,1.5,1.5,1.5
2019-01,SKU:99221082,99221082,"ממ""ר4. מהדק צ/י להארקה",1,2,5.4,5.4,5.4,5.4,5.4,5.4
2019-03,SKU:992210831,992210831,(100) 1.5 סופית מבודדת כפולה99220115 (חדש20) 16 צינור מופה אדום84000791,2,2,9.16,9.16,9.16,9.16,9.16,9.16
2019-09,SKU:992210831,992210831,(100) 1.5 סופית מבודדת כפולה99220115 (חדש20) 16 צינור מופה אדום84000791,1,1,9.16,9.16,9.16,9.16,9.16,9.16
2019-01,SKU:99221084,99221084,"ממ""ר6. מהדק לפס",1,25,3.4,3.4,3.4,3.4,3.4,3.4
2019-01,SKU:99221085,99221085,"ממ""ר6. מהדק כחול לפס",1,15,3.76,3.76,3.76,3.76,3.76,3.76
2019-01,SKU:99221087,99221087,"ממ""ר1 מהדק לפס",1,4,3.5,3.5,3.5,3.5,3.5,3.5
2019-10,SKU:99221087,99221087,"ממ""ר1 מהדק לפס",1,5,3.0625,3.062,3.0625,3.0625,3.0625,3.0625
2019-01,SKU:99221089,99221089,"ממ""ר6. מהדק צ/י להארקה",1,15,11.332,11.332,11.332,11.332,11.332,11.332
2019-01,SKU:992210891,992210891,"ממ""ר1 מהדק צ/י להארקה",1,25,11.332,11.332,11.332,11.332,11.332,11.332
2019-01,SKU:99221090,99221090,' מגול100x85 תעלת רשת7000001,2,21,1.08,1.08,1.08,1.08,1.08,1.08
2019-03,SKU:99221090,99221090,' מגול100x85 תעלת רשת7000001,2,2,1.08,1.08,1.08,1.08,1.08,1.08
2020-03,SKU:99221091,99221091,"ממ""ר16 מהדק לפס",1,4,5.0625,5.0625,5.0625,5.0625,5.0625,5.0625
2020-03,SKU:99221092,99221092,"ממ""ר16 מהדק כחול לפס",1,1,5.0625,5.06,5.0625,5.0625,5.0625,5.0625
2017-10,SKU:99221099,99221099,"ממ""ר95/12 מהדק לפס",1,6,32.604,32.6033,32.604,32.604,32.604,32.604
2024-03,SKU:99221122,99221122,(1.5-2.5)KE21 סימוניות נעיצה20,1,4,3.9,3.9,3.9,3.9,3.9,3.9
2024-07,SKU:99221132,99221132,(0.5-1.0)KE1 סימוניות נעיצה20,2,4,2.6195,2.62,2.6195,2.6195,2.6195,2.6195
2024-10,SKU:99221132,99221132,(0.5-1.0)KE1 סימוניות נעיצה20,1,5,3.0225,3.022,3.0225,3.0225,3.0225,3.0225
2024-07,SKU:99221133,99221133,(0.5-1.0)KE11 סימוניות נעיצה20,1,10,2.6195,2.62,2.6195,2.6195,2.6195,2.6195
2024-10,SKU:99221133,99221133,(0.5-1.0)KE11 סימוניות נעיצה20,1,5,3.0225,3.022,3.0225,3.0225,3.0225,3.0225
2024-07,SKU:99221134,99221134,(0.5-1.0)KE12 סימוניות נעיצה20,1,5,2.6195,2.62,2.6195,2.6195,2.6195,2.6195
2024-07,SKU:99221138,99221138,(0.5-1.0)KE16 סימוניות נעיצה20,1,2,2.6195,2.62,2.6195,2.6195,2.6195,2.6195
2024-07,SKU:99221141,99221141,(0.5-1.5)KE19 סימוניות נעיצה20,1,2,2.6195,2.62,2.6195,2.6195,2.6195,2.6195
2024-03,SKU:99221142,99221142,(4-6) 1 KE3 סימוניות בנעיצה20,1,3,3.9525,3.9533,3.9525,3.9525,3.9525,3.9525
2024-07,SKU:99221142,99221142,(4-6) 1 KE3 סימוניות בנעיצה20,2,3,3.4255,3.4267,3.4255,3.4255,3.4255,3.4255
2024-10,SKU:99221142,99221142,(4-6) 1 KE3 סימוניות בנעיצה20,1,4,3.9525,3.9525,3.9525,3.9525,3.9525,3.9525
2024-07,SKU:992211421,992211421,(4-6) 2 KE3 סימוניות בנעיצה20,2,2,3.4255,3.43,3.4255,3.4255,3.4255,3.4255
2024-10,SKU:992211421,992211421,(4-6) 2 KE3 סימוניות בנעיצה20,1,2,3.9525,3.955,3.9525,3.9525,3.9525,3.9525
2024-07,SKU:992211422,992211422,(4-6) 3 KE3 סימוניות בנעיצה20,2,2,3.4255,3.43,3.4255,3.4255,3.4255,3.4255
2024-10,SKU:992211422,992211422,(4-6) 3 KE3 סימוניות בנעיצה20,1,2,3.9525,3.955,3.9525,3.9525,3.9525,3.9525
2024-07,SKU:992211423,992211423,(4-6) 4 KE3 סימוניות בנעיצה20,1,1,3.4255,3.43,3.4255,3.4255,3.4255,3.4255
2024-07,SKU:992211424,992211424,(4-6) KE3 סימוניות בנעיצה20,2,3,3.4255,3.4267,3.4255,3.4255,3.4255,3.4255
2024-10,SKU:992211424,992211424,(4-6) KE3 סימוניות בנעיצה20,1,2,3.9525,3.955,3.9525,3.9525,3.9525,3.9525
2024-07,SKU:9922114241,9922114241,(4-6) 5 KE3 סימוניות בנעיצה20,1,1,3.4255,3.43,3.4255,3.4255,3.4255,3.4255
2024-07,SKU:992211425,992211425,(4-6) 6 KE3 סימוניות בנעיצה20,1,1,3.4255,3.43,3.4255,3.4255,3.4255,3.4255
2024-07,SKU:992211426,992211426,(4-6) 7 KE3 סימוניות בנעיצה20,1,1,3.4255,3.43,3.4255,3.4255,3.4255,3.4255
2024-07,SKU:992211427,992211427,(4-6) 8 KE3 סימוניות בנעיצה20,1,1,3.4255,3.43,3.4255,3.4255,3.4255,3.4255
2024-07,SKU:992211428,992211428,(4-6) 9 KE3 סימוניות בנעיצה20,1,1,3.4255,3.43,3.4255,3.4255,3.4255,3.4255
2021-02,SKU:99223002,99223002,125A 2x7 פס צבירה מבודד99223001 D-.. זוג שקעי כח לבן לקופסא99761232,1,1,27.77,27.77,27.77,27.77,27.77,27.77
2025-01,SKU:99223005,99223005,125A 4x15 פס צבירה מבודד,1,1,44.175,44.18,44.175,44.175,44.175,44.175
2019-09,SKU:99291518,99291518,W ליבון עד+דימר אוניברסלי אלקט' לד,1,2,102.856,102.855,102.856,102.856,102.856,102.856
2023-09,SKU:992915190,992915190,LED 350W דימר נסתר עבור,1,2,167,167,167,167,167,167
2023-11,SKU:992915190,992915190,LED 350W דימר נסתר עבור,1,2,179,179,179,179,179,179
2022-04,SKU:99291722,99291722,NO 230V מגען מיני,1,3,20.088,20.0867,20.088,20.088,20.088,20.088
2022-01,SKU:99291724,99291724,NO+1NC 230V מגען מיני,1,1,20.925,,20.925,20.925,20.925,20.925
2024-02,SKU:99291724,99291724,NO+1NC 230V מגען מיני,1,2,20.925,20.925,20.925,20.925,20.925,20.925
2017-10,SKU:99311006,99311006,SEL-17 שעון אסטרונומי,1,1,750,750,750,750,750,750
2023-05,SKU:99311034,99311034,לבן°18 גלאי תנועה לקיר,1,1,25.575,25.58,25.575,25.575,25.575,25.575
2023-11,SKU:99311034,99311034,לבן°18 גלאי תנועה לקיר,1,1,25.575,25.58,25.575,25.575,25.575,25.575
2019-06,SKU:99311036,99311036,W 360° גלאי תנועה תקרתי,1,2,39.8565,39.855,39.8565,39.8565,39.8565,39.8565
2021-08,SKU:99311036,99311036,W 360° גלאי תנועה תקרתי,1,1,31.2325,,31.2325,31.2325,31.2325,31.2325
2020-08,SKU:99315044,99315044,IRWIN SDS-PLUS 7x50/11 מקדח לפטישון2400074,1,2,18.75,18.75,18.75,18.75,18.75,18.75
2019-03,SKU:99317042,99317042,6500K 18W 225x225 לד מרובעVEGA שקוע3850120,1,8,170,170,170,170,170,170
2021-11,SKU:99317045,99317045,"ס""מ(דו""צ30x68) ת.חרום אורנוס קניון",1,6,530,,530,530,530,530
2021-12,SKU:99317045,99317045,"ס""מ(דו""צ30x68) ת.חרום אורנוס קניון",1,5,550,550,550,550,550,550
2021-11,SKU:99317046,99317046,"ס""מ(חד""צ30x68) ת.חרום אורנוס קניון",1,1,530,,530,530,530,530
2020-08,SKU:993188781,993188781,IRWIN SDS-PLUS 7x50/11 מקדח לפטישון24000743x1.5 מטר5 כבל מאריך904004,1,1,150.46,150.46,150.46,150.46,150.46,150.46
2019-06,SKU:993189191,993189191,"ס""מ6 WW 18-20W גלשן",1,1,68.055,68.06,68.055,68.055,68.055,68.055
2020-07,SKU:993189675,993189675,פלפון חלום קוטר,1,1,499,499,499,499,499,499
2020-06,SKU:993191225,993191225,W LED 4000k פלפון דלוקס לבן,1,1,397.2215,397.22,397.2215,397.2215,397.2215,397.2215
2020-06,SKU:993191226,993191226,W LED 4000K פלפון דלוקס לבן,1,2,463.424,463.425,463.424,463.424,463.424,463.424
2020-07,SKU:993191659,993191659,K מוגן מים לבןLED 2x3W 8105 אגם קיר,1,1,122.22,122.22,122.22,122.22,122.22,122.22
2020-12,SKU:993200259,993200259,מדבקת כיתוב לגוף תאורה 993200259 לכתובת בית,3,3,17.144,17.14,17.144,17.144,17.144,17.144
2021-08,SKU:993200259,993200259,מדבקת כיתוב לגוף תאורה 993200259 לכתובת בית,2,3,30.8592,,30.8592,30.8592,30.8592,30.8592
2023-06,SKU:993200259,993200259,מדבקת כיתוב לגוף תאורה 993200259 לכתובת בית,1,1,32.145,32.15,32.145,32.145,32.145,32.145
2023-11,SKU:993200259,993200259,מדבקת כיתוב לגוף תאורה 993200259 לכתובת בית,1,1,32.145,32.15,32.145,32.145,32.145,32.145
2023-06,SKU:9932002592,9932002592,' א' ב46,1,1,0,0,0,0,0,0
2019-06,SKU:99322761,99322761,LED 2x3W מישל קטן,1,1,99,99,99,99,99,99
2021-10,SKU:9932652434,9932652434,שחור אור חםLED 21W 1712 אגם,1,1,99,,99,99,99,99
2022-01,SKU:9932652434,9932652434,שחור אור חםLED 21W 1712 אגם,1,4,116.662,,116.662,116.662,116.662,116.662
2021-12,SKU:9932657447,9932657447,K עגול שחורLED 30W 288 הייטק צמוד,1,53,64.81,64.813,64.81,64.81,64.81,64.81
2020-07,SKU:9932657451,9932657451,K מוגן מים לבןLED 4x3W 8105 אגם קיר,1,1,122.22,122.22,122.22,122.22,122.22,122.22
2024-07,SKU:9932658708,9932658708,CCT שחור2 קוטר18W פלפון אפולו,3,27,39.7,39.7,39.7,39.7,39.7,39.7
2024-08,SKU:9932658708,9932658708,CCT שחור2 קוטר18W פלפון אפולו,1,5,42.777,42.778,42.777,42.777,42.777,42.777
2023-09,SKU:9932658712,9932658712,CCT שחור4 קוטר32W פלפון אפולו,1,1,90,90,90,90,90,90
2020-11,SKU:994200013,994200013,(תקע)מארז+' מ1 כבל גירלנדה יצוק,1,1,74.284,74.28,74.284,74.284,74.284,74.284
2021-04,SKU:994500221,994500221,"ממ חום12. 1/2"" שרוול מתכווץ",1,10,3.2,3.2,3.2,3.2,3.2,3.2
2021-04,SKU:994500261,994500261,"ממ חום20. 3/4"" שרוול מתכווץ",1,10,4.572,4.572,4.572,4.572,4.572,4.572
2021-11,SKU:99450028,99450028,"ממ שחור24. 1"" שרוול מתכווץ בגליל",1,2,4.395,,4.395,4.395,4.395,4.395
2021-04,SKU:994500281,994500281,"ממ חום24. 1"" שרוול מתכווץ",1,10,5.2,5.2,5.2,5.2,5.2,5.2
2017-10,SKU:994500300,994500300,"ממ כחול321-1/4"" שרוול מתכווץ",2,9,5.6,5.6,5.6,5.6,5.6,5.6
2017-10,SKU:994500320,994500320,"ממ כחול381-1/2"" שרוול מתכווץ",1,5,6.968,6.968,6.968,6.968,6.968,6.968
2021-11,SKU:994500320,994500320,"ממ כחול381-1/2"" שרוול מתכווץ",1,1,8.0925,,8.0925,8.0925,8.0925,8.0925
2021-04,SKU:994500341,994500341,"ממ חום50. 2"" שרוול מתכווץ",1,10,15.6,15.6,15.6,15.6,15.6,15.6
2022-04,SKU:99459013,99459013,VEGAxxL כפפות עבודה מיקרופייבר,1,2,42.3,42.3,42.3,42.3,42.3,42.3
2022-11,SKU:99470001,99470001,(חמם ללא תרמוסטט)גוף חימום מאושר מכון התקנים,1,1,45.3375,45.34,45.3375,45.3375,45.3375,45.3375
2022-11,SKU:99470022,99470022,דגם אמבטיה5.5KW אטמור,1,1,213.6075,213.61,213.6075,213.6075,213.6075,213.6075
2023-02,SKU:99470022,99470022,דגם אמבטיה5.5KW אטמור,1,1,213.6075,213.61,213.6075,213.6075,213.6075,213.6075
2021-03,SKU:994806819,994806819,ליתיום3.7V לדים18 ת.חרום ניידת,1,1,24,24,24,24,24,24
2022-10,SKU:994806819,994806819,ליתיום3.7V לדים18 ת.חרום ניידת,1,1,24.3,24.3,24.3,24.3,24.3,24.3
2023-02,SKU:994806819,994806819,ליתיום3.7V לדים18 ת.חרום ניידת,2,3,24.3,24.3,24.3,24.3,24.3,24.3
2023-04,SKU:994806819,994806819,ליתיום3.7V לדים18 ת.חרום ניידת,1,2,22.0875,22.09,22.0875,22.0875,22.0875,22.0875
2021-04,SKU:994898986,994898986,AE ליטר4 נוזל לניקוי שמשות,1,2,16,16,16,16,16,16
2017-10,SKU:99510260,99510260,לבן/שחור12x7 סרט דיימו פוליאסטר,1,1,72.856,72.86,72.856,72.856,72.856,72.856
2018-11,SKU:99510260,99510260,לבן/שחור12x7 סרט דיימו פוליאסטר,1,1,61.716,61.72,61.716,61.716,61.716,61.716
2018-11,SKU:99510365,99510365,TZE13112MM סרט כיתוב שחור על שקוף,1,2,66.284,66.285,66.284,66.284,66.284,66.284
2020-11,SKU:99520120,99520120,400ml כסוף- ספריי גילוון קר,1,1,10.6876,10.69,10.6876,10.6876,10.6876,10.6876
2022-02,SKU:99520120,99520120,400ml כסוף- ספריי גילוון קר,1,1,11.94,,11.94,11.94,11.94,11.94
2022-12,SKU:99520120,99520120,400ml כסוף- ספריי גילוון קר,1,1,11.4624,11.46,11.4624,11.4624,11.4624,11.4624
2023-05,SKU:99520120,99520120,400ml כסוף- ספריי גילוון קר,1,1,11.94,11.94,11.94,11.94,11.94,11.94
2024-05,SKU:99520120,99520120,400ml כסוף- ספריי גילוון קר,1,1,13.3725,13.37,13.3725,13.3725,13.3725,13.3725
2021-05,SKU:99521001,99521001,"' חב1.0 (' מ700) מ""מ2 חוט משיכה/קשירה",3,2100,24,,24,24,24,24
2021-06,SKU:99521001,99521001,"' חב1.0 (' מ700) מ""מ2 חוט משיכה/קשירה",1,700,32.9985,,32.9985,32.9985,32.9985,32.9985
2022-01,SKU:99521001,99521001,"' חב1.0 (' מ700) מ""מ2 חוט משיכה/קשירה",1,700,25.575,,25.575,25.575,25.575,25.575
2022-02,SKU:99521001,99521001,"' חב1.0 (' מ700) מ""מ2 חוט משיכה/קשירה",1,700,25.575,,25.575,25.575,25.575,25.575
2020-10,SKU:99531290,99531290,ידית פיבר לטפסן+פטיש,1,1,19.692,19.69,19.692,19.692,19.692,19.692
2021-06,SKU:99531290,99531290,ידית פיבר לטפסן+פטיש,1,14,17.504,,17.504,17.504,17.504,17.504
2022-05,SKU:99531444,99531444,אקדח מרק דגם אנגלי,1,1,8.316,8.32,8.316,8.316,8.316,8.316
2024-10,SKU:9954073,9954073,AH 12V מצבר,1,1,47.3175,47.32,47.3175,47.3175,47.3175,47.3175
2019-10,SKU:99540743,99540743,AH-9AH 12V מצבר,1,1,62.856,62.86,62.856,62.856,62.856,62.856
2020-11,SKU:99540743,99540743,AH-9AH 12V מצבר,1,2,62.856,62.855,62.856,62.856,62.856,62.856
2023-10,SKU:99540743,99540743,AH-9AH 12V מצבר,1,1,69.75,69.75,69.75,69.75,69.75,69.75
2020-02,SKU:995450563,995450563,SM-3129 נטען קוברה10W פנס הצפה נייד לד,1,2,90,90,90,90,90,90
2020-06,SKU:995450563,995450563,SM-3129 נטען קוברה10W פנס הצפה נייד לד,1,1,90,90,90,90,90,90
2021-03,SKU:995450563,995450563,SM-3129 נטען קוברה10W פנס הצפה נייד לד,1,1,90,90,90,90,90,90
2021-04,SKU:995459910,995459910,K גוון50W פנס הצפה סולארי,1,1,120,120,120,120,120,120
2019-03,SKU:9954645,9954645,DL 2x22W VEGA LEDMETICO TUBE ג.ת הרמטי3830705,1,2,220,220,220,220,220,220
2021-05,SKU:9956500153,9956500153,"עם סוגרים נירוסטה16"" ארגז כלים",1,1,45.36,,45.36,45.36,45.36,45.36
2019-11,SKU:99565002,99565002,FE18 E9 NHxH 12x1.5 כבל106141000V 1160I WERA טסטר+ מברגים מבודד5 סט9956615041,1,25,3.39,3.3924,3.39,3.39,3.39,3.39
2020-01,SKU:99565002,99565002,FE18 E9 NHxH 12x1.5 כבל106141000V 1160I WERA טסטר+ מברגים מבודד5 סט9956615041,1,25,3.3924,3.3924,3.3924,3.3924,3.3924,3.3924
2020-02,SKU:99565002,99565002,FE18 E9 NHxH 12x1.5 כבל106141000V 1160I WERA טסטר+ מברגים מבודד5 סט9956615041,1,20,3.4695,3.4695,3.4695,3.4695,3.4695,3.4695
2020-03,SKU:99565002,99565002,FE18 E9 NHxH 12x1.5 כבל106141000V 1160I WERA טסטר+ מברגים מבודד5 סט9956615041,2,110,3.2382,3.2382,3.2382,3.2382,3.2382,3.2382
2020-07,SKU:99565002,99565002,FE18 E9 NHxH 12x1.5 כבל106141000V 1160I WERA טסטר+ מברגים מבודד5 סט9956615041,1,60,3.3924,3.3923,3.3924,3.3924,3.3924,3.3924
2020-09,SKU:99565002,99565002,FE18 E9 NHxH 12x1.5 כבל106141000V 1160I WERA טסטר+ מברגים מבודד5 סט9956615041,1,25,3.3924,3.3924,3.3924,3.3924,3.3924,3.3924
2020-10,SKU:99565002,99565002,FE18 E9 NHxH 12x1.5 כבל106141000V 1160I WERA טסטר+ מברגים מבודד5 סט9956615041,1,10,3.4695,3.47,3.4695,3.4695,3.4695,3.4695
2020-11,SKU:99565002,99565002,FE18 E9 NHxH 12x1.5 כבל106141000V 1160I WERA טסטר+ מברגים מבודד5 סט9956615041,2,40,3.2767,3.2767,3.084,3.4695,3.4695,3.084
2021-02,SKU:99565002,99565002,FE18 E9 NHxH 12x1.5 כבל106141000V 1160I WERA טסטר+ מברגים מבודד5 סט9956615041,1,25,3.39,3.3924,3.39,3.39,3.39,3.39
2021-04,SKU:99565002,99565002,FE18 E9 NHxH 12x1.5 כבל106141000V 1160I WERA טסטר+ מברגים מבודד5 סט9956615041,1,20,3.084,3.084,3.084,3.084,3.084,3.084
2021-08,SKU:99565002,99565002,FE18 E9 NHxH 12x1.5 כבל106141000V 1160I WERA טסטר+ מברגים מבודד5 סט9956615041,1,2,3.0168,,3.0168,3.0168,3.0168,3.0168
2021-11,SKU:99565002,99565002,FE18 E9 NHxH 12x1.5 כבל106141000V 1160I WERA טסטר+ מברגים מבודד5 סט9956615041,1,10,3.1425,,3.1425,3.1425,3.1425,3.1425
2021-12,SKU:99565002,99565002,FE18 E9 NHxH 12x1.5 כבל106141000V 1160I WERA טסטר+ מברגים מבודד5 סט9956615041,1,30,3.14,3.1427,3.14,3.14,3.14,3.14
2022-04,SKU:99565002,99565002,FE18 E9 NHxH 12x1.5 כבל106141000V 1160I WERA טסטר+ מברגים מבודד5 סט9956615041,1,20,3.0168,3.017,3.0168,3.0168,3.0168,3.0168
2022-05,SKU:99565002,99565002,FE18 E9 NHxH 12x1.5 כבל106141000V 1160I WERA טסטר+ מברגים מבודד5 סט9956615041,2,10,3.0168,3.017,3.0168,3.0168,3.0168,3.0168
2022-10,SKU:99565002,99565002,FE18 E9 NHxH 12x1.5 כבל106141000V 1160I WERA טסטר+ מברגים מבודד5 סט9956615041,1,5,3.1425,3.142,3.1425,3.1425,3.1425,3.1425
2022-12,SKU:99565002,99565002,FE18 E9 NHxH 12x1.5 כבל106141000V 1160I WERA טסטר+ מברגים מבודד5 סט9956615041,4,35,3.0168,3.0169,3.0168,3.0168,3.0168,3.0168
2023-02,SKU:99565002,99565002,FE18 E9 NHxH 12x1.5 כבל106141000V 1160I WERA טסטר+ מברגים מבודד5 סט9956615041,3,30,3.1425,3.101,3.0168,3.1425,3.0168,3.1425
2023-05,SKU:99565002,99565002,FE18 E9 NHxH 12x1.5 כבל106141000V 1160I WERA טסטר+ מברגים מבודד5 סט9956615041,1,10,3.1425,3.143,3.1425,3.1425,3.1425,3.1425
2023-06,SKU:99565002,99565002,FE18 E9 NHxH 12x1.5 כבל106141000V 1160I WERA טסטר+ מברגים מבודד5 סט9956615041,2,20,3.1425,3.143,3.1425,3.1425,3.1425,3.1425
2023-07,SKU:99565002,99565002,FE18 E9 NHxH 12x1.5 כבל106141000V 1160I WERA טסטר+ מברגים מבודד5 סט9956615041,1,10,3.1425,3.143,3.1425,3.1425,3.1425,3.1425
2023-12,SKU:99565002,99565002,FE18 E9 NHxH 12x1.5 כבל106141000V 1160I WERA טסטר+ מברגים מבודד5 סט9956615041,1,2,2.47,2.47,2.47,2.47,2.47,2.47
2024-08,SKU:99565002,99565002,FE18 E9 NHxH 12x1.5 כבל106141000V 1160I WERA טסטר+ מברגים מבודד5 סט9956615041,1,5,3.1425,3.142,3.1425,3.1425,3.1425,3.1425
2024-09,SKU:99565002,99565002,FE18 E9 NHxH 12x1.5 כבל106141000V 1160I WERA טסטר+ מברגים מבודד5 סט9956615041,1,10,3.1425,3.143,3.1425,3.1425,3.1425,3.1425
2025-01,SKU:99565002,99565002,FE18 E9 NHxH 12x1.5 כבל106141000V 1160I WERA טסטר+ מברגים מבודד5 סט9956615041,1,10,3.1425,3.143,3.1425,3.1425,3.1425,3.1425
2025-03,SKU:99565002,99565002,FE18 E9 NHxH 12x1.5 כבל106141000V 1160I WERA טסטר+ מברגים מבודד5 סט9956615041,1,10,3.1425,3.143,3.1425,3.1425,3.1425,3.1425
2020-11,SKU:99565021,99565021,"לגבס ידית פלסטיק רחב מקצועי6"" מסור",1,1,15.136,15.14,15.136,15.136,15.136,15.136
2023-04,SKU:99565021,99565021,"לגבס ידית פלסטיק רחב מקצועי6"" מסור",2,2,16.86,16.86,16.86,16.86,16.86,16.86
2023-08,SKU:99565021,99565021,"לגבס ידית פלסטיק רחב מקצועי6"" מסור",1,1,16.86,16.86,16.86,16.86,16.86,16.86
2019-09,SKU:995650275,995650275,VEGA 4-32 מקדח מדורג לאימפקט,1,1,29.91,29.91,29.91,29.91,29.91,29.91
2020-11,SKU:995650275,995650275,VEGA 4-32 מקדח מדורג לאימפקט,1,2,45.716,45.715,45.716,45.716,45.716,45.716
2023-02,SKU:995650275,995650275,VEGA 4-32 מקדח מדורג לאימפקט,1,4,55.0875,55.0875,55.0875,55.0875,55.0875,55.0875
2023-07,SKU:995650275,995650275,VEGA 4-32 מקדח מדורג לאימפקט,1,2,55.0875,55.09,55.0875,55.0875,55.0875,55.0875
2023-09,SKU:995650275,995650275,VEGA 4-32 מקדח מדורג לאימפקט,1,1,55.0875,55.09,55.0875,55.0875,55.0875,55.0875
2023-12,SKU:995650275,995650275,VEGA 4-32 מקדח מדורג לאימפקט,1,1,55.0875,55.09,55.0875,55.0875,55.0875,55.0875
2024-02,SKU:995650275,995650275,VEGA 4-32 מקדח מדורג לאימפקט,1,1,45.3375,45.34,45.3375,45.3375,45.3375,45.3375
2020-02,SKU:995650276,995650276,12/20/32 סט מקדחים מדורג טיטניום,1,1,80.4584,80.46,80.4584,80.4584,80.4584,80.4584
2021-05,SKU:995650276,995650276,12/20/32 סט מקדחים מדורג טיטניום,1,2,76.07,,76.07,76.07,76.07,76.07
2021-11,SKU:995650276,995650276,12/20/32 סט מקדחים מדורג טיטניום,1,1,86.475,,86.475,86.475,86.475,86.475
2022-11,SKU:995650276,995650276,12/20/32 סט מקדחים מדורג טיטניום,1,1,86.475,86.48,86.475,86.475,86.475,86.475
2024-03,SKU:995650276,995650276,12/20/32 סט מקדחים מדורג טיטניום,1,1,86.475,86.48,86.475,86.475,86.475,86.475
2019-07,SKU:995650277,995650277,VEGA 6-3 מקדח מדורג לאימפקט,1,1,54.856,54.86,54.856,54.856,54.856,54.856
2021-11,SKU:995650277,995650277,VEGA 6-3 מקדח מדורג לאימפקט,1,1,78.075,,78.075,78.075,78.075,78.075
2024-06,SKU:995650277,995650277,VEGA 6-3 מקדח מדורג לאימפקט,1,2,45.3375,45.34,45.3375,45.3375,45.3375,45.3375
2024-10,SKU:995650277,995650277,VEGA 6-3 מקדח מדורג לאימפקט,1,1,45.3375,45.34,45.3375,45.3375,45.3375,45.3375
2025-01,SKU:995650277,995650277,VEGA 6-3 מקדח מדורג לאימפקט,1,1,45.3375,45.34,45.3375,45.3375,45.3375,45.3375
2025-02,SKU:995650277,995650277,VEGA 6-3 מקדח מדורג לאימפקט,1,1,45.3375,45.34,45.3375,45.3375,45.3375,45.3375
2021-07,SKU:995650305,995650305,תיק צד נפתח לכלי עבודה,1,1,74.1075,,74.1075,74.1075,74.1075,74.1075
2020-06,SKU:99565034,99565034,VEGA להבים5 סכין יפני רחב מתכת צ.גומי99565110,1,1,2.64,2.64,2.64,2.64,2.64,2.64
2021-01,SKU:99565034,99565034,VEGA להבים5 סכין יפני רחב מתכת צ.גומי99565110,1,1,2.64,2.64,2.64,2.64,2.64,2.64
2024-10,SKU:99565034,99565034,VEGA להבים5 סכין יפני רחב מתכת צ.גומי99565110,1,1,1.74,1.74,1.74,1.74,1.74,1.74
2017-10,SKU:995650350,995650350,()צד רךIRWIN תיק כלי עבודה מקצועי גדול,1,1,70,70,70,70,70,70
2020-09,SKU:9956503535,9956503535,/16 אירגונית פלסטיק,1,1,46.64,46.64,46.64,46.64,46.64,46.64
2022-12,SKU:995650372,995650372,IRWIN עקום ישר103 מספרי פח,1,1,84.4704,84.47,84.4704,84.4704,84.4704,84.4704
2024-10,SKU:995650372,995650372,IRWIN עקום ישר103 מספרי פח,1,1,38.3625,38.36,38.3625,38.3625,38.3625,38.3625
2018-11,SKU:995650432,995650432,"VEGA ס""מ4 פלס מגנטי",1,1,50,50,50,50,50,50
2019-09,SKU:995650432,995650432,"VEGA ס""מ4 פלס מגנטי",1,1,38.46,38.46,38.46,38.46,38.46,38.46
2020-01,SKU:995650432,995650432,"VEGA ס""מ4 פלס מגנטי",2,2,38.46,38.46,38.46,38.46,38.46,38.46
2022-08,SKU:995650432,995650432,"VEGA ס""מ4 פלס מגנטי",1,1,99.2592,99.26,99.2592,99.2592,99.2592,99.2592
2024-08,SKU:995650432,995650432,"VEGA ס""מ4 פלס מגנטי",1,1,71.5,71.5,71.5,71.5,71.5,71.5
2025-01,SKU:995650432,995650432,"VEGA ס""מ4 פלס מגנטי",1,1,103.395,103.4,103.395,103.395,103.395,103.395
2020-11,SKU:995650434,995650434,"VEGA ס""מ6 פלס מגנטי",1,1,103.1982,103.2,103.1982,103.1982,103.1982,103.1982
2020-08,SKU:995650435,995650435,44.00% שח1.19 מטר500.00קשיח PVC חום2.5 חוט550325x1.5/2.5 מהדק חיבור מהיר99150592,1,2,19.49,19.49,19.49,19.49,19.49,19.49
2020-11,SKU:995650435,995650435,44.00% שח1.19 מטר500.00קשיח PVC חום2.5 חוט550325x1.5/2.5 מהדק חיבור מהיר99150592,2,2,19.0447,19.045,18.6018,19.4876,19.4876,18.6018
2021-11,SKU:995650435,995650435,44.00% שח1.19 מטר500.00קשיח PVC חום2.5 חוט550325x1.5/2.5 מהדק חיבור מהיר99150592,1,1,18.6,,18.6,18.6,18.6,18.6
2020-10,SKU:995650442,995650442,"KAPRO 923 ס""מ25 פלס יצוק מקצועי",1,1,77.9416,77.94,77.9416,77.9416,77.9416,77.9416
2023-02,SKU:995650443,995650443,"KAPRO 227 ס""מ23 פלס טורפדו",1,2,26.16,26.16,26.16,26.16,26.16,26.16
2019-11,SKU:995650470,995650470,CW 8W שקוע/צמוד חומה שחור ירושלים990861052,1,3,6.17,6.1733,6.17,6.17,6.17,6.17
2021-04,SKU:9956505150,9956505150,להבים3+ VEGA סכין מקצועי,1,1,7.5416,7.54,7.5416,7.5416,7.5416,7.5416
2020-04,SKU:995650531,995650531,ExL צהובOLFA סכין יפנית רחבה,1,2,20.3676,20.37,20.3676,20.3676,20.3676,20.3676
2017-10,SKU:99565055,99565055,ZI-201 סטנדרטי מוגןZICO טסטר,1,1,6,6,6,6,6,6
2022-02,SKU:9956506965,9956506965,000MA בוסטר להתנעת רכב,1,1,279,,279,279,279,279
2021-03,SKU:995650697,995650697,65x65x3 קופסת חבורים1780002,1,1,280,280,280,280,280,280
2024-02,SKU:995650699,995650699,"MAH בוסטר התנעה ומטען נייד 99565069910, 000",1,1,279,279,279,279,279,279
2023-04,SKU:9956510601,9956510601,קסדת בטיחות תקנית בצבע כחול,1,3,34.875,34.8767,34.875,34.875,34.875,34.875
2023-05,SKU:9956510601,9956510601,קסדת בטיחות תקנית בצבע כחול,1,1,34.875,34.88,34.875,34.875,34.875,34.875
2022-04,SKU:995651061,995651061,תיקני3M כובע מגן,1,2,58.032,58.03,58.032,58.032,58.032,58.032
2022-06,SKU:995651061,995651061,תיקני3M כובע מגן,1,1,58.032,58.03,58.032,58.032,58.032,58.032
2022-12,SKU:995651061,995651061,תיקני3M כובע מגן,2,2,59.241,59.24,58.032,60.45,58.032,60.45
2021-01,SKU:99565110,99565110,VEGA להבים5 סכין יפני רחב מתכת צ.גומי,1,2,10.69,10.69,10.69,10.69,10.69,10.69
2021-07,SKU:99565110,99565110,VEGA להבים5 סכין יפני רחב מתכת צ.גומי,1,1,12.915,,12.915,12.915,12.915,12.915
2021-06,SKU:99565123,99565123,VEGA מטר עם תפס מגנטי מקצועי5 מטר,1,99565123,11.7945,,11.7945,11.7945,11.7945,11.7945
2022-02,SKU:99565123,99565123,VEGA מטר עם תפס מגנטי מקצועי5 מטר,1,99565123,11.88,,11.88,11.88,11.88,11.88
2022-02,SKU:99565124,99565124,VEGA מטר עם תפס מגנטי מקצועי7.5 מטר,1,99565124,25.9575,,25.9575,25.9575,25.9575,25.9575
2017-10,SKU:995651357,995651357,CA-38 / CC-38 חותך ומקלף כבלים,1,1,86,86,86,86,86,86
2022-02,SKU:995651357,995651357,CA-38 / CC-38 חותך ומקלף כבלים,1,2,78.8625,,78.8625,78.8625,78.8625,78.8625
2022-12,SKU:995651357,995651357,CA-38 / CC-38 חותך ומקלף כבלים,1,1,83.0304,83.03,83.0304,83.0304,83.0304,83.0304
2019-01,SKU:9956513582,9956513582,CA-22 חותך ומקלף כבלים,1,1,62.8584,62.86,62.8584,62.8584,62.8584,62.8584
2020-03,SKU:9956513582,9956513582,CA-22 חותך ומקלף כבלים,1,1,57.144,57.14,57.144,57.144,57.144,57.144
2020-10,SKU:9956513582,9956513582,CA-22 חותך ומקלף כבלים,1,1,62.8584,62.86,62.8584,62.8584,62.8584,62.8584
2020-12,SKU:9956513582,9956513582,CA-22 חותך ומקלף כבלים,1,1,62.8584,62.86,62.8584,62.8584,62.8584,62.8584
2021-06,SKU:9956513582,9956513582,CA-22 חותך ומקלף כבלים,1,2,57.6,,57.6,57.6,57.6,57.6
2021-07,SKU:9956513582,9956513582,CA-22 חותך ומקלף כבלים,1,1,48.608,,48.608,48.608,48.608,48.608
2021-11,SKU:9956513582,9956513582,CA-22 חותך ומקלף כבלים,1,1,52.08,,52.08,52.08,52.08,52.08
2022-02,SKU:9956513582,9956513582,CA-22 חותך ומקלף כבלים,2,2,52.08,,52.08,52.08,52.08,52.08
2022-04,SKU:9956513582,9956513582,CA-22 חותך ומקלף כבלים,1,1,52.08,52.08,52.08,52.08,52.08,52.08
2023-02,SKU:9956513582,9956513582,CA-22 חותך ומקלף כבלים,1,1,57.66,57.66,57.66,57.66,57.66,57.66
2023-05,SKU:9956513582,9956513582,CA-22 חותך ומקלף כבלים,1,1,57.66,57.66,57.66,57.66,57.66,57.66
2023-06,SKU:9956513582,9956513582,CA-22 חותך ומקלף כבלים,1,1,57.66,57.66,57.66,57.66,57.66,57.66
2022-02,SKU:9956513583,9956513583,TTC CA-22S חותך ומקלף כבלים עם קפיץ,1,1,69.75,,69.75,69.75,69.75,69.75
2022-04,SKU:9956513583,9956513583,TTC CA-22S חותך ומקלף כבלים עם קפיץ,1,1,69.75,69.75,69.75,69.75,69.75,69.75
2022-12,SKU:9956513583,9956513583,TTC CA-22S חותך ומקלף כבלים עם קפיץ,1,1,66.96,66.96,66.96,66.96,66.96,66.96
2018-11,SKU:995651923,995651923,IRWIN ' יח7 סט אלן אולר מיקצועי,1,1,21.4,21.4,21.4,21.4,21.4,21.4
2023-08,SKU:995651923,995651923,IRWIN ' יח7 סט אלן אולר מיקצועי,1,1,43.65,43.65,43.65,43.65,43.65,43.65
2021-07,SKU:99565202,99565202,נשמיות חד פעמיות,1,50,0.84,,0.84,0.84,0.84,0.84
2019-06,SKU:995652075,995652075,IRWIN 7R פלייר פטנט,1,1,56,56,56,56,56,56
2024-10,SKU:995652075,995652075,IRWIN 7R פלייר פטנט,1,1,36.825,36.83,36.825,36.825,36.825,36.825
2019-09,SKU:99565212,99565212,(12) אדום-גיר סימון שמן,1,1,4.456,4.46,4.456,4.456,4.456,4.456
2020-01,SKU:99565212,99565212,(12) אדום-גיר סימון שמן,1,1,4.456,4.46,4.456,4.456,4.456,4.456
2020-04,SKU:99565212,99565212,(12) אדום-גיר סימון שמן,1,2,4.6305,4.63,4.6305,4.6305,4.6305,4.6305
2020-06,SKU:99565212,99565212,(12) אדום-גיר סימון שמן,1,1,4.3218,4.32,4.3218,4.3218,4.3218,4.3218
2020-12,SKU:99565212,99565212,(12) אדום-גיר סימון שמן,1,4,4.5276,4.5275,4.5276,4.5276,4.5276,4.5276
2021-04,SKU:99565212,99565212,(12) אדום-גיר סימון שמן,1,2,4.116,4.115,4.116,4.116,4.116,4.116
2021-06,SKU:99565212,99565212,(12) אדום-גיר סימון שמן,2,3,4.3732,,4.116,4.6305,4.116,4.6305
2021-07,SKU:99565212,99565212,(12) אדום-גיר סימון שמן,1,2,3.906,,3.906,3.906,3.906,3.906
2023-02,SKU:99565212,99565212,(12) אדום-גיר סימון שמן,1,3,7.2075,7.2067,7.2075,7.2075,7.2075,7.2075
2023-05,SKU:99565212,99565212,(12) אדום-גיר סימון שמן,1,2,7.2075,7.21,7.2075,7.2075,7.2075,7.2075
2023-06,SKU:99565212,99565212,(12) אדום-גיר סימון שמן,1,2,7.2075,7.21,7.2075,7.2075,7.2075,7.2075
2023-08,SKU:99565212,99565212,(12) אדום-גיר סימון שמן,1,2,7.2075,7.21,7.2075,7.2075,7.2075,7.2075
2024-01,SKU:99565212,99565212,(12) אדום-גיר סימון שמן,1,1,7.2075,7.21,7.2075,7.2075,7.2075,7.2075
2024-02,SKU:99565212,99565212,(12) אדום-גיר סימון שמן,1,1,7.2075,7.21,7.2075,7.2075,7.2075,7.2075
2024-03,SKU:99565212,99565212,(12) אדום-גיר סימון שמן,1,1,7.2075,7.21,7.2075,7.2075,7.2075,7.2075
2024-08,SKU:99565212,99565212,(12) אדום-גיר סימון שמן,1,1,7.2075,7.21,7.2075,7.2075,7.2075,7.2075
2024-11,SKU:995652125,995652125,(10) אדום-גיר סימון שמן,1,1,6,6,6,6,6,6
2025-01,SKU:995652125,995652125,(10) אדום-גיר סימון שמן,1,1,6,6,6,6,6,6
2019-01,SKU:99565213,99565213,(12) כחול-גיר סימון שמן,1,1,4.9016,4.9,4.9016,4.9016,4.9016,4.9016
2019-07,SKU:99565213,99565213,(12) כחול-גיר סימון שמן,1,2,4.9016,4.9,4.9016,4.9016,4.9016,4.9016
2019-09,SKU:99565213,99565213,(12) כחול-גיר סימון שמן,2,2,4.456,4.46,4.456,4.456,4.456,4.456
2019-10,SKU:99565213,99565213,(12) כחול-גיר סימון שמן,2,2,4.9016,4.9,4.9016,4.9016,4.9016,4.9016
2020-01,SKU:99565213,99565213,(12) כחול-גיר סימון שמן,1,1,4.456,4.46,4.456,4.456,4.456,4.456
2020-06,SKU:99565213,99565213,(12) כחול-גיר סימון שמן,1,1,4.9016,4.9,4.9016,4.9016,4.9016,4.9016
2021-08,SKU:99565213,99565213,(12) כחול-גיר סימון שמן,1,1,4.0176,,4.0176,4.0176,4.0176,4.0176
2022-02,SKU:99565213,99565213,(12) כחול-גיר סימון שמן,1,1,4.59,,4.59,4.59,4.59,4.59
2022-04,SKU:99565213,99565213,(12) כחול-גיר סימון שמן,2,14,4.59,4.59,4.59,4.59,4.59,4.59
2022-05,SKU:99565213,99565213,(12) כחול-גיר סימון שמן,1,2,4.4064,4.405,4.4064,4.4064,4.4064,4.4064
2022-06,SKU:99565213,99565213,(12) כחול-גיר סימון שמן,2,4,4.59,4.59,4.59,4.59,4.59,4.59
2022-07,SKU:99565213,99565213,(12) כחול-גיר סימון שמן,1,1,4.59,4.59,4.59,4.59,4.59,4.59
2022-08,SKU:99565213,99565213,(12) כחול-גיר סימון שמן,1,2,4.4064,4.405,4.4064,4.4064,4.4064,4.4064
2022-09,SKU:99565213,99565213,(12) כחול-גיר סימון שמן,1,2,4.4064,4.405,4.4064,4.4064,4.4064,4.4064
2022-11,SKU:99565213,99565213,(12) כחול-גיר סימון שמן,1,1,4.59,4.59,4.59,4.59,4.59,4.59
2022-12,SKU:99565213,99565213,(12) כחול-גיר סימון שמן,1,2,10.8,10.8,10.8,10.8,10.8,10.8
2024-10,SKU:99565213,99565213,(12) כחול-גיר סימון שמן,1,1,7.2075,7.21,7.2075,7.2075,7.2075,7.2075
2019-06,SKU:995652156,995652156,אבקה כחולה+ 6xIRWIN (אנך סימון)מתכת,1,1,75.8565,75.86,75.8565,75.8565,75.8565,75.8565
2021-06,SKU:995652166,995652166,CY-E017-C אקדח סיליקון מיקצועי,1,1,51.428,,51.428,51.428,51.428,51.428
2020-02,SKU:99565256,99565256,4x4 בורג סיבית,1,20,0.063,0.063,0.063,0.063,0.063,0.063
2020-12,SKU:99565256,99565256,4x4 בורג סיבית,1,695,0.0675,0.0675,0.0675,0.0675,0.0675,0.0675
2021-08,SKU:99565256,99565256,4x4 בורג סיבית,1,300,0.084,,0.084,0.084,0.084,0.084
2021-10,SKU:99565256,99565256,4x4 בורג סיבית,1,1,0.0864,,0.0864,0.0864,0.0864,0.0864
2021-11,SKU:99565256,99565256,4x4 בורג סיבית,1,1,0.09,,0.09,0.09,0.09,0.09
2022-01,SKU:99565256,99565256,4x4 בורג סיבית,1,1,0.09,,0.09,0.09,0.09,0.09
2022-02,SKU:99565256,99565256,4x4 בורג סיבית,1,800,0.09,,0.09,0.09,0.09,0.09
2019-10,SKU:99565257,99565257,4x45 בורג סיבית,1,500,0.066,0.066,0.066,0.066,0.066,0.066
2021-07,SKU:99565257,99565257,4x45 בורג סיבית,1,500,0.112,,0.112,0.112,0.112,0.112
2020-09,SKU:99565264,99565264,4.5x4 בורג סיבית,1,500,0.066,0.066,0.066,0.066,0.066,0.066
2020-11,SKU:99565264,99565264,4.5x4 בורג סיבית,1,700,0.063,0.063,0.063,0.063,0.063,0.063
2021-05,SKU:99565274,99565274,x4 בורג סיבית,1,100,0.117,,0.117,0.117,0.117,0.117
2022-04,SKU:99565278,99565278,x7 בורג סיבית,1,50,0.24,0.24,0.24,0.24,0.24,0.24
2022-11,SKU:99565310,99565310,שחור שפיץ3.5x25 בורג גבס,1,500,0.06,0.06,0.06,0.06,0.06,0.06
2019-08,SKU:99565332,99565332,"אטם+ 1"" בורג איסכורית קודח",1,40,0.44,0.44,0.44,0.44,0.44,0.44
2019-09,SKU:99565332,99565332,"אטם+ 1"" בורג איסכורית קודח",1,30,0.4,0.4,0.4,0.4,0.4,0.4
2019-09,SKU:99565336,99565336,"/16"" 2 בורג הידוק אורך",1,10,0.4,0.4,0.4,0.4,0.4,0.4
2020-06,SKU:99565336,99565336,"/16"" 2 בורג הידוק אורך",1,10,0.42,0.42,0.42,0.42,0.42,0.42
2021-06,SKU:995653551,995653551,בקים6 לוחץ רצ'ט מיוחד,1,2,120.688,,120.688,120.688,120.688,120.688
2021-10,SKU:995653551,995653551,בקים6 לוחץ רצ'ט מיוחד,1,1,117.8496,,117.8496,117.8496,117.8496,117.8496
2022-05,SKU:995653551,995653551,בקים6 לוחץ רצ'ט מיוחד,1,1,117.8496,117.85,117.8496,117.8496,117.8496,117.8496
2024-03,SKU:995653551,995653551,בקים6 לוחץ רצ'ט מיוחד,1,1,122.76,122.76,122.76,122.76,122.76,122.76
2019-11,SKU:99565359,99565359,"T-2 תקע כפול15240111 ממ""ר חור25 נ.כ נחושת4951327763",1,1,96,96,96,96,96,96
2021-02,SKU:99565359,99565359,"T-2 תקע כפול15240111 ממ""ר חור25 נ.כ נחושת4951327763",1,1,108,108,108,108,108,108
2021-11,SKU:99565360,99565360,"VEGA ממ""ר5-38 לוחץ נעלי כבל",1,1,112.53,,112.53,112.53,112.53,112.53
2017-10,SKU:995653682,995653682,RG-59/6 לוחץ משולב,1,1,34.284,34.28,34.284,34.284,34.284,34.284
2021-02,SKU:99565373,99565373,"VEGA מ""מ18 סכין יפני רחב99598019",1,1,12.21,12.21,12.21,12.21,12.21,12.21
2022-02,SKU:99565373,99565373,"VEGA מ""מ18 סכין יפני רחב99598019",1,1,12.15,,12.15,12.15,12.15,12.15
2023-02,SKU:99565373,99565373,"VEGA מ""מ18 סכין יפני רחב99598019",1,1,12.15,12.15,12.15,12.15,12.15,12.15
2023-05,SKU:99565373,99565373,"VEGA מ""מ18 סכין יפני רחב99598019",1,1,12.15,12.15,12.15,12.15,12.15,12.15
2024-09,SKU:99565373,99565373,"VEGA מ""מ18 סכין יפני רחב99598019",1,1,12.15,12.15,12.15,12.15,12.15,12.15
2023-06,SKU:995653741,995653741,"ממ""ר8-28 Jokari מקלף כבל 995653741 ()המקורי",2,2,59.9625,59.96,59.9625,59.9625,59.9625,59.9625
2020-01,SKU:995653749,995653749,"WEICON NO.S4-28 ממ""ר4-28 מקלף כבלים כולל להב תוכי",1,1,58.5772,58.58,58.5772,58.5772,58.5772,58.5772
2020-02,SKU:995655504,995655504,נשמיה עם פילטר דגם,1,20,13,13,13,13,13,13
2019-08,SKU:9956555051,9956555051,צדדי חזק במיוחד-דבק דו,1,1,19.1356,19.14,19.1356,19.1356,19.1356,19.1356
2020-02,SKU:9956555051,9956555051,צדדי חזק במיוחד-דבק דו,1,1,18.2658,18.27,18.2658,18.2658,18.2658,18.2658
2020-07,SKU:9956555051,9956555051,צדדי חזק במיוחד-דבק דו,1,1,19.9364,19.94,19.9364,19.9364,19.9364,19.9364
2020-12,SKU:9956555051,9956555051,צדדי חזק במיוחד-דבק דו,1,1,19.9364,19.94,19.9364,19.9364,19.9364,19.9364
2022-08,SKU:9956555051,9956555051,צדדי חזק במיוחד-דבק דו,1,1,20.8008,20.8,20.8008,20.8008,20.8008,20.8008
2022-11,SKU:9956555051,9956555051,צדדי חזק במיוחד-דבק דו,1,1,21.6675,21.67,21.6675,21.6675,21.6675,21.6675
2024-03,SKU:9956555051,9956555051,צדדי חזק במיוחד-דבק דו,1,2,22.7475,22.75,22.7475,22.7475,22.7475,22.7475
2022-11,SKU:995655892,995655892,"(1/4"" 3/8"" 1/2"") יח'(מתאמים לאימפקט לבוקסות3) סט",1,1,10.4175,10.42,10.4175,10.4175,10.4175,10.4175
2017-10,SKU:99565602,99565602,'כף בנאים מס,1,1,5.484,5.48,5.484,5.484,5.484,5.484
2019-07,SKU:99565602,99565602,'כף בנאים מס,1,1,6.0324,6.03,6.0324,6.0324,6.0324,6.0324
2021-11,SKU:99565602,99565602,'כף בנאים מס,1,2,3.6975,,3.6975,3.6975,3.6975,3.6975
2022-08,SKU:99565602,99565602,'כף בנאים מס,1,1,3.5496,3.55,3.5496,3.5496,3.5496,3.5496
2022-10,SKU:99565602,99565602,'כף בנאים מס,1,2,3.6975,3.7,3.6975,3.6975,3.6975,3.6975
2022-12,SKU:99565602,99565602,'כף בנאים מס,1,2,3.5496,3.55,3.5496,3.5496,3.5496,3.5496
2024-05,SKU:99565602,99565602,'כף בנאים מס,1,2,3.6975,3.7,3.6975,3.6975,3.6975,3.6975
2024-10,SKU:99565602,99565602,'כף בנאים מס,1,2,3.9525,3.955,3.9525,3.9525,3.9525,3.9525
2019-06,SKU:99565615,99565615,B2 קצף פוליאורטן מעכב בערה,1,2,17.95,17.95,17.95,17.95,17.95,17.95
2020-01,SKU:99565615,99565615,B2 קצף פוליאורטן מעכב בערה,1,4,25,25,25,25,25,25
2020-10,SKU:99565615,99565615,B2 קצף פוליאורטן מעכב בערה,1,1,25.144,25.14,25.144,25.144,25.144,25.144
2022-01,SKU:99565615,99565615,B2 קצף פוליאורטן מעכב בערה,1,5,31.635,,31.635,31.635,31.635,31.635
2024-08,SKU:99565630,99565630,/16 עוגן מתכת ראש אום,1,4,2.37,2.37,2.37,2.37,2.37,2.37
2022-10,SKU:99565636,99565636,/4 עוגן ג'מבו מתכת ראש בורג,1,50,0.6,0.6,0.6,0.6,0.6,0.6
2017-10,SKU:99565638,99565638,/16 עוגן ג'מבו מתכת ראש בורג,1,15,0.5,0.5,0.5,0.5,0.5,0.5
2020-12,SKU:99565638,99565638,/16 עוגן ג'מבו מתכת ראש בורג,1,100,0.88,0.88,0.88,0.88,0.88,0.88
2021-05,SKU:99565638,99565638,/16 עוגן ג'מבו מתכת ראש בורג,1,50,0.99,,0.99,0.99,0.99,0.99
2021-06,SKU:99565638,99565638,/16 עוגן ג'מבו מתכת ראש בורג,2,51,0.99,,0.99,0.99,0.99,0.99
2022-02,SKU:99565638,99565638,/16 עוגן ג'מבו מתכת ראש בורג,1,5,2.31,,2.31,2.31,2.31,2.31
2022-10,SKU:99565638,99565638,/16 עוגן ג'מבו מתכת ראש בורג,1,50,0.88,0.88,0.88,0.88,0.88,0.88
2023-04,SKU:99565638,99565638,/16 עוגן ג'מבו מתכת ראש בורג,1,14,1.2,1.2,1.2,1.2,1.2,1.2
2022-11,SKU:99565640,99565640,/8 עוגן ג'מבו מתכת ראש בורג,1,50,1.71,1.71,1.71,1.71,1.71,1.71
2024-09,SKU:99565640,99565640,/8 עוגן ג'מבו מתכת ראש בורג,1,2,1.482,1.48,1.482,1.482,1.482,1.482
2023-02,SKU:99565645,99565645,/4 עוגן וו סגור,1,5,1.68,1.68,1.68,1.68,1.68,1.68
2023-04,SKU:99565645,99565645,/4 עוגן וו סגור,1,6,1.2,1.2,1.2,1.2,1.2,1.2
2023-02,SKU:99565646,99565646,/16 עוגן וו פתוח,1,5,1.74,1.74,1.74,1.74,1.74,1.74
2021-08,SKU:99565647,99565647,/16 עוגן וו סגור,1,4,1.7136,,1.7136,1.7136,1.7136,1.7136
2018-11,SKU:995657431,995657431,/L כפפות שחורות לחשמלאים,1,12,2.05,2.05,2.05,2.05,2.05,2.05
2019-09,SKU:995657432,995657432,/xL כפפות שחורות לחשמלאים,2,36,2.45,2.4667,2.4,2.5,2.5,2.4
2020-02,SKU:995657432,995657432,/xL כפפות שחורות לחשמלאים,1,12,1.9,1.9,1.9,1.9,1.9,1.9
2020-07,SKU:995657432,995657432,/xL כפפות שחורות לחשמלאים,1,7,2.3892,2.3886,2.3892,2.3892,2.3892,2.3892
2020-09,SKU:995657432,995657432,/xL כפפות שחורות לחשמלאים,2,24,3.52,3.52,3.52,3.52,3.52,3.52
2022-01,SKU:995657432,995657432,/xL כפפות שחורות לחשמלאים,1,10,2.43,,2.43,2.43,2.43,2.43
2022-02,SKU:995657432,995657432,/xL כפפות שחורות לחשמלאים,1,12,2.43,,2.43,2.43,2.43,2.43
2022-08,SKU:995657432,995657432,/xL כפפות שחורות לחשמלאים,1,12,2.13,2.13,2.13,2.13,2.13,2.13
2019-09,SKU:995657433,995657433,/xxL כפפות שחורות לחשמלאים,1,12,4.5,4.5,4.5,4.5,4.5,4.5
2019-10,SKU:995657433,995657433,/xxL כפפות שחורות לחשמלאים,1,10,4.5,4.5,4.5,4.5,4.5,4.5
2020-12,SKU:995657433,995657433,/xxL כפפות שחורות לחשמלאים,1,10,6.6,6.6,6.6,6.6,6.6,6.6
2021-06,SKU:995657433,995657433,/xxL כפפות שחורות לחשמלאים,1,12,2.388,,2.388,2.388,2.388,2.388
2019-03,SKU:995657438,995657438,FE18 E9 NHxH 3x1.5 כבל10603 !!! בלדח דקור' קומפלט תקני1050020,2,2,16.57,16.57,16.57,16.57,16.57,16.57
2020-03,SKU:99565761,99565761,ספריי צבע לבן,1,3,4.3218,4.3233,4.3218,4.3218,4.3218,4.3218
2019-09,SKU:99565764,99565764,(12) כחול-גיר סימון שמן99565213,1,2,4.116,4.115,4.116,4.116,4.116,4.116
2020-01,SKU:99565764,99565764,(12) כחול-גיר סימון שמן99565213,1,9,4.5276,4.5278,4.5276,4.5276,4.5276,4.5276
2020-03,SKU:99565764,99565764,(12) כחול-גיר סימון שמן99565213,1,6,4.3218,4.3217,4.3218,4.3218,4.3218,4.3218
2020-06,SKU:99565764,99565764,(12) כחול-גיר סימון שמן99565213,1,1,4.9182,4.92,4.9182,4.9182,4.9182,4.9182
2020-08,SKU:99565764,99565764,(12) כחול-גיר סימון שמן99565213,2,15,5.15,5.1527,5.15,5.15,5.15,5.15
2021-10,SKU:99565764,99565764,(12) כחול-גיר סימון שמן99565213,1,2,4.9104,,4.9104,4.9104,4.9104,4.9104
2022-02,SKU:99565764,99565764,(12) כחול-גיר סימון שמן99565213,1,3,5.115,,5.115,5.115,5.115,5.115
2022-04,SKU:99565764,99565764,(12) כחול-גיר סימון שמן99565213,1,6,5.115,5.115,5.115,5.115,5.115,5.115
2022-05,SKU:99565764,99565764,(12) כחול-גיר סימון שמן99565213,1,2,4.9104,4.91,4.9104,4.9104,4.9104,4.9104
2022-07,SKU:99565764,99565764,(12) כחול-גיר סימון שמן99565213,1,1,5.115,5.12,5.115,5.115,5.115,5.115
2022-09,SKU:99565764,99565764,(12) כחול-גיר סימון שמן99565213,1,1,4.9104,4.91,4.9104,4.9104,4.9104,4.9104
2022-10,SKU:99565764,99565764,(12) כחול-גיר סימון שמן99565213,1,2,5.115,5.115,5.115,5.115,5.115,5.115
2023-05,SKU:99565764,99565764,(12) כחול-גיר סימון שמן99565213,1,2,5.115,5.115,5.115,5.115,5.115,5.115
2023-06,SKU:99565764,99565764,(12) כחול-גיר סימון שמן99565213,1,1,5.115,5.12,5.115,5.115,5.115,5.115
2023-08,SKU:99565764,99565764,(12) כחול-גיר סימון שמן99565213,1,1,5.115,5.12,5.115,5.115,5.115,5.115
2024-02,SKU:99565764,99565764,(12) כחול-גיר סימון שמן99565213,1,1,5.115,5.12,5.115,5.115,5.115,5.115
2024-03,SKU:99565764,99565764,(12) כחול-גיר סימון שמן99565213,1,1,5.115,5.12,5.115,5.115,5.115,5.115
2024-06,SKU:99565764,99565764,(12) כחול-גיר סימון שמן99565213,2,2,5.115,5.12,5.115,5.115,5.115,5.115
2017-10,SKU:99565765,99565765,ספריי צבע כסף,2,2,4,4,4,4,4,4
2019-09,SKU:99565767,99565767,ספריי צבע צהוב,1,2,4.116,4.115,4.116,4.116,4.116,4.116
2020-02,SKU:9956596,9956596,משקפי מגן וירטואה שקוף/אפור,1,2,20.6976,20.7,20.6976,20.6976,20.6976,20.6976
2018-12,SKU:995659910,995659910,AD1123M שניות ג'ל3 זוג דבק,1,1,8.9215,8.92,8.9215,8.9215,8.9215,8.9215
2021-08,SKU:995659910,995659910,AD1123M שניות ג'ל3 זוג דבק,2,2,10.8,,10.8,10.8,10.8,10.8
2018-12,SKU:9956599111,9956599111,"מ""ל נקי330453M דבק ג'יל שקוף",1,1,9.256,9.26,9.256,9.256,9.256,9.256
2022-11,SKU:9956599111,9956599111,"מ""ל נקי330453M דבק ג'יל שקוף",1,1,11.8575,11.86,11.8575,11.8575,11.8575,11.8575
2022-02,SKU:99566003,99566003,"VDE 1000V מ""מ מבודד20 פלייר שפיץ",1,1,63.0975,,63.0975,63.0975,63.0975,63.0975
2020-10,SKU:99566004,99566004,VDE 1000V 18 פלייר מבודד,1,1,52.8,52.8,52.8,52.8,52.8,52.8
2021-06,SKU:99566004,99566004,VDE 1000V 18 פלייר מבודד,1,1,59.4,,59.4,59.4,59.4,59.4
2017-10,SKU:99566007,99566007,VDE 1000V 20 פלייר שפיץ מכופף,1,1,50,50,50,50,50,50
2024-03,SKU:995660430,995660430,VDE 1000V 5mm אלן מבודדT מפתח/ידית,1,1,53.4075,53.41,53.4075,53.4075,53.4075,53.4075
2020-12,SKU:9956615010,9956615010,WERA COMFORT 1000V 3.0x10 מברג,1,1,12.5708,12.57,12.5708,12.5708,12.5708,12.5708
2019-10,SKU:9956615018,9956615018,WERA קצה לייזר1000V 3x10 מברג,1,1,23.8876,23.89,23.8876,23.8876,23.8876,23.8876
2022-08,SKU:9956615030,9956615030,WERA COMFORT 1000V 0x8 מברג פיליפס,1,1,23.8464,23.85,23.8464,23.8464,23.8464,23.8464
2020-09,SKU:9956615041,9956615041,(מבצע מקומית)חולון,1,1,77,77,77,77,77,77
2020-10,SKU:9956615041,9956615041,(מבצע מקומית)חולון,1,1,83.208,83.21,83.208,83.208,83.208,83.208
2021-06,SKU:9956615041,9956615041,(מבצע מקומית)חולון,1,2,102.969,,102.969,102.969,102.969,102.969
2021-11,SKU:9956615041,9956615041,(מבצע מקומית)חולון,1,1,101.01,,101.01,101.01,101.01,101.01
2021-12,SKU:9956615041,9956615041,(מבצע מקומית)חולון,1,0,67.52,,67.52,67.52,67.52,67.52
2022-02,SKU:9956615041,9956615041,(מבצע מקומית)חולון,1,2,101.01,,101.01,101.01,101.01,101.01
2022-04,SKU:9956615041,9956615041,(מבצע מקומית)חולון,2,2,98.9898,98.99,96.9696,101.01,96.9696,101.01
2022-08,SKU:9956615041,9956615041,(מבצע מקומית)חולון,1,1,96.9696,96.97,96.9696,96.9696,96.9696,96.9696
2022-12,SKU:9956615041,9956615041,(מבצע מקומית)חולון,1,1,96.9696,96.97,96.9696,96.9696,96.9696,96.9696
2023-05,SKU:9956615041,9956615041,(מבצע מקומית)חולון,1,1,101.01,101.01,101.01,101.01,101.01,101.01
2023-07,SKU:9956615041,9956615041,(מבצע מקומית)חולון,2,2,98.9898,98.99,96.9696,101.01,96.9696,101.01
2023-08,SKU:9956615041,9956615041,(מבצע מקומית)חולון,1,1,101.01,101.01,101.01,101.01,101.01,101.01
2024-04,SKU:9956615048,9956615048,WERA 1000V להב דק3.5x10 מברג שטוח מבודד,1,1,27.48,27.48,27.48,27.48,27.48,27.48
2024-04,SKU:9956615055,9956615055,WERA 1000V יח'(להב דק7) סט מברגים,1,1,134.5725,134.57,134.5725,134.5725,134.5725,134.5725
2019-11,SKU:9956615223,9956615223,!!! בלדח דקור' קומפלט תקני1050020,1,2,69.14,69.14,69.14,69.14,69.14,69.14
2022-11,SKU:9956615244,9956615244,WERA 1000V פיליפס+ יח קצה לייזר שטוח7 סט מברגים,1,1,168.855,168.86,168.855,168.855,168.855,168.855
2020-11,SKU:9956615254,9956615254,WERA 2x25 (ביט פיליפס100) מארז,1,1,118.856,118.86,118.856,118.856,118.856,118.856
2024-02,SKU:9956615256,9956615256,()ירוק/אדוםWERA PH2x9 ביט פיליפס מגנטי קצה לייזר,1,1,17.115,17.12,17.115,17.115,17.115,17.115
2025-01,SKU:9956615256,9956615256,()ירוק/אדוםWERA PH2x9 ביט פיליפס מגנטי קצה לייזר,1,1,17.115,17.12,17.115,17.115,17.115,17.115
2022-10,SKU:9956615257,9956615257,()ירוקWERA PH2x15 ביט פיליפס מגנטי קצה לייזר,1,1,22.335,22.34,22.335,22.335,22.335,22.335
2019-11,SKU:9956615280,9956615280,בוקסות+ ביטים+ חלקים ראצ'ט38 סט,1,1,222.86,222.86,222.86,222.86,222.86,222.86
2024-05,SKU:995781141,995781141,גרם ידית פיבר30 פטיש מכונאים,1,1,15.93,15.93,15.93,15.93,15.93,15.93
2019-08,SKU:99578468,99578468,M 17068 (2) מתלה בינוני,1,3,11.7876,11.7867,11.7876,11.7876,11.7876,11.7876
2019-10,SKU:99585110,99585110,שלבים / חגית4 סולם עץ תקני,1,1,177.2584,177.26,177.2584,177.2584,177.2584,177.2584
2024-10,SKU:99586018,99586018,"מ""מ סיגנט13 לבוקסהT ידית",1,1,36.0375,36.04,36.0375,36.0375,36.0375,36.0375
2022-08,SKU:99586085,99586085,"סיגנט8"" מפתח שוודי כרום",1,2,27.2025,27.205,27.2025,27.2025,27.2025,27.2025
2022-07,SKU:99586176,99586176,אוזניות מגן מפני רעשים סיגנט,1,2,44.87,44.865,44.87,44.87,44.87,44.87
2021-09,SKU:99586223,99586223,"SIGNET מצבים6 ווסת+9"" לוחץ סופיות",1,1,145.08,145.08,145.08,145.08,145.08,145.08
2022-12,SKU:99597004,99597004,(200) WD - 4 תרסיס,1,1,15.336,15.34,15.336,15.336,15.336,15.336
2023-07,SKU:99597004,99597004,(200) WD - 4 תרסיס,1,1,17.0175,17.02,17.0175,17.0175,17.0175,17.0175
2024-10,SKU:99597004,99597004,(200) WD - 4 תרסיס,1,1,14.7675,14.77,14.7675,14.7675,14.7675,14.7675
2019-01,SKU:99597006,99597006,(330) WD - 4 תרסיס,1,1,17.3492,17.35,17.3492,17.3492,17.3492,17.3492
2020-07,SKU:99597006,99597006,(330) WD - 4 תרסיס,1,1,15.7124,15.71,15.7124,15.7124,15.7124,15.7124
2023-03,SKU:995980191,995980191,"KDS L-18 להבים3 + מ""מ נעילה אוטומטית18 סכין יפני",1,2,25.66,25.66,25.66,25.66,25.66,25.66
2020-06,SKU:99598042,99598042,שכבות3 נשמיה חד פעמית כירורגית,1,50,2,2,2,2,2,2
2021-09,SKU:99598042,99598042,שכבות3 נשמיה חד פעמית כירורגית,1,50,0.15,0.15,0.15,0.15,0.15,0.15
2024-11,SKU:9960110591,9960110591,LED זהב+ לבן4 פלפון אימפקט קוטר,1,1,427.777,427.78,427.777,427.777,427.777,427.777
2020-03,SKU:99610611,99610611,KAPRO / GPT שלבים4 סולם עץ תקני,1,1,155,155,155,155,155,155
2020-10,SKU:99610611,99610611,KAPRO / GPT שלבים4 סולם עץ תקני,1,1,165,165,165,165,165,165
2022-10,SKU:99610611,99610611,KAPRO / GPT שלבים4 סולם עץ תקני,1,1,169.632,169.63,169.632,169.632,169.632,169.632
2020-03,SKU:99610612,99610612,KAPRO / GPT שלבים5 סולם עץ תקני,1,1,193.752,193.75,193.752,193.752,193.752,193.752
2020-04,SKU:99610612,99610612,KAPRO / GPT שלבים5 סולם עץ תקני,1,1,193.752,193.75,193.752,193.752,193.752,193.752
2020-06,SKU:99610612,99610612,KAPRO / GPT שלבים5 סולם עץ תקני,1,1,203.4396,203.44,203.4396,203.4396,203.4396,203.4396
2020-12,SKU:99610612,99610612,KAPRO / GPT שלבים5 סולם עץ תקני,1,1,185,185,185,185,185,185
2021-05,SKU:99610612,99610612,KAPRO / GPT שלבים5 סולם עץ תקני,1,1,199,,199,199,199,199
2022-04,SKU:99610612,99610612,KAPRO / GPT שלבים5 סולם עץ תקני,1,1,195.3,195.3,195.3,195.3,195.3,195.3
2020-03,SKU:99610615,99610615,KAPRO /GPT שלבים6 סולם עץ תקני,1,1,232.5,232.5,232.5,232.5,232.5,232.5
2022-06,SKU:99610615,99610615,KAPRO /GPT שלבים6 סולם עץ תקני,1,1,251.1,251.1,251.1,251.1,251.1,251.1
2022-02,SKU:99610621,99610621,KAPRO שלבים8 סולם עץ תקני,1,1,334.8,,334.8,334.8,334.8,334.8
2021-10,SKU:996106750,996106750,4000K שקוע לבן35/35 פרופיל,3,7,241.5,,241.5,241.5,241.5,241.5
2021-10,SKU:996106759,996106759,4000K חיצוני לבן35/35 פרופיל,5,9,241.5,,241.5,241.5,241.5,241.5
2020-06,SKU:996106848,996106848,3000K שקוע לבן8 לגונה,3,10.2,60,60,60,60,60,60
2020-06,SKU:996106849,996106849,4000K שקוע לבן8 לגונה,3,10.2,60,60,60,60,60,60
2022-02,SKU:996107015,996107015,15W 3000K שקוע לבן8 לגונה,2,8,60,,60,60,60,60
2023-02,SKU:99630353,99630353,דיגיטלי2000W צלעות9 רדיאטור,1,1,267.375,267.38,267.375,267.375,267.375,267.375
2022-10,SKU:99634001,99634001,(סירים4) פלטת חימום ענק,1,1,103.23,103.23,103.23,103.23,103.23,103.23
2025-01,SKU:99634005,99634005,שנים/כ.לבן3 מפזר חום מולדת לבן לאמבטיה,1,1,186,186,186,186,186,186
2019-01,SKU:99638213,99638213,"SP-252"" מתאם עד+זרוע דו מפרקית",1,1,217.144,217.14,217.144,217.144,217.144,217.144
2019-01,SKU:99638232,99638232,""" זרוע דו מפרקית עד",1,1,66.668,66.67,66.668,66.668,66.668,66.668
2022-09,SKU:99641117,99641117,אש-(לא מאושר מכבי9V גלאי עשן עצמאי)רק,1,2,29.016,29.015,29.016,29.016,29.016,29.016
2023-09,SKU:99641117,99641117,אש-(לא מאושר מכבי9V גלאי עשן עצמאי)רק,1,1,16.3575,16.36,16.3575,16.3575,16.3575,16.3575
2023-11,SKU:99641117,99641117,אש-(לא מאושר מכבי9V גלאי עשן עצמאי)רק,1,1,16.3575,16.36,16.3575,16.3575,16.3575,16.3575
2017-10,SKU:99688760,99688760,ניתוק אוט' ללא שקע+SM-2/B2 מזגנית,1,5,255,255,255,255,255,255
2017-10,SKU:99688762,99688762,שקע+ 'ניתוק אוט+SM-2/U2 מזגנית,1,5,255,255,255,255,255,255
2023-02,SKU:99700002,99700002,קומקום חשמלי לבן/קרם דגם מפואר,1,1,60.66,60.66,60.66,60.66,60.66,60.66
2019-09,SKU:99700051,99700051,כירת בישול קרמית יחיד,1,1,125.716,125.72,125.716,125.716,125.716,125.716
2021-09,SKU:997217091,997217091,MFT) פונקציות7 או5 רב תחומי230V טיימר,1,1,58.59,58.59,58.59,58.59,58.59,58.59
2021-10,SKU:997217091,997217091,MFT) פונקציות7 או5 רב תחומי230V טיימר,1,8,58.5936,,58.5936,58.5936,58.5936,58.5936
2017-10,SKU:997217092,997217092,פונקציות5 רב תחומיMFT-24V טיימר,1,1,75,75,75,75,75,75
2019-01,SKU:99721814,99721814,RPGNP1 אוGNP13P ממסר גנרטור,1,1,410,410,410,410,410,410
2019-11,SKU:99721814,99721814,RPGNP1 אוGNP13P ממסר גנרטור,1,1,403.22,403.22,403.22,403.22,403.22,403.22
2020-12,SKU:99723502,99723502,מפסק+ מנעול חשמלי צר,1,1,42.7416,42.74,42.7416,42.7416,42.7416,42.7416
2022-12,SKU:99723502,99723502,מפסק+ מנעול חשמלי צר,1,1,39.06,39.06,39.06,39.06,39.06,39.06
2020-12,SKU:997238071,997238071,"מ""מ למברגת אימפקט12 ביט בוקסה מגנטי",1,1,5.9356,5.94,5.9356,5.9356,5.9356,5.9356
2020-12,SKU:997238074,997238074,"מ""מ למברגת אימפקט13 ביט בוקסה מגנטי",1,1,6.9388,6.94,6.9388,6.9388,6.9388,6.9388
2018-11,SKU:997238155,997238155,(מהדקים12)שורה של1 'מהדק פחית מס,2,4,2.744,2.7425,2.744,2.744,2.744,2.744
2018-11,SKU:997238165,997238165,(מהדקים12)שורה של2 'מהדק פחית מס,1,3,4.524,4.5233,4.524,4.524,4.524,4.524
2019-09,SKU:997600200,997600200,חלק אפור שקוףBBI-3-13 'קופ,1,1,48.6332,48.63,48.6332,48.6332,48.6332,48.6332
2020-02,SKU:997600200,997600200,חלק אפור שקוףBBI-3-13 'קופ,2,4,48.6332,48.6325,48.6332,48.6332,48.6332,48.6332
2020-11,SKU:997600200,997600200,חלק אפור שקוףBBI-3-13 'קופ,1,3,48.6332,48.6333,48.6332,48.6332,48.6332,48.6332
2021-02,SKU:997600200,997600200,חלק אפור שקוףBBI-3-13 'קופ,1,1,54.42,54.42,54.42,54.42,54.42,54.42
2022-01,SKU:997600200,997600200,חלק אפור שקוףBBI-3-13 'קופ,1,8,52.7175,,52.7175,52.7175,52.7175,52.7175
2022-05,SKU:997600200,997600200,חלק אפור שקוףBBI-3-13 'קופ,1,1,50.6088,50.61,50.6088,50.6088,50.6088,50.6088
2022-10,SKU:997600200,997600200,חלק אפור שקוףBBI-3-13 'קופ,1,6,52.7175,52.7183,52.7175,52.7175,52.7175,52.7175
2023-02,SKU:997600200,997600200,חלק אפור שקוףBBI-3-13 'קופ,1,5,52.7175,52.718,52.7175,52.7175,52.7175,52.7175
2019-07,SKU:99760021,99760021,חלק אפור שקוףBBI-3-15 'קופ,1,2,48.8838,48.885,48.8838,48.8838,48.8838,48.8838
2019-09,SKU:997600221,997600221,3x2.5 N2XY (מטר כבל)בחבילה595106141.00% שח79.34 מטר16.0 סקטור4x24 NA2xY כבל5954091,2,2,48.6332,48.63,48.6332,48.6332,48.6332,48.6332
2021-02,SKU:997600221,997600221,3x2.5 N2XY (מטר כבל)בחבילה595106141.00% שח79.34 מטר16.0 סקטור4x24 NA2xY כבל5954091,1,8,54.42,54.42,54.42,54.42,54.42,54.42
2022-08,SKU:997600221,997600221,3x2.5 N2XY (מטר כבל)בחבילה595106141.00% שח79.34 מטר16.0 סקטור4x24 NA2xY כבל5954091,1,1,50.6088,50.61,50.6088,50.6088,50.6088,50.6088
2023-04,SKU:997600221,997600221,3x2.5 N2XY (מטר כבל)בחבילה595106141.00% שח79.34 מטר16.0 סקטור4x24 NA2xY כבל5954091,1,15,52.7175,52.7173,52.7175,52.7175,52.7175,52.7175
2023-09,SKU:997600221,997600221,3x2.5 N2XY (מטר כבל)בחבילה595106141.00% שח79.34 מטר16.0 סקטור4x24 NA2xY כבל5954091,2,2,52.7175,52.72,52.7175,52.7175,52.7175,52.7175
2023-12,SKU:997600221,997600221,3x2.5 N2XY (מטר כבל)בחבילה595106141.00% שח79.34 מטר16.0 סקטור4x24 NA2xY כבל5954091,1,1,52.7175,52.72,52.7175,52.7175,52.7175,52.7175
2024-02,SKU:997600221,997600221,3x2.5 N2XY (מטר כבל)בחבילה595106141.00% שח79.34 מטר16.0 סקטור4x24 NA2xY כבל5954091,2,2,46.62,46.62,46.62,46.62,46.62,46.62
2019-11,SKU:99760023,99760023,3x1.5 N2XY (מטר כבל)בחבילה5951021,1,1,52.48,52.48,52.48,52.48,52.48,52.48
2020-12,SKU:99760023,99760023,3x1.5 N2XY (מטר כבל)בחבילה5951021,1,1,51.3172,51.32,51.3172,51.3172,51.3172,51.3172
2022-06,SKU:99760023,99760023,3x1.5 N2XY (מטר כבל)בחבילה5951021,2,2,55.65,55.65,55.65,55.65,55.65,55.65
2017-10,SKU:99760026,99760026,חלק אפור שקוףBBI-4-13 'קופ,1,2,60,60,60,60,60,60
2023-08,SKU:99760026,99760026,חלק אפור שקוףBBI-4-13 'קופ,1,1,60.45,60.45,60.45,60.45,60.45,60.45
2021-11,SKU:99760027,99760027,חלק אפור אטוםBDI-4-15 קופסא,1,1,62.97,,62.97,62.97,62.97,62.97
2021-12,SKU:99760027,99760027,חלק אפור אטוםBDI-4-15 קופסא,1,1,62.97,62.97,62.97,62.97,62.97,62.97
2024-04,SKU:99760027,99760027,חלק אפור אטוםBDI-4-15 קופסא,1,1,55.6875,55.69,55.6875,55.6875,55.6875,55.6875
2017-10,SKU:99761002,99761002,בורג+ יח'(אוזני תליה ממתכת4) סט,1,3,11,11,11,11,11,11
2021-11,SKU:99761002,99761002,בורג+ יח'(אוזני תליה ממתכת4) סט,1,9,11.46,,11.46,11.46,11.46,11.46
2018-08,SKU:99761102,99761102,x80x5 פטמות+ אטומהD-8P קופסא,1,10,4.5136,4.514,4.5136,4.5136,4.5136,4.5136
2018-12,SKU:99761102,99761102,x80x5 פטמות+ אטומהD-8P קופסא,1,10,3.472,3.472,3.472,3.472,3.472,3.472
2019-06,SKU:99761102,99761102,x80x5 פטמות+ אטומהD-8P קופסא,2,35,3.8626,3.8937,3.8192,3.906,3.8192,3.906
2019-09,SKU:99761102,99761102,x80x5 פטמות+ אטומהD-8P קופסא,1,10,3.8192,3.819,3.8192,3.8192,3.8192,3.8192
2020-01,SKU:99761102,99761102,x80x5 פטמות+ אטומהD-8P קופסא,2,40,3.7324,3.7107,3.6456,3.8192,3.6456,3.8192
2020-02,SKU:99761102,99761102,x80x5 פטמות+ אטומהD-8P קופסא,3,70,3.6456,3.6456,3.6456,3.6456,3.6456,3.6456
2020-03,SKU:99761102,99761102,x80x5 פטמות+ אטומהD-8P קופסא,4,76,3.6456,3.6457,3.6456,3.6456,3.6456,3.6456
2020-04,SKU:99761102,99761102,x80x5 פטמות+ אטומהD-8P קופסא,1,5,4.1664,4.166,4.1664,4.1664,4.1664,4.1664
2020-06,SKU:99761102,99761102,x80x5 פטמות+ אטומהD-8P קופסא,2,50,3.8192,3.8192,3.8192,3.8192,3.8192,3.8192
2020-07,SKU:99761102,99761102,x80x5 פטמות+ אטומהD-8P קופסא,1,1,3.8192,3.82,3.8192,3.8192,3.8192,3.8192
2020-10,SKU:99761102,99761102,x80x5 פטמות+ אטומהD-8P קופסא,2,55,3.8192,3.8193,3.8192,3.8192,3.8192,3.8192
2020-12,SKU:99761102,99761102,x80x5 פטמות+ אטומהD-8P קופסא,1,30,3.8192,3.8193,3.8192,3.8192,3.8192,3.8192
2021-06,SKU:99761102,99761102,x80x5 פטמות+ אטומהD-8P קופסא,4,84,4.2756,,4.2756,4.2756,4.2756,4.2756
2021-08,SKU:99761102,99761102,x80x5 פטמות+ אטומהD-8P קופסא,1,45,3.864,,3.864,3.864,3.864,3.864
2021-09,SKU:99761102,99761102,x80x5 פטמות+ אטומהD-8P קופסא,1,25,3.97,3.9744,3.97,3.97,3.97,3.97
2021-10,SKU:99761102,99761102,x80x5 פטמות+ אטומהD-8P קופסא,2,35,3.9744,,3.9744,3.9744,3.9744,3.9744
2021-11,SKU:99761102,99761102,x80x5 פטמות+ אטומהD-8P קופסא,1,20,4.14,,4.14,4.14,4.14,4.14
2021-12,SKU:99761102,99761102,x80x5 פטמות+ אטומהD-8P קופסא,3,30,4.14,4.14,4.14,4.14,4.14,4.14
2022-01,SKU:99761102,99761102,x80x5 פטמות+ אטומהD-8P קופסא,2,25,4.0572,,3.9744,4.14,3.9744,4.14
2022-02,SKU:99761102,99761102,x80x5 פטמות+ אטומהD-8P קופסא,1,100,3.9744,,3.9744,3.9744,3.9744,3.9744
2022-04,SKU:99761102,99761102,x80x5 פטמות+ אטומהD-8P קופסא,4,55,3.9744,3.9744,3.9744,3.9744,3.9744,3.9744
2022-05,SKU:99761102,99761102,x80x5 פטמות+ אטומהD-8P קופסא,1,10,3.9744,3.974,3.9744,3.9744,3.9744,3.9744
2022-06,SKU:99761102,99761102,x80x5 פטמות+ אטומהD-8P קופסא,2,10,4.0572,4.057,3.9744,4.14,3.9744,4.14
2022-11,SKU:99761102,99761102,x80x5 פטמות+ אטומהD-8P קופסא,1,10,4.14,4.14,4.14,4.14,4.14,4.14
2022-12,SKU:99761102,99761102,x80x5 פטמות+ אטומהD-8P קופסא,3,65,3.9744,3.9743,3.9744,3.9744,3.9744,3.9744
2023-07,SKU:99761102,99761102,x80x5 פטמות+ אטומהD-8P קופסא,1,5,4.14,4.14,4.14,4.14,4.14,4.14
2023-09,SKU:99761102,99761102,x80x5 פטמות+ אטומהD-8P קופסא,1,10,4.14,4.14,4.14,4.14,4.14,4.14
2023-10,SKU:99761102,99761102,x80x5 פטמות+ אטומהD-8P קופסא,1,5,4.14,4.14,4.14,4.14,4.14,4.14
2023-11,SKU:99761102,99761102,x80x5 פטמות+ אטומהD-8P קופסא,2,30,4.14,4.14,4.14,4.14,4.14,4.14
2024-01,SKU:99761102,99761102,x80x5 פטמות+ אטומהD-8P קופסא,1,10,4.14,4.14,4.14,4.14,4.14,4.14
2024-02,SKU:99761102,99761102,x80x5 פטמות+ אטומהD-8P קופסא,2,35,4.14,4.14,4.14,4.14,4.14,4.14
2024-04,SKU:99761102,99761102,x80x5 פטמות+ אטומהD-8P קופסא,1,5,3.9525,3.952,3.9525,3.9525,3.9525,3.9525
2024-05,SKU:99761102,99761102,x80x5 פטמות+ אטומהD-8P קופסא,1,9,3.9525,3.9522,3.9525,3.9525,3.9525,3.9525
2024-09,SKU:99761102,99761102,x80x5 פטמות+ אטומהD-8P קופסא,1,1,3.9525,3.95,3.9525,3.9525,3.9525,3.9525
2024-10,SKU:99761102,99761102,x80x5 פטמות+ אטומהD-8P קופסא,1,3,3.9525,3.9533,3.9525,3.9525,3.9525,3.9525
2025-01,SKU:99761102,99761102,x80x5 פטמות+ אטומהD-8P קופסא,1,20,3.9525,3.9525,3.9525,3.9525,3.9525,3.9525
2025-02,SKU:99761102,99761102,x80x5 פטמות+ אטומהD-8P קופסא,3,50,3.9525,3.9526,3.9525,3.9525,3.9525,3.9525
2017-10,SKU:99761104,99761104,100x100x5 פטמותD-1P קופסא,2,2,6,6,6,6,6,6
2020-01,SKU:99761104,99761104,100x100x5 פטמותD-1P קופסא,2,12,5.252,5.2517,5.252,5.252,5.252,5.252
2020-12,SKU:99761104,99761104,100x100x5 פטמותD-1P קופסא,1,10,5.7772,5.777,5.7772,5.7772,5.7772,5.7772
2021-07,SKU:99761104,99761104,100x100x5 פטמותD-1P קופסא,1,20,5.845,,5.845,5.845,5.845,5.845
2021-08,SKU:99761104,99761104,100x100x5 פטמותD-1P קופסא,2,29,5.845,,5.845,5.845,5.845,5.845
2021-10,SKU:99761104,99761104,100x100x5 פטמותD-1P קופסא,1,10,6.012,,6.012,6.012,6.012,6.012
2022-01,SKU:99761104,99761104,100x100x5 פטמותD-1P קופסא,1,8,6.012,,6.012,6.012,6.012,6.012
2023-05,SKU:99761104,99761104,100x100x5 פטמותD-1P קופסא,3,23,6.2775,6.2778,6.2775,6.2775,6.2775,6.2775
2023-09,SKU:99761104,99761104,100x100x5 פטמותD-1P קופסא,3,28,6.2775,6.2779,6.2775,6.2775,6.2775,6.2775
2023-11,SKU:99761104,99761104,100x100x5 פטמותD-1P קופסא,1,6,6.2775,6.2783,6.2775,6.2775,6.2775,6.2775
2024-01,SKU:99761104,99761104,100x100x5 פטמותD-1P קופסא,1,4,6.2775,6.2775,6.2775,6.2775,6.2775,6.2775
2024-03,SKU:99761104,99761104,100x100x5 פטמותD-1P קופסא,1,5,5.985,5.986,5.985,5.985,5.985,5.985
2024-04,SKU:99761104,99761104,100x100x5 פטמותD-1P קופסא,1,10,5.985,5.985,5.985,5.985,5.985,5.985
2024-05,SKU:99761104,99761104,100x100x5 פטמותD-1P קופסא,1,10,5.985,5.985,5.985,5.985,5.985,5.985
2024-08,SKU:99761104,99761104,100x100x5 פטמותD-1P קופסא,2,21,5.985,5.9852,5.985,5.985,5.985,5.985
2024-09,SKU:99761104,99761104,100x100x5 פטמותD-1P קופסא,1,1,5.985,5.99,5.985,5.985,5.985,5.985
2024-10,SKU:99761104,99761104,100x100x5 פטמותD-1P קופסא,1,2,5.985,5.985,5.985,5.985,5.985,5.985
2025-02,SKU:99761104,99761104,100x100x5 פטמותD-1P קופסא,2,20,5.985,5.985,5.985,5.985,5.985,5.985
2020-08,SKU:99761106,99761106,EVIK ג'ל השחלה21048 SUPER NW-1 (שקע כח מוגן מים)חדש6950020681,1,1,17.14,17.14,17.14,17.14,17.14,17.14
2023-02,SKU:99761106,99761106,EVIK ג'ל השחלה21048 SUPER NW-1 (שקע כח מוגן מים)חדש6950020681,1,1,18.5775,18.58,18.5775,18.5775,18.5775,18.5775
2017-10,SKU:99761110,99761110,חלק80x80x5 אפור אטוםD-8,2,10,3.67,3.67,3.67,3.67,3.67,3.67
2019-06,SKU:99761110,99761110,חלק80x80x5 אפור אטוםD-8,3,8,3.2296,3.23,3.2296,3.2296,3.2296,3.2296
2020-01,SKU:99761110,99761110,חלק80x80x5 אפור אטוםD-8,1,5,2.936,2.936,2.936,2.936,2.936,2.936
2021-04,SKU:99761110,99761110,חלק80x80x5 אפור אטוםD-8,1,5,3.784,3.784,3.784,3.784,3.784,3.784
2021-12,SKU:99761110,99761110,חלק80x80x5 אפור אטוםD-8,1,10,4.14,4.14,4.14,4.14,4.14,4.14
2022-11,SKU:99761110,99761110,חלק80x80x5 אפור אטוםD-8,1,5,3.4875,3.488,3.4875,3.4875,3.4875,3.4875
2024-11,SKU:99761110,99761110,חלק80x80x5 אפור אטוםD-8,1,10,6.105,6.105,6.105,6.105,6.105,6.105
2019-10,SKU:99761112,99761112,חלקה100x100x5 אפור אטוםD-1 קופסא,1,1,5.2096,5.21,5.2096,5.2096,5.2096,5.2096
2024-10,SKU:99761112,99761112,חלקה100x100x5 אפור אטוםD-1 קופסא,1,2,5.3475,5.35,5.3475,5.3475,5.3475,5.3475
2018-11,SKU:99761113,99761113,חלק190x150x10 אפור אטוםD-2 קופסא,1,1,20,20,20,20,20,20
2017-10,SKU:997611131,997611131,x150x10 פטמות+ אטוםD-2P קופסא,1,1,28.8,28.8,28.8,28.8,28.8,28.8
2017-10,SKU:99761114,99761114,חלק190x150x8 אפור אטוםD-2 קופסא,1,1,15.7872,15.79,15.7872,15.7872,15.7872,15.7872
2019-07,SKU:99761114,99761114,חלק190x150x8 אפור אטוםD-2 קופסא,1,3,13.8138,13.8133,13.8138,13.8138,13.8138,13.8138
2019-09,SKU:99761114,99761114,חלק190x150x8 אפור אטוםD-2 קופסא,1,1,13.8138,13.81,13.8138,13.8138,13.8138,13.8138
2017-10,SKU:99761118,99761118,x114x7 אפור חלק אטוםD-24 קופסא,1,5,11.1168,11.116,11.1168,11.1168,11.1168,11.1168
2019-10,SKU:99761118,99761118,x114x7 אפור חלק אטוםD-24 קופסא,1,1,10.186,10.19,10.186,10.186,10.186,10.186
2020-07,SKU:99761214,99761214,"מקום תה""ט4 D-14 קופסא",2,2,23.1572,23.16,23.1572,23.1572,23.1572,23.1572
2020-08,SKU:99761214,99761214,"מקום תה""ט4 D-14 קופסא",2,3,23.16,23.1567,23.16,23.16,23.16,23.16
2020-09,SKU:99761214,99761214,"מקום תה""ט4 D-14 קופסא",2,3,23.1572,23.1567,23.1572,23.1572,23.1572,23.1572
2020-10,SKU:99761214,99761214,"מקום תה""ט4 D-14 קופסא",1,1,23.1572,23.16,23.1572,23.1572,23.1572,23.1572
2020-11,SKU:99761214,99761214,"מקום תה""ט4 D-14 קופסא",1,2,23.1572,23.155,23.1572,23.1572,23.1572,23.1572
2020-12,SKU:99761214,99761214,"מקום תה""ט4 D-14 קופסא",3,10,23.1572,23.156,23.1572,23.1572,23.1572,23.1572
2022-06,SKU:99761214,99761214,"מקום תה""ט4 D-14 קופסא",1,5,24.1056,24.106,24.1056,24.1056,24.1056,24.1056
2023-02,SKU:99761214,99761214,"מקום תה""ט4 D-14 קופסא",1,5,25.11,25.11,25.11,25.11,25.11,25.11
2023-07,SKU:99761214,99761214,"מקום תה""ט4 D-14 קופסא",2,3,25.11,25.11,25.11,25.11,25.11,25.11
2018-11,SKU:99761215,99761215,SUPER N1-C מפסק חילוף69522050303-207125A 2x7 פס צבירה מבודד99223001,1,2,24.212,24.21,24.212,24.212,24.212,24.212
2021-02,SKU:99761215,99761215,SUPER N1-C מפסק חילוף69522050303-207125A 2x7 פס צבירה מבודד99223001,1,1,29.81,29.81,29.81,29.81,29.81,29.81
2018-11,SKU:997612160,997612160,מתאם+ שקע כח לבן4+ תהטD-17 'קופ,1,1,44.212,44.21,44.212,44.212,44.212,44.212
2022-08,SKU:997612160,997612160,מתאם+ שקע כח לבן4+ תהטD-17 'קופ,1,3,52.7325,52.7333,52.7325,52.7325,52.7325,52.7325
2017-10,SKU:99761217,99761217,"מקום עה""ט ריקה8 D-18 'קופ",1,2,30.5505,30.55,30.5505,30.5505,30.5505,30.5505
2017-10,SKU:99761218,99761218,"מקום תה""ט ריקה8 D-18 'קופ",3,5,27.156,27.156,27.156,27.156,27.156,27.156
2018-11,SKU:99761218,99761218,"מקום תה""ט ריקה8 D-18 'קופ",2,3,27.156,27.1567,27.156,27.156,27.156,27.156
2019-01,SKU:99761218,99761218,"מקום תה""ט ריקה8 D-18 'קופ",2,6,27.156,27.1567,27.156,27.156,27.156,27.156
2019-03,SKU:99761218,99761218,"מקום תה""ט ריקה8 D-18 'קופ",2,7,27.16,27.1571,27.16,27.16,27.16,27.16
2019-06,SKU:99761218,99761218,"מקום תה""ט ריקה8 D-18 'קופ",1,8,28.5138,28.5138,28.5138,28.5138,28.5138,28.5138
2019-07,SKU:99761218,99761218,"מקום תה""ט ריקה8 D-18 'קופ",1,1,28.5138,28.51,28.5138,28.5138,28.5138,28.5138
2019-10,SKU:99761218,99761218,"מקום תה""ט ריקה8 D-18 'קופ",1,4,29.8716,29.8725,29.8716,29.8716,29.8716,29.8716
2019-11,SKU:99761218,99761218,"מקום תה""ט ריקה8 D-18 'קופ",1,4,28.52,28.515,28.52,28.52,28.52,28.52
2020-06,SKU:99761218,99761218,"מקום תה""ט ריקה8 D-18 'קופ",2,8,29.8716,29.8713,29.8716,29.8716,29.8716,29.8716
2020-07,SKU:99761218,99761218,"מקום תה""ט ריקה8 D-18 'קופ",1,4,29.8716,29.8725,29.8716,29.8716,29.8716,29.8716
2020-09,SKU:99761218,99761218,"מקום תה""ט ריקה8 D-18 'קופ",2,6,29.8716,29.8717,29.8716,29.8716,29.8716,29.8716
2020-10,SKU:99761218,99761218,"מקום תה""ט ריקה8 D-18 'קופ",2,2,29.1927,29.19,28.5138,29.8716,28.5138,29.8716
2020-11,SKU:99761218,99761218,"מקום תה""ט ריקה8 D-18 'קופ",1,4,29.8716,29.8725,29.8716,29.8716,29.8716,29.8716
2020-12,SKU:99761218,99761218,"מקום תה""ט ריקה8 D-18 'קופ",3,11,29.8716,29.8709,29.8716,29.8716,29.8716,29.8716
2021-02,SKU:99761218,99761218,"מקום תה""ט ריקה8 D-18 'קופ",1,1,31.84,31.84,31.84,31.84,31.84,31.84
2021-04,SKU:99761218,99761218,"מקום תה""ט ריקה8 D-18 'קופ",2,3,33.4362,33.4367,33.4362,33.4362,33.4362,33.4362
2021-06,SKU:99761218,99761218,"מקום תה""ט ריקה8 D-18 'קופ",2,2,33.4362,,33.4362,33.4362,33.4362,33.4362
2021-07,SKU:99761218,99761218,"מקום תה""ט ריקה8 D-18 'קופ",2,3,30.6578,,30.226,31.0896,30.226,31.0896
2022-02,SKU:99761218,99761218,"מקום תה""ט ריקה8 D-18 'קופ",1,4,31.0896,,31.0896,31.0896,31.0896,31.0896
2022-04,SKU:99761218,99761218,"מקום תה""ט ריקה8 D-18 'קופ",2,6,31.0896,31.09,31.0896,31.0896,31.0896,31.0896
2022-06,SKU:99761218,99761218,"מקום תה""ט ריקה8 D-18 'קופ",1,2,31.0896,31.09,31.0896,31.0896,31.0896,31.0896
2022-07,SKU:99761218,99761218,"מקום תה""ט ריקה8 D-18 'קופ",2,6,31.7373,31.5217,31.0896,32.385,31.0896,32.385
2022-08,SKU:99761218,99761218,"מקום תה""ט ריקה8 D-18 'קופ",1,3,32.385,32.3867,32.385,32.385,32.385,32.385
2022-09,SKU:99761218,99761218,"מקום תה""ט ריקה8 D-18 'קופ",5,17,31.0896,31.09,31.0896,31.0896,31.0896,31.0896
2022-10,SKU:99761218,99761218,"מקום תה""ט ריקה8 D-18 'קופ",2,3,32.385,32.3867,32.385,32.385,32.385,32.385
2022-11,SKU:99761218,99761218,"מקום תה""ט ריקה8 D-18 'קופ",1,2,32.385,32.385,32.385,32.385,32.385,32.385
2022-12,SKU:99761218,99761218,"מקום תה""ט ריקה8 D-18 'קופ",4,12,31.0896,31.63,31.0896,32.385,31.0896,31.0896
2023-02,SKU:99761218,99761218,"מקום תה""ט ריקה8 D-18 'קופ",3,18,32.385,32.0256,31.0896,32.385,31.0896,32.385
2023-03,SKU:99761218,99761218,"מקום תה""ט ריקה8 D-18 'קופ",3,15,32.39,32.3853,32.39,32.39,32.39,32.39
2023-04,SKU:99761218,99761218,"מקום תה""ט ריקה8 D-18 'קופ",1,4,32.385,32.385,32.385,32.385,32.385,32.385
2023-05,SKU:99761218,99761218,"מקום תה""ט ריקה8 D-18 'קופ",1,1,32.385,32.39,32.385,32.385,32.385,32.385
2023-06,SKU:99761218,99761218,"מקום תה""ט ריקה8 D-18 'קופ",3,12,32.385,32.385,32.385,32.385,32.385,32.385
2023-07,SKU:99761218,99761218,"מקום תה""ט ריקה8 D-18 'קופ",1,4,32.385,32.385,32.385,32.385,32.385,32.385
2023-08,SKU:99761218,99761218,"מקום תה""ט ריקה8 D-18 'קופ",2,10,31.7373,31.608,31.0896,32.385,31.0896,32.385
2024-01,SKU:99761218,99761218,"מקום תה""ט ריקה8 D-18 'קופ",1,4,32.385,32.385,32.385,32.385,32.385,32.385
2024-04,SKU:99761218,99761218,"מקום תה""ט ריקה8 D-18 'קופ",2,2,26.625,26.63,26.625,26.625,26.625,26.625
2024-06,SKU:99761218,99761218,"מקום תה""ט ריקה8 D-18 'קופ",1,4,26.625,26.625,26.625,26.625,26.625,26.625
2018-11,SKU:99761220,99761220,מתאם+ שקע כח לבן6+ תהטD-18 'קופ,1,1,57.896,57.9,57.896,57.896,57.896,57.896
2019-03,SKU:997612215,997612215,"16A/250V P-1 שקע כח ירדן עה""ט835551",1,1,62.28,62.28,62.28,62.28,62.28,62.28
2019-06,SKU:997612215,997612215,"16A/250V P-1 שקע כח ירדן עה""ט835551",1,1,65.3982,65.4,65.3982,65.3982,65.3982,65.3982
2020-06,SKU:997612215,997612215,"16A/250V P-1 שקע כח ירדן עה""ט835551",1,3,68.5124,68.5133,68.5124,68.5124,68.5124,68.5124
2020-07,SKU:997612215,997612215,"16A/250V P-1 שקע כח ירדן עה""ט835551",1,1,68.5124,68.51,68.5124,68.5124,68.5124,68.5124
2021-01,SKU:997612215,997612215,"16A/250V P-1 שקע כח ירדן עה""ט835551",1,1,68.51,68.51,68.51,68.51,68.51,68.51
2022-06,SKU:997612215,997612215,"16A/250V P-1 שקע כח ירדן עה""ט835551",1,2,65.6784,65.68,65.6784,65.6784,65.6784,65.6784
2023-09,SKU:997612215,997612215,"16A/250V P-1 שקע כח ירדן עה""ט835551",1,1,68.415,68.42,68.415,68.415,68.415,68.415
2023-11,SKU:997612215,997612215,"16A/250V P-1 שקע כח ירדן עה""ט835551",1,1,68.415,68.42,68.415,68.415,68.415,68.415
2024-11,SKU:997612215,997612215,"16A/250V P-1 שקע כח ירדן עה""ט835551",1,10,61.7325,61.733,61.7325,61.7325,61.7325,61.7325
2025-01,SKU:997612215,997612215,"16A/250V P-1 שקע כח ירדן עה""ט835551",1,4,61.7325,61.7325,61.7325,61.7325,61.7325,61.7325
2019-03,SKU:99761222,99761222,D-.. זוג שקעי כח לבן לקופסא99761232,2,2,66.31,66.31,66.31,66.31,66.31,66.31
2017-10,SKU:99761224,99761224,D-.. זוג שקעי כח לבן לקופסא99761232,2,22,2.125,2.0227,2,2.25,2.25,2
2018-11,SKU:99761224,99761224,D-.. זוג שקעי כח לבן לקופסא99761232,2,4,2,2,2,2,2,2
2019-01,SKU:99761224,99761224,D-.. זוג שקעי כח לבן לקופסא99761232,2,20,2,2,2,2,2,2
2019-03,SKU:99761224,99761224,D-.. זוג שקעי כח לבן לקופסא99761232,1,10,2,2,2,2,2,2
2019-06,SKU:99761224,99761224,D-.. זוג שקעי כח לבן לקופסא99761232,1,20,2.1,2.1,2.1,2.1,2.1,2.1
2019-10,SKU:99761224,99761224,D-.. זוג שקעי כח לבן לקופסא99761232,1,4,2.2,2.2,2.2,2.2,2.2,2.2
2019-11,SKU:99761224,99761224,D-.. זוג שקעי כח לבן לקופסא99761232,1,4,2.1,2.1,2.1,2.1,2.1,2.1
2020-02,SKU:99761224,99761224,D-.. זוג שקעי כח לבן לקופסא99761232,1,2,2.2,2.2,2.2,2.2,2.2,2.2
2020-03,SKU:99761224,99761224,D-.. זוג שקעי כח לבן לקופסא99761232,1,1,2.1,2.1,2.1,2.1,2.1,2.1
2020-09,SKU:99761224,99761224,D-.. זוג שקעי כח לבן לקופסא99761232,1,6,2.2,2.2,2.2,2.2,2.2,2.2
2020-11,SKU:99761224,99761224,D-.. זוג שקעי כח לבן לקופסא99761232,3,86,2.1,2.1581,2.1,2.2,2.1,2.2
2020-12,SKU:99761224,99761224,D-.. זוג שקעי כח לבן לקופסא99761232,3,52,2.2,2.2,2.2,2.2,2.2,2.2
2021-02,SKU:99761224,99761224,D-.. זוג שקעי כח לבן לקופסא99761232,2,11,1.345,1.3827,1.3,1.39,1.3,1.39
2021-03,SKU:99761224,99761224,D-.. זוג שקעי כח לבן לקופסא99761232,1,2,1.24,1.235,1.24,1.24,1.24,1.24
2021-04,SKU:99761224,99761224,D-.. זוג שקעי כח לבן לקופסא99761232,2,40,1.2669,1.267,1.236,1.2978,1.236,1.2978
2021-05,SKU:99761224,99761224,D-.. זוג שקעי כח לבן לקופסא99761232,1,20,1.2978,,1.2978,1.2978,1.2978,1.2978
2021-11,SKU:99761224,99761224,D-.. זוג שקעי כח לבן לקופסא99761232,1,2,1.62,,1.62,1.62,1.62,1.62
2022-01,SKU:99761224,99761224,D-.. זוג שקעי כח לבן לקופסא99761232,4,25,1.5552,,1.5552,1.5552,1.5552,1.5552
2022-06,SKU:99761224,99761224,D-.. זוג שקעי כח לבן לקופסא99761232,1,10,1.62,1.62,1.62,1.62,1.62,1.62
2022-07,SKU:99761224,99761224,D-.. זוג שקעי כח לבן לקופסא99761232,2,20,1.5576,1.555,1.5552,1.56,1.56,1.5552
2022-09,SKU:99761224,99761224,D-.. זוג שקעי כח לבן לקופסא99761232,1,4,1.5552,1.555,1.5552,1.5552,1.5552,1.5552
2023-02,SKU:99761224,99761224,D-.. זוג שקעי כח לבן לקופסא99761232,1,15,1.62,1.62,1.62,1.62,1.62,1.62
2023-05,SKU:99761224,99761224,D-.. זוג שקעי כח לבן לקופסא99761232,1,16,1.62,1.62,1.62,1.62,1.62,1.62
2023-08,SKU:99761224,99761224,D-.. זוג שקעי כח לבן לקופסא99761232,1,10,1.62,1.62,1.62,1.62,1.62,1.62
2023-11,SKU:99761224,99761224,D-.. זוג שקעי כח לבן לקופסא99761232,1,40,1.62,1.62,1.62,1.62,1.62,1.62
2024-04,SKU:99761224,99761224,D-.. זוג שקעי כח לבן לקופסא99761232,2,40,1.62,1.62,1.62,1.62,1.62,1.62
2024-05,SKU:99761224,99761224,D-.. זוג שקעי כח לבן לקופסא99761232,1,20,1.62,1.62,1.62,1.62,1.62,1.62
2024-06,SKU:99761224,99761224,D-.. זוג שקעי כח לבן לקופסא99761232,1,20,1.62,1.62,1.62,1.62,1.62,1.62
2024-07,SKU:99761224,99761224,D-.. זוג שקעי כח לבן לקופסא99761232,2,30,1.62,1.62,1.62,1.62,1.62,1.62
2024-10,SKU:99761224,99761224,D-.. זוג שקעי כח לבן לקופסא99761232,1,7,1.5,1.5,1.5,1.5,1.5,1.5
2017-10,SKU:99761232,99761232,D-.. זוג שקעי כח לבן לקופסא,3,39,13.58,13.8413,13.58,15.2775,15.2775,13.58
2018-11,SKU:99761232,99761232,D-.. זוג שקעי כח לבן לקופסא,1,20,13.58,13.58,13.58,13.58,13.58,13.58
2019-10,SKU:99761232,99761232,D-.. זוג שקעי כח לבן לקופסא,1,20,14.938,14.938,14.938,14.938,14.938,14.938
2020-09,SKU:99761232,99761232,D-.. זוג שקעי כח לבן לקופסא,4,100,14.938,14.938,14.938,14.938,14.938,14.938
2020-11,SKU:99761232,99761232,D-.. זוג שקעי כח לבן לקופסא,1,20,14.259,14.259,14.259,14.259,14.259,14.259
2020-12,SKU:99761232,99761232,D-.. זוג שקעי כח לבן לקופסא,3,120,14.938,14.938,14.938,14.938,14.938,14.938
2021-04,SKU:99761232,99761232,D-.. זוג שקעי כח לבן לקופסא,1,30,16.7202,16.7203,16.7202,16.7202,16.7202,16.7202
2021-06,SKU:99761232,99761232,D-.. זוג שקעי כח לבן לקופסא,1,30,16.7202,,16.7202,16.7202,16.7202,16.7202
2021-08,SKU:99761232,99761232,D-.. זוג שקעי כח לבן לקופסא,1,20,15.5448,,15.5448,15.5448,15.5448,15.5448
2022-01,SKU:99761232,99761232,D-.. זוג שקעי כח לבן לקופסא,1,20,15.5448,,15.5448,15.5448,15.5448,15.5448
2022-06,SKU:99761232,99761232,D-.. זוג שקעי כח לבן לקופסא,1,30,16.1925,16.1927,16.1925,16.1925,16.1925,16.1925
2022-09,SKU:99761232,99761232,D-.. זוג שקעי כח לבן לקופסא,1,10,15.5448,15.545,15.5448,15.5448,15.5448,15.5448
2023-05,SKU:99761232,99761232,D-.. זוג שקעי כח לבן לקופסא,1,30,16.1925,16.1927,16.1925,16.1925,16.1925,16.1925
2023-07,SKU:99761232,99761232,D-.. זוג שקעי כח לבן לקופסא,1,3,16.1925,16.1933,16.1925,16.1925,16.1925,16.1925
2023-08,SKU:99761232,99761232,D-.. זוג שקעי כח לבן לקופסא,1,3,16.1925,16.1933,16.1925,16.1925,16.1925,16.1925
2023-10,SKU:99761232,99761232,D-.. זוג שקעי כח לבן לקופסא,1,1,16.1925,16.19,16.1925,16.1925,16.1925,16.1925
2023-11,SKU:99761232,99761232,D-.. זוג שקעי כח לבן לקופסא,2,100,16.1925,16.1926,16.1925,16.1925,16.1925,16.1925
2024-05,SKU:99761232,99761232,D-.. זוג שקעי כח לבן לקופסא,1,30,12.4275,12.4277,12.4275,12.4275,12.4275,12.4275
2024-07,SKU:99761232,99761232,D-.. זוג שקעי כח לבן לקופסא,1,20,12.4275,12.4275,12.4275,12.4275,12.4275,12.4275
2024-10,SKU:99761232,99761232,D-.. זוג שקעי כח לבן לקופסא,1,30,12.4275,12.4277,12.4275,12.4275,12.4275,12.4275
2020-01,SKU:99761301,99761301,"ח""א4 חלון ל+ D24 'קופ",1,1,23.1572,23.16,23.1572,23.1572,23.1572,23.1572
2021-08,SKU:99761301,99761301,"ח""א4 חלון ל+ D24 'קופ",1,1,24.9984,,24.9984,24.9984,24.9984,24.9984
2023-05,SKU:99761301,99761301,"ח""א4 חלון ל+ D24 'קופ",1,1,26.04,26.04,26.04,26.04,26.04,26.04
2023-09,SKU:99761301,99761301,"ח""א4 חלון ל+ D24 'קופ",1,7,26.04,26.04,26.04,26.04,26.04,26.04
2024-07,SKU:99761301,99761301,"ח""א4 חלון ל+ D24 'קופ",2,7,26.04,26.04,26.04,26.04,26.04,26.04
2025-02,SKU:99761301,99761301,"ח""א4 חלון ל+ D24 'קופ",2,7,26.04,26.04,26.04,26.04,26.04,26.04
2017-10,SKU:99761414,99761414,"x150x8 ח""א8 חלון+D-2'קופ",1,1,62,62,62,62,62,62
2019-07,SKU:99761414,99761414,"x150x8 ח""א8 חלון+D-2'קופ",1,1,54.856,54.86,54.856,54.856,54.856,54.856
2022-05,SKU:99761414,99761414,"x150x8 ח""א8 חלון+D-2'קופ",1,1,59.9976,60,59.9976,59.9976,59.9976,59.9976
2025-02,SKU:99761414,99761414,"x150x8 ח""א8 חלון+D-2'קופ",1,6,62.5425,62.5433,62.5425,62.5425,62.5425,62.5425
2019-01,SKU:99761416,99761416,"A-T-36 לוח תקשורת תה""ט ללא בסיס99761557",1,1,104.8005,104.8,104.8005,104.8005,104.8005,104.8005
2020-03,SKU:99761416,99761416,"A-T-36 לוח תקשורת תה""ט ללא בסיס99761557",1,1,102.4716,102.47,102.4716,102.4716,102.4716,102.4716
2020-11,SKU:99761416,99761416,"A-T-36 לוח תקשורת תה""ט ללא בסיס99761557",1,1,102.4716,102.47,102.4716,102.4716,102.4716,102.4716
2021-09,SKU:99761416,99761416,"A-T-36 לוח תקשורת תה""ט ללא בסיס99761557",1,1,110.83,110.83,110.83,110.83,110.83,110.83
2021-10,SKU:99761416,99761416,"A-T-36 לוח תקשורת תה""ט ללא בסיס99761557",1,5,110.8296,,110.8296,110.8296,110.8296,110.8296
2023-04,SKU:99761416,99761416,"A-T-36 לוח תקשורת תה""ט ללא בסיס99761557",1,1,115.4475,115.45,115.4475,115.4475,115.4475,115.4475
2023-05,SKU:99761416,99761416,"A-T-36 לוח תקשורת תה""ט ללא בסיס99761557",1,2,115.4475,115.45,115.4475,115.4475,115.4475,115.4475
2023-08,SKU:99761416,99761416,"A-T-36 לוח תקשורת תה""ט ללא בסיס99761557",1,1,115.4475,115.45,115.4475,115.4475,115.4475,115.4475
2022-01,SKU:99761418,99761418,x13 חצי אוטומט12-חלון ל+BDI-4 קופסא,1,1,139.99,139.99,139.99,139.99,139.99,139.99
2019-01,SKU:99761504,99761504,ח.א24- חלון ל+ BDI-4-13 קופסא,1,1,152.22,152.22,152.22,152.22,152.22,152.22
2020-12,SKU:99761504,99761504,ח.א24- חלון ל+ BDI-4-13 קופסא,1,1,167.442,167.44,167.442,167.442,167.442,167.442
2021-09,SKU:99761504,99761504,ח.א24- חלון ל+ BDI-4-13 קופסא,1,1,180.75,180.75,180.75,180.75,180.75,180.75
2023-11,SKU:99761504,99761504,ח.א24- חלון ל+ BDI-4-13 קופסא,1,1,188.28,188.28,188.28,188.28,188.28,188.28
2025-01,SKU:99761504,99761504,ח.א24- חלון ל+ BDI-4-13 קופסא,1,1,178.9125,178.91,178.9125,178.9125,178.9125,178.9125
2023-11,SKU:997615041,997615041,ח.א36-חלון ל+D-4,1,3,262.665,262.6667,262.665,262.665,262.665,262.665
2020-02,SKU:99761506,99761506,"דלת אטום+ ח""א24-לוח תה""ט ל",1,2,81.2406,81.24,81.2406,81.2406,81.2406,81.2406
2020-06,SKU:99761506,99761506,"דלת אטום+ ח""א24-לוח תה""ט ל",1,1,85.1092,85.11,85.1092,85.1092,85.1092,85.1092
2018-11,SKU:99761511,99761511,"דלת אטום+ ח""א18-לוח עה""ט ל",1,1,68.572,68.57,68.572,68.572,68.572,68.572
2019-01,SKU:99761512,99761512,Anguila מטר2 סטלבנד שחור ניילון16005103,1,1,73.896,73.9,73.896,73.896,73.896,73.896
2019-11,SKU:99761512,99761512,Anguila מטר2 סטלבנד שחור ניילון16005103,3,8,77.59,78.0525,77.59,81.29,77.59,81.29
2020-02,SKU:99761512,99761512,Anguila מטר2 סטלבנד שחור ניילון16005103,1,2,77.5908,77.59,77.5908,77.5908,77.5908,77.5908
2020-06,SKU:99761512,99761512,Anguila מטר2 סטלבנד שחור ניילון16005103,1,1,81.2856,81.29,81.2856,81.2856,81.2856,81.2856
2020-11,SKU:99761512,99761512,Anguila מטר2 סטלבנד שחור ניילון16005103,1,1,77.5908,77.59,77.5908,77.5908,77.5908,77.5908
2021-10,SKU:99761512,99761512,Anguila מטר2 סטלבנד שחור ניילון16005103,1,3,86.648,,86.648,86.648,86.648,86.648
2021-11,SKU:99761512,99761512,Anguila מטר2 סטלבנד שחור ניילון16005103,2,5,82.3156,,82.3156,82.3156,82.3156,82.3156
2021-12,SKU:99761512,99761512,Anguila מטר2 סטלבנד שחור ניילון16005103,1,2,88.14,88.14,88.14,88.14,88.14,88.14
2023-09,SKU:99761512,99761512,Anguila מטר2 סטלבנד שחור ניילון16005103,1,5,88.14,88.14,88.14,88.14,88.14,88.14
2023-10,SKU:99761512,99761512,Anguila מטר2 סטלבנד שחור ניילון16005103,1,3,84.6144,84.6133,84.6144,84.6144,84.6144,84.6144
2022-01,SKU:99761521,99761521,"דלת לבן+ ח""א54-לוח עה""ט ל",1,1,220.1112,,220.1112,220.1112,220.1112,220.1112
2019-01,SKU:99761528,99761528,6mm מפתח אלן מבודד995660431,3,3,185.262,179.6467,168.42,185.262,185.262,168.42
2019-07,SKU:99761528,99761528,6mm מפתח אלן מבודד995660431,1,1,176.841,176.84,176.841,176.841,176.841,176.841
2020-01,SKU:99761528,99761528,6mm מפתח אלן מבודד995660431,1,1,168.42,168.42,168.42,168.42,168.42,168.42
2020-07,SKU:99761528,99761528,6mm מפתח אלן מבודד995660431,1,1,185.262,185.26,185.262,185.262,185.262,185.262
2021-02,SKU:99761528,99761528,6mm מפתח אלן מבודד995660431,1,1,178.28,178.28,178.28,178.28,178.28,178.28
2021-04,SKU:99761528,99761528,6mm מפתח אלן מבודד995660431,1,1,207.3582,207.36,207.3582,207.3582,207.3582,207.3582
2021-08,SKU:99761528,99761528,6mm מפתח אלן מבודד995660431,1,2,187.488,,187.488,187.488,187.488,187.488
2022-04,SKU:99761528,99761528,6mm מפתח אלן מבודד995660431,1,2,192.8448,192.845,192.8448,192.8448,192.8448,192.8448
2022-08,SKU:99761528,99761528,6mm מפתח אלן מבודד995660431,1,1,200.88,200.88,200.88,200.88,200.88,200.88
2022-10,SKU:99761528,99761528,6mm מפתח אלן מבודד995660431,1,1,192.8448,192.84,192.8448,192.8448,192.8448,192.8448
2025-03,SKU:997615311,997615311,"דלת לבן+ ח""א72-לוח תה""ט ל",1,1,364.095,364.1,364.095,364.095,364.095,364.095
2021-04,SKU:99761534,99761534,"AT-24 לוח תקשורת תה""ט",1,1,87.738,87.74,87.738,87.738,87.738,87.738
2021-04,SKU:99761538,99761538,"AT-36 לוח תקשורת תה""ט",1,1,134.526,134.53,134.526,134.526,134.526,134.526
2018-12,SKU:99761546,99761546,"תה""טAA-12 בסיס בלבד ללוח",1,1,28.1835,28.18,28.1835,28.1835,28.1835,28.1835
2017-10,SKU:99761548,99761548,"לבן תה""טAA-24 בסיס בלבד ללוח",1,2,37.3926,37.395,37.3926,37.3926,37.3926,37.3926
2020-02,SKU:99761548,99761548,"לבן תה""טAA-24 בסיס בלבד ללוח",2,3,37.3926,37.3933,37.3926,37.3926,37.3926,37.3926
2020-06,SKU:99761548,99761548,"לבן תה""טAA-24 בסיס בלבד ללוח",1,1,39.1732,39.17,39.1732,39.1732,39.1732,39.1732
2022-12,SKU:99761548,99761548,"לבן תה""טAA-24 בסיס בלבד ללוח",1,2,40.7808,40.78,40.7808,40.7808,40.7808,40.7808
2023-02,SKU:99761548,99761548,"לבן תה""טAA-24 בסיס בלבד ללוח",1,1,42.48,42.48,42.48,42.48,42.48,42.48
2017-10,SKU:997615481,997615481,"גב עץ+ 24 בסיס תה""ט ללוח תקשורת",1,4,37.359,37.36,37.359,37.359,37.359,37.359
2019-08,SKU:997615481,997615481,"גב עץ+ 24 בסיס תה""ט ללוח תקשורת",1,1,37.359,37.36,37.359,37.359,37.359,37.359
2020-03,SKU:997615481,997615481,"גב עץ+ 24 בסיס תה""ט ללוח תקשורת",1,1,37.359,37.36,37.359,37.359,37.359,37.359
2020-06,SKU:997615481,997615481,"גב עץ+ 24 בסיס תה""ט ללוח תקשורת",1,1,39.138,39.14,39.138,39.138,39.138,39.138
2022-12,SKU:997615481,997615481,"גב עץ+ 24 בסיס תה""ט ללוח תקשורת",1,10,40.8024,40.802,40.8024,40.8024,40.8024,40.8024
2018-12,SKU:997615501,997615501,שח1.7 מטר50.0 לבן25 צינור מריכף8600119,1,1,96,96,96,96,96,96
2019-07,SKU:997615501,997615501,שח1.7 מטר50.0 לבן25 צינור מריכף8600119,2,8,95.9994,96,95.9994,95.9994,95.9994,95.9994
2019-08,SKU:997615501,997615501,שח1.7 מטר50.0 לבן25 צינור מריכף8600119,1,4,95.9994,96,95.9994,95.9994,95.9994,95.9994
2019-09,SKU:997615501,997615501,שח1.7 מטר50.0 לבן25 צינור מריכף8600119,2,12,100.5708,100.5708,100.5708,100.5708,100.5708,100.5708
2020-03,SKU:997615501,997615501,שח1.7 מטר50.0 לבן25 צינור מריכף8600119,2,8,95.9994,96,95.9994,95.9994,95.9994,95.9994
2020-04,SKU:997615501,997615501,שח1.7 מטר50.0 לבן25 צינור מריכף8600119,1,4,95.9994,96,95.9994,95.9994,95.9994,95.9994
2020-06,SKU:997615501,997615501,שח1.7 מטר50.0 לבן25 צינור מריכף8600119,2,10,100.5708,100.57,100.5708,100.5708,100.5708,100.5708
2020-07,SKU:997615501,997615501,שח1.7 מטר50.0 לבן25 צינור מריכף8600119,4,13,100.5708,100.57,100.5708,100.5708,100.5708,100.5708
2020-08,SKU:997615501,997615501,שח1.7 מטר50.0 לבן25 צינור מריכף8600119,1,2,100.57,100.57,100.57,100.57,100.57,100.57
2020-09,SKU:997615501,997615501,שח1.7 מטר50.0 לבן25 צינור מריכף8600119,1,3,100.5708,100.57,100.5708,100.5708,100.5708,100.5708
2020-10,SKU:997615501,997615501,שח1.7 מטר50.0 לבן25 צינור מריכף8600119,2,8,95.9994,96,95.9994,95.9994,95.9994,95.9994
2020-11,SKU:997615501,997615501,שח1.7 מטר50.0 לבן25 צינור מריכף8600119,1,1,95.9994,96,95.9994,95.9994,95.9994,95.9994
2020-12,SKU:997615501,997615501,שח1.7 מטר50.0 לבן25 צינור מריכף8600119,1,2,100.5708,100.57,100.5708,100.5708,100.5708,100.5708
2021-03,SKU:997615501,997615501,שח1.7 מטר50.0 לבן25 צינור מריכף8600119,1,1,97.46,97.46,97.46,97.46,97.46,97.46
2021-05,SKU:997615501,997615501,שח1.7 מטר50.0 לבן25 צינור מריכף8600119,1,2,97.461,,97.461,97.461,97.461,97.461
2021-06,SKU:997615501,997615501,שח1.7 מטר50.0 לבן25 צינור מריכף8600119,2,4,97.461,,97.461,97.461,97.461,97.461
2021-11,SKU:997615501,997615501,שח1.7 מטר50.0 לבן25 צינור מריכף8600119,1,6,94.4175,,94.4175,94.4175,94.4175,94.4175
2021-12,SKU:997615501,997615501,שח1.7 מטר50.0 לבן25 צינור מריכף8600119,1,4,88.12,88.1225,88.12,88.12,88.12,88.12
2022-01,SKU:997615501,997615501,שח1.7 מטר50.0 לבן25 צינור מריכף8600119,1,4,90.6408,,90.6408,90.6408,90.6408,90.6408
2022-04,SKU:997615501,997615501,שח1.7 מטר50.0 לבן25 צינור מריכף8600119,1,6,90.6408,90.64,90.6408,90.6408,90.6408,90.6408
2022-05,SKU:997615501,997615501,שח1.7 מטר50.0 לבן25 צינור מריכף8600119,3,11,90.6408,90.6409,90.6408,90.6408,90.6408,90.6408
2022-06,SKU:997615501,997615501,שח1.7 מטר50.0 לבן25 צינור מריכף8600119,1,4,90.6408,90.64,90.6408,90.6408,90.6408,90.6408
2022-08,SKU:997615501,997615501,שח1.7 מטר50.0 לבן25 צינור מריכף8600119,3,4,94.4175,94.42,94.4175,94.4175,94.4175,94.4175
2022-09,SKU:997615501,997615501,שח1.7 מטר50.0 לבן25 צינור מריכף8600119,4,5,90.6408,90.64,90.6408,90.6408,90.6408,90.6408
2022-11,SKU:997615501,997615501,שח1.7 מטר50.0 לבן25 צינור מריכף8600119,1,7,89.3819,89.3814,89.3819,89.3819,89.3819,89.3819
2022-12,SKU:997615501,997615501,שח1.7 מטר50.0 לבן25 צינור מריכף8600119,1,10,94.4175,94.418,94.4175,94.4175,94.4175,94.4175
2023-02,SKU:997615501,997615501,שח1.7 מטר50.0 לבן25 צינור מריכף8600119,1,12,90.6408,90.6408,90.6408,90.6408,90.6408,90.6408
2023-05,SKU:997615501,997615501,שח1.7 מטר50.0 לבן25 צינור מריכף8600119,2,4,91.8997,91.9,91.8997,91.8997,91.8997,91.8997
2023-06,SKU:997615501,997615501,שח1.7 מטר50.0 לבן25 צינור מריכף8600119,1,1,94.4175,94.42,94.4175,94.4175,94.4175,94.4175
2023-07,SKU:997615501,997615501,שח1.7 מטר50.0 לבן25 צינור מריכף8600119,2,2,94.4175,94.42,94.4175,94.4175,94.4175,94.4175
2023-08,SKU:997615501,997615501,שח1.7 מטר50.0 לבן25 צינור מריכף8600119,1,1,90.6408,90.64,90.6408,90.6408,90.6408,90.6408
2024-11,SKU:997615501,997615501,שח1.7 מטר50.0 לבן25 צינור מריכף8600119,1,1,94.1625,94.16,94.1625,94.1625,94.1625,94.1625
2023-02,SKU:997615503,997615503,"תה""ט72 בסיס ללוח",1,2,118.116,118.115,118.116,118.116,118.116,118.116
2023-08,SKU:997615503,997615503,"תה""ט72 בסיס ללוח",1,1,118.116,118.12,118.116,118.116,118.116,118.116
2025-03,SKU:997615503,997615503,"תה""ט72 בסיס ללוח",1,1,182.0475,182.05,182.0475,182.0475,182.0475,182.0475
2022-04,SKU:99761551,99761551,לבןAA-36 דלת ללוח,1,1,26.7048,26.7,26.7048,26.7048,26.7048,26.7048
2018-11,SKU:99761552,99761552,48-לוח ללא בסיס ל997615531,1,3,54.632,54.6333,54.632,54.632,54.632,54.632
2019-10,SKU:99761552,99761552,48-לוח ללא בסיס ל997615531,1,4,57.3636,57.3625,57.3636,57.3636,57.3636,57.3636
2020-01,SKU:99761552,99761552,48-לוח ללא בסיס ל997615531,1,1,60.0952,60.1,60.0952,60.0952,60.0952,60.0952
2020-02,SKU:99761552,99761552,48-לוח ללא בסיס ל997615531,1,1,57.3636,57.36,57.3636,57.3636,57.3636,57.3636
2020-06,SKU:99761552,99761552,48-לוח ללא בסיס ל997615531,1,1,60.0952,60.1,60.0952,60.0952,60.0952,60.0952
2020-07,SKU:99761552,99761552,48-לוח ללא בסיס ל997615531,1,1,60.0952,60.1,60.0952,60.0952,60.0952,60.0952
2020-08,SKU:99761552,99761552,48-לוח ללא בסיס ל997615531,1,1,60.1,60.1,60.1,60.1,60.1,60.1
2020-10,SKU:99761552,99761552,48-לוח ללא בסיס ל997615531,1,1,57.3636,57.36,57.3636,57.3636,57.3636,57.3636
2020-11,SKU:99761552,99761552,48-לוח ללא בסיס ל997615531,1,24,57.3636,57.3638,57.3636,57.3636,57.3636,57.3636
2021-02,SKU:99761552,99761552,48-לוח ללא בסיס ל997615531,2,9,60.89,62.11,59.32,62.46,62.46,59.32
2021-05,SKU:99761552,99761552,48-לוח ללא בסיס ל997615531,1,4,67.263,,67.263,67.263,67.263,67.263
2021-06,SKU:99761552,99761552,48-לוח ללא בסיס ל997615531,1,20,67.263,,67.263,67.263,67.263,67.263
2021-08,SKU:99761552,99761552,48-לוח ללא בסיס ל997615531,1,7,60.816,,60.816,60.816,60.816,60.816
2022-09,SKU:99761552,99761552,48-לוח ללא בסיס ל997615531,1,2,62.5536,62.555,62.5536,62.5536,62.5536,62.5536
2024-04,SKU:99761552,99761552,48-לוח ללא בסיס ל997615531,2,4,58.8225,58.825,58.8225,58.8225,58.8225,58.8225
2024-10,SKU:99761552,99761552,48-לוח ללא בסיס ל997615531,1,13,56.4696,56.4692,56.4696,56.4696,56.4696,56.4696
2024-01,SKU:997615520,997615520,"מגנט+ תה""ט36-לוח ללא בסיס ל",1,3,65.16,65.16,65.16,65.16,65.16,65.16
2024-08,SKU:997615520,997615520,"מגנט+ תה""ט36-לוח ללא בסיס ל",1,1,58.8225,58.82,58.8225,58.8225,58.8225,58.8225
2021-08,SKU:997615521,997615521,לוח ללא בסיס ל,1,2,118.5984,,118.5984,118.5984,118.5984,118.5984
2022-04,SKU:997615521,997615521,לוח ללא בסיס ל,1,1,118.5984,118.6,118.5984,118.5984,118.5984,118.5984
2024-04,SKU:9976155210,9976155210,+ 54-לוח ללא בסיס ל ' יח1.0997615521 מגנט,1,1,123.5775,123.58,123.5775,123.5775,123.5775,123.5775
2019-01,SKU:99761553,99761553,לוח ללא בסיס ל,2,2,39.1952,39.2,39.1952,39.1952,39.1952,39.1952
2020-06,SKU:99761553,99761553,לוח ללא בסיס ל,1,1,39.1952,39.2,39.1952,39.1952,39.1952,39.1952
2018-12,SKU:997615531,997615531,לוח ללא בסיס ל,1,1,96,96,96,96,96,96
2020-09,SKU:997615531,997615531,לוח ללא בסיס ל,1,3,100.5708,100.57,100.5708,100.5708,100.5708,100.5708
2020-11,SKU:997615531,997615531,לוח ללא בסיס ל,2,25,95.9994,95.9996,95.9994,95.9994,95.9994,95.9994
2020-12,SKU:997615531,997615531,לוח ללא בסיס ל,3,8,100.5708,100.57,100.5708,100.5708,100.5708,100.5708
2021-06,SKU:997615531,997615531,לוח ללא בסיס ל,1,1,97.461,,97.461,97.461,97.461,97.461
2021-07,SKU:997615531,997615531,לוח ללא בסיס ל,1,1,88.123,,88.123,88.123,88.123,88.123
2021-10,SKU:997615531,997615531,לוח ללא בסיס ל,2,8,88.123,,88.123,88.123,88.123,88.123
2022-01,SKU:997615531,997615531,לוח ללא בסיס ל,1,4,90.6408,,90.6408,90.6408,90.6408,90.6408
2022-07,SKU:997615531,997615531,לוח ללא בסיס ל,2,12,90.6408,90.6408,90.6408,90.6408,90.6408,90.6408
2023-07,SKU:997615531,997615531,לוח ללא בסיס ל,1,1,94.4175,94.42,94.4175,94.4175,94.4175,94.4175
2024-04,SKU:997615531,997615531,לוח ללא בסיס ל,2,9,94.1625,94.1633,94.1625,94.1625,94.1625,94.1625
2024-06,SKU:997615531,997615531,לוח ללא בסיס ל,1,1,94.1625,94.16,94.1625,94.1625,94.1625,94.1625
2022-12,SKU:9976155310,9976155310,גנט+ 48-לוח ללא בסיס ל,1,21,90.6408,90.641,90.6408,90.6408,90.6408,90.6408
2023-06,SKU:9976155310,9976155310,גנט+ 48-לוח ללא בסיס ל,1,1,94.4175,94.42,94.4175,94.4175,94.4175,94.4175
2023-07,SKU:9976155310,9976155310,גנט+ 48-לוח ללא בסיס ל,1,10,90.6408,90.641,90.6408,90.6408,90.6408,90.6408
2023-08,SKU:9976155310,9976155310,גנט+ 48-לוח ללא בסיס ל,1,25,94.4175,94.4176,94.4175,94.4175,94.4175,94.4175
2024-01,SKU:9976155310,9976155310,גנט+ 48-לוח ללא בסיס ל,1,4,94.4175,94.4175,94.4175,94.4175,94.4175,94.4175
2018-11,SKU:99761555,99761555,"A-T-24 לוח תקשורת תה""ט ללא בסיס",2,10,35.58,35.58,35.58,35.58,35.58,35.58
2019-10,SKU:99761555,99761555,"A-T-24 לוח תקשורת תה""ט ללא בסיס",1,4,37.359,37.36,37.359,37.359,37.359,37.359
2020-01,SKU:99761555,99761555,"A-T-24 לוח תקשורת תה""ט ללא בסיס",1,2,39.138,39.14,39.138,39.138,39.138,39.138
2020-02,SKU:99761555,99761555,"A-T-24 לוח תקשורת תה""ט ללא בסיס",1,1,37.359,37.36,37.359,37.359,37.359,37.359
2020-10,SKU:99761555,99761555,"A-T-24 לוח תקשורת תה""ט ללא בסיס",1,1,37.359,37.36,37.359,37.359,37.359,37.359
2022-04,SKU:99761555,99761555,"A-T-24 לוח תקשורת תה""ט ללא בסיס",1,1,40.8024,40.8,40.8024,40.8024,40.8024,40.8024
2024-08,SKU:99761555,99761555,"A-T-24 לוח תקשורת תה""ט ללא בסיס",1,1,38.3625,38.36,38.3625,38.3625,38.3625,38.3625
2024-10,SKU:99761555,99761555,"A-T-24 לוח תקשורת תה""ט ללא בסיס",2,13,36.828,36.8277,36.828,36.828,36.828,36.828
2020-01,SKU:99761556,99761556,"A-T-12 לוח תקשורת תה""ט ללא בסיס",1,1,28.8332,28.83,28.8332,28.8332,28.8332,28.8332
2022-12,SKU:997615570,997615570,"מגנט+ ללא בסיס36-לוח תקשורת תה""ט ל",2,21,62.5536,62.5533,62.5536,62.5536,62.5536,62.5536
2023-07,SKU:997615570,997615570,"מגנט+ ללא בסיס36-לוח תקשורת תה""ט ל",1,10,62.5536,62.554,62.5536,62.5536,62.5536,62.5536
2023-08,SKU:997615570,997615570,"מגנט+ ללא בסיס36-לוח תקשורת תה""ט ל",1,30,65.16,65.16,65.16,65.16,65.16,65.16
2024-01,SKU:997615570,997615570,"מגנט+ ללא בסיס36-לוח תקשורת תה""ט ל",1,1,65.16,65.16,65.16,65.16,65.16,65.16
2024-07,SKU:997615570,997615570,"מגנט+ ללא בסיס36-לוח תקשורת תה""ט ל",1,1,58.8225,58.82,58.8225,58.8225,58.8225,58.8225
2024-09,SKU:997615570,997615570,"מגנט+ ללא בסיס36-לוח תקשורת תה""ט ל",1,1,56.4696,56.47,56.4696,56.4696,56.4696,56.4696
2017-10,SKU:99761559,99761559,"תה""ט54 בסיס בלבד ללוח",1,1,102,102,102,102,102,102
2019-01,SKU:99761559,99761559,"תה""ט54 בסיס בלבד ללוח",2,2,100.0428,100.04,100.0428,100.0428,100.0428,100.0428
2023-02,SKU:99762010,99762010,GEWISS ציוד+ 3316 קופסא,1,1,190.5825,190.58,190.5825,190.5825,190.5825,190.5825
2023-12,SKU:99762010,99762010,GEWISS ציוד+ 3316 קופסא,1,1,190.5825,190.58,190.5825,190.5825,190.5825,190.5825
2024-04,SKU:99762010,99762010,GEWISS ציוד+ 3316 קופסא,1,1,190.5825,190.58,190.5825,190.5825,190.5825,190.5825
2024-05,SKU:99762010,99762010,GEWISS ציוד+ 3316 קופסא,1,2,190.5825,190.585,190.5825,190.5825,190.5825,190.5825
2024-08,SKU:99762010,99762010,GEWISS ציוד+ 3316 קופסא,2,2,190.5825,190.58,190.5825,190.5825,190.5825,190.5825
2020-03,SKU:997620115,997620115,VEGA ציוד+ 516.21 'קופ,1,1,129.4876,129.49,129.4876,129.4876,129.4876,129.4876
2023-02,SKU:99762013,99762013,GEWISS ציוד+ 516.2316 קופסא,1,1,193.3575,193.36,193.3575,193.3575,193.3575,193.3575
2023-05,SKU:99762013,99762013,GEWISS ציוד+ 516.2316 קופסא,1,1,193.3575,193.36,193.3575,193.3575,193.3575,193.3575
2024-07,SKU:997620135,997620135,VEGA ציוד+ 516.2316 קופסא,1,1,174.5175,174.52,174.5175,174.5175,174.5175,174.5175
2022-07,SKU:997620235,997620235,GEWISS ציוד4x4 ממסר פחת+516.2316 קופסא,1,1,345.2625,345.26,345.2625,345.2625,345.2625,345.2625
2022-10,SKU:997620235,997620235,GEWISS ציוד4x4 ממסר פחת+516.2316 קופסא,1,1,331.452,331.45,331.452,331.452,331.452,331.452
2022-12,SKU:997620235,997620235,GEWISS ציוד4x4 ממסר פחת+516.2316 קופסא,1,1,331.452,331.45,331.452,331.452,331.452,331.452
2023-03,SKU:997620235,997620235,GEWISS ציוד4x4 ממסר פחת+516.2316 קופסא,1,1,331.45,331.45,331.45,331.45,331.45,331.45
2020-01,SKU:9976202353,9976202353,VEGA ציוד4x4 ממסר פחת+516.2316 קופסא,1,5,227.5416,227.542,227.5416,227.5416,227.5416,227.5416
2022-02,SKU:9976202353,9976202353,VEGA ציוד4x4 ממסר פחת+516.2316 קופסא,1,2,227.2425,,227.2425,227.2425,227.2425,227.2425
2022-09,SKU:9976202353,9976202353,VEGA ציוד4x4 ממסר פחת+516.2316 קופסא,1,1,218.1528,218.15,218.1528,218.1528,218.1528,218.1528
2021-12,SKU:99820510,99820510,כפול2 'מהדק חרסינה מס,1,15,2.33,2.3253,2.33,2.33,2.33,2.33
2019-07,SKU:99840524,99840524,דיגיטלי80A 3P מונה אלק' לפס,1,1,146.284,146.28,146.284,146.284,146.284,146.284
2022-05,SKU:99840524,99840524,דיגיטלי80A 3P מונה אלק' לפס,2,2,100.44,100.44,100.44,100.44,100.44,100.44
2022-07,SKU:99840524,99840524,דיגיטלי80A 3P מונה אלק' לפס,1,1,100.44,100.44,100.44,100.44,100.44,100.44
2023-04,SKU:99840524,99840524,דיגיטלי80A 3P מונה אלק' לפס,1,1,104.625,104.63,104.625,104.625,104.625,104.625
2021-08,SKU:99850038,99850038,"(מטר250) ""סרט צהוב ""זהירות חשמל",1,250,26.784,,26.784,26.784,26.784,26.784
2017-10,SKU:99870003,99870003,מכסה פלסט' להארקה+בריכה,2,2,55,55,55,55,55,55
2019-01,SKU:99870003,99870003,מכסה פלסט' להארקה+בריכה,1,4,45,45,45,45,45,45
2023-04,SKU:99870003,99870003,מכסה פלסט' להארקה+בריכה,1,1,40.92,40.92,40.92,40.92,40.92,40.92
2019-10,SKU:99890308,99890308,LUNA 16A מפסק חילוף מואר,1,1,10.5,10.5,10.5,10.5,10.5,10.5
2019-10,SKU:99890332,99890332,LUNA שקע כח איטלקי,1,1,18.2,18.2,18.2,18.2,18.2,18.2
2019-10,SKU:99890364,99890364,LUNA מודול3 מתאם,1,1,3.465,3.47,3.465,3.465,3.465,3.465
2019-10,SKU:99890381,99890381,LUNA מודול מלבן לבן1 מסגרת,1,1,5.985,5.99,5.985,5.985,5.985,5.985
2019-10,SKU:99890391,99890391,LUNA מודול מלבן לבן3 מסגרת,1,1,5.985,5.99,5.985,5.985,5.985,5.985
2024-08,SKU:99890391,99890391,LUNA מודול מלבן לבן3 מסגרת,1,1,6.6975,6.7,6.6975,6.6975,6.6975,6.6975
2017-10,SKU:99910004,99910004,"""מתנתק"" תקןLSA פס קרונה",2,4,16,16,16,16,16,16
2019-01,SKU:99910004,99910004,"""מתנתק"" תקןLSA פס קרונה",1,40,13.728,13.728,13.728,13.728,13.728,13.728
2019-06,SKU:99910004,99910004,"""מתנתק"" תקןLSA פס קרונה",1,10,13.728,13.728,13.728,13.728,13.728,13.728
2019-07,SKU:99910004,99910004,"""מתנתק"" תקןLSA פס קרונה",1,40,14.4144,14.4145,14.4144,14.4144,14.4144,14.4144
2019-10,SKU:99910004,99910004,"""מתנתק"" תקןLSA פס קרונה",1,6,15.1008,15.1,15.1008,15.1008,15.1008,15.1008
2020-11,SKU:99910004,99910004,"""מתנתק"" תקןLSA פס קרונה",3,50,15.1008,14.689,14.4144,15.1008,15.1008,14.4144
2020-12,SKU:99910004,99910004,"""מתנתק"" תקןLSA פס קרונה",2,50,14.7576,14.5518,14.4144,15.1008,15.1008,14.4144
2021-02,SKU:99910004,99910004,"""מתנתק"" תקןLSA פס קרונה",2,80,13.9,14.157,13.39,14.41,14.41,13.39
2021-07,SKU:99910004,99910004,"""מתנתק"" תקןLSA פס קרונה",2,90,12.7332,,12.3225,13.144,13.144,12.3225
2021-10,SKU:99910004,99910004,"""מתנתק"" תקןLSA פס קרונה",1,10,11.501,,11.501,11.501,11.501,11.501
2021-11,SKU:99910004,99910004,"""מתנתק"" תקןLSA פס קרונה",1,20,12.3225,,12.3225,12.3225,12.3225,12.3225
2021-12,SKU:99910004,99910004,"""מתנתק"" תקןLSA פס קרונה",1,30,12.32,12.3227,12.32,12.32,12.32,12.32
2022-01,SKU:99910004,99910004,"""מתנתק"" תקןLSA פס קרונה",1,20,11.8296,,11.8296,11.8296,11.8296,11.8296
2022-04,SKU:99910004,99910004,"""מתנתק"" תקןLSA פס קרונה",2,30,11.8296,11.8297,11.8296,11.8296,11.8296,11.8296
2022-10,SKU:99910004,99910004,"""מתנתק"" תקןLSA פס קרונה",2,30,12.3225,12.3227,12.3225,12.3225,12.3225,12.3225
2023-03,SKU:99910004,99910004,"""מתנתק"" תקןLSA פס קרונה",1,30,12.32,12.3227,12.32,12.32,12.32,12.32
2023-04,SKU:99910004,99910004,"""מתנתק"" תקןLSA פס קרונה",2,60,12.3225,12.3225,12.3225,12.3225,12.3225,12.3225
2023-08,SKU:99910004,99910004,"""מתנתק"" תקןLSA פס קרונה",2,60,12.3225,12.3227,12.3225,12.3225,12.3225,12.3225
2024-07,SKU:99910004,99910004,"""מתנתק"" תקןLSA פס קרונה",1,10,12.3225,12.323,12.3225,12.3225,12.3225,12.3225
2024-08,SKU:99910004,99910004,"""מתנתק"" תקןLSA פס קרונה",1,4,12.3225,12.3225,12.3225,12.3225,12.3225,12.3225
2024-09,SKU:99910004,99910004,"""מתנתק"" תקןLSA פס קרונה",2,24,12.3225,12.3229,12.3225,12.3225,12.3225,12.3225
2025-01,SKU:99910004,99910004,"""מתנתק"" תקןLSA פס קרונה",1,5,12.3225,12.322,12.3225,12.3225,12.3225,12.3225
2019-01,SKU:99910018,99910018,SUPER N N-4 קופסא695220104,1,2,8,8,8,8,8,8
2019-07,SKU:99910018,99910018,SUPER N N-4 קופסא695220104,1,1,8,8,8,8,8,8
2019-08,SKU:99910018,99910018,SUPER N N-4 קופסא695220104,1,2,8.4,8.4,8.4,8.4,8.4,8.4
2020-12,SKU:99910018,99910018,SUPER N N-4 קופסא695220104,1,2,8.8,8.8,8.8,8.8,8.8,8.8
2021-02,SKU:99910018,99910018,SUPER N N-4 קופסא695220104,2,3,8.1,8.2,7.8,8.4,8.4,7.8
2021-11,SKU:99910018,99910018,SUPER N N-4 קופסא695220104,1,1,8.1375,,8.1375,8.1375,8.1375,8.1375
2021-12,SKU:99910018,99910018,SUPER N N-4 קופסא695220104,1,20,8.14,8.1375,8.14,8.14,8.14,8.14
2023-08,SKU:99910018,99910018,SUPER N N-4 קופסא695220104,1,1,8.1375,8.14,8.1375,8.1375,8.1375,8.1375
2024-07,SKU:99910018,99910018,SUPER N N-4 קופסא695220104,1,1,8.1375,8.14,8.1375,8.1375,8.1375,8.1375
2021-02,SKU:99910020,99910020,TTC CA-22 חותך ומקלף כבלים9956513582,1,6,2.2,2.2,2.2,2.2,2.2,2.2
2020-06,SKU:99910024,99910024,KRONE מכשיר נועץ קרונה מקורי,1,1,135,135,135,135,135,135
2018-12,SKU:99911009,99911009,בתוף/מארזRG-6 לבןTV כבל,1,305,0.496,0.496,0.496,0.496,0.496,0.496
2019-08,SKU:99911009,99911009,בתוף/מארזRG-6 לבןTV כבל,1,305,0.5208,0.5208,0.5208,0.5208,0.5208,0.5208
2019-09,SKU:99911009,99911009,בתוף/מארזRG-6 לבןTV כבל,2,610,0.5456,0.5456,0.5456,0.5456,0.5456,0.5456
2019-10,SKU:99911009,99911009,בתוף/מארזRG-6 לבןTV כבל,2,610,0.496,0.496,0.496,0.496,0.496,0.496
2020-02,SKU:99911009,99911009,בתוף/מארזRG-6 לבןTV כבל,1,305,0.5208,0.5208,0.5208,0.5208,0.5208,0.5208
2020-03,SKU:99911009,99911009,בתוף/מארזRG-6 לבןTV כבל,3,915,0.5208,0.5208,0.5208,0.5208,0.5208,0.5208
2020-04,SKU:99911009,99911009,בתוף/מארזRG-6 לבןTV כבל,1,305,0.5208,0.5208,0.5208,0.5208,0.5208,0.5208
2020-06,SKU:99911009,99911009,בתוף/מארזRG-6 לבןTV כבל,2,610,0.5208,0.5208,0.5208,0.5208,0.5208,0.5208
2020-07,SKU:99911009,99911009,בתוף/מארזRG-6 לבןTV כבל,3,915,0.5456,0.5456,0.5456,0.5456,0.5456,0.5456
2020-09,SKU:99911009,99911009,בתוף/מארזRG-6 לבןTV כבל,1,305,0.5456,0.5456,0.5456,0.5456,0.5456,0.5456
2020-10,SKU:99911009,99911009,בתוף/מארזRG-6 לבןTV כבל,1,305,0.5208,0.5208,0.5208,0.5208,0.5208,0.5208
2020-11,SKU:99911009,99911009,בתוף/מארזRG-6 לבןTV כבל,3,915,0.5208,0.5208,0.5208,0.5208,0.5208,0.5208
2020-12,SKU:99911009,99911009,בתוף/מארזRG-6 לבןTV כבל,2,610,0.5208,0.5208,0.5208,0.5208,0.5208,0.5208
2021-06,SKU:99911009,99911009,בתוף/מארזRG-6 לבןTV כבל,1,305,0.5376,,0.5376,0.5376,0.5376,0.5376
2021-07,SKU:99911009,99911009,בתוף/מארזRG-6 לבןTV כבל,1,305,0.705,,0.705,0.705,0.705,0.705
2021-08,SKU:99911009,99911009,בתוף/מארזRG-6 לבןTV כבל,1,305,0.6768,,0.6768,0.6768,0.6768,0.6768
2021-10,SKU:99911009,99911009,בתוף/מארזRG-6 לבןTV כבל,1,305,0.6768,,0.6768,0.6768,0.6768,0.6768
2022-01,SKU:99911009,99911009,בתוף/מארזRG-6 לבןTV כבל,1,305,0.705,,0.705,0.705,0.705,0.705
2022-02,SKU:99911009,99911009,בתוף/מארזRG-6 לבןTV כבל,2,610,0.705,,0.705,0.705,0.705,0.705
2022-04,SKU:99911009,99911009,בתוף/מארזRG-6 לבןTV כבל,1,305,0.5832,0.5832,0.5832,0.5832,0.5832,0.5832
2022-06,SKU:99911009,99911009,בתוף/מארזRG-6 לבןTV כבל,2,610,0.6075,0.6075,0.6075,0.6075,0.6075,0.6075
2022-08,SKU:99911009,99911009,בתוף/מארזRG-6 לבןTV כבל,1,305,0.6075,0.6075,0.6075,0.6075,0.6075,0.6075
2022-10,SKU:99911009,99911009,בתוף/מארזRG-6 לבןTV כבל,1,305,0.6075,0.6075,0.6075,0.6075,0.6075,0.6075
2022-12,SKU:99911009,99911009,בתוף/מארזRG-6 לבןTV כבל,1,305,0.6075,0.6075,0.6075,0.6075,0.6075,0.6075
2023-02,SKU:99911009,99911009,בתוף/מארזRG-6 לבןTV כבל,3,1220,0.5475,0.5366,0.5256,0.5475,0.5256,0.5475
2023-03,SKU:99911009,99911009,בתוף/מארזRG-6 לבןTV כבל,1,305,0.5475,0.5475,0.5475,0.5475,0.5475,0.5475
2023-07,SKU:99911009,99911009,בתוף/מארזRG-6 לבןTV כבל,1,305,0.5475,0.5475,0.5475,0.5475,0.5475,0.5475
2024-02,SKU:99911009,99911009,בתוף/מארזRG-6 לבןTV כבל,1,305,0.5475,0.5475,0.5475,0.5475,0.5475,0.5475
2024-08,SKU:99911009,99911009,בתוף/מארזRG-6 לבןTV כבל,1,305,0.555,0.555,0.555,0.555,0.555,0.555
2024-09,SKU:99911009,99911009,בתוף/מארזRG-6 לבןTV כבל,1,100,0.555,0.555,0.555,0.555,0.555,0.555
2024-10,SKU:99911009,99911009,בתוף/מארזRG-6 לבןTV כבל,1,305,0.555,0.555,0.555,0.555,0.555,0.555
2024-12,SKU:99911009,99911009,בתוף/מארזRG-6 לבןTV כבל,1,305,0.555,0.555,0.555,0.555,0.555,0.555
2017-10,SKU:999110090,999110090,בחבילהRG-6 לבןTV כבל,2,200,0.5772,0.5772,0.5544,0.6,0.5544,0.6
2018-11,SKU:999110090,999110090,בחבילהRG-6 לבןTV כבל,2,300,0.572,0.572,0.572,0.572,0.572,0.572
2018-12,SKU:999110090,999110090,בחבילהRG-6 לבןTV כבל,1,100,0.572,0.572,0.572,0.572,0.572,0.572
2019-07,SKU:999110090,999110090,בחבילהRG-6 לבןTV כבל,1,100,0.572,0.572,0.572,0.572,0.572,0.572
2019-09,SKU:999110090,999110090,בחבילהRG-6 לבןTV כבל,1,100,0.572,0.572,0.572,0.572,0.572,0.572
2020-01,SKU:999110090,999110090,בחבילהRG-6 לבןTV כבל,1,100,0.6292,0.6292,0.6292,0.6292,0.6292,0.6292
2020-06,SKU:999110090,999110090,בחבילהRG-6 לבןTV כבל,1,100,0.5628,0.5628,0.5628,0.5628,0.5628,0.5628
2020-07,SKU:999110090,999110090,בחבילהRG-6 לבןTV כבל,1,100,0.5896,0.5896,0.5896,0.5896,0.5896,0.5896
2020-11,SKU:999110090,999110090,בחבילהRG-6 לבןTV כבל,3,300,0.5628,0.5628,0.5628,0.5628,0.5628,0.5628
2020-12,SKU:999110090,999110090,בחבילהRG-6 לבןTV כבל,2,200,0.5628,0.5628,0.5628,0.5628,0.5628,0.5628
2021-05,SKU:999110090,999110090,בחבילהRG-6 לבןTV כבל,2,200,0.5628,,0.5628,0.5628,0.5628,0.5628
2022-01,SKU:999110090,999110090,בחבילהRG-6 לבןTV כבל,1,100,0.72,,0.72,0.72,0.72,0.72
2022-09,SKU:999110090,999110090,בחבילהRG-6 לבןTV כבל,1,305,0.5616,0.5616,0.5616,0.5616,0.5616,0.5616
2022-11,SKU:999110090,999110090,בחבילהRG-6 לבןTV כבל,1,100,0.585,0.585,0.585,0.585,0.585,0.585
2022-12,SKU:999110090,999110090,בחבילהRG-6 לבןTV כבל,1,100,0.585,0.585,0.585,0.585,0.585,0.585
2017-10,SKU:999110091,999110091,תקני שחור בתוףRG-6 TV כבל,1,200,0.6,0.6,0.6,0.6,0.6,0.6
2024-10,SKU:999110091,999110091,תקני שחור בתוףRG-6 TV כבל,1,305,0.75,0.75,0.75,0.75,0.75,0.75
2020-10,SKU:99911034,99911034,16x2x0.5 כבל רכזת,1,500,3.9606,3.9606,3.9606,3.9606,3.9606,3.9606
2021-10,SKU:99911034,99911034,16x2x0.5 כבל רכזת,1,500,4.6872,,4.6872,4.6872,4.6872,4.6872
2024-09,SKU:99911051,99911051,305 קרטון של4x2x24 CAT5e כבל מחשב אפור,1,305,0.48,0.48,0.48,0.48,0.48,0.48
2019-01,SKU:9991105100,9991105100,נחושת מסוכך בחבילהFTP-CAT-6 כבל,1,100,1.256,1.256,1.256,1.256,1.256,1.256
2020-12,SKU:9991105100,9991105100,נחושת מסוכך בחבילהFTP-CAT-6 כבל,1,100,1.3188,1.3188,1.3188,1.3188,1.3188,1.3188
2021-04,SKU:9991105100,9991105100,נחושת מסוכך בחבילהFTP-CAT-6 כבל,1,100,1.3188,1.3188,1.3188,1.3188,1.3188,1.3188
2021-06,SKU:9991105100,9991105100,נחושת מסוכך בחבילהFTP-CAT-6 כבל,1,100,1.3188,,1.3188,1.3188,1.3188,1.3188
2021-07,SKU:9991105100,9991105100,נחושת מסוכך בחבילהFTP-CAT-6 כבל,1,100,0.71,,0.71,0.71,0.71,0.71
2022-06,SKU:9991105100,9991105100,נחושת מסוכך בחבילהFTP-CAT-6 כבל,1,100,2.059,2.059,2.059,2.059,2.059,2.059
2022-12,SKU:9991105100,9991105100,נחושת מסוכך בחבילהFTP-CAT-6 כבל,1,100,2.6625,2.6625,2.6625,2.6625,2.6625,2.6625
2024-02,SKU:9991105100,9991105100,נחושת מסוכך בחבילהFTP-CAT-6 כבל,1,100,2.415,2.415,2.415,2.415,2.415,2.415
2024-03,SKU:9991105100,9991105100,נחושת מסוכך בחבילהFTP-CAT-6 כבל,1,200,2.415,2.415,2.415,2.415,2.415,2.415
2024-02,SKU:999110525,999110525,בחבילות 4x2x23 בודדCAT7 כבל מחשב אדום,1,200,2.97,2.97,2.97,2.97,2.97,2.97
2025-03,SKU:999110525,999110525,בחבילות 4x2x23 בודדCAT7 כבל מחשב אדום,1,200,1.98,1.98,1.98,1.98,1.98,1.98
2024-05,SKU:999110556,999110556,10 ' חב4x2x23 CAT7 כבל מחשב אדום טלדור,1,200,2.235,2.235,2.235,2.235,2.235,2.235
2024-06,SKU:999110556,999110556,10 ' חב4x2x23 CAT7 כבל מחשב אדום טלדור,2,300,2.7225,2.7225,2.7225,2.7225,2.7225,2.7225
2025-02,SKU:9991115490,9991115490,CAT 6A SFTP ' מ2. מגשר אפור,1,1,5.0775,5.08,5.0775,5.0775,5.0775,5.0775
2020-12,SKU:999111631,999111631,' מ1 CAT 6A מגשר אפור,1,1,27.5982,27.6,27.5982,27.5982,27.5982,27.5982
2021-10,SKU:99911164,99911164,' מ20. מסוכךRG45 מגשר,1,1,22.32,,22.32,22.32,22.32,22.32
2020-04,SKU:99911165,99911165,' מ30. מסוכךRG45 מגשר,1,1,28.664,28.66,28.664,28.664,28.664,28.664
2020-08,SKU:99913015,99913015,3x2.5 N2XY (מטר כבל)בחבילה5951061,1,3,8.05,8.0467,8.05,8.05,8.05,8.05
2022-06,SKU:99913059,99913059,Discovery DS-50 משאבה חשמלית ניידת,1,1,156.24,156.24,156.24,156.24,156.24,156.24
2021-02,SKU:999810035,999810035,"VEGA ס""מ4 פלס מגנטי995650432 T-2 תקע כפול1524011",1,2,10.06,10.06,10.06,10.06,10.06,10.06
