item_code,normalized_product_key,product_market_family,material_driver,previous_date,current_date,days_between,months_between,previous_unit_price,current_unit_price,absolute_change,percent_change,gap_class_at_current,index_eligible,cable_type,conductor_count,cross_section_mm2
5951100,SKU:5951100,N2XY_COPPER_CABLE,COPPER,2023-12-31,2024-07-28,210,6.90,5.88,6.4148,0.5348,9.0952,STALE,no,N2XY,3,4
5951100,SKU:5951100,N2XY_COPPER_CABLE,COPPER,2024-07-28,2024-07-28,0,0.00,6.4148,6.4148,0,0,FRESH,yes,N2XY,3,4
5951100,SKU:5951100,N2XY_COPPER_CABLE,COPPER,2024-07-28,2025-03-27,242,7.97,6.4148,6.241,-0.1738,-2.7094,STALE,no,N2XY,3,4
56013,SKU:56013,COPPER_WIRE,COPPER_PVC,2020-01-28,2020-07-26,180,5.93,2.8,2.8,0,0,STALE,no,,,1
56013,SKU:56013,COPPER_WIRE,COPPER_PVC,2020-07-26,2020-07-26,0,0.00,2.8,2.8,0,0,FRESH,yes,,,1
56013,SKU:56013,COPPER_WIRE,COPPER_PVC,2020-07-26,2020-10-22,88,2.87,2.8,3.05,0.25,8.9286,MODERATE,yes,,,1
56013,SKU:56013,COPPER_WIRE,COPPER_PVC,2020-10-22,2023-06-29,980,32.23,3.05,4.1,1.05,34.4262,STALE,no,,,1
56013,SKU:56013,COPPER_WIRE,COPPER_PVC,2023-06-29,2023-09-28,91,2.97,4.1,4.0174,-0.0826,-2.0146,MODERATE,yes,,,1
56013,SKU:56013,COPPER_WIRE,COPPER_PVC,2023-09-28,2023-11-28,61,2.00,4.0174,4.0174,0,0,MODERATE,yes,,,1
56013,SKU:56013,COPPER_WIRE,COPPER_PVC,2023-11-28,2024-02-28,92,3.00,4.0174,4.1144,0.097,2.4145,MODERATE,yes,,,1
56013,SKU:56013,COPPER_WIRE,COPPER_PVC,2024-02-28,2024-02-28,0,0.00,4.1144,4.1144,0,0,FRESH,yes,,,1
56013,SKU:56013,COPPER_WIRE,COPPER_PVC,2024-02-28,2024-03-31,32,1.10,4.1144,4.1144,0,0,FRESH,yes,,,1
56013,SKU:56013,COPPER_WIRE,COPPER_PVC,2024-03-31,2024-03-31,0,0.00,4.1144,4.1144,0,0,FRESH,yes,,,1
56013,SKU:56013,COPPER_WIRE,COPPER_PVC,2024-03-31,2025-03-27,361,11.87,4.1144,4.5662,0.4518,10.9809,STALE,no,,,1
49322000,SKU:49322000,COPPER_WIRE,COPPER_PVC,2019-03-29,2019-03-29,0,0.00,44.57,44.57,0,0,FRESH,yes,,,560431
49322000,SKU:49322000,COPPER_WIRE,COPPER_PVC,2019-03-29,2020-08-27,517,16.93,44.57,44.57,0,0,STALE,no,,,560431
49322000,SKU:49322000,COPPER_WIRE,COPPER_PVC,2020-08-27,2020-09-24,28,0.90,44.57,49.0292,4.4592,10.0049,FRESH,yes,,,560431
49322000,SKU:49322000,COPPER_WIRE,COPPER_PVC,2020-09-24,2021-04-27,215,7.10,49.0292,49.0292,0,0,STALE,no,,,560431
49322000,SKU:49322000,COPPER_WIRE,COPPER_PVC,2021-04-27,2021-09-26,152,4.97,49.0292,51.34,2.3108,4.7131,STALE,no,,,560431
49322000,SKU:49322000,COPPER_WIRE,COPPER_PVC,2021-09-26,2021-09-26,0,0.00,51.34,51.34,0,0,FRESH,yes,,,560431
49322000,SKU:49322000,COPPER_WIRE,COPPER_PVC,2021-09-26,2021-11-25,60,1.97,51.34,53.475,2.135,4.1586,MODERATE,yes,,,560431
49322000,SKU:49322000,COPPER_WIRE,COPPER_PVC,2021-11-25,2023-02-28,460,15.10,53.475,53.475,0,0,STALE,no,,,560431
49322000,SKU:49322000,COPPER_WIRE,COPPER_PVC,2023-02-28,2023-05-28,89,3.00,53.475,53.475,0,0,MODERATE,yes,,,560431
49322000,SKU:49322000,COPPER_WIRE,COPPER_PVC,2023-05-28,2023-06-29,32,1.03,53.475,53.475,0,0,FRESH,yes,,,560431
49322000,SKU:49322000,COPPER_WIRE,COPPER_PVC,2023-06-29,2025-03-27,637,20.93,53.475,53.475,0,0,STALE,no,,,560431
99080056,SKU:99080056,N2XY_COPPER_CABLE,COPPER,2018-11-27,2019-01-27,61,2.00,4.5,4.5,0,0,MODERATE,yes,N2XY,3,1.5
99080056,SKU:99080056,N2XY_COPPER_CABLE,COPPER,2019-01-27,2019-09-24,240,7.90,4.5,4.5,0,0,STALE,no,N2XY,3,1.5
99080056,SKU:99080056,N2XY_COPPER_CABLE,COPPER,2019-09-24,2019-10-25,31,1.03,4.5,4.896,0.396,8.8,FRESH,yes,N2XY,3,1.5
99080056,SKU:99080056,N2XY_COPPER_CABLE,COPPER,2019-10-25,2019-10-25,0,0.00,4.896,4.5,-0.396,-8.0882,FRESH,yes,N2XY,3,1.5
99080056,SKU:99080056,N2XY_COPPER_CABLE,COPPER,2019-10-25,2019-10-25,0,0.00,4.5,4.896,0.396,8.8,FRESH,yes,N2XY,3,1.5
99080056,SKU:99080056,N2XY_COPPER_CABLE,COPPER,2019-10-25,2019-11-27,33,1.07,4.896,4.8,-0.096,-1.9608,FRESH,yes,N2XY,3,1.5
99080056,SKU:99080056,N2XY_COPPER_CABLE,COPPER,2019-11-27,2019-11-27,0,0.00,4.8,4.8,0,0,FRESH,yes,N2XY,3,1.5
99080056,SKU:99080056,N2XY_COPPER_CABLE,COPPER,2019-11-27,2020-01-28,62,2.03,4.8,4.6,-0.2,-4.1667,MODERATE,yes,N2XY,3,1.5
99080056,SKU:99080056,N2XY_COPPER_CABLE,COPPER,2020-01-28,2020-02-27,30,0.97,4.6,4.6,0,0,FRESH,yes,N2XY,3,1.5
99080056,SKU:99080056,N2XY_COPPER_CABLE,COPPER,2020-02-27,2020-03-29,31,1.07,4.6,4.7872,0.1872,4.0696,FRESH,yes,N2XY,3,1.5
99080056,SKU:99080056,N2XY_COPPER_CABLE,COPPER,2020-03-29,2020-03-29,0,0.00,4.7872,4.896,0.1088,2.2727,FRESH,yes,N2XY,3,1.5
99080056,SKU:99080056,N2XY_COPPER_CABLE,COPPER,2020-03-29,2020-04-30,32,1.03,4.896,4.5,-0.396,-8.0882,FRESH,yes,N2XY,3,1.5
99080056,SKU:99080056,N2XY_COPPER_CABLE,COPPER,2020-04-30,2020-04-30,0,0.00,4.5,5.44,0.94,20.8889,FRESH,yes,N2XY,3,1.5
99080056,SKU:99080056,N2XY_COPPER_CABLE,COPPER,2020-04-30,2020-06-28,59,1.93,5.44,4.55,-0.89,-16.3603,MODERATE,yes,N2XY,3,1.5
99080056,SKU:99080056,N2XY_COPPER_CABLE,COPPER,2020-06-28,2020-08-27,60,1.97,4.55,4.1,-0.45,-9.8901,MODERATE,yes,N2XY,3,1.5
99080056,SKU:99080056,N2XY_COPPER_CABLE,COPPER,2020-08-27,2020-09-24,28,0.90,4.1,4.2,0.1,2.439,FRESH,yes,N2XY,3,1.5
99080056,SKU:99080056,N2XY_COPPER_CABLE,COPPER,2020-09-24,2020-09-24,0,0.00,4.2,4.095,-0.105,-2.5,FRESH,yes,N2XY,3,1.5
99080056,SKU:99080056,N2XY_COPPER_CABLE,COPPER,2020-09-24,2020-10-22,28,0.93,4.095,4.095,0,0,FRESH,yes,N2XY,3,1.5
99080056,SKU:99080056,N2XY_COPPER_CABLE,COPPER,2020-10-22,2020-10-22,0,0.00,4.095,4.095,0,0,FRESH,yes,N2XY,3,1.5
99080056,SKU:99080056,N2XY_COPPER_CABLE,COPPER,2020-10-22,2020-10-22,0,0.00,4.095,4.55,0.455,11.1111,FRESH,yes,N2XY,3,1.5
99080056,SKU:99080056,N2XY_COPPER_CABLE,COPPER,2020-10-22,2020-11-26,35,1.13,4.55,4.004,-0.546,-12,FRESH,yes,N2XY,3,1.5
99080056,SKU:99080056,N2XY_COPPER_CABLE,COPPER,2020-11-26,2020-11-26,0,0.00,4.004,4.004,0,0,FRESH,yes,N2XY,3,1.5
99080056,SKU:99080056,N2XY_COPPER_CABLE,COPPER,2020-11-26,2021-02-28,94,3.07,4.004,5.06,1.056,26.3736,MODERATE,yes,N2XY,3,1.5
99080056,SKU:99080056,N2XY_COPPER_CABLE,COPPER,2021-02-28,2021-04-27,58,1.97,5.06,4.5,-0.56,-11.0672,MODERATE,yes,N2XY,3,1.5
99080056,SKU:99080056,N2XY_COPPER_CABLE,COPPER,2021-04-27,2021-04-27,0,0.00,4.5,4.5,0,0,FRESH,yes,N2XY,3,1.5
99080056,SKU:99080056,N2XY_COPPER_CABLE,COPPER,2021-04-27,2021-04-27,0,0.00,4.5,4.95,0.45,10,FRESH,yes,N2XY,3,1.5
99080056,SKU:99080056,N2XY_COPPER_CABLE,COPPER,2021-04-27,2021-05-27,30,1.00,4.95,5.0625,0.1125,2.2727,FRESH,yes,N2XY,3,1.5
99080056,SKU:99080056,N2XY_COPPER_CABLE,COPPER,2021-05-27,2021-07-28,62,2.03,5.0625,4.417,-0.6455,-12.7506,MODERATE,yes,N2XY,3,1.5
99080056,SKU:99080056,N2XY_COPPER_CABLE,COPPER,2021-07-28,2021-08-26,29,0.93,4.417,4.5432,0.1262,2.8571,FRESH,yes,N2XY,3,1.5
99080056,SKU:99080056,N2XY_COPPER_CABLE,COPPER,2021-08-26,2021-08-26,0,0.00,4.5432,4.5432,0,0,FRESH,yes,N2XY,3,1.5
99080056,SKU:99080056,N2XY_COPPER_CABLE,COPPER,2021-08-26,2021-08-26,0,0.00,4.5432,4.5432,0,0,FRESH,yes,N2XY,3,1.5
99080056,SKU:99080056,N2XY_COPPER_CABLE,COPPER,2021-08-26,2021-09-26,31,1.00,4.5432,4.54,-0.0032,-0.0704,FRESH,yes,N2XY,3,1.5
99080056,SKU:99080056,N2XY_COPPER_CABLE,COPPER,2021-09-26,2021-10-27,31,1.03,4.54,4.5432,0.0032,0.0705,FRESH,yes,N2XY,3,1.5
99080056,SKU:99080056,N2XY_COPPER_CABLE,COPPER,2021-10-27,2021-11-25,29,0.93,4.5432,4.7325,0.1893,4.1667,FRESH,yes,N2XY,3,1.5
99080056,SKU:99080056,N2XY_COPPER_CABLE,COPPER,2021-11-25,2022-01-26,62,2.03,4.7325,4.7325,0,0,MODERATE,yes,N2XY,3,1.5
99080056,SKU:99080056,N2XY_COPPER_CABLE,COPPER,2022-01-26,2022-01-26,0,0.00,4.7325,4.7325,0,0,FRESH,yes,N2XY,3,1.5
99080056,SKU:99080056,N2XY_COPPER_CABLE,COPPER,2022-01-26,2022-02-24,29,0.93,4.7325,4.65,-0.0825,-1.7433,FRESH,yes,N2XY,3,1.5
99080056,SKU:99080056,N2XY_COPPER_CABLE,COPPER,2022-02-24,2022-04-27,62,2.10,4.65,4.092,-0.558,-12,MODERATE,yes,N2XY,3,1.5
99080056,SKU:99080056,N2XY_COPPER_CABLE,COPPER,2022-04-27,2022-04-27,0,0.00,4.092,4.092,0,0,FRESH,yes,N2XY,3,1.5
99080056,SKU:99080056,N2XY_COPPER_CABLE,COPPER,2022-04-27,2022-04-27,0,0.00,4.092,4.65,0.558,13.6364,FRESH,yes,N2XY,3,1.5
99080056,SKU:99080056,N2XY_COPPER_CABLE,COPPER,2022-04-27,2022-05-29,32,1.07,4.65,4.464,-0.186,-4,FRESH,yes,N2XY,3,1.5
99080056,SKU:99080056,N2XY_COPPER_CABLE,COPPER,2022-05-29,2022-07-26,58,1.90,4.464,4.65,0.186,4.1667,MODERATE,yes,N2XY,3,1.5
99080056,SKU:99080056,N2XY_COPPER_CABLE,COPPER,2022-07-26,2022-08-25,30,0.97,4.65,4.464,-0.186,-4,FRESH,yes,N2XY,3,1.5
99080056,SKU:99080056,N2XY_COPPER_CABLE,COPPER,2022-08-25,2022-08-25,0,0.00,4.464,4.464,0,0,FRESH,yes,N2XY,3,1.5
99080056,SKU:99080056,N2XY_COPPER_CABLE,COPPER,2022-08-25,2022-08-25,0,0.00,4.464,4.65,0.186,4.1667,FRESH,yes,N2XY,3,1.5
99080056,SKU:99080056,N2XY_COPPER_CABLE,COPPER,2022-08-25,2022-09-28,34,1.10,4.65,4.402,-0.248,-5.3333,FRESH,yes,N2XY,3,1.5
99080056,SKU:99080056,N2XY_COPPER_CABLE,COPPER,2022-09-28,2022-09-28,0,0.00,4.402,4.464,0.062,1.4085,FRESH,yes,N2XY,3,1.5
99080056,SKU:99080056,N2XY_COPPER_CABLE,COPPER,2022-09-28,2022-10-27,29,0.97,4.464,4.65,0.186,4.1667,FRESH,yes,N2XY,3,1.5
99080056,SKU:99080056,N2XY_COPPER_CABLE,COPPER,2022-10-27,2022-10-27,0,0.00,4.65,4.65,0,0,FRESH,yes,N2XY,3,1.5
99080056,SKU:99080056,N2XY_COPPER_CABLE,COPPER,2022-10-27,2022-11-27,31,1.00,4.65,4.464,-0.186,-4,FRESH,yes,N2XY,3,1.5
99080056,SKU:99080056,N2XY_COPPER_CABLE,COPPER,2022-11-27,2022-12-29,32,1.07,4.464,4.464,0,0,FRESH,yes,N2XY,3,1.5
99080056,SKU:99080056,N2XY_COPPER_CABLE,COPPER,2022-12-29,2023-02-28,61,1.97,4.464,4.464,0,0,MODERATE,yes,N2XY,3,1.5
99080056,SKU:99080056,N2XY_COPPER_CABLE,COPPER,2023-02-28,2023-02-28,0,0.00,4.464,4.464,0,0,FRESH,yes,N2XY,3,1.5
99080056,SKU:99080056,N2XY_COPPER_CABLE,COPPER,2023-02-28,2023-05-28,89,3.00,4.464,4.65,0.186,4.1667,MODERATE,yes,N2XY,3,1.5
99080056,SKU:99080056,N2XY_COPPER_CABLE,COPPER,2023-05-28,2023-08-29,93,3.03,4.65,4.464,-0.186,-4,MODERATE,yes,N2XY,3,1.5
99080056,SKU:99080056,N2XY_COPPER_CABLE,COPPER,2023-08-29,2023-10-29,61,2.00,4.464,4.464,0,0,MODERATE,yes,N2XY,3,1.5
99080056,SKU:99080056,N2XY_COPPER_CABLE,COPPER,2023-10-29,2024-01-28,91,2.97,4.464,4.65,0.186,4.1667,MODERATE,yes,N2XY,3,1.5
99080056,SKU:99080056,N2XY_COPPER_CABLE,COPPER,2024-01-28,2024-02-28,31,1.00,4.65,4.65,0,0,FRESH,yes,N2XY,3,1.5
99080056,SKU:99080056,N2XY_COPPER_CABLE,COPPER,2024-02-28,2024-05-29,91,3.03,4.65,4.65,0,0,MODERATE,yes,N2XY,3,1.5
99080056,SKU:99080056,N2XY_COPPER_CABLE,COPPER,2024-05-29,2024-05-29,0,0.00,4.65,4.65,0,0,FRESH,yes,N2XY,3,1.5
99080056,SKU:99080056,N2XY_COPPER_CABLE,COPPER,2024-05-29,2024-06-27,29,0.93,4.65,4.65,0,0,FRESH,yes,N2XY,3,1.5
99080056,SKU:99080056,N2XY_COPPER_CABLE,COPPER,2024-06-27,2024-07-28,31,1.03,4.65,4.65,0,0,FRESH,yes,N2XY,3,1.5
99080056,SKU:99080056,N2XY_COPPER_CABLE,COPPER,2024-07-28,2024-08-29,32,1.03,4.65,4.65,0,0,FRESH,yes,N2XY,3,1.5
99080056,SKU:99080056,N2XY_COPPER_CABLE,COPPER,2024-08-29,2024-08-29,0,0.00,4.65,4.65,0,0,FRESH,yes,N2XY,3,1.5
99080056,SKU:99080056,N2XY_COPPER_CABLE,COPPER,2024-08-29,2024-10-31,63,2.07,4.65,4.65,0,0,MODERATE,yes,N2XY,3,1.5
99080056,SKU:99080056,N2XY_COPPER_CABLE,COPPER,2024-10-31,2024-10-31,0,0.00,4.65,4.65,0,0,FRESH,yes,N2XY,3,1.5
99080056,SKU:99080056,N2XY_COPPER_CABLE,COPPER,2024-10-31,2024-11-28,28,0.90,4.65,4.65,0,0,FRESH,yes,N2XY,3,1.5
99080056,SKU:99080056,N2XY_COPPER_CABLE,COPPER,2024-11-28,2025-01-28,61,2.00,4.65,4.65,0,0,MODERATE,yes,N2XY,3,1.5
99080056,SKU:99080056,N2XY_COPPER_CABLE,COPPER,2025-01-28,2025-03-27,58,1.97,4.65,4.65,0,0,MODERATE,yes,N2XY,3,1.5
55023,SKU:55023,COPPER_WIRE,COPPER_PVC,2017-10-03,2017-10-03,0,0.00,0.434,0.434,0,0,FRESH,yes,,,1.5
55023,SKU:55023,COPPER_WIRE,COPPER_PVC,2017-10-03,2017-10-03,0,0.00,0.434,0.441,0.007,1.6129,FRESH,yes,,,1.5
55023,SKU:55023,COPPER_WIRE,COPPER_PVC,2017-10-03,2017-10-03,0,0.00,0.441,0.441,0,0,FRESH,yes,,,1.5
55023,SKU:55023,COPPER_WIRE,COPPER_PVC,2017-10-03,2017-10-03,0,0.00,0.441,0.441,0,0,FRESH,yes,,,1.5
55023,SKU:55023,COPPER_WIRE,COPPER_PVC,2017-10-03,2017-10-03,0,0.00,0.441,0.441,0,0,FRESH,yes,,,1.5
55023,SKU:55023,COPPER_WIRE,COPPER_PVC,2017-10-03,2017-10-03,0,0.00,0.441,0.441,0,0,FRESH,yes,,,1.5
55023,SKU:55023,COPPER_WIRE,COPPER_PVC,2017-10-03,2018-08-30,331,10.90,0.441,0.5616,0.1206,27.3469,STALE,no,,,1.5
55023,SKU:55023,COPPER_WIRE,COPPER_PVC,2018-08-30,2018-11-27,89,2.90,0.5616,0.4329,-0.1287,-22.9167,MODERATE,yes,,,1.5
55023,SKU:55023,COPPER_WIRE,COPPER_PVC,2018-11-27,2018-11-27,0,0.00,0.4329,0.43,-0.0029,-0.6699,FRESH,yes,,,1.5
55023,SKU:55023,COPPER_WIRE,COPPER_PVC,2018-11-27,2018-12-31,34,1.13,0.43,0.4368,0.0068,1.5814,FRESH,yes,,,1.5
55023,SKU:55023,COPPER_WIRE,COPPER_PVC,2018-12-31,2019-01-27,27,0.87,0.4368,0.4482,0.0114,2.6099,FRESH,yes,,,1.5
55023,SKU:55023,COPPER_WIRE,COPPER_PVC,2019-01-27,2019-01-27,0,0.00,0.4482,0.4482,0,0,FRESH,yes,,,1.5
55023,SKU:55023,COPPER_WIRE,COPPER_PVC,2019-01-27,2019-01-27,0,0.00,0.4482,0.4482,0,0,FRESH,yes,,,1.5
55023,SKU:55023,COPPER_WIRE,COPPER_PVC,2019-01-27,2019-01-27,0,0.00,0.4482,0.4482,0,0,FRESH,yes,,,1.5
55023,SKU:55023,COPPER_WIRE,COPPER_PVC,2019-01-27,2019-07-28,182,6.03,0.4482,0.41,-0.0382,-8.523,STALE,no,,,1.5
55023,SKU:55023,COPPER_WIRE,COPPER_PVC,2019-07-28,2019-08-25,28,0.90,0.41,0.4233,0.0133,3.2439,FRESH,yes,,,1.5
55023,SKU:55023,COPPER_WIRE,COPPER_PVC,2019-08-25,2019-08-25,0,0.00,0.4233,0.4233,0,0,FRESH,yes,,,1.5
55023,SKU:55023,COPPER_WIRE,COPPER_PVC,2019-08-25,2019-09-24,30,0.97,0.4233,0.39,-0.0333,-7.8668,FRESH,yes,,,1.5
55023,SKU:55023,COPPER_WIRE,COPPER_PVC,2019-09-24,2019-09-24,0,0.00,0.39,0.39,0,0,FRESH,yes,,,1.5
55023,SKU:55023,COPPER_WIRE,COPPER_PVC,2019-09-24,2019-09-24,0,0.00,0.39,0.39,0,0,FRESH,yes,,,1.5
55023,SKU:55023,COPPER_WIRE,COPPER_PVC,2019-09-24,2019-09-24,0,0.00,0.39,0.39,0,0,FRESH,yes,,,1.5
55023,SKU:55023,COPPER_WIRE,COPPER_PVC,2019-09-24,2019-09-24,0,0.00,0.39,0.39,0,0,FRESH,yes,,,1.5
55023,SKU:55023,COPPER_WIRE,COPPER_PVC,2019-09-24,2019-09-24,0,0.00,0.39,0.39,0,0,FRESH,yes,,,1.5
55023,SKU:55023,COPPER_WIRE,COPPER_PVC,2019-09-24,2019-09-24,0,0.00,0.39,0.39,0,0,FRESH,yes,,,1.5
55023,SKU:55023,COPPER_WIRE,COPPER_PVC,2019-09-24,2019-09-24,0,0.00,0.39,0.39,0,0,FRESH,yes,,,1.5
55023,SKU:55023,COPPER_WIRE,COPPER_PVC,2019-09-24,2019-10-25,31,1.03,0.39,0.38,-0.01,-2.5641,FRESH,yes,,,1.5
55023,SKU:55023,COPPER_WIRE,COPPER_PVC,2019-10-25,2019-10-25,0,0.00,0.38,0.38,0,0,FRESH,yes,,,1.5
55023,SKU:55023,COPPER_WIRE,COPPER_PVC,2019-10-25,2019-10-25,0,0.00,0.38,0.38,0,0,FRESH,yes,,,1.5
55023,SKU:55023,COPPER_WIRE,COPPER_PVC,2019-10-25,2019-10-25,0,0.00,0.38,0.38,0,0,FRESH,yes,,,1.5
55023,SKU:55023,COPPER_WIRE,COPPER_PVC,2019-10-25,2019-10-25,0,0.00,0.38,0.38,0,0,FRESH,yes,,,1.5
55023,SKU:55023,COPPER_WIRE,COPPER_PVC,2019-10-25,2019-10-25,0,0.00,0.38,0.38,0,0,FRESH,yes,,,1.5
55023,SKU:55023,COPPER_WIRE,COPPER_PVC,2019-10-25,2020-02-27,125,4.07,0.38,0.39,0.01,2.6316,STALE,no,,,1.5
55023,SKU:55023,COPPER_WIRE,COPPER_PVC,2020-02-27,2020-03-29,31,1.07,0.39,0.39,0,0,FRESH,yes,,,1.5
55023,SKU:55023,COPPER_WIRE,COPPER_PVC,2020-03-29,2020-03-29,0,0.00,0.39,0.39,0,0,FRESH,yes,,,1.5
55023,SKU:55023,COPPER_WIRE,COPPER_PVC,2020-03-29,2020-03-29,0,0.00,0.39,0.39,0,0,FRESH,yes,,,1.5
55023,SKU:55023,COPPER_WIRE,COPPER_PVC,2020-03-29,2020-03-29,0,0.00,0.39,0.39,0,0,FRESH,yes,,,1.5
55023,SKU:55023,COPPER_WIRE,COPPER_PVC,2020-03-29,2020-03-29,0,0.00,0.39,0.39,0,0,FRESH,yes,,,1.5
55023,SKU:55023,COPPER_WIRE,COPPER_PVC,2020-03-29,2020-03-29,0,0.00,0.39,0.39,0,0,FRESH,yes,,,1.5
55023,SKU:55023,COPPER_WIRE,COPPER_PVC,2020-03-29,2020-04-30,32,1.03,0.39,0.38,-0.01,-2.5641,FRESH,yes,,,1.5
55023,SKU:55023,COPPER_WIRE,COPPER_PVC,2020-04-30,2020-04-30,0,0.00,0.38,0.38,0,0,FRESH,yes,,,1.5
55023,SKU:55023,COPPER_WIRE,COPPER_PVC,2020-04-30,2020-04-30,0,0.00,0.38,0.38,0,0,FRESH,yes,,,1.5
55023,SKU:55023,COPPER_WIRE,COPPER_PVC,2020-04-30,2020-04-30,0,0.00,0.38,0.39,0.01,2.6316,FRESH,yes,,,1.5
55023,SKU:55023,COPPER_WIRE,COPPER_PVC,2020-04-30,2020-06-28,59,1.93,0.39,0.38,-0.01,-2.5641,MODERATE,yes,,,1.5
55023,SKU:55023,COPPER_WIRE,COPPER_PVC,2020-06-28,2020-06-28,0,0.00,0.38,0.38,0,0,FRESH,yes,,,1.5
55023,SKU:55023,COPPER_WIRE,COPPER_PVC,2020-06-28,2020-06-28,0,0.00,0.38,0.38,0,0,FRESH,yes,,,1.5
55023,SKU:55023,COPPER_WIRE,COPPER_PVC,2020-06-28,2020-06-28,0,0.00,0.38,0.38,0,0,FRESH,yes,,,1.5
55023,SKU:55023,COPPER_WIRE,COPPER_PVC,2020-06-28,2020-07-26,28,0.93,0.38,0.4144,0.0344,9.0526,FRESH,yes,,,1.5
55023,SKU:55023,COPPER_WIRE,COPPER_PVC,2020-07-26,2020-07-26,0,0.00,0.4144,0.4144,0,0,FRESH,yes,,,1.5
55023,SKU:55023,COPPER_WIRE,COPPER_PVC,2020-07-26,2020-07-26,0,0.00,0.4144,0.4144,0,0,FRESH,yes,,,1.5
55023,SKU:55023,COPPER_WIRE,COPPER_PVC,2020-07-26,2020-07-30,4,0.13,0.4144,0.4144,0,0,FRESH,yes,,,1.5
55023,SKU:55023,COPPER_WIRE,COPPER_PVC,2020-07-30,2020-09-24,56,1.80,0.4144,0.4218,0.0074,1.7857,MODERATE,yes,,,1.5
55023,SKU:55023,COPPER_WIRE,COPPER_PVC,2020-09-24,2020-09-24,0,0.00,0.4218,0.4218,0,0,FRESH,yes,,,1.5
55023,SKU:55023,COPPER_WIRE,COPPER_PVC,2020-09-24,2020-09-24,0,0.00,0.4218,0.4218,0,0,FRESH,yes,,,1.5
55023,SKU:55023,COPPER_WIRE,COPPER_PVC,2020-09-24,2020-09-24,0,0.00,0.4218,0.4218,0,0,FRESH,yes,,,1.5
55023,SKU:55023,COPPER_WIRE,COPPER_PVC,2020-09-24,2020-09-24,0,0.00,0.4218,0.4218,0,0,FRESH,yes,,,1.5
55023,SKU:55023,COPPER_WIRE,COPPER_PVC,2020-09-24,2020-09-24,0,0.00,0.4218,0.4218,0,0,FRESH,yes,,,1.5
55023,SKU:55023,COPPER_WIRE,COPPER_PVC,2020-09-24,2020-10-22,28,0.93,0.4218,0.44,0.0182,4.3148,FRESH,yes,,,1.5
55023,SKU:55023,COPPER_WIRE,COPPER_PVC,2020-10-22,2020-10-22,0,0.00,0.44,0.44,0,0,FRESH,yes,,,1.5
55023,SKU:55023,COPPER_WIRE,COPPER_PVC,2020-10-22,2020-10-22,0,0.00,0.44,0.44,0,0,FRESH,yes,,,1.5
55023,SKU:55023,COPPER_WIRE,COPPER_PVC,2020-10-22,2020-11-26,35,1.13,0.44,0.44,0,0,FRESH,yes,,,1.5
55023,SKU:55023,COPPER_WIRE,COPPER_PVC,2020-11-26,2020-11-26,0,0.00,0.44,0.44,0,0,FRESH,yes,,,1.5
55023,SKU:55023,COPPER_WIRE,COPPER_PVC,2020-11-26,2020-11-26,0,0.00,0.44,0.44,0,0,FRESH,yes,,,1.5
55023,SKU:55023,COPPER_WIRE,COPPER_PVC,2020-11-26,2020-11-26,0,0.00,0.44,0.44,0,0,FRESH,yes,,,1.5
55023,SKU:55023,COPPER_WIRE,COPPER_PVC,2020-11-26,2020-12-30,34,1.13,0.44,0.48,0.04,9.0909,FRESH,yes,,,1.5
55023,SKU:55023,COPPER_WIRE,COPPER_PVC,2020-12-30,2020-12-30,0,0.00,0.48,0.48,0,0,FRESH,yes,,,1.5
55023,SKU:55023,COPPER_WIRE,COPPER_PVC,2020-12-30,2020-12-30,0,0.00,0.48,0.48,0,0,FRESH,yes,,,1.5
55023,SKU:55023,COPPER_WIRE,COPPER_PVC,2020-12-30,2020-12-30,0,0.00,0.48,0.48,0,0,FRESH,yes,,,1.5
55023,SKU:55023,COPPER_WIRE,COPPER_PVC,2020-12-30,2020-12-30,0,0.00,0.48,0.46,-0.02,-4.1667,FRESH,yes,,,1.5
55023,SKU:55023,COPPER_WIRE,COPPER_PVC,2020-12-30,2021-04-27,118,3.90,0.46,0.5336,0.0736,16,MODERATE,yes,,,1.5
55023,SKU:55023,COPPER_WIRE,COPPER_PVC,2021-04-27,2021-04-27,0,0.00,0.5336,0.5336,0,0,FRESH,yes,,,1.5
55023,SKU:55023,COPPER_WIRE,COPPER_PVC,2021-04-27,2021-04-27,0,0.00,0.5336,0.5336,0,0,FRESH,yes,,,1.5
55023,SKU:55023,COPPER_WIRE,COPPER_PVC,2021-04-27,2021-04-27,0,0.00,0.5336,0.5336,0,0,FRESH,yes,,,1.5
55023,SKU:55023,COPPER_WIRE,COPPER_PVC,2021-04-27,2021-05-27,30,1.00,0.5336,0.5796,0.046,8.6207,FRESH,yes,,,1.5
55023,SKU:55023,COPPER_WIRE,COPPER_PVC,2021-05-27,2021-05-27,0,0.00,0.5796,0.5796,0,0,FRESH,yes,,,1.5
55023,SKU:55023,COPPER_WIRE,COPPER_PVC,2021-05-27,2021-05-27,0,0.00,0.5796,0.6195,0.0399,6.8841,FRESH,yes,,,1.5
55023,SKU:55023,COPPER_WIRE,COPPER_PVC,2021-05-27,2021-05-27,0,0.00,0.6195,0.6195,0,0,FRESH,yes,,,1.5
55023,SKU:55023,COPPER_WIRE,COPPER_PVC,2021-05-27,2021-05-27,0,0.00,0.6195,0.6195,0,0,FRESH,yes,,,1.5
55023,SKU:55023,COPPER_WIRE,COPPER_PVC,2021-05-27,2021-06-30,34,1.10,0.6195,0.588,-0.0315,-5.0847,FRESH,yes,,,1.5
55023,SKU:55023,COPPER_WIRE,COPPER_PVC,2021-06-30,2021-06-30,0,0.00,0.588,0.588,0,0,FRESH,yes,,,1.5
55023,SKU:55023,COPPER_WIRE,COPPER_PVC,2021-06-30,2021-06-30,0,0.00,0.588,0.588,0,0,FRESH,yes,,,1.5
55023,SKU:55023,COPPER_WIRE,COPPER_PVC,2021-06-30,2021-06-30,0,0.00,0.588,0.588,0,0,FRESH,yes,,,1.5
55023,SKU:55023,COPPER_WIRE,COPPER_PVC,2021-06-30,2021-06-30,0,0.00,0.588,0.588,0,0,FRESH,yes,,,1.5
55023,SKU:55023,COPPER_WIRE,COPPER_PVC,2021-06-30,2021-06-30,0,0.00,0.588,0.588,0,0,FRESH,yes,,,1.5
55023,SKU:55023,COPPER_WIRE,COPPER_PVC,2021-06-30,2021-06-30,0,0.00,0.588,0.588,0,0,FRESH,yes,,,1.5
55023,SKU:55023,COPPER_WIRE,COPPER_PVC,2021-06-30,2021-06-30,0,0.00,0.588,0.588,0,0,FRESH,yes,,,1.5
55023,SKU:55023,COPPER_WIRE,COPPER_PVC,2021-06-30,2021-07-28,28,0.93,0.588,0.5775,-0.0105,-1.7857,FRESH,yes,,,1.5
55023,SKU:55023,COPPER_WIRE,COPPER_PVC,2021-07-28,2021-07-28,0,0.00,0.5775,0.5775,0,0,FRESH,yes,,,1.5
55023,SKU:55023,COPPER_WIRE,COPPER_PVC,2021-07-28,2021-07-28,0,0.00,0.5775,0.5775,0,0,FRESH,yes,,,1.5
55023,SKU:55023,COPPER_WIRE,COPPER_PVC,2021-07-28,2021-08-26,29,0.93,0.5775,0.567,-0.0105,-1.8182,FRESH,yes,,,1.5
55023,SKU:55023,COPPER_WIRE,COPPER_PVC,2021-08-26,2021-08-26,0,0.00,0.567,0.567,0,0,FRESH,yes,,,1.5
55023,SKU:55023,COPPER_WIRE,COPPER_PVC,2021-08-26,2021-08-26,0,0.00,0.567,0.567,0,0,FRESH,yes,,,1.5
55023,SKU:55023,COPPER_WIRE,COPPER_PVC,2021-08-26,2021-08-26,0,0.00,0.567,0.567,0,0,FRESH,yes,,,1.5
55023,SKU:55023,COPPER_WIRE,COPPER_PVC,2021-08-26,2021-08-26,0,0.00,0.567,0.567,0,0,FRESH,yes,,,1.5
55023,SKU:55023,COPPER_WIRE,COPPER_PVC,2021-08-26,2021-10-27,62,2.03,0.567,0.5775,0.0105,1.8519,MODERATE,yes,,,1.5
55023,SKU:55023,COPPER_WIRE,COPPER_PVC,2021-10-27,2021-10-27,0,0.00,0.5775,0.5775,0,0,FRESH,yes,,,1.5
55023,SKU:55023,COPPER_WIRE,COPPER_PVC,2021-10-27,2021-11-25,29,0.93,0.5775,0.609,0.0315,5.4545,FRESH,yes,,,1.5
55023,SKU:55023,COPPER_WIRE,COPPER_PVC,2021-11-25,2021-11-25,0,0.00,0.609,0.609,0,0,FRESH,yes,,,1.5
55023,SKU:55023,COPPER_WIRE,COPPER_PVC,2021-11-25,2021-11-25,0,0.00,0.609,0.609,0,0,FRESH,yes,,,1.5
55023,SKU:55023,COPPER_WIRE,COPPER_PVC,2021-11-25,2022-01-26,62,2.03,0.609,0.5936,-0.0154,-2.5287,MODERATE,yes,,,1.5
55023,SKU:55023,COPPER_WIRE,COPPER_PVC,2022-01-26,2022-01-26,0,0.00,0.5936,0.5936,0,0,FRESH,yes,,,1.5
55023,SKU:55023,COPPER_WIRE,COPPER_PVC,2022-01-26,2022-01-26,0,0.00,0.5936,0.5936,0,0,FRESH,yes,,,1.5
55023,SKU:55023,COPPER_WIRE,COPPER_PVC,2022-01-26,2022-02-24,29,0.93,0.5936,0.61,0.0164,2.7628,FRESH,yes,,,1.5
55023,SKU:55023,COPPER_WIRE,COPPER_PVC,2022-02-24,2022-02-24,0,0.00,0.61,0.61,0,0,FRESH,yes,,,1.5
55023,SKU:55023,COPPER_WIRE,COPPER_PVC,2022-02-24,2022-02-24,0,0.00,0.61,0.61,0,0,FRESH,yes,,,1.5
55023,SKU:55023,COPPER_WIRE,COPPER_PVC,2022-02-24,2022-02-24,0,0.00,0.61,0.61,0,0,FRESH,yes,,,1.5
55023,SKU:55023,COPPER_WIRE,COPPER_PVC,2022-02-24,2022-02-24,0,0.00,0.61,0.61,0,0,FRESH,yes,,,1.5
55023,SKU:55023,COPPER_WIRE,COPPER_PVC,2022-02-24,2022-02-24,0,0.00,0.61,0.61,0,0,FRESH,yes,,,1.5
55023,SKU:55023,COPPER_WIRE,COPPER_PVC,2022-02-24,2022-04-27,62,2.10,0.61,0.67,0.06,9.8361,MODERATE,yes,,,1.5
55023,SKU:55023,COPPER_WIRE,COPPER_PVC,2022-04-27,2022-04-27,0,0.00,0.67,0.671,0.001,0.1493,FRESH,yes,,,1.5
55023,SKU:55023,COPPER_WIRE,COPPER_PVC,2022-04-27,2022-04-27,0,0.00,0.671,0.671,0,0,FRESH,yes,,,1.5
55023,SKU:55023,COPPER_WIRE,COPPER_PVC,2022-04-27,2022-04-27,0,0.00,0.671,0.671,0,0,FRESH,yes,,,1.5
55023,SKU:55023,COPPER_WIRE,COPPER_PVC,2022-04-27,2022-04-27,0,0.00,0.671,0.671,0,0,FRESH,yes,,,1.5
55023,SKU:55023,COPPER_WIRE,COPPER_PVC,2022-04-27,2022-05-29,32,1.07,0.671,0.6588,-0.0122,-1.8182,FRESH,yes,,,1.5
55023,SKU:55023,COPPER_WIRE,COPPER_PVC,2022-05-29,2022-05-29,0,0.00,0.6588,0.6588,0,0,FRESH,yes,,,1.5
55023,SKU:55023,COPPER_WIRE,COPPER_PVC,2022-05-29,2022-05-29,0,0.00,0.6588,0.6588,0,0,FRESH,yes,,,1.5
55023,SKU:55023,COPPER_WIRE,COPPER_PVC,2022-05-29,2022-05-29,0,0.00,0.6588,0.6588,0,0,FRESH,yes,,,1.5
55023,SKU:55023,COPPER_WIRE,COPPER_PVC,2022-05-29,2022-06-27,29,0.93,0.6588,0.62,-0.0388,-5.8895,FRESH,yes,,,1.5
55023,SKU:55023,COPPER_WIRE,COPPER_PVC,2022-06-27,2022-06-27,0,0.00,0.62,0.62,0,0,FRESH,yes,,,1.5
55023,SKU:55023,COPPER_WIRE,COPPER_PVC,2022-06-27,2022-06-27,0,0.00,0.62,0.62,0,0,FRESH,yes,,,1.5
55023,SKU:55023,COPPER_WIRE,COPPER_PVC,2022-06-27,2022-06-27,0,0.00,0.62,0.62,0,0,FRESH,yes,,,1.5
55023,SKU:55023,COPPER_WIRE,COPPER_PVC,2022-06-27,2022-08-25,59,1.93,0.62,0.5831,-0.0369,-5.9516,MODERATE,yes,,,1.5
55023,SKU:55023,COPPER_WIRE,COPPER_PVC,2022-08-25,2022-08-25,0,0.00,0.5831,0.5831,0,0,FRESH,yes,,,1.5
55023,SKU:55023,COPPER_WIRE,COPPER_PVC,2022-08-25,2022-08-25,0,0.00,0.5831,0.5831,0,0,FRESH,yes,,,1.5
55023,SKU:55023,COPPER_WIRE,COPPER_PVC,2022-08-25,2022-08-25,0,0.00,0.5831,0.5831,0,0,FRESH,yes,,,1.5
55023,SKU:55023,COPPER_WIRE,COPPER_PVC,2022-08-25,2022-08-25,0,0.00,0.5831,0.5831,0,0,FRESH,yes,,,1.5
55023,SKU:55023,COPPER_WIRE,COPPER_PVC,2022-08-25,2022-09-28,34,1.10,0.5831,0.5593,-0.0238,-4.0816,FRESH,yes,,,1.5
55023,SKU:55023,COPPER_WIRE,COPPER_PVC,2022-09-28,2022-09-28,0,0.00,0.5593,0.5593,0,0,FRESH,yes,,,1.5
55023,SKU:55023,COPPER_WIRE,COPPER_PVC,2022-09-28,2022-09-28,0,0.00,0.5593,0.5593,0,0,FRESH,yes,,,1.5
55023,SKU:55023,COPPER_WIRE,COPPER_PVC,2022-09-28,2022-09-28,0,0.00,0.5593,0.5593,0,0,FRESH,yes,,,1.5
55023,SKU:55023,COPPER_WIRE,COPPER_PVC,2022-09-28,2022-10-27,29,0.97,0.5593,0.5593,0,0,FRESH,yes,,,1.5
55023,SKU:55023,COPPER_WIRE,COPPER_PVC,2022-10-27,2022-10-27,0,0.00,0.5593,0.5593,0,0,FRESH,yes,,,1.5
55023,SKU:55023,COPPER_WIRE,COPPER_PVC,2022-10-27,2022-10-27,0,0.00,0.5593,0.5593,0,0,FRESH,yes,,,1.5
55023,SKU:55023,COPPER_WIRE,COPPER_PVC,2022-10-27,2022-10-27,0,0.00,0.5593,0.5593,0,0,FRESH,yes,,,1.5
55023,SKU:55023,COPPER_WIRE,COPPER_PVC,2022-10-27,2022-11-27,31,1.00,0.5593,0.5593,0,0,FRESH,yes,,,1.5
55023,SKU:55023,COPPER_WIRE,COPPER_PVC,2022-11-27,2022-11-27,0,0.00,0.5593,0.5593,0,0,FRESH,yes,,,1.5
55023,SKU:55023,COPPER_WIRE,COPPER_PVC,2022-11-27,2022-11-27,0,0.00,0.5593,0.5593,0,0,FRESH,yes,,,1.5
55023,SKU:55023,COPPER_WIRE,COPPER_PVC,2022-11-27,2022-12-29,32,1.07,0.5593,0.5593,0,0,FRESH,yes,,,1.5
55023,SKU:55023,COPPER_WIRE,COPPER_PVC,2022-12-29,2022-12-29,0,0.00,0.5593,0.5593,0,0,FRESH,yes,,,1.5
55023,SKU:55023,COPPER_WIRE,COPPER_PVC,2022-12-29,2022-12-29,0,0.00,0.5593,0.5593,0,0,FRESH,yes,,,1.5
55023,SKU:55023,COPPER_WIRE,COPPER_PVC,2022-12-29,2022-12-29,0,0.00,0.5593,0.5593,0,0,FRESH,yes,,,1.5
55023,SKU:55023,COPPER_WIRE,COPPER_PVC,2022-12-29,2022-12-29,0,0.00,0.5593,0.5593,0,0,FRESH,yes,,,1.5
55023,SKU:55023,COPPER_WIRE,COPPER_PVC,2022-12-29,2022-12-29,0,0.00,0.5593,0.5593,0,0,FRESH,yes,,,1.5
55023,SKU:55023,COPPER_WIRE,COPPER_PVC,2022-12-29,2022-12-29,0,0.00,0.5593,0.5593,0,0,FRESH,yes,,,1.5
55023,SKU:55023,COPPER_WIRE,COPPER_PVC,2022-12-29,2023-02-28,61,1.97,0.5593,0.588,0.0287,5.1314,MODERATE,yes,,,1.5
55023,SKU:55023,COPPER_WIRE,COPPER_PVC,2023-02-28,2023-02-28,0,0.00,0.588,0.588,0,0,FRESH,yes,,,1.5
55023,SKU:55023,COPPER_WIRE,COPPER_PVC,2023-02-28,2023-02-28,0,0.00,0.588,0.588,0,0,FRESH,yes,,,1.5
55023,SKU:55023,COPPER_WIRE,COPPER_PVC,2023-02-28,2023-02-28,0,0.00,0.588,0.588,0,0,FRESH,yes,,,1.5
55023,SKU:55023,COPPER_WIRE,COPPER_PVC,2023-02-28,2023-04-27,58,1.97,0.588,0.612,0.024,4.0816,MODERATE,yes,,,1.5
55023,SKU:55023,COPPER_WIRE,COPPER_PVC,2023-04-27,2023-04-27,0,0.00,0.612,0.612,0,0,FRESH,yes,,,1.5
55023,SKU:55023,COPPER_WIRE,COPPER_PVC,2023-04-27,2023-04-27,0,0.00,0.612,0.612,0,0,FRESH,yes,,,1.5
55023,SKU:55023,COPPER_WIRE,COPPER_PVC,2023-04-27,2023-05-28,31,1.03,0.612,0.612,0,0,FRESH,yes,,,1.5
55023,SKU:55023,COPPER_WIRE,COPPER_PVC,2023-05-28,2023-05-28,0,0.00,0.612,0.612,0,0,FRESH,yes,,,1.5
55023,SKU:55023,COPPER_WIRE,COPPER_PVC,2023-05-28,2023-05-28,0,0.00,0.612,0.612,0,0,FRESH,yes,,,1.5
55023,SKU:55023,COPPER_WIRE,COPPER_PVC,2023-05-28,2023-06-29,32,1.03,0.612,0.58,-0.032,-5.2288,FRESH,yes,,,1.5
55023,SKU:55023,COPPER_WIRE,COPPER_PVC,2023-06-29,2023-06-29,0,0.00,0.58,0.58,0,0,FRESH,yes,,,1.5
55023,SKU:55023,COPPER_WIRE,COPPER_PVC,2023-06-29,2023-06-29,0,0.00,0.58,0.58,0,0,FRESH,yes,,,1.5
55023,SKU:55023,COPPER_WIRE,COPPER_PVC,2023-06-29,2023-06-29,0,0.00,0.58,0.58,0,0,FRESH,yes,,,1.5
55023,SKU:55023,COPPER_WIRE,COPPER_PVC,2023-06-29,2023-06-29,0,0.00,0.58,0.58,0,0,FRESH,yes,,,1.5
55023,SKU:55023,COPPER_WIRE,COPPER_PVC,2023-06-29,2023-06-29,0,0.00,0.58,0.58,0,0,FRESH,yes,,,1.5
55023,SKU:55023,COPPER_WIRE,COPPER_PVC,2023-06-29,2023-06-29,0,0.00,0.58,0.58,0,0,FRESH,yes,,,1.5
55023,SKU:55023,COPPER_WIRE,COPPER_PVC,2023-06-29,2023-06-29,0,0.00,0.58,0.58,0,0,FRESH,yes,,,1.5
55023,SKU:55023,COPPER_WIRE,COPPER_PVC,2023-06-29,2023-06-29,0,0.00,0.58,0.58,0,0,FRESH,yes,,,1.5
55023,SKU:55023,COPPER_WIRE,COPPER_PVC,2023-06-29,2023-07-27,28,0.93,0.58,0.576,-0.004,-0.6897,FRESH,yes,,,1.5
55023,SKU:55023,COPPER_WIRE,COPPER_PVC,2023-07-27,2023-07-27,0,0.00,0.576,0.576,0,0,FRESH,yes,,,1.5
55023,SKU:55023,COPPER_WIRE,COPPER_PVC,2023-07-27,2023-07-27,0,0.00,0.576,0.576,0,0,FRESH,yes,,,1.5
55023,SKU:55023,COPPER_WIRE,COPPER_PVC,2023-07-27,2023-07-27,0,0.00,0.576,0.576,0,0,FRESH,yes,,,1.5
55023,SKU:55023,COPPER_WIRE,COPPER_PVC,2023-07-27,2023-07-27,0,0.00,0.576,0.576,0,0,FRESH,yes,,,1.5
55023,SKU:55023,COPPER_WIRE,COPPER_PVC,2023-07-27,2023-07-27,0,0.00,0.576,0.576,0,0,FRESH,yes,,,1.5
55023,SKU:55023,COPPER_WIRE,COPPER_PVC,2023-07-27,2023-08-29,33,1.07,0.576,0.61,0.034,5.9028,FRESH,yes,,,1.5
55023,SKU:55023,COPPER_WIRE,COPPER_PVC,2023-08-29,2023-08-29,0,0.00,0.61,0.61,0,0,FRESH,yes,,,1.5
55023,SKU:55023,COPPER_WIRE,COPPER_PVC,2023-08-29,2023-08-29,0,0.00,0.61,0.61,0,0,FRESH,yes,,,1.5
55023,SKU:55023,COPPER_WIRE,COPPER_PVC,2023-08-29,2023-08-29,0,0.00,0.61,0.61,0,0,FRESH,yes,,,1.5
55023,SKU:55023,COPPER_WIRE,COPPER_PVC,2023-08-29,2023-08-29,0,0.00,0.61,0.61,0,0,FRESH,yes,,,1.5
55023,SKU:55023,COPPER_WIRE,COPPER_PVC,2023-08-29,2023-09-28,30,0.97,0.61,0.5865,-0.0235,-3.8525,FRESH,yes,,,1.5
55023,SKU:55023,COPPER_WIRE,COPPER_PVC,2023-09-28,2023-09-28,0,0.00,0.5865,0.5865,0,0,FRESH,yes,,,1.5
55023,SKU:55023,COPPER_WIRE,COPPER_PVC,2023-09-28,2023-09-28,0,0.00,0.5865,0.5865,0,0,FRESH,yes,,,1.5
55023,SKU:55023,COPPER_WIRE,COPPER_PVC,2023-09-28,2023-09-28,0,0.00,0.5865,0.5865,0,0,FRESH,yes,,,1.5
55023,SKU:55023,COPPER_WIRE,COPPER_PVC,2023-09-28,2023-09-28,0,0.00,0.5865,0.5865,0,0,FRESH,yes,,,1.5
55023,SKU:55023,COPPER_WIRE,COPPER_PVC,2023-09-28,2023-10-29,31,1.03,0.5865,0.63,0.0435,7.4169,FRESH,yes,,,1.5
55023,SKU:55023,COPPER_WIRE,COPPER_PVC,2023-10-29,2023-10-29,0,0.00,0.63,0.63,0,0,FRESH,yes,,,1.5
55023,SKU:55023,COPPER_WIRE,COPPER_PVC,2023-10-29,2023-11-28,30,0.97,0.63,0.6095,-0.0205,-3.254,FRESH,yes,,,1.5
55023,SKU:55023,COPPER_WIRE,COPPER_PVC,2023-11-28,2023-11-28,0,0.00,0.6095,0.6095,0,0,FRESH,yes,,,1.5
55023,SKU:55023,COPPER_WIRE,COPPER_PVC,2023-11-28,2023-11-28,0,0.00,0.6095,0.6095,0,0,FRESH,yes,,,1.5
55023,SKU:55023,COPPER_WIRE,COPPER_PVC,2023-11-28,2023-11-28,0,0.00,0.6095,0.6095,0,0,FRESH,yes,,,1.5
55023,SKU:55023,COPPER_WIRE,COPPER_PVC,2023-11-28,2023-12-31,33,1.10,0.6095,0.575,-0.0345,-5.6604,FRESH,yes,,,1.5
55023,SKU:55023,COPPER_WIRE,COPPER_PVC,2023-12-31,2023-12-31,0,0.00,0.575,0.575,0,0,FRESH,yes,,,1.5
55023,SKU:55023,COPPER_WIRE,COPPER_PVC,2023-12-31,2023-12-31,0,0.00,0.575,0.575,0,0,FRESH,yes,,,1.5
55023,SKU:55023,COPPER_WIRE,COPPER_PVC,2023-12-31,2023-12-31,0,0.00,0.575,0.575,0,0,FRESH,yes,,,1.5
55023,SKU:55023,COPPER_WIRE,COPPER_PVC,2023-12-31,2024-01-28,28,0.90,0.575,0.59,0.015,2.6087,FRESH,yes,,,1.5
55023,SKU:55023,COPPER_WIRE,COPPER_PVC,2024-01-28,2024-01-28,0,0.00,0.59,0.59,0,0,FRESH,yes,,,1.5
55023,SKU:55023,COPPER_WIRE,COPPER_PVC,2024-01-28,2024-01-28,0,0.00,0.59,0.59,0,0,FRESH,yes,,,1.5
55023,SKU:55023,COPPER_WIRE,COPPER_PVC,2024-01-28,2024-02-28,31,1.00,0.59,0.5893,-0.0007,-0.1186,FRESH,yes,,,1.5
55023,SKU:55023,COPPER_WIRE,COPPER_PVC,2024-02-28,2024-03-31,32,1.10,0.5893,0.58,-0.0093,-1.5781,FRESH,yes,,,1.5
55023,SKU:55023,COPPER_WIRE,COPPER_PVC,2024-03-31,2024-05-29,59,1.93,0.58,1.9908,1.4108,243.2414,MODERATE,yes,,,1.5
55023,SKU:55023,COPPER_WIRE,COPPER_PVC,2024-05-29,2024-05-29,0,0.00,1.9908,0.6794,-1.3114,-65.873,FRESH,yes,,,1.5
55023,SKU:55023,COPPER_WIRE,COPPER_PVC,2024-05-29,2024-06-27,29,0.93,0.6794,0.6794,0,0,FRESH,yes,,,1.5
55023,SKU:55023,COPPER_WIRE,COPPER_PVC,2024-06-27,2024-06-27,0,0.00,0.6794,0.6794,0,0,FRESH,yes,,,1.5
55023,SKU:55023,COPPER_WIRE,COPPER_PVC,2024-06-27,2024-07-28,31,1.03,0.6794,0.6794,0,0,FRESH,yes,,,1.5
55023,SKU:55023,COPPER_WIRE,COPPER_PVC,2024-07-28,2024-07-28,0,0.00,0.6794,0.6794,0,0,FRESH,yes,,,1.5
55023,SKU:55023,COPPER_WIRE,COPPER_PVC,2024-07-28,2024-07-28,0,0.00,0.6794,0.6794,0,0,FRESH,yes,,,1.5
55023,SKU:55023,COPPER_WIRE,COPPER_PVC,2024-07-28,2024-07-28,0,0.00,0.6794,0.6794,0,0,FRESH,yes,,,1.5
55023,SKU:55023,COPPER_WIRE,COPPER_PVC,2024-07-28,2024-08-29,32,1.03,0.6794,0.6622,-0.0172,-2.5316,FRESH,yes,,,1.5
55023,SKU:55023,COPPER_WIRE,COPPER_PVC,2024-08-29,2024-08-29,0,0.00,0.6622,0.6622,0,0,FRESH,yes,,,1.5
55023,SKU:55023,COPPER_WIRE,COPPER_PVC,2024-08-29,2024-08-29,0,0.00,0.6622,0.6622,0,0,FRESH,yes,,,1.5
55023,SKU:55023,COPPER_WIRE,COPPER_PVC,2024-08-29,2024-09-30,32,1.03,0.6622,0.6622,0,0,FRESH,yes,,,1.5
55023,SKU:55023,COPPER_WIRE,COPPER_PVC,2024-09-30,2024-09-30,0,0.00,0.6622,0.6622,0,0,FRESH,yes,,,1.5
55023,SKU:55023,COPPER_WIRE,COPPER_PVC,2024-09-30,2024-09-30,0,0.00,0.6622,0.6622,0,0,FRESH,yes,,,1.5
55023,SKU:55023,COPPER_WIRE,COPPER_PVC,2024-09-30,2024-09-30,0,0.00,0.6622,0.6622,0,0,FRESH,yes,,,1.5
55023,SKU:55023,COPPER_WIRE,COPPER_PVC,2024-09-30,2024-09-30,0,0.00,0.6622,0.6622,0,0,FRESH,yes,,,1.5
55023,SKU:55023,COPPER_WIRE,COPPER_PVC,2024-09-30,2024-10-31,31,1.03,0.6622,0.6966,0.0344,5.1948,FRESH,yes,,,1.5
55023,SKU:55023,COPPER_WIRE,COPPER_PVC,2024-10-31,2024-10-31,0,0.00,0.6966,0.6966,0,0,FRESH,yes,,,1.5
55023,SKU:55023,COPPER_WIRE,COPPER_PVC,2024-10-31,2024-11-28,28,0.90,0.6966,0.6966,0,0,FRESH,yes,,,1.5
55023,SKU:55023,COPPER_WIRE,COPPER_PVC,2024-11-28,2024-12-29,31,1.03,0.6966,0.64,-0.0566,-8.1252,FRESH,yes,,,1.5
55023,SKU:55023,COPPER_WIRE,COPPER_PVC,2024-12-29,2024-12-29,0,0.00,0.64,0.64,0,0,FRESH,yes,,,1.5
55023,SKU:55023,COPPER_WIRE,COPPER_PVC,2024-12-29,2024-12-31,2,0.07,0.64,0.64,0,0,FRESH,yes,,,1.5
55023,SKU:55023,COPPER_WIRE,COPPER_PVC,2024-12-31,2025-01-28,28,0.90,0.64,0.62,-0.02,-3.125,FRESH,yes,,,1.5
55023,SKU:55023,COPPER_WIRE,COPPER_PVC,2025-01-28,2025-02-26,29,0.93,0.62,0.62,0,0,FRESH,yes,,,1.5
55023,SKU:55023,COPPER_WIRE,COPPER_PVC,2025-02-26,2025-02-26,0,0.00,0.62,0.62,0,0,FRESH,yes,,,1.5
55023,SKU:55023,COPPER_WIRE,COPPER_PVC,2025-02-26,2025-03-27,29,1.03,0.62,0.6715,0.0515,8.3065,FRESH,yes,,,1.5
55027,SKU:55027,COPPER_WIRE,COPPER_PVC,2017-10-03,2017-10-03,0,0.00,0.434,0.434,0,0,FRESH,yes,,,1.5
55027,SKU:55027,COPPER_WIRE,COPPER_PVC,2017-10-03,2017-10-03,0,0.00,0.434,0.434,0,0,FRESH,yes,,,1.5
55027,SKU:55027,COPPER_WIRE,COPPER_PVC,2017-10-03,2017-10-03,0,0.00,0.434,0.441,0.007,1.6129,FRESH,yes,,,1.5
55027,SKU:55027,COPPER_WIRE,COPPER_PVC,2017-10-03,2018-08-30,331,10.90,0.441,0.5616,0.1206,27.3469,STALE,no,,,1.5
55027,SKU:55027,COPPER_WIRE,COPPER_PVC,2018-08-30,2018-11-27,89,2.90,0.5616,0.4329,-0.1287,-22.9167,MODERATE,yes,,,1.5
55027,SKU:55027,COPPER_WIRE,COPPER_PVC,2018-11-27,2019-01-27,61,2.00,0.4329,0.4482,0.0153,3.5343,MODERATE,yes,,,1.5
55027,SKU:55027,COPPER_WIRE,COPPER_PVC,2019-01-27,2019-01-27,0,0.00,0.4482,0.4482,0,0,FRESH,yes,,,1.5
55027,SKU:55027,COPPER_WIRE,COPPER_PVC,2019-01-27,2019-08-25,210,6.93,0.4482,0.4233,-0.0249,-5.5556,STALE,no,,,1.5
55027,SKU:55027,COPPER_WIRE,COPPER_PVC,2019-08-25,2019-08-25,0,0.00,0.4233,0.4233,0,0,FRESH,yes,,,1.5
55027,SKU:55027,COPPER_WIRE,COPPER_PVC,2019-08-25,2019-09-24,30,0.97,0.4233,0.39,-0.0333,-7.8668,FRESH,yes,,,1.5
55027,SKU:55027,COPPER_WIRE,COPPER_PVC,2019-09-24,2019-09-24,0,0.00,0.39,0.39,0,0,FRESH,yes,,,1.5
55027,SKU:55027,COPPER_WIRE,COPPER_PVC,2019-09-24,2019-09-24,0,0.00,0.39,0.39,0,0,FRESH,yes,,,1.5
55027,SKU:55027,COPPER_WIRE,COPPER_PVC,2019-09-24,2019-09-24,0,0.00,0.39,0.39,0,0,FRESH,yes,,,1.5
55027,SKU:55027,COPPER_WIRE,COPPER_PVC,2019-09-24,2019-10-25,31,1.03,0.39,0.38,-0.01,-2.5641,FRESH,yes,,,1.5
55027,SKU:55027,COPPER_WIRE,COPPER_PVC,2019-10-25,2019-10-25,0,0.00,0.38,0.38,0,0,FRESH,yes,,,1.5
55027,SKU:55027,COPPER_WIRE,COPPER_PVC,2019-10-25,2019-10-25,0,0.00,0.38,0.38,0,0,FRESH,yes,,,1.5
55027,SKU:55027,COPPER_WIRE,COPPER_PVC,2019-10-25,2019-10-25,0,0.00,0.38,0.38,0,0,FRESH,yes,,,1.5
55027,SKU:55027,COPPER_WIRE,COPPER_PVC,2019-10-25,2019-10-25,0,0.00,0.38,0.38,0,0,FRESH,yes,,,1.5
55027,SKU:55027,COPPER_WIRE,COPPER_PVC,2019-10-25,2019-10-25,0,0.00,0.38,0.38,0,0,FRESH,yes,,,1.5
55027,SKU:55027,COPPER_WIRE,COPPER_PVC,2019-10-25,2019-10-25,0,0.00,0.38,0.38,0,0,FRESH,yes,,,1.5
55027,SKU:55027,COPPER_WIRE,COPPER_PVC,2019-10-25,2020-02-27,125,4.07,0.38,0.39,0.01,2.6316,STALE,no,,,1.5
55027,SKU:55027,COPPER_WIRE,COPPER_PVC,2020-02-27,2020-03-29,31,1.07,0.39,0.39,0,0,FRESH,yes,,,1.5
55027,SKU:55027,COPPER_WIRE,COPPER_PVC,2020-03-29,2020-03-29,0,0.00,0.39,0.39,0,0,FRESH,yes,,,1.5
55027,SKU:55027,COPPER_WIRE,COPPER_PVC,2020-03-29,2020-03-29,0,0.00,0.39,0.39,0,0,FRESH,yes,,,1.5
55027,SKU:55027,COPPER_WIRE,COPPER_PVC,2020-03-29,2020-03-29,0,0.00,0.39,0.39,0,0,FRESH,yes,,,1.5
55027,SKU:55027,COPPER_WIRE,COPPER_PVC,2020-03-29,2020-03-29,0,0.00,0.39,0.39,0,0,FRESH,yes,,,1.5
55027,SKU:55027,COPPER_WIRE,COPPER_PVC,2020-03-29,2020-04-30,32,1.03,0.39,0.38,-0.01,-2.5641,FRESH,yes,,,1.5
55027,SKU:55027,COPPER_WIRE,COPPER_PVC,2020-04-30,2020-04-30,0,0.00,0.38,0.38,0,0,FRESH,yes,,,1.5
55027,SKU:55027,COPPER_WIRE,COPPER_PVC,2020-04-30,2020-04-30,0,0.00,0.38,0.38,0,0,FRESH,yes,,,1.5
55027,SKU:55027,COPPER_WIRE,COPPER_PVC,2020-04-30,2020-04-30,0,0.00,0.38,0.39,0.01,2.6316,FRESH,yes,,,1.5
55027,SKU:55027,COPPER_WIRE,COPPER_PVC,2020-04-30,2020-06-28,59,1.93,0.39,0.38,-0.01,-2.5641,MODERATE,yes,,,1.5
55027,SKU:55027,COPPER_WIRE,COPPER_PVC,2020-06-28,2020-06-28,0,0.00,0.38,0.38,0,0,FRESH,yes,,,1.5
55027,SKU:55027,COPPER_WIRE,COPPER_PVC,2020-06-28,2020-06-28,0,0.00,0.38,0.38,0,0,FRESH,yes,,,1.5
55027,SKU:55027,COPPER_WIRE,COPPER_PVC,2020-06-28,2020-07-26,28,0.93,0.38,0.4144,0.0344,9.0526,FRESH,yes,,,1.5
55027,SKU:55027,COPPER_WIRE,COPPER_PVC,2020-07-26,2020-07-30,4,0.13,0.4144,0.4144,0,0,FRESH,yes,,,1.5
55027,SKU:55027,COPPER_WIRE,COPPER_PVC,2020-07-30,2020-07-30,0,0.00,0.4144,0.4144,0,0,FRESH,yes,,,1.5
55027,SKU:55027,COPPER_WIRE,COPPER_PVC,2020-07-30,2020-09-24,56,1.80,0.4144,0.4218,0.0074,1.7857,MODERATE,yes,,,1.5
55027,SKU:55027,COPPER_WIRE,COPPER_PVC,2020-09-24,2020-09-24,0,0.00,0.4218,0.4218,0,0,FRESH,yes,,,1.5
55027,SKU:55027,COPPER_WIRE,COPPER_PVC,2020-09-24,2020-09-24,0,0.00,0.4218,0.4218,0,0,FRESH,yes,,,1.5
55027,SKU:55027,COPPER_WIRE,COPPER_PVC,2020-09-24,2020-09-24,0,0.00,0.4218,0.4218,0,0,FRESH,yes,,,1.5
55027,SKU:55027,COPPER_WIRE,COPPER_PVC,2020-09-24,2020-09-24,0,0.00,0.4218,0.4218,0,0,FRESH,yes,,,1.5
55027,SKU:55027,COPPER_WIRE,COPPER_PVC,2020-09-24,2020-09-24,0,0.00,0.4218,0.4218,0,0,FRESH,yes,,,1.5
55027,SKU:55027,COPPER_WIRE,COPPER_PVC,2020-09-24,2020-10-22,28,0.93,0.4218,0.44,0.0182,4.3148,FRESH,yes,,,1.5
55027,SKU:55027,COPPER_WIRE,COPPER_PVC,2020-10-22,2020-10-22,0,0.00,0.44,0.44,0,0,FRESH,yes,,,1.5
55027,SKU:55027,COPPER_WIRE,COPPER_PVC,2020-10-22,2020-10-22,0,0.00,0.44,0.44,0,0,FRESH,yes,,,1.5
55027,SKU:55027,COPPER_WIRE,COPPER_PVC,2020-10-22,2020-11-26,35,1.13,0.44,0.44,0,0,FRESH,yes,,,1.5
55027,SKU:55027,COPPER_WIRE,COPPER_PVC,2020-11-26,2020-11-26,0,0.00,0.44,0.44,0,0,FRESH,yes,,,1.5
55027,SKU:55027,COPPER_WIRE,COPPER_PVC,2020-11-26,2020-11-26,0,0.00,0.44,0.44,0,0,FRESH,yes,,,1.5
55027,SKU:55027,COPPER_WIRE,COPPER_PVC,2020-11-26,2020-11-26,0,0.00,0.44,0.44,0,0,FRESH,yes,,,1.5
55027,SKU:55027,COPPER_WIRE,COPPER_PVC,2020-11-26,2020-12-30,34,1.13,0.44,0.48,0.04,9.0909,FRESH,yes,,,1.5
55027,SKU:55027,COPPER_WIRE,COPPER_PVC,2020-12-30,2020-12-30,0,0.00,0.48,0.48,0,0,FRESH,yes,,,1.5
55027,SKU:55027,COPPER_WIRE,COPPER_PVC,2020-12-30,2020-12-30,0,0.00,0.48,0.46,-0.02,-4.1667,FRESH,yes,,,1.5
55027,SKU:55027,COPPER_WIRE,COPPER_PVC,2020-12-30,2021-04-27,118,3.90,0.46,0.5336,0.0736,16,MODERATE,yes,,,1.5
55027,SKU:55027,COPPER_WIRE,COPPER_PVC,2021-04-27,2021-04-27,0,0.00,0.5336,0.5336,0,0,FRESH,yes,,,1.5
55027,SKU:55027,COPPER_WIRE,COPPER_PVC,2021-04-27,2021-04-27,0,0.00,0.5336,0.5336,0,0,FRESH,yes,,,1.5
55027,SKU:55027,COPPER_WIRE,COPPER_PVC,2021-04-27,2021-04-27,0,0.00,0.5336,0.5336,0,0,FRESH,yes,,,1.5
55027,SKU:55027,COPPER_WIRE,COPPER_PVC,2021-04-27,2021-05-27,30,1.00,0.5336,0.5796,0.046,8.6207,FRESH,yes,,,1.5
55027,SKU:55027,COPPER_WIRE,COPPER_PVC,2021-05-27,2021-05-27,0,0.00,0.5796,0.6195,0.0399,6.8841,FRESH,yes,,,1.5
55027,SKU:55027,COPPER_WIRE,COPPER_PVC,2021-05-27,2021-05-27,0,0.00,0.6195,0.6195,0,0,FRESH,yes,,,1.5
55027,SKU:55027,COPPER_WIRE,COPPER_PVC,2021-05-27,2021-06-30,34,1.10,0.6195,0.588,-0.0315,-5.0847,FRESH,yes,,,1.5
55027,SKU:55027,COPPER_WIRE,COPPER_PVC,2021-06-30,2021-06-30,0,0.00,0.588,0.588,0,0,FRESH,yes,,,1.5
55027,SKU:55027,COPPER_WIRE,COPPER_PVC,2021-06-30,2021-06-30,0,0.00,0.588,0.588,0,0,FRESH,yes,,,1.5
55027,SKU:55027,COPPER_WIRE,COPPER_PVC,2021-06-30,2021-06-30,0,0.00,0.588,0.588,0,0,FRESH,yes,,,1.5
55027,SKU:55027,COPPER_WIRE,COPPER_PVC,2021-06-30,2021-06-30,0,0.00,0.588,0.588,0,0,FRESH,yes,,,1.5
55027,SKU:55027,COPPER_WIRE,COPPER_PVC,2021-06-30,2021-07-28,28,0.93,0.588,0.5775,-0.0105,-1.7857,FRESH,yes,,,1.5
55027,SKU:55027,COPPER_WIRE,COPPER_PVC,2021-07-28,2021-07-28,0,0.00,0.5775,0.5775,0,0,FRESH,yes,,,1.5
55027,SKU:55027,COPPER_WIRE,COPPER_PVC,2021-07-28,2021-08-26,29,0.93,0.5775,0.567,-0.0105,-1.8182,FRESH,yes,,,1.5
55027,SKU:55027,COPPER_WIRE,COPPER_PVC,2021-08-26,2021-08-26,0,0.00,0.567,0.567,0,0,FRESH,yes,,,1.5
55027,SKU:55027,COPPER_WIRE,COPPER_PVC,2021-08-26,2021-08-26,0,0.00,0.567,0.567,0,0,FRESH,yes,,,1.5
55027,SKU:55027,COPPER_WIRE,COPPER_PVC,2021-08-26,2021-08-26,0,0.00,0.567,0.567,0,0,FRESH,yes,,,1.5
55027,SKU:55027,COPPER_WIRE,COPPER_PVC,2021-08-26,2021-08-26,0,0.00,0.567,0.567,0,0,FRESH,yes,,,1.5
55027,SKU:55027,COPPER_WIRE,COPPER_PVC,2021-08-26,2021-11-25,91,2.97,0.567,0.609,0.042,7.4074,MODERATE,yes,,,1.5
55027,SKU:55027,COPPER_WIRE,COPPER_PVC,2021-11-25,2022-01-26,62,2.03,0.609,0.5936,-0.0154,-2.5287,MODERATE,yes,,,1.5
55027,SKU:55027,COPPER_WIRE,COPPER_PVC,2022-01-26,2022-01-26,0,0.00,0.5936,0.5936,0,0,FRESH,yes,,,1.5
55027,SKU:55027,COPPER_WIRE,COPPER_PVC,2022-01-26,2022-02-24,29,0.93,0.5936,0.61,0.0164,2.7628,FRESH,yes,,,1.5
55027,SKU:55027,COPPER_WIRE,COPPER_PVC,2022-02-24,2022-02-24,0,0.00,0.61,0.61,0,0,FRESH,yes,,,1.5
55027,SKU:55027,COPPER_WIRE,COPPER_PVC,2022-02-24,2022-02-24,0,0.00,0.61,0.61,0,0,FRESH,yes,,,1.5
55027,SKU:55027,COPPER_WIRE,COPPER_PVC,2022-02-24,2022-04-27,62,2.10,0.61,0.67,0.06,9.8361,MODERATE,yes,,,1.5
55027,SKU:55027,COPPER_WIRE,COPPER_PVC,2022-04-27,2022-04-27,0,0.00,0.67,0.671,0.001,0.1493,FRESH,yes,,,1.5
55027,SKU:55027,COPPER_WIRE,COPPER_PVC,2022-04-27,2022-04-27,0,0.00,0.671,0.671,0,0,FRESH,yes,,,1.5
55027,SKU:55027,COPPER_WIRE,COPPER_PVC,2022-04-27,2022-04-27,0,0.00,0.671,0.671,0,0,FRESH,yes,,,1.5
55027,SKU:55027,COPPER_WIRE,COPPER_PVC,2022-04-27,2022-04-27,0,0.00,0.671,0.671,0,0,FRESH,yes,,,1.5
55027,SKU:55027,COPPER_WIRE,COPPER_PVC,2022-04-27,2022-04-27,0,0.00,0.671,0.671,0,0,FRESH,yes,,,1.5
55027,SKU:55027,COPPER_WIRE,COPPER_PVC,2022-04-27,2022-05-29,32,1.07,0.671,0.6588,-0.0122,-1.8182,FRESH,yes,,,1.5
55027,SKU:55027,COPPER_WIRE,COPPER_PVC,2022-05-29,2022-05-29,0,0.00,0.6588,0.6588,0,0,FRESH,yes,,,1.5
55027,SKU:55027,COPPER_WIRE,COPPER_PVC,2022-05-29,2022-06-27,29,0.93,0.6588,0.62,-0.0388,-5.8895,FRESH,yes,,,1.5
55027,SKU:55027,COPPER_WIRE,COPPER_PVC,2022-06-27,2022-06-27,0,0.00,0.62,0.62,0,0,FRESH,yes,,,1.5
55027,SKU:55027,COPPER_WIRE,COPPER_PVC,2022-06-27,2022-06-27,0,0.00,0.62,0.62,0,0,FRESH,yes,,,1.5
55027,SKU:55027,COPPER_WIRE,COPPER_PVC,2022-06-27,2022-06-27,0,0.00,0.62,0.62,0,0,FRESH,yes,,,1.5
55027,SKU:55027,COPPER_WIRE,COPPER_PVC,2022-06-27,2022-08-25,59,1.93,0.62,0.5831,-0.0369,-5.9516,MODERATE,yes,,,1.5
55027,SKU:55027,COPPER_WIRE,COPPER_PVC,2022-08-25,2022-08-25,0,0.00,0.5831,0.5831,0,0,FRESH,yes,,,1.5
55027,SKU:55027,COPPER_WIRE,COPPER_PVC,2022-08-25,2022-08-25,0,0.00,0.5831,0.5831,0,0,FRESH,yes,,,1.5
55027,SKU:55027,COPPER_WIRE,COPPER_PVC,2022-08-25,2022-08-25,0,0.00,0.5831,0.5831,0,0,FRESH,yes,,,1.5
55027,SKU:55027,COPPER_WIRE,COPPER_PVC,2022-08-25,2022-09-28,34,1.10,0.5831,0.5593,-0.0238,-4.0816,FRESH,yes,,,1.5
55027,SKU:55027,COPPER_WIRE,COPPER_PVC,2022-09-28,2022-09-28,0,0.00,0.5593,0.5593,0,0,FRESH,yes,,,1.5
55027,SKU:55027,COPPER_WIRE,COPPER_PVC,2022-09-28,2022-09-28,0,0.00,0.5593,0.5593,0,0,FRESH,yes,,,1.5
55027,SKU:55027,COPPER_WIRE,COPPER_PVC,2022-09-28,2022-10-27,29,0.97,0.5593,0.5593,0,0,FRESH,yes,,,1.5
55027,SKU:55027,COPPER_WIRE,COPPER_PVC,2022-10-27,2022-10-27,0,0.00,0.5593,0.5593,0,0,FRESH,yes,,,1.5
55027,SKU:55027,COPPER_WIRE,COPPER_PVC,2022-10-27,2022-10-27,0,0.00,0.5593,0.5593,0,0,FRESH,yes,,,1.5
55027,SKU:55027,COPPER_WIRE,COPPER_PVC,2022-10-27,2022-11-27,31,1.00,0.5593,0.5593,0,0,FRESH,yes,,,1.5
55027,SKU:55027,COPPER_WIRE,COPPER_PVC,2022-11-27,2022-11-27,0,0.00,0.5593,0.5593,0,0,FRESH,yes,,,1.5
55027,SKU:55027,COPPER_WIRE,COPPER_PVC,2022-11-27,2022-11-27,0,0.00,0.5593,0.5593,0,0,FRESH,yes,,,1.5
55027,SKU:55027,COPPER_WIRE,COPPER_PVC,2022-11-27,2022-12-29,32,1.07,0.5593,0.5593,0,0,FRESH,yes,,,1.5
55027,SKU:55027,COPPER_WIRE,COPPER_PVC,2022-12-29,2022-12-29,0,0.00,0.5593,0.5593,0,0,FRESH,yes,,,1.5
55027,SKU:55027,COPPER_WIRE,COPPER_PVC,2022-12-29,2022-12-29,0,0.00,0.5593,0.5593,0,0,FRESH,yes,,,1.5
55027,SKU:55027,COPPER_WIRE,COPPER_PVC,2022-12-29,2022-12-29,0,0.00,0.5593,0.5593,0,0,FRESH,yes,,,1.5
55027,SKU:55027,COPPER_WIRE,COPPER_PVC,2022-12-29,2022-12-29,0,0.00,0.5593,0.5593,0,0,FRESH,yes,,,1.5
55027,SKU:55027,COPPER_WIRE,COPPER_PVC,2022-12-29,2022-12-29,0,0.00,0.5593,0.5593,0,0,FRESH,yes,,,1.5
55027,SKU:55027,COPPER_WIRE,COPPER_PVC,2022-12-29,2022-12-29,0,0.00,0.5593,0.5593,0,0,FRESH,yes,,,1.5
55027,SKU:55027,COPPER_WIRE,COPPER_PVC,2022-12-29,2022-12-29,0,0.00,0.5593,0.5593,0,0,FRESH,yes,,,1.5
55027,SKU:55027,COPPER_WIRE,COPPER_PVC,2022-12-29,2023-02-28,61,1.97,0.5593,0.588,0.0287,5.1314,MODERATE,yes,,,1.5
55027,SKU:55027,COPPER_WIRE,COPPER_PVC,2023-02-28,2023-02-28,0,0.00,0.588,0.588,0,0,FRESH,yes,,,1.5
55027,SKU:55027,COPPER_WIRE,COPPER_PVC,2023-02-28,2023-02-28,0,0.00,0.588,0.588,0,0,FRESH,yes,,,1.5
55027,SKU:55027,COPPER_WIRE,COPPER_PVC,2023-02-28,2023-02-28,0,0.00,0.588,0.588,0,0,FRESH,yes,,,1.5
55027,SKU:55027,COPPER_WIRE,COPPER_PVC,2023-02-28,2023-03-29,29,1.03,0.588,0.612,0.024,4.0816,FRESH,yes,,,1.5
55027,SKU:55027,COPPER_WIRE,COPPER_PVC,2023-03-29,2023-04-27,29,0.93,0.612,0.612,0,0,FRESH,yes,,,1.5
55027,SKU:55027,COPPER_WIRE,COPPER_PVC,2023-04-27,2023-04-27,0,0.00,0.612,0.612,0,0,FRESH,yes,,,1.5
55027,SKU:55027,COPPER_WIRE,COPPER_PVC,2023-04-27,2023-05-28,31,1.03,0.612,0.612,0,0,FRESH,yes,,,1.5
55027,SKU:55027,COPPER_WIRE,COPPER_PVC,2023-05-28,2023-05-28,0,0.00,0.612,0.612,0,0,FRESH,yes,,,1.5
55027,SKU:55027,COPPER_WIRE,COPPER_PVC,2023-05-28,2023-06-29,32,1.03,0.612,0.58,-0.032,-5.2288,FRESH,yes,,,1.5
55027,SKU:55027,COPPER_WIRE,COPPER_PVC,2023-06-29,2023-06-29,0,0.00,0.58,0.58,0,0,FRESH,yes,,,1.5
55027,SKU:55027,COPPER_WIRE,COPPER_PVC,2023-06-29,2023-06-29,0,0.00,0.58,0.58,0,0,FRESH,yes,,,1.5
55027,SKU:55027,COPPER_WIRE,COPPER_PVC,2023-06-29,2023-06-29,0,0.00,0.58,0.58,0,0,FRESH,yes,,,1.5
55027,SKU:55027,COPPER_WIRE,COPPER_PVC,2023-06-29,2023-06-29,0,0.00,0.58,0.58,0,0,FRESH,yes,,,1.5
55027,SKU:55027,COPPER_WIRE,COPPER_PVC,2023-06-29,2023-06-29,0,0.00,0.58,0.58,0,0,FRESH,yes,,,1.5
55027,SKU:55027,COPPER_WIRE,COPPER_PVC,2023-06-29,2023-06-29,0,0.00,0.58,0.58,0,0,FRESH,yes,,,1.5
55027,SKU:55027,COPPER_WIRE,COPPER_PVC,2023-06-29,2023-06-29,0,0.00,0.58,0.58,0,0,FRESH,yes,,,1.5
55027,SKU:55027,COPPER_WIRE,COPPER_PVC,2023-06-29,2023-06-29,0,0.00,0.58,0.58,0,0,FRESH,yes,,,1.5
55027,SKU:55027,COPPER_WIRE,COPPER_PVC,2023-06-29,2023-06-29,0,0.00,0.58,0.58,0,0,FRESH,yes,,,1.5
55027,SKU:55027,COPPER_WIRE,COPPER_PVC,2023-06-29,2023-06-29,0,0.00,0.58,0.58,0,0,FRESH,yes,,,1.5
55027,SKU:55027,COPPER_WIRE,COPPER_PVC,2023-06-29,2023-07-27,28,0.93,0.58,0.576,-0.004,-0.6897,FRESH,yes,,,1.5
55027,SKU:55027,COPPER_WIRE,COPPER_PVC,2023-07-27,2023-07-27,0,0.00,0.576,0.576,0,0,FRESH,yes,,,1.5
55027,SKU:55027,COPPER_WIRE,COPPER_PVC,2023-07-27,2023-07-27,0,0.00,0.576,0.576,0,0,FRESH,yes,,,1.5
55027,SKU:55027,COPPER_WIRE,COPPER_PVC,2023-07-27,2023-07-27,0,0.00,0.576,0.576,0,0,FRESH,yes,,,1.5
55027,SKU:55027,COPPER_WIRE,COPPER_PVC,2023-07-27,2023-07-27,0,0.00,0.576,0.576,0,0,FRESH,yes,,,1.5
55027,SKU:55027,COPPER_WIRE,COPPER_PVC,2023-07-27,2023-08-29,33,1.07,0.576,0.61,0.034,5.9028,FRESH,yes,,,1.5
55027,SKU:55027,COPPER_WIRE,COPPER_PVC,2023-08-29,2023-08-29,0,0.00,0.61,0.61,0,0,FRESH,yes,,,1.5
55027,SKU:55027,COPPER_WIRE,COPPER_PVC,2023-08-29,2023-08-29,0,0.00,0.61,0.61,0,0,FRESH,yes,,,1.5
55027,SKU:55027,COPPER_WIRE,COPPER_PVC,2023-08-29,2023-09-28,30,0.97,0.61,0.5865,-0.0235,-3.8525,FRESH,yes,,,1.5
55027,SKU:55027,COPPER_WIRE,COPPER_PVC,2023-09-28,2023-09-28,0,0.00,0.5865,0.5865,0,0,FRESH,yes,,,1.5
55027,SKU:55027,COPPER_WIRE,COPPER_PVC,2023-09-28,2023-11-28,61,2.00,0.5865,0.6095,0.023,3.9216,MODERATE,yes,,,1.5
55027,SKU:55027,COPPER_WIRE,COPPER_PVC,2023-11-28,2023-11-28,0,0.00,0.6095,0.6095,0,0,FRESH,yes,,,1.5
55027,SKU:55027,COPPER_WIRE,COPPER_PVC,2023-11-28,2023-11-28,0,0.00,0.6095,0.6095,0,0,FRESH,yes,,,1.5
55027,SKU:55027,COPPER_WIRE,COPPER_PVC,2023-11-28,2023-12-31,33,1.10,0.6095,0.575,-0.0345,-5.6604,FRESH,yes,,,1.5
55027,SKU:55027,COPPER_WIRE,COPPER_PVC,2023-12-31,2023-12-31,0,0.00,0.575,0.575,0,0,FRESH,yes,,,1.5
55027,SKU:55027,COPPER_WIRE,COPPER_PVC,2023-12-31,2023-12-31,0,0.00,0.575,0.575,0,0,FRESH,yes,,,1.5
55027,SKU:55027,COPPER_WIRE,COPPER_PVC,2023-12-31,2023-12-31,0,0.00,0.575,0.575,0,0,FRESH,yes,,,1.5
55027,SKU:55027,COPPER_WIRE,COPPER_PVC,2023-12-31,2024-01-28,28,0.90,0.575,0.59,0.015,2.6087,FRESH,yes,,,1.5
55027,SKU:55027,COPPER_WIRE,COPPER_PVC,2024-01-28,2024-01-28,0,0.00,0.59,0.59,0,0,FRESH,yes,,,1.5
55027,SKU:55027,COPPER_WIRE,COPPER_PVC,2024-01-28,2024-05-29,122,4.03,0.59,0.6794,0.0894,15.1525,STALE,no,,,1.5
55027,SKU:55027,COPPER_WIRE,COPPER_PVC,2024-05-29,2024-06-27,29,0.93,0.6794,0.6794,0,0,FRESH,yes,,,1.5
55027,SKU:55027,COPPER_WIRE,COPPER_PVC,2024-06-27,2024-06-27,0,0.00,0.6794,0.6794,0,0,FRESH,yes,,,1.5
55027,SKU:55027,COPPER_WIRE,COPPER_PVC,2024-06-27,2024-07-28,31,1.03,0.6794,0.6794,0,0,FRESH,yes,,,1.5
55027,SKU:55027,COPPER_WIRE,COPPER_PVC,2024-07-28,2024-07-28,0,0.00,0.6794,0.6794,0,0,FRESH,yes,,,1.5
55027,SKU:55027,COPPER_WIRE,COPPER_PVC,2024-07-28,2024-08-29,32,1.03,0.6794,0.6622,-0.0172,-2.5316,FRESH,yes,,,1.5
55027,SKU:55027,COPPER_WIRE,COPPER_PVC,2024-08-29,2024-08-29,0,0.00,0.6622,0.6622,0,0,FRESH,yes,,,1.5
55027,SKU:55027,COPPER_WIRE,COPPER_PVC,2024-08-29,2024-08-29,0,0.00,0.6622,0.6622,0,0,FRESH,yes,,,1.5
55027,SKU:55027,COPPER_WIRE,COPPER_PVC,2024-08-29,2024-08-29,0,0.00,0.6622,0.6622,0,0,FRESH,yes,,,1.5
55027,SKU:55027,COPPER_WIRE,COPPER_PVC,2024-08-29,2024-09-30,32,1.03,0.6622,0.6622,0,0,FRESH,yes,,,1.5
55027,SKU:55027,COPPER_WIRE,COPPER_PVC,2024-09-30,2024-09-30,0,0.00,0.6622,0.6622,0,0,FRESH,yes,,,1.5
55027,SKU:55027,COPPER_WIRE,COPPER_PVC,2024-09-30,2024-09-30,0,0.00,0.6622,0.6622,0,0,FRESH,yes,,,1.5
55027,SKU:55027,COPPER_WIRE,COPPER_PVC,2024-09-30,2024-09-30,0,0.00,0.6622,0.6622,0,0,FRESH,yes,,,1.5
55027,SKU:55027,COPPER_WIRE,COPPER_PVC,2024-09-30,2024-10-31,31,1.03,0.6622,0.6966,0.0344,5.1948,FRESH,yes,,,1.5
55027,SKU:55027,COPPER_WIRE,COPPER_PVC,2024-10-31,2024-11-28,28,0.90,0.6966,0.6966,0,0,FRESH,yes,,,1.5
55027,SKU:55027,COPPER_WIRE,COPPER_PVC,2024-11-28,2024-12-29,31,1.03,0.6966,0.64,-0.0566,-8.1252,FRESH,yes,,,1.5
55027,SKU:55027,COPPER_WIRE,COPPER_PVC,2024-12-29,2024-12-29,0,0.00,0.64,0.64,0,0,FRESH,yes,,,1.5
55027,SKU:55027,COPPER_WIRE,COPPER_PVC,2024-12-29,2025-02-26,59,1.90,0.64,0.62,-0.02,-3.125,MODERATE,yes,,,1.5
55027,SKU:55027,COPPER_WIRE,COPPER_PVC,2025-02-26,2025-03-27,29,1.03,0.62,0.6715,0.0515,8.3065,FRESH,yes,,,1.5
55028,SKU:55028,COPPER_WIRE,COPPER_PVC,2017-10-03,2017-10-03,0,0.00,0.434,0.441,0.007,1.6129,FRESH,yes,,,1.5
55028,SKU:55028,COPPER_WIRE,COPPER_PVC,2017-10-03,2018-08-30,331,10.90,0.441,0.5616,0.1206,27.3469,STALE,no,,,1.5
55028,SKU:55028,COPPER_WIRE,COPPER_PVC,2018-08-30,2018-11-27,89,2.90,0.5616,0.4329,-0.1287,-22.9167,MODERATE,yes,,,1.5
55028,SKU:55028,COPPER_WIRE,COPPER_PVC,2018-11-27,2019-01-27,61,2.00,0.4329,0.4482,0.0153,3.5343,MODERATE,yes,,,1.5
55028,SKU:55028,COPPER_WIRE,COPPER_PVC,2019-01-27,2019-01-27,0,0.00,0.4482,0.4482,0,0,FRESH,yes,,,1.5
55028,SKU:55028,COPPER_WIRE,COPPER_PVC,2019-01-27,2019-08-25,210,6.93,0.4482,0.4233,-0.0249,-5.5556,STALE,no,,,1.5
55028,SKU:55028,COPPER_WIRE,COPPER_PVC,2019-08-25,2019-08-25,0,0.00,0.4233,0.4233,0,0,FRESH,yes,,,1.5
55028,SKU:55028,COPPER_WIRE,COPPER_PVC,2019-08-25,2019-09-24,30,0.97,0.4233,0.39,-0.0333,-7.8668,FRESH,yes,,,1.5
55028,SKU:55028,COPPER_WIRE,COPPER_PVC,2019-09-24,2019-09-24,0,0.00,0.39,0.39,0,0,FRESH,yes,,,1.5
55028,SKU:55028,COPPER_WIRE,COPPER_PVC,2019-09-24,2019-09-24,0,0.00,0.39,0.39,0,0,FRESH,yes,,,1.5
55028,SKU:55028,COPPER_WIRE,COPPER_PVC,2019-09-24,2019-09-24,0,0.00,0.39,0.39,0,0,FRESH,yes,,,1.5
55028,SKU:55028,COPPER_WIRE,COPPER_PVC,2019-09-24,2019-10-25,31,1.03,0.39,0.38,-0.01,-2.5641,FRESH,yes,,,1.5
55028,SKU:55028,COPPER_WIRE,COPPER_PVC,2019-10-25,2019-10-25,0,0.00,0.38,0.38,0,0,FRESH,yes,,,1.5
55028,SKU:55028,COPPER_WIRE,COPPER_PVC,2019-10-25,2019-10-25,0,0.00,0.38,0.38,0,0,FRESH,yes,,,1.5
55028,SKU:55028,COPPER_WIRE,COPPER_PVC,2019-10-25,2019-10-25,0,0.00,0.38,0.38,0,0,FRESH,yes,,,1.5
55028,SKU:55028,COPPER_WIRE,COPPER_PVC,2019-10-25,2019-10-25,0,0.00,0.38,0.38,0,0,FRESH,yes,,,1.5
55028,SKU:55028,COPPER_WIRE,COPPER_PVC,2019-10-25,2019-10-25,0,0.00,0.38,0.38,0,0,FRESH,yes,,,1.5
55028,SKU:55028,COPPER_WIRE,COPPER_PVC,2019-10-25,2019-10-25,0,0.00,0.38,0.38,0,0,FRESH,yes,,,1.5
55028,SKU:55028,COPPER_WIRE,COPPER_PVC,2019-10-25,2020-03-29,156,5.13,0.38,0.39,0.01,2.6316,STALE,no,,,1.5
55028,SKU:55028,COPPER_WIRE,COPPER_PVC,2020-03-29,2020-03-29,0,0.00,0.39,0.39,0,0,FRESH,yes,,,1.5
55028,SKU:55028,COPPER_WIRE,COPPER_PVC,2020-03-29,2020-03-29,0,0.00,0.39,0.39,0,0,FRESH,yes,,,1.5
55028,SKU:55028,COPPER_WIRE,COPPER_PVC,2020-03-29,2020-03-29,0,0.00,0.39,0.39,0,0,FRESH,yes,,,1.5
55028,SKU:55028,COPPER_WIRE,COPPER_PVC,2020-03-29,2020-03-29,0,0.00,0.39,0.39,0,0,FRESH,yes,,,1.5
55028,SKU:55028,COPPER_WIRE,COPPER_PVC,2020-03-29,2020-03-29,0,0.00,0.39,0.39,0,0,FRESH,yes,,,1.5
55028,SKU:55028,COPPER_WIRE,COPPER_PVC,2020-03-29,2020-04-30,32,1.03,0.39,0.38,-0.01,-2.5641,FRESH,yes,,,1.5
55028,SKU:55028,COPPER_WIRE,COPPER_PVC,2020-04-30,2020-04-30,0,0.00,0.38,0.38,0,0,FRESH,yes,,,1.5
55028,SKU:55028,COPPER_WIRE,COPPER_PVC,2020-04-30,2020-04-30,0,0.00,0.38,0.38,0,0,FRESH,yes,,,1.5
55028,SKU:55028,COPPER_WIRE,COPPER_PVC,2020-04-30,2020-04-30,0,0.00,0.38,0.39,0.01,2.6316,FRESH,yes,,,1.5
55028,SKU:55028,COPPER_WIRE,COPPER_PVC,2020-04-30,2020-06-28,59,1.93,0.39,0.38,-0.01,-2.5641,MODERATE,yes,,,1.5
55028,SKU:55028,COPPER_WIRE,COPPER_PVC,2020-06-28,2020-06-28,0,0.00,0.38,0.38,0,0,FRESH,yes,,,1.5
55028,SKU:55028,COPPER_WIRE,COPPER_PVC,2020-06-28,2020-06-28,0,0.00,0.38,0.38,0,0,FRESH,yes,,,1.5
55028,SKU:55028,COPPER_WIRE,COPPER_PVC,2020-06-28,2020-07-26,28,0.93,0.38,0.4144,0.0344,9.0526,FRESH,yes,,,1.5
55028,SKU:55028,COPPER_WIRE,COPPER_PVC,2020-07-26,2020-07-26,0,0.00,0.4144,0.4144,0,0,FRESH,yes,,,1.5
55028,SKU:55028,COPPER_WIRE,COPPER_PVC,2020-07-26,2020-07-30,4,0.13,0.4144,0.4144,0,0,FRESH,yes,,,1.5
55028,SKU:55028,COPPER_WIRE,COPPER_PVC,2020-07-30,2020-07-30,0,0.00,0.4144,0.4144,0,0,FRESH,yes,,,1.5
55028,SKU:55028,COPPER_WIRE,COPPER_PVC,2020-07-30,2020-09-24,56,1.80,0.4144,0.4218,0.0074,1.7857,MODERATE,yes,,,1.5
55028,SKU:55028,COPPER_WIRE,COPPER_PVC,2020-09-24,2020-09-24,0,0.00,0.4218,0.4218,0,0,FRESH,yes,,,1.5
55028,SKU:55028,COPPER_WIRE,COPPER_PVC,2020-09-24,2020-09-24,0,0.00,0.4218,0.4218,0,0,FRESH,yes,,,1.5
55028,SKU:55028,COPPER_WIRE,COPPER_PVC,2020-09-24,2020-09-24,0,0.00,0.4218,0.4218,0,0,FRESH,yes,,,1.5
55028,SKU:55028,COPPER_WIRE,COPPER_PVC,2020-09-24,2020-09-24,0,0.00,0.4218,0.4218,0,0,FRESH,yes,,,1.5
55028,SKU:55028,COPPER_WIRE,COPPER_PVC,2020-09-24,2020-09-24,0,0.00,0.4218,0.4218,0,0,FRESH,yes,,,1.5
55028,SKU:55028,COPPER_WIRE,COPPER_PVC,2020-09-24,2020-09-24,0,0.00,0.4218,0.4218,0,0,FRESH,yes,,,1.5
55028,SKU:55028,COPPER_WIRE,COPPER_PVC,2020-09-24,2020-09-24,0,0.00,0.4218,0.4218,0,0,FRESH,yes,,,1.5
55028,SKU:55028,COPPER_WIRE,COPPER_PVC,2020-09-24,2020-10-22,28,0.93,0.4218,0.44,0.0182,4.3148,FRESH,yes,,,1.5
55028,SKU:55028,COPPER_WIRE,COPPER_PVC,2020-10-22,2020-10-22,0,0.00,0.44,0.44,0,0,FRESH,yes,,,1.5
55028,SKU:55028,COPPER_WIRE,COPPER_PVC,2020-10-22,2020-11-26,35,1.13,0.44,0.44,0,0,FRESH,yes,,,1.5
55028,SKU:55028,COPPER_WIRE,COPPER_PVC,2020-11-26,2020-11-26,0,0.00,0.44,0.44,0,0,FRESH,yes,,,1.5
55028,SKU:55028,COPPER_WIRE,COPPER_PVC,2020-11-26,2020-11-26,0,0.00,0.44,0.44,0,0,FRESH,yes,,,1.5
55028,SKU:55028,COPPER_WIRE,COPPER_PVC,2020-11-26,2020-11-26,0,0.00,0.44,0.44,0,0,FRESH,yes,,,1.5
55028,SKU:55028,COPPER_WIRE,COPPER_PVC,2020-11-26,2020-12-30,34,1.13,0.44,0.48,0.04,9.0909,FRESH,yes,,,1.5
55028,SKU:55028,COPPER_WIRE,COPPER_PVC,2020-12-30,2020-12-30,0,0.00,0.48,0.48,0,0,FRESH,yes,,,1.5
55028,SKU:55028,COPPER_WIRE,COPPER_PVC,2020-12-30,2020-12-30,0,0.00,0.48,0.48,0,0,FRESH,yes,,,1.5
55028,SKU:55028,COPPER_WIRE,COPPER_PVC,2020-12-30,2020-12-30,0,0.00,0.48,0.48,0,0,FRESH,yes,,,1.5
55028,SKU:55028,COPPER_WIRE,COPPER_PVC,2020-12-30,2020-12-30,0,0.00,0.48,0.46,-0.02,-4.1667,FRESH,yes,,,1.5
55028,SKU:55028,COPPER_WIRE,COPPER_PVC,2020-12-30,2021-04-27,118,3.90,0.46,0.5336,0.0736,16,MODERATE,yes,,,1.5
55028,SKU:55028,COPPER_WIRE,COPPER_PVC,2021-04-27,2021-04-27,0,0.00,0.5336,0.5336,0,0,FRESH,yes,,,1.5
55028,SKU:55028,COPPER_WIRE,COPPER_PVC,2021-04-27,2021-04-27,0,0.00,0.5336,0.5336,0,0,FRESH,yes,,,1.5
55028,SKU:55028,COPPER_WIRE,COPPER_PVC,2021-04-27,2021-05-27,30,1.00,0.5336,0.5796,0.046,8.6207,FRESH,yes,,,1.5
55028,SKU:55028,COPPER_WIRE,COPPER_PVC,2021-05-27,2021-05-27,0,0.00,0.5796,0.6195,0.0399,6.8841,FRESH,yes,,,1.5
55028,SKU:55028,COPPER_WIRE,COPPER_PVC,2021-05-27,2021-05-27,0,0.00,0.6195,0.6195,0,0,FRESH,yes,,,1.5
55028,SKU:55028,COPPER_WIRE,COPPER_PVC,2021-05-27,2021-06-30,34,1.10,0.6195,0.588,-0.0315,-5.0847,FRESH,yes,,,1.5
55028,SKU:55028,COPPER_WIRE,COPPER_PVC,2021-06-30,2021-06-30,0,0.00,0.588,0.588,0,0,FRESH,yes,,,1.5
55028,SKU:55028,COPPER_WIRE,COPPER_PVC,2021-06-30,2021-06-30,0,0.00,0.588,0.588,0,0,FRESH,yes,,,1.5
55028,SKU:55028,COPPER_WIRE,COPPER_PVC,2021-06-30,2021-06-30,0,0.00,0.588,0.588,0,0,FRESH,yes,,,1.5
55028,SKU:55028,COPPER_WIRE,COPPER_PVC,2021-06-30,2021-06-30,0,0.00,0.588,0.588,0,0,FRESH,yes,,,1.5
55028,SKU:55028,COPPER_WIRE,COPPER_PVC,2021-06-30,2021-07-28,28,0.93,0.588,0.5775,-0.0105,-1.7857,FRESH,yes,,,1.5
55028,SKU:55028,COPPER_WIRE,COPPER_PVC,2021-07-28,2021-07-28,0,0.00,0.5775,0.5775,0,0,FRESH,yes,,,1.5
55028,SKU:55028,COPPER_WIRE,COPPER_PVC,2021-07-28,2021-08-26,29,0.93,0.5775,0.567,-0.0105,-1.8182,FRESH,yes,,,1.5
55028,SKU:55028,COPPER_WIRE,COPPER_PVC,2021-08-26,2021-08-26,0,0.00,0.567,0.567,0,0,FRESH,yes,,,1.5
55028,SKU:55028,COPPER_WIRE,COPPER_PVC,2021-08-26,2021-08-26,0,0.00,0.567,0.567,0,0,FRESH,yes,,,1.5
55028,SKU:55028,COPPER_WIRE,COPPER_PVC,2021-08-26,2021-08-26,0,0.00,0.567,0.567,0,0,FRESH,yes,,,1.5
55028,SKU:55028,COPPER_WIRE,COPPER_PVC,2021-08-26,2021-08-26,0,0.00,0.567,0.567,0,0,FRESH,yes,,,1.5
55028,SKU:55028,COPPER_WIRE,COPPER_PVC,2021-08-26,2021-11-25,91,2.97,0.567,0.609,0.042,7.4074,MODERATE,yes,,,1.5
55028,SKU:55028,COPPER_WIRE,COPPER_PVC,2021-11-25,2022-01-26,62,2.03,0.609,0.5936,-0.0154,-2.5287,MODERATE,yes,,,1.5
55028,SKU:55028,COPPER_WIRE,COPPER_PVC,2022-01-26,2022-01-26,0,0.00,0.5936,0.5936,0,0,FRESH,yes,,,1.5
55028,SKU:55028,COPPER_WIRE,COPPER_PVC,2022-01-26,2022-02-24,29,0.93,0.5936,0.61,0.0164,2.7628,FRESH,yes,,,1.5
55028,SKU:55028,COPPER_WIRE,COPPER_PVC,2022-02-24,2022-02-24,0,0.00,0.61,0.61,0,0,FRESH,yes,,,1.5
55028,SKU:55028,COPPER_WIRE,COPPER_PVC,2022-02-24,2022-02-24,0,0.00,0.61,0.61,0,0,FRESH,yes,,,1.5
55028,SKU:55028,COPPER_WIRE,COPPER_PVC,2022-02-24,2022-02-24,0,0.00,0.61,0.61,0,0,FRESH,yes,,,1.5
55028,SKU:55028,COPPER_WIRE,COPPER_PVC,2022-02-24,2022-04-27,62,2.10,0.61,0.67,0.06,9.8361,MODERATE,yes,,,1.5
55028,SKU:55028,COPPER_WIRE,COPPER_PVC,2022-04-27,2022-04-27,0,0.00,0.67,0.671,0.001,0.1493,FRESH,yes,,,1.5
55028,SKU:55028,COPPER_WIRE,COPPER_PVC,2022-04-27,2022-04-27,0,0.00,0.671,0.671,0,0,FRESH,yes,,,1.5
55028,SKU:55028,COPPER_WIRE,COPPER_PVC,2022-04-27,2022-04-27,0,0.00,0.671,0.671,0,0,FRESH,yes,,,1.5
55028,SKU:55028,COPPER_WIRE,COPPER_PVC,2022-04-27,2022-04-27,0,0.00,0.671,0.671,0,0,FRESH,yes,,,1.5
55028,SKU:55028,COPPER_WIRE,COPPER_PVC,2022-04-27,2022-04-27,0,0.00,0.671,0.671,0,0,FRESH,yes,,,1.5
55028,SKU:55028,COPPER_WIRE,COPPER_PVC,2022-04-27,2022-04-27,0,0.00,0.671,0.671,0,0,FRESH,yes,,,1.5
55028,SKU:55028,COPPER_WIRE,COPPER_PVC,2022-04-27,2022-05-29,32,1.07,0.671,0.6588,-0.0122,-1.8182,FRESH,yes,,,1.5
55028,SKU:55028,COPPER_WIRE,COPPER_PVC,2022-05-29,2022-05-29,0,0.00,0.6588,0.6588,0,0,FRESH,yes,,,1.5
55028,SKU:55028,COPPER_WIRE,COPPER_PVC,2022-05-29,2022-06-27,29,0.93,0.6588,0.62,-0.0388,-5.8895,FRESH,yes,,,1.5
55028,SKU:55028,COPPER_WIRE,COPPER_PVC,2022-06-27,2022-06-27,0,0.00,0.62,0.62,0,0,FRESH,yes,,,1.5
55028,SKU:55028,COPPER_WIRE,COPPER_PVC,2022-06-27,2022-06-27,0,0.00,0.62,0.62,0,0,FRESH,yes,,,1.5
55028,SKU:55028,COPPER_WIRE,COPPER_PVC,2022-06-27,2022-06-27,0,0.00,0.62,0.62,0,0,FRESH,yes,,,1.5
55028,SKU:55028,COPPER_WIRE,COPPER_PVC,2022-06-27,2022-08-25,59,1.93,0.62,0.5831,-0.0369,-5.9516,MODERATE,yes,,,1.5
55028,SKU:55028,COPPER_WIRE,COPPER_PVC,2022-08-25,2022-08-25,0,0.00,0.5831,0.5831,0,0,FRESH,yes,,,1.5
55028,SKU:55028,COPPER_WIRE,COPPER_PVC,2022-08-25,2022-08-25,0,0.00,0.5831,0.5831,0,0,FRESH,yes,,,1.5
55028,SKU:55028,COPPER_WIRE,COPPER_PVC,2022-08-25,2022-08-25,0,0.00,0.5831,0.5831,0,0,FRESH,yes,,,1.5
55028,SKU:55028,COPPER_WIRE,COPPER_PVC,2022-08-25,2022-09-28,34,1.10,0.5831,0.5593,-0.0238,-4.0816,FRESH,yes,,,1.5
55028,SKU:55028,COPPER_WIRE,COPPER_PVC,2022-09-28,2022-09-28,0,0.00,0.5593,0.5593,0,0,FRESH,yes,,,1.5
55028,SKU:55028,COPPER_WIRE,COPPER_PVC,2022-09-28,2022-09-28,0,0.00,0.5593,0.5593,0,0,FRESH,yes,,,1.5
55028,SKU:55028,COPPER_WIRE,COPPER_PVC,2022-09-28,2022-10-27,29,0.97,0.5593,0.5593,0,0,FRESH,yes,,,1.5
55028,SKU:55028,COPPER_WIRE,COPPER_PVC,2022-10-27,2022-10-27,0,0.00,0.5593,0.5593,0,0,FRESH,yes,,,1.5
55028,SKU:55028,COPPER_WIRE,COPPER_PVC,2022-10-27,2022-10-27,0,0.00,0.5593,0.5593,0,0,FRESH,yes,,,1.5
55028,SKU:55028,COPPER_WIRE,COPPER_PVC,2022-10-27,2022-11-27,31,1.00,0.5593,0.5593,0,0,FRESH,yes,,,1.5
55028,SKU:55028,COPPER_WIRE,COPPER_PVC,2022-11-27,2022-11-27,0,0.00,0.5593,0.5593,0,0,FRESH,yes,,,1.5
55028,SKU:55028,COPPER_WIRE,COPPER_PVC,2022-11-27,2022-11-27,0,0.00,0.5593,0.5593,0,0,FRESH,yes,,,1.5
55028,SKU:55028,COPPER_WIRE,COPPER_PVC,2022-11-27,2022-12-29,32,1.07,0.5593,0.5593,0,0,FRESH,yes,,,1.5
55028,SKU:55028,COPPER_WIRE,COPPER_PVC,2022-12-29,2022-12-29,0,0.00,0.5593,0.5593,0,0,FRESH,yes,,,1.5
55028,SKU:55028,COPPER_WIRE,COPPER_PVC,2022-12-29,2022-12-29,0,0.00,0.5593,0.5593,0,0,FRESH,yes,,,1.5
55028,SKU:55028,COPPER_WIRE,COPPER_PVC,2022-12-29,2022-12-29,0,0.00,0.5593,0.5593,0,0,FRESH,yes,,,1.5
55028,SKU:55028,COPPER_WIRE,COPPER_PVC,2022-12-29,2022-12-29,0,0.00,0.5593,0.5593,0,0,FRESH,yes,,,1.5
55028,SKU:55028,COPPER_WIRE,COPPER_PVC,2022-12-29,2022-12-29,0,0.00,0.5593,0.5593,0,0,FRESH,yes,,,1.5
55028,SKU:55028,COPPER_WIRE,COPPER_PVC,2022-12-29,2022-12-29,0,0.00,0.5593,0.5593,0,0,FRESH,yes,,,1.5
55028,SKU:55028,COPPER_WIRE,COPPER_PVC,2022-12-29,2023-02-28,61,1.97,0.5593,0.588,0.0287,5.1314,MODERATE,yes,,,1.5
55028,SKU:55028,COPPER_WIRE,COPPER_PVC,2023-02-28,2023-02-28,0,0.00,0.588,0.588,0,0,FRESH,yes,,,1.5
55028,SKU:55028,COPPER_WIRE,COPPER_PVC,2023-02-28,2023-02-28,0,0.00,0.588,0.588,0,0,FRESH,yes,,,1.5
55028,SKU:55028,COPPER_WIRE,COPPER_PVC,2023-02-28,2023-02-28,0,0.00,0.588,0.588,0,0,FRESH,yes,,,1.5
55028,SKU:55028,COPPER_WIRE,COPPER_PVC,2023-02-28,2023-03-29,29,1.03,0.588,0.612,0.024,4.0816,FRESH,yes,,,1.5
55028,SKU:55028,COPPER_WIRE,COPPER_PVC,2023-03-29,2023-04-27,29,0.93,0.612,0.612,0,0,FRESH,yes,,,1.5
55028,SKU:55028,COPPER_WIRE,COPPER_PVC,2023-04-27,2023-04-27,0,0.00,0.612,0.612,0,0,FRESH,yes,,,1.5
55028,SKU:55028,COPPER_WIRE,COPPER_PVC,2023-04-27,2023-05-28,31,1.03,0.612,0.612,0,0,FRESH,yes,,,1.5
55028,SKU:55028,COPPER_WIRE,COPPER_PVC,2023-05-28,2023-05-28,0,0.00,0.612,0.612,0,0,FRESH,yes,,,1.5
55028,SKU:55028,COPPER_WIRE,COPPER_PVC,2023-05-28,2023-05-28,0,0.00,0.612,0.612,0,0,FRESH,yes,,,1.5
55028,SKU:55028,COPPER_WIRE,COPPER_PVC,2023-05-28,2023-06-29,32,1.03,0.612,0.58,-0.032,-5.2288,FRESH,yes,,,1.5
55028,SKU:55028,COPPER_WIRE,COPPER_PVC,2023-06-29,2023-06-29,0,0.00,0.58,0.58,0,0,FRESH,yes,,,1.5
55028,SKU:55028,COPPER_WIRE,COPPER_PVC,2023-06-29,2023-06-29,0,0.00,0.58,0.58,0,0,FRESH,yes,,,1.5
55028,SKU:55028,COPPER_WIRE,COPPER_PVC,2023-06-29,2023-06-29,0,0.00,0.58,0.58,0,0,FRESH,yes,,,1.5
55028,SKU:55028,COPPER_WIRE,COPPER_PVC,2023-06-29,2023-06-29,0,0.00,0.58,0.58,0,0,FRESH,yes,,,1.5
55028,SKU:55028,COPPER_WIRE,COPPER_PVC,2023-06-29,2023-06-29,0,0.00,0.58,0.58,0,0,FRESH,yes,,,1.5
55028,SKU:55028,COPPER_WIRE,COPPER_PVC,2023-06-29,2023-06-29,0,0.00,0.58,0.58,0,0,FRESH,yes,,,1.5
55028,SKU:55028,COPPER_WIRE,COPPER_PVC,2023-06-29,2023-06-29,0,0.00,0.58,0.58,0,0,FRESH,yes,,,1.5
55028,SKU:55028,COPPER_WIRE,COPPER_PVC,2023-06-29,2023-06-29,0,0.00,0.58,0.58,0,0,FRESH,yes,,,1.5
55028,SKU:55028,COPPER_WIRE,COPPER_PVC,2023-06-29,2023-06-29,0,0.00,0.58,0.58,0,0,FRESH,yes,,,1.5
55028,SKU:55028,COPPER_WIRE,COPPER_PVC,2023-06-29,2023-06-29,0,0.00,0.58,0.58,0,0,FRESH,yes,,,1.5
55028,SKU:55028,COPPER_WIRE,COPPER_PVC,2023-06-29,2023-07-27,28,0.93,0.58,0.576,-0.004,-0.6897,FRESH,yes,,,1.5
55028,SKU:55028,COPPER_WIRE,COPPER_PVC,2023-07-27,2023-07-27,0,0.00,0.576,0.576,0,0,FRESH,yes,,,1.5
55028,SKU:55028,COPPER_WIRE,COPPER_PVC,2023-07-27,2023-07-27,0,0.00,0.576,0.576,0,0,FRESH,yes,,,1.5
55028,SKU:55028,COPPER_WIRE,COPPER_PVC,2023-07-27,2023-07-27,0,0.00,0.576,0.576,0,0,FRESH,yes,,,1.5
55028,SKU:55028,COPPER_WIRE,COPPER_PVC,2023-07-27,2023-07-27,0,0.00,0.576,0.576,0,0,FRESH,yes,,,1.5
55028,SKU:55028,COPPER_WIRE,COPPER_PVC,2023-07-27,2023-08-29,33,1.07,0.576,0.61,0.034,5.9028,FRESH,yes,,,1.5
55028,SKU:55028,COPPER_WIRE,COPPER_PVC,2023-08-29,2023-08-29,0,0.00,0.61,0.61,0,0,FRESH,yes,,,1.5
55028,SKU:55028,COPPER_WIRE,COPPER_PVC,2023-08-29,2023-08-29,0,0.00,0.61,0.61,0,0,FRESH,yes,,,1.5
55028,SKU:55028,COPPER_WIRE,COPPER_PVC,2023-08-29,2023-08-29,0,0.00,0.61,0.61,0,0,FRESH,yes,,,1.5
55028,SKU:55028,COPPER_WIRE,COPPER_PVC,2023-08-29,2023-09-28,30,0.97,0.61,0.5865,-0.0235,-3.8525,FRESH,yes,,,1.5
55028,SKU:55028,COPPER_WIRE,COPPER_PVC,2023-09-28,2023-09-28,0,0.00,0.5865,0.5865,0,0,FRESH,yes,,,1.5
55028,SKU:55028,COPPER_WIRE,COPPER_PVC,2023-09-28,2023-09-28,0,0.00,0.5865,0.5865,0,0,FRESH,yes,,,1.5
55028,SKU:55028,COPPER_WIRE,COPPER_PVC,2023-09-28,2023-09-28,0,0.00,0.5865,0.5865,0,0,FRESH,yes,,,1.5
55028,SKU:55028,COPPER_WIRE,COPPER_PVC,2023-09-28,2023-10-29,31,1.03,0.5865,0.63,0.0435,7.4169,FRESH,yes,,,1.5
55028,SKU:55028,COPPER_WIRE,COPPER_PVC,2023-10-29,2023-10-29,0,0.00,0.63,0.63,0,0,FRESH,yes,,,1.5
55028,SKU:55028,COPPER_WIRE,COPPER_PVC,2023-10-29,2023-11-28,30,0.97,0.63,0.6095,-0.0205,-3.254,FRESH,yes,,,1.5
55028,SKU:55028,COPPER_WIRE,COPPER_PVC,2023-11-28,2023-11-28,0,0.00,0.6095,0.6095,0,0,FRESH,yes,,,1.5
55028,SKU:55028,COPPER_WIRE,COPPER_PVC,2023-11-28,2023-11-28,0,0.00,0.6095,0.6095,0,0,FRESH,yes,,,1.5
55028,SKU:55028,COPPER_WIRE,COPPER_PVC,2023-11-28,2023-11-28,0,0.00,0.6095,0.6095,0,0,FRESH,yes,,,1.5
55028,SKU:55028,COPPER_WIRE,COPPER_PVC,2023-11-28,2023-12-31,33,1.10,0.6095,0.575,-0.0345,-5.6604,FRESH,yes,,,1.5
55028,SKU:55028,COPPER_WIRE,COPPER_PVC,2023-12-31,2023-12-31,0,0.00,0.575,0.575,0,0,FRESH,yes,,,1.5
55028,SKU:55028,COPPER_WIRE,COPPER_PVC,2023-12-31,2023-12-31,0,0.00,0.575,0.575,0,0,FRESH,yes,,,1.5
55028,SKU:55028,COPPER_WIRE,COPPER_PVC,2023-12-31,2024-01-28,28,0.90,0.575,0.59,0.015,2.6087,FRESH,yes,,,1.5
55028,SKU:55028,COPPER_WIRE,COPPER_PVC,2024-01-28,2024-01-28,0,0.00,0.59,0.59,0,0,FRESH,yes,,,1.5
55028,SKU:55028,COPPER_WIRE,COPPER_PVC,2024-01-28,2024-04-30,93,3.07,0.59,0.6391,0.0491,8.322,MODERATE,yes,,,1.5
55028,SKU:55028,COPPER_WIRE,COPPER_PVC,2024-04-30,2024-05-29,29,0.97,0.6391,1.7696,1.1305,176.8894,FRESH,yes,,,1.5
55028,SKU:55028,COPPER_WIRE,COPPER_PVC,2024-05-29,2024-05-29,0,0.00,1.7696,0.6794,-1.0902,-61.6071,FRESH,yes,,,1.5
55028,SKU:55028,COPPER_WIRE,COPPER_PVC,2024-05-29,2024-06-27,29,0.93,0.6794,0.6794,0,0,FRESH,yes,,,1.5
55028,SKU:55028,COPPER_WIRE,COPPER_PVC,2024-06-27,2024-06-27,0,0.00,0.6794,0.6794,0,0,FRESH,yes,,,1.5
55028,SKU:55028,COPPER_WIRE,COPPER_PVC,2024-06-27,2024-07-28,31,1.03,0.6794,0.6794,0,0,FRESH,yes,,,1.5
55028,SKU:55028,COPPER_WIRE,COPPER_PVC,2024-07-28,2024-07-28,0,0.00,0.6794,0.6794,0,0,FRESH,yes,,,1.5
55028,SKU:55028,COPPER_WIRE,COPPER_PVC,2024-07-28,2024-08-29,32,1.03,0.6794,0.6622,-0.0172,-2.5316,FRESH,yes,,,1.5
55028,SKU:55028,COPPER_WIRE,COPPER_PVC,2024-08-29,2024-08-29,0,0.00,0.6622,0.6622,0,0,FRESH,yes,,,1.5
55028,SKU:55028,COPPER_WIRE,COPPER_PVC,2024-08-29,2024-08-29,0,0.00,0.6622,0.6622,0,0,FRESH,yes,,,1.5
55028,SKU:55028,COPPER_WIRE,COPPER_PVC,2024-08-29,2024-08-29,0,0.00,0.6622,0.6622,0,0,FRESH,yes,,,1.5
55028,SKU:55028,COPPER_WIRE,COPPER_PVC,2024-08-29,2024-09-30,32,1.03,0.6622,0.6622,0,0,FRESH,yes,,,1.5
55028,SKU:55028,COPPER_WIRE,COPPER_PVC,2024-09-30,2024-09-30,0,0.00,0.6622,0.6622,0,0,FRESH,yes,,,1.5
55028,SKU:55028,COPPER_WIRE,COPPER_PVC,2024-09-30,2024-09-30,0,0.00,0.6622,0.6622,0,0,FRESH,yes,,,1.5
55028,SKU:55028,COPPER_WIRE,COPPER_PVC,2024-09-30,2024-10-31,31,1.03,0.6622,0.6966,0.0344,5.1948,FRESH,yes,,,1.5
55028,SKU:55028,COPPER_WIRE,COPPER_PVC,2024-10-31,2024-11-28,28,0.90,0.6966,0.6966,0,0,FRESH,yes,,,1.5
55028,SKU:55028,COPPER_WIRE,COPPER_PVC,2024-11-28,2024-11-28,0,0.00,0.6966,0.6966,0,0,FRESH,yes,,,1.5
55028,SKU:55028,COPPER_WIRE,COPPER_PVC,2024-11-28,2024-12-29,31,1.03,0.6966,0.64,-0.0566,-8.1252,FRESH,yes,,,1.5
55028,SKU:55028,COPPER_WIRE,COPPER_PVC,2024-12-29,2024-12-29,0,0.00,0.64,0.64,0,0,FRESH,yes,,,1.5
55028,SKU:55028,COPPER_WIRE,COPPER_PVC,2024-12-29,2025-01-28,30,0.97,0.64,0.62,-0.02,-3.125,FRESH,yes,,,1.5
55028,SKU:55028,COPPER_WIRE,COPPER_PVC,2025-01-28,2025-02-26,29,0.93,0.62,0.62,0,0,FRESH,yes,,,1.5
55028,SKU:55028,COPPER_WIRE,COPPER_PVC,2025-02-26,2025-03-27,29,1.03,0.62,0.6715,0.0515,8.3065,FRESH,yes,,,1.5
55024,SKU:55024,COPPER_WIRE,COPPER_PVC,2017-10-03,2017-10-03,0,0.00,0.434,0.434,0,0,FRESH,yes,,,1.5
55024,SKU:55024,COPPER_WIRE,COPPER_PVC,2017-10-03,2017-10-03,0,0.00,0.434,0.441,0.007,1.6129,FRESH,yes,,,1.5
55024,SKU:55024,COPPER_WIRE,COPPER_PVC,2017-10-03,2017-10-03,0,0.00,0.441,0.441,0,0,FRESH,yes,,,1.5
55024,SKU:55024,COPPER_WIRE,COPPER_PVC,2017-10-03,2017-10-03,0,0.00,0.441,0.441,0,0,FRESH,yes,,,1.5
55024,SKU:55024,COPPER_WIRE,COPPER_PVC,2017-10-03,2017-10-03,0,0.00,0.441,0.441,0,0,FRESH,yes,,,1.5
55024,SKU:55024,COPPER_WIRE,COPPER_PVC,2017-10-03,2017-10-03,0,0.00,0.441,0.441,0,0,FRESH,yes,,,1.5
55024,SKU:55024,COPPER_WIRE,COPPER_PVC,2017-10-03,2018-08-30,331,10.90,0.441,0.5616,0.1206,27.3469,STALE,no,,,1.5
55024,SKU:55024,COPPER_WIRE,COPPER_PVC,2018-08-30,2018-11-27,89,2.90,0.5616,0.4329,-0.1287,-22.9167,MODERATE,yes,,,1.5
55024,SKU:55024,COPPER_WIRE,COPPER_PVC,2018-11-27,2018-11-27,0,0.00,0.4329,0.4329,0,0,FRESH,yes,,,1.5
55024,SKU:55024,COPPER_WIRE,COPPER_PVC,2018-11-27,2018-11-27,0,0.00,0.4329,0.43,-0.0029,-0.6699,FRESH,yes,,,1.5
55024,SKU:55024,COPPER_WIRE,COPPER_PVC,2018-11-27,2018-12-31,34,1.13,0.43,0.4368,0.0068,1.5814,FRESH,yes,,,1.5
55024,SKU:55024,COPPER_WIRE,COPPER_PVC,2018-12-31,2019-01-27,27,0.87,0.4368,0.4482,0.0114,2.6099,FRESH,yes,,,1.5
55024,SKU:55024,COPPER_WIRE,COPPER_PVC,2019-01-27,2019-01-27,0,0.00,0.4482,0.4482,0,0,FRESH,yes,,,1.5
55024,SKU:55024,COPPER_WIRE,COPPER_PVC,2019-01-27,2019-01-27,0,0.00,0.4482,0.4482,0,0,FRESH,yes,,,1.5
55024,SKU:55024,COPPER_WIRE,COPPER_PVC,2019-01-27,2019-01-27,0,0.00,0.4482,0.4482,0,0,FRESH,yes,,,1.5
55024,SKU:55024,COPPER_WIRE,COPPER_PVC,2019-01-27,2019-07-28,182,6.03,0.4482,0.41,-0.0382,-8.523,STALE,no,,,1.5
55024,SKU:55024,COPPER_WIRE,COPPER_PVC,2019-07-28,2019-08-25,28,0.90,0.41,0.4233,0.0133,3.2439,FRESH,yes,,,1.5
55024,SKU:55024,COPPER_WIRE,COPPER_PVC,2019-08-25,2019-08-25,0,0.00,0.4233,0.4233,0,0,FRESH,yes,,,1.5
55024,SKU:55024,COPPER_WIRE,COPPER_PVC,2019-08-25,2019-09-24,30,0.97,0.4233,0.39,-0.0333,-7.8668,FRESH,yes,,,1.5
55024,SKU:55024,COPPER_WIRE,COPPER_PVC,2019-09-24,2019-09-24,0,0.00,0.39,0.39,0,0,FRESH,yes,,,1.5
55024,SKU:55024,COPPER_WIRE,COPPER_PVC,2019-09-24,2019-09-24,0,0.00,0.39,0.39,0,0,FRESH,yes,,,1.5
55024,SKU:55024,COPPER_WIRE,COPPER_PVC,2019-09-24,2019-09-24,0,0.00,0.39,0.39,0,0,FRESH,yes,,,1.5
55024,SKU:55024,COPPER_WIRE,COPPER_PVC,2019-09-24,2019-09-24,0,0.00,0.39,0.39,0,0,FRESH,yes,,,1.5
55024,SKU:55024,COPPER_WIRE,COPPER_PVC,2019-09-24,2019-09-24,0,0.00,0.39,0.39,0,0,FRESH,yes,,,1.5
55024,SKU:55024,COPPER_WIRE,COPPER_PVC,2019-09-24,2019-09-24,0,0.00,0.39,0.39,0,0,FRESH,yes,,,1.5
55024,SKU:55024,COPPER_WIRE,COPPER_PVC,2019-09-24,2019-10-25,31,1.03,0.39,0.38,-0.01,-2.5641,FRESH,yes,,,1.5
55024,SKU:55024,COPPER_WIRE,COPPER_PVC,2019-10-25,2019-10-25,0,0.00,0.38,0.38,0,0,FRESH,yes,,,1.5
55024,SKU:55024,COPPER_WIRE,COPPER_PVC,2019-10-25,2019-10-25,0,0.00,0.38,0.38,0,0,FRESH,yes,,,1.5
55024,SKU:55024,COPPER_WIRE,COPPER_PVC,2019-10-25,2019-10-25,0,0.00,0.38,0.38,0,0,FRESH,yes,,,1.5
55024,SKU:55024,COPPER_WIRE,COPPER_PVC,2019-10-25,2019-10-25,0,0.00,0.38,0.38,0,0,FRESH,yes,,,1.5
55024,SKU:55024,COPPER_WIRE,COPPER_PVC,2019-10-25,2019-10-25,0,0.00,0.38,0.38,0,0,FRESH,yes,,,1.5
55024,SKU:55024,COPPER_WIRE,COPPER_PVC,2019-10-25,2020-01-28,95,3.10,0.38,0.39,0.01,2.6316,MODERATE,yes,,,1.5
55024,SKU:55024,COPPER_WIRE,COPPER_PVC,2020-01-28,2020-01-28,0,0.00,0.39,0.39,0,0,FRESH,yes,,,1.5
55024,SKU:55024,COPPER_WIRE,COPPER_PVC,2020-01-28,2020-02-27,30,0.97,0.39,0.39,0,0,FRESH,yes,,,1.5
55024,SKU:55024,COPPER_WIRE,COPPER_PVC,2020-02-27,2020-03-29,31,1.07,0.39,0.39,0,0,FRESH,yes,,,1.5
55024,SKU:55024,COPPER_WIRE,COPPER_PVC,2020-03-29,2020-03-29,0,0.00,0.39,0.39,0,0,FRESH,yes,,,1.5
55024,SKU:55024,COPPER_WIRE,COPPER_PVC,2020-03-29,2020-03-29,0,0.00,0.39,0.39,0,0,FRESH,yes,,,1.5
55024,SKU:55024,COPPER_WIRE,COPPER_PVC,2020-03-29,2020-03-29,0,0.00,0.39,0.39,0,0,FRESH,yes,,,1.5
55024,SKU:55024,COPPER_WIRE,COPPER_PVC,2020-03-29,2020-03-29,0,0.00,0.39,0.39,0,0,FRESH,yes,,,1.5
55024,SKU:55024,COPPER_WIRE,COPPER_PVC,2020-03-29,2020-03-29,0,0.00,0.39,0.39,0,0,FRESH,yes,,,1.5
55024,SKU:55024,COPPER_WIRE,COPPER_PVC,2020-03-29,2020-04-30,32,1.03,0.39,0.38,-0.01,-2.5641,FRESH,yes,,,1.5
55024,SKU:55024,COPPER_WIRE,COPPER_PVC,2020-04-30,2020-04-30,0,0.00,0.38,0.38,0,0,FRESH,yes,,,1.5
55024,SKU:55024,COPPER_WIRE,COPPER_PVC,2020-04-30,2020-04-30,0,0.00,0.38,0.39,0.01,2.6316,FRESH,yes,,,1.5
55024,SKU:55024,COPPER_WIRE,COPPER_PVC,2020-04-30,2020-06-28,59,1.93,0.39,0.38,-0.01,-2.5641,MODERATE,yes,,,1.5
55024,SKU:55024,COPPER_WIRE,COPPER_PVC,2020-06-28,2020-06-28,0,0.00,0.38,0.38,0,0,FRESH,yes,,,1.5
55024,SKU:55024,COPPER_WIRE,COPPER_PVC,2020-06-28,2020-06-28,0,0.00,0.38,0.38,0,0,FRESH,yes,,,1.5
55024,SKU:55024,COPPER_WIRE,COPPER_PVC,2020-06-28,2020-06-28,0,0.00,0.38,0.38,0,0,FRESH,yes,,,1.5
55024,SKU:55024,COPPER_WIRE,COPPER_PVC,2020-06-28,2020-07-26,28,0.93,0.38,0.4144,0.0344,9.0526,FRESH,yes,,,1.5
55024,SKU:55024,COPPER_WIRE,COPPER_PVC,2020-07-26,2020-07-26,0,0.00,0.4144,0.4144,0,0,FRESH,yes,,,1.5
55024,SKU:55024,COPPER_WIRE,COPPER_PVC,2020-07-26,2020-07-26,0,0.00,0.4144,0.4144,0,0,FRESH,yes,,,1.5
55024,SKU:55024,COPPER_WIRE,COPPER_PVC,2020-07-26,2020-07-30,4,0.13,0.4144,0.4144,0,0,FRESH,yes,,,1.5
55024,SKU:55024,COPPER_WIRE,COPPER_PVC,2020-07-30,2020-09-24,56,1.80,0.4144,0.4218,0.0074,1.7857,MODERATE,yes,,,1.5
55024,SKU:55024,COPPER_WIRE,COPPER_PVC,2020-09-24,2020-09-24,0,0.00,0.4218,0.4218,0,0,FRESH,yes,,,1.5
55024,SKU:55024,COPPER_WIRE,COPPER_PVC,2020-09-24,2020-09-24,0,0.00,0.4218,0.4218,0,0,FRESH,yes,,,1.5
55024,SKU:55024,COPPER_WIRE,COPPER_PVC,2020-09-24,2020-09-24,0,0.00,0.4218,0.4218,0,0,FRESH,yes,,,1.5
55024,SKU:55024,COPPER_WIRE,COPPER_PVC,2020-09-24,2020-09-24,0,0.00,0.4218,0.4218,0,0,FRESH,yes,,,1.5
55024,SKU:55024,COPPER_WIRE,COPPER_PVC,2020-09-24,2020-10-22,28,0.93,0.4218,0.44,0.0182,4.3148,FRESH,yes,,,1.5
55024,SKU:55024,COPPER_WIRE,COPPER_PVC,2020-10-22,2020-10-22,0,0.00,0.44,0.44,0,0,FRESH,yes,,,1.5
55024,SKU:55024,COPPER_WIRE,COPPER_PVC,2020-10-22,2020-10-22,0,0.00,0.44,0.44,0,0,FRESH,yes,,,1.5
55024,SKU:55024,COPPER_WIRE,COPPER_PVC,2020-10-22,2020-11-26,35,1.13,0.44,0.44,0,0,FRESH,yes,,,1.5
55024,SKU:55024,COPPER_WIRE,COPPER_PVC,2020-11-26,2020-11-26,0,0.00,0.44,0.44,0,0,FRESH,yes,,,1.5
55024,SKU:55024,COPPER_WIRE,COPPER_PVC,2020-11-26,2020-11-26,0,0.00,0.44,0.44,0,0,FRESH,yes,,,1.5
55024,SKU:55024,COPPER_WIRE,COPPER_PVC,2020-11-26,2020-12-30,34,1.13,0.44,0.48,0.04,9.0909,FRESH,yes,,,1.5
55024,SKU:55024,COPPER_WIRE,COPPER_PVC,2020-12-30,2020-12-30,0,0.00,0.48,0.48,0,0,FRESH,yes,,,1.5
55024,SKU:55024,COPPER_WIRE,COPPER_PVC,2020-12-30,2020-12-30,0,0.00,0.48,0.48,0,0,FRESH,yes,,,1.5
55024,SKU:55024,COPPER_WIRE,COPPER_PVC,2020-12-30,2020-12-30,0,0.00,0.48,0.46,-0.02,-4.1667,FRESH,yes,,,1.5
55024,SKU:55024,COPPER_WIRE,COPPER_PVC,2020-12-30,2021-04-27,118,3.90,0.46,0.5336,0.0736,16,MODERATE,yes,,,1.5
55024,SKU:55024,COPPER_WIRE,COPPER_PVC,2021-04-27,2021-04-27,0,0.00,0.5336,0.5336,0,0,FRESH,yes,,,1.5
55024,SKU:55024,COPPER_WIRE,COPPER_PVC,2021-04-27,2021-04-27,0,0.00,0.5336,0.5336,0,0,FRESH,yes,,,1.5
55024,SKU:55024,COPPER_WIRE,COPPER_PVC,2021-04-27,2021-04-27,0,0.00,0.5336,0.5336,0,0,FRESH,yes,,,1.5
55024,SKU:55024,COPPER_WIRE,COPPER_PVC,2021-04-27,2021-05-27,30,1.00,0.5336,0.5796,0.046,8.6207,FRESH,yes,,,1.5
55024,SKU:55024,COPPER_WIRE,COPPER_PVC,2021-05-27,2021-05-27,0,0.00,0.5796,0.5796,0,0,FRESH,yes,,,1.5
55024,SKU:55024,COPPER_WIRE,COPPER_PVC,2021-05-27,2021-05-27,0,0.00,0.5796,0.6195,0.0399,6.8841,FRESH,yes,,,1.5
55024,SKU:55024,COPPER_WIRE,COPPER_PVC,2021-05-27,2021-05-27,0,0.00,0.6195,0.6195,0,0,FRESH,yes,,,1.5
55024,SKU:55024,COPPER_WIRE,COPPER_PVC,2021-05-27,2021-06-30,34,1.10,0.6195,0.588,-0.0315,-5.0847,FRESH,yes,,,1.5
55024,SKU:55024,COPPER_WIRE,COPPER_PVC,2021-06-30,2021-06-30,0,0.00,0.588,0.588,0,0,FRESH,yes,,,1.5
55024,SKU:55024,COPPER_WIRE,COPPER_PVC,2021-06-30,2021-06-30,0,0.00,0.588,0.588,0,0,FRESH,yes,,,1.5
55024,SKU:55024,COPPER_WIRE,COPPER_PVC,2021-06-30,2021-06-30,0,0.00,0.588,0.588,0,0,FRESH,yes,,,1.5
55024,SKU:55024,COPPER_WIRE,COPPER_PVC,2021-06-30,2021-06-30,0,0.00,0.588,0.588,0,0,FRESH,yes,,,1.5
55024,SKU:55024,COPPER_WIRE,COPPER_PVC,2021-06-30,2021-06-30,0,0.00,0.588,0.588,0,0,FRESH,yes,,,1.5
55024,SKU:55024,COPPER_WIRE,COPPER_PVC,2021-06-30,2021-06-30,0,0.00,0.588,0.588,0,0,FRESH,yes,,,1.5
55024,SKU:55024,COPPER_WIRE,COPPER_PVC,2021-06-30,2021-07-28,28,0.93,0.588,0.5775,-0.0105,-1.7857,FRESH,yes,,,1.5
55024,SKU:55024,COPPER_WIRE,COPPER_PVC,2021-07-28,2021-07-28,0,0.00,0.5775,0.5775,0,0,FRESH,yes,,,1.5
55024,SKU:55024,COPPER_WIRE,COPPER_PVC,2021-07-28,2021-07-28,0,0.00,0.5775,0.5775,0,0,FRESH,yes,,,1.5
55024,SKU:55024,COPPER_WIRE,COPPER_PVC,2021-07-28,2021-08-26,29,0.93,0.5775,0.567,-0.0105,-1.8182,FRESH,yes,,,1.5
55024,SKU:55024,COPPER_WIRE,COPPER_PVC,2021-08-26,2021-08-26,0,0.00,0.567,0.567,0,0,FRESH,yes,,,1.5
55024,SKU:55024,COPPER_WIRE,COPPER_PVC,2021-08-26,2021-08-26,0,0.00,0.567,0.567,0,0,FRESH,yes,,,1.5
55024,SKU:55024,COPPER_WIRE,COPPER_PVC,2021-08-26,2021-08-26,0,0.00,0.567,0.567,0,0,FRESH,yes,,,1.5
55024,SKU:55024,COPPER_WIRE,COPPER_PVC,2021-08-26,2021-10-27,62,2.03,0.567,0.5775,0.0105,1.8519,MODERATE,yes,,,1.5
55024,SKU:55024,COPPER_WIRE,COPPER_PVC,2021-10-27,2021-10-27,0,0.00,0.5775,0.5775,0,0,FRESH,yes,,,1.5
55024,SKU:55024,COPPER_WIRE,COPPER_PVC,2021-10-27,2021-11-25,29,0.93,0.5775,0.609,0.0315,5.4545,FRESH,yes,,,1.5
55024,SKU:55024,COPPER_WIRE,COPPER_PVC,2021-11-25,2021-11-25,0,0.00,0.609,0.609,0,0,FRESH,yes,,,1.5
55024,SKU:55024,COPPER_WIRE,COPPER_PVC,2021-11-25,2021-11-25,0,0.00,0.609,0.609,0,0,FRESH,yes,,,1.5
55024,SKU:55024,COPPER_WIRE,COPPER_PVC,2021-11-25,2022-01-26,62,2.03,0.609,0.5936,-0.0154,-2.5287,MODERATE,yes,,,1.5
55024,SKU:55024,COPPER_WIRE,COPPER_PVC,2022-01-26,2022-01-26,0,0.00,0.5936,0.5936,0,0,FRESH,yes,,,1.5
55024,SKU:55024,COPPER_WIRE,COPPER_PVC,2022-01-26,2022-01-26,0,0.00,0.5936,0.5936,0,0,FRESH,yes,,,1.5
55024,SKU:55024,COPPER_WIRE,COPPER_PVC,2022-01-26,2022-02-24,29,0.93,0.5936,0.61,0.0164,2.7628,FRESH,yes,,,1.5
55024,SKU:55024,COPPER_WIRE,COPPER_PVC,2022-02-24,2022-02-24,0,0.00,0.61,0.61,0,0,FRESH,yes,,,1.5
55024,SKU:55024,COPPER_WIRE,COPPER_PVC,2022-02-24,2022-02-24,0,0.00,0.61,0.61,0,0,FRESH,yes,,,1.5
55024,SKU:55024,COPPER_WIRE,COPPER_PVC,2022-02-24,2022-02-24,0,0.00,0.61,0.61,0,0,FRESH,yes,,,1.5
55024,SKU:55024,COPPER_WIRE,COPPER_PVC,2022-02-24,2022-02-24,0,0.00,0.61,0.61,0,0,FRESH,yes,,,1.5
55024,SKU:55024,COPPER_WIRE,COPPER_PVC,2022-02-24,2022-02-24,0,0.00,0.61,0.61,0,0,FRESH,yes,,,1.5
55024,SKU:55024,COPPER_WIRE,COPPER_PVC,2022-02-24,2022-02-24,0,0.00,0.61,0.61,0,0,FRESH,yes,,,1.5
55024,SKU:55024,COPPER_WIRE,COPPER_PVC,2022-02-24,2022-02-24,0,0.00,0.61,0.61,0,0,FRESH,yes,,,1.5
55024,SKU:55024,COPPER_WIRE,COPPER_PVC,2022-02-24,2022-04-27,62,2.10,0.61,0.67,0.06,9.8361,MODERATE,yes,,,1.5
55024,SKU:55024,COPPER_WIRE,COPPER_PVC,2022-04-27,2022-04-27,0,0.00,0.67,0.671,0.001,0.1493,FRESH,yes,,,1.5
55024,SKU:55024,COPPER_WIRE,COPPER_PVC,2022-04-27,2022-04-27,0,0.00,0.671,0.671,0,0,FRESH,yes,,,1.5
55024,SKU:55024,COPPER_WIRE,COPPER_PVC,2022-04-27,2022-04-27,0,0.00,0.671,0.671,0,0,FRESH,yes,,,1.5
55024,SKU:55024,COPPER_WIRE,COPPER_PVC,2022-04-27,2022-04-27,0,0.00,0.671,0.671,0,0,FRESH,yes,,,1.5
55024,SKU:55024,COPPER_WIRE,COPPER_PVC,2022-04-27,2022-05-29,32,1.07,0.671,0.6588,-0.0122,-1.8182,FRESH,yes,,,1.5
55024,SKU:55024,COPPER_WIRE,COPPER_PVC,2022-05-29,2022-05-29,0,0.00,0.6588,0.6588,0,0,FRESH,yes,,,1.5
55024,SKU:55024,COPPER_WIRE,COPPER_PVC,2022-05-29,2022-05-29,0,0.00,0.6588,0.6588,0,0,FRESH,yes,,,1.5
55024,SKU:55024,COPPER_WIRE,COPPER_PVC,2022-05-29,2022-05-29,0,0.00,0.6588,0.6588,0,0,FRESH,yes,,,1.5
55024,SKU:55024,COPPER_WIRE,COPPER_PVC,2022-05-29,2022-06-27,29,0.93,0.6588,0.62,-0.0388,-5.8895,FRESH,yes,,,1.5
55024,SKU:55024,COPPER_WIRE,COPPER_PVC,2022-06-27,2022-06-27,0,0.00,0.62,0.62,0,0,FRESH,yes,,,1.5
55024,SKU:55024,COPPER_WIRE,COPPER_PVC,2022-06-27,2022-06-27,0,0.00,0.62,0.62,0,0,FRESH,yes,,,1.5
55024,SKU:55024,COPPER_WIRE,COPPER_PVC,2022-06-27,2022-06-27,0,0.00,0.62,0.62,0,0,FRESH,yes,,,1.5
55024,SKU:55024,COPPER_WIRE,COPPER_PVC,2022-06-27,2022-06-27,0,0.00,0.62,0.62,0,0,FRESH,yes,,,1.5
55024,SKU:55024,COPPER_WIRE,COPPER_PVC,2022-06-27,2022-08-25,59,1.93,0.62,0.5831,-0.0369,-5.9516,MODERATE,yes,,,1.5
55024,SKU:55024,COPPER_WIRE,COPPER_PVC,2022-08-25,2022-08-25,0,0.00,0.5831,0.5831,0,0,FRESH,yes,,,1.5
55024,SKU:55024,COPPER_WIRE,COPPER_PVC,2022-08-25,2022-08-25,0,0.00,0.5831,0.5831,0,0,FRESH,yes,,,1.5
55024,SKU:55024,COPPER_WIRE,COPPER_PVC,2022-08-25,2022-08-25,0,0.00,0.5831,0.5831,0,0,FRESH,yes,,,1.5
55024,SKU:55024,COPPER_WIRE,COPPER_PVC,2022-08-25,2022-08-25,0,0.00,0.5831,0.5831,0,0,FRESH,yes,,,1.5
55024,SKU:55024,COPPER_WIRE,COPPER_PVC,2022-08-25,2022-09-28,34,1.10,0.5831,0.5593,-0.0238,-4.0816,FRESH,yes,,,1.5
55024,SKU:55024,COPPER_WIRE,COPPER_PVC,2022-09-28,2022-09-28,0,0.00,0.5593,0.5593,0,0,FRESH,yes,,,1.5
55024,SKU:55024,COPPER_WIRE,COPPER_PVC,2022-09-28,2022-09-28,0,0.00,0.5593,0.5593,0,0,FRESH,yes,,,1.5
55024,SKU:55024,COPPER_WIRE,COPPER_PVC,2022-09-28,2022-09-28,0,0.00,0.5593,0.5593,0,0,FRESH,yes,,,1.5
55024,SKU:55024,COPPER_WIRE,COPPER_PVC,2022-09-28,2022-10-27,29,0.97,0.5593,0.5593,0,0,FRESH,yes,,,1.5
55024,SKU:55024,COPPER_WIRE,COPPER_PVC,2022-10-27,2022-10-27,0,0.00,0.5593,0.5593,0,0,FRESH,yes,,,1.5
55024,SKU:55024,COPPER_WIRE,COPPER_PVC,2022-10-27,2022-10-27,0,0.00,0.5593,0.5593,0,0,FRESH,yes,,,1.5
55024,SKU:55024,COPPER_WIRE,COPPER_PVC,2022-10-27,2022-11-27,31,1.00,0.5593,0.5593,0,0,FRESH,yes,,,1.5
55024,SKU:55024,COPPER_WIRE,COPPER_PVC,2022-11-27,2022-11-27,0,0.00,0.5593,0.5593,0,0,FRESH,yes,,,1.5
55024,SKU:55024,COPPER_WIRE,COPPER_PVC,2022-11-27,2022-11-27,0,0.00,0.5593,0.5593,0,0,FRESH,yes,,,1.5
55024,SKU:55024,COPPER_WIRE,COPPER_PVC,2022-11-27,2022-12-29,32,1.07,0.5593,0.5593,0,0,FRESH,yes,,,1.5
55024,SKU:55024,COPPER_WIRE,COPPER_PVC,2022-12-29,2022-12-29,0,0.00,0.5593,0.5593,0,0,FRESH,yes,,,1.5
55024,SKU:55024,COPPER_WIRE,COPPER_PVC,2022-12-29,2022-12-29,0,0.00,0.5593,0.5593,0,0,FRESH,yes,,,1.5
55024,SKU:55024,COPPER_WIRE,COPPER_PVC,2022-12-29,2022-12-29,0,0.00,0.5593,0.5593,0,0,FRESH,yes,,,1.5
55024,SKU:55024,COPPER_WIRE,COPPER_PVC,2022-12-29,2022-12-29,0,0.00,0.5593,0.5593,0,0,FRESH,yes,,,1.5
55024,SKU:55024,COPPER_WIRE,COPPER_PVC,2022-12-29,2022-12-29,0,0.00,0.5593,0.5593,0,0,FRESH,yes,,,1.5
55024,SKU:55024,COPPER_WIRE,COPPER_PVC,2022-12-29,2022-12-29,0,0.00,0.5593,0.5593,0,0,FRESH,yes,,,1.5
55024,SKU:55024,COPPER_WIRE,COPPER_PVC,2022-12-29,2023-02-28,61,1.97,0.5593,0.588,0.0287,5.1314,MODERATE,yes,,,1.5
55024,SKU:55024,COPPER_WIRE,COPPER_PVC,2023-02-28,2023-02-28,0,0.00,0.588,0.588,0,0,FRESH,yes,,,1.5
55024,SKU:55024,COPPER_WIRE,COPPER_PVC,2023-02-28,2023-02-28,0,0.00,0.588,0.588,0,0,FRESH,yes,,,1.5
55024,SKU:55024,COPPER_WIRE,COPPER_PVC,2023-02-28,2023-02-28,0,0.00,0.588,0.588,0,0,FRESH,yes,,,1.5
55024,SKU:55024,COPPER_WIRE,COPPER_PVC,2023-02-28,2023-02-28,0,0.00,0.588,0.588,0,0,FRESH,yes,,,1.5
55024,SKU:55024,COPPER_WIRE,COPPER_PVC,2023-02-28,2023-04-27,58,1.97,0.588,0.612,0.024,4.0816,MODERATE,yes,,,1.5
55024,SKU:55024,COPPER_WIRE,COPPER_PVC,2023-04-27,2023-04-27,0,0.00,0.612,0.612,0,0,FRESH,yes,,,1.5
55024,SKU:55024,COPPER_WIRE,COPPER_PVC,2023-04-27,2023-04-27,0,0.00,0.612,0.612,0,0,FRESH,yes,,,1.5
55024,SKU:55024,COPPER_WIRE,COPPER_PVC,2023-04-27,2023-05-28,31,1.03,0.612,0.612,0,0,FRESH,yes,,,1.5
55024,SKU:55024,COPPER_WIRE,COPPER_PVC,2023-05-28,2023-05-28,0,0.00,0.612,0.612,0,0,FRESH,yes,,,1.5
55024,SKU:55024,COPPER_WIRE,COPPER_PVC,2023-05-28,2023-05-28,0,0.00,0.612,0.612,0,0,FRESH,yes,,,1.5
55024,SKU:55024,COPPER_WIRE,COPPER_PVC,2023-05-28,2023-06-29,32,1.03,0.612,0.58,-0.032,-5.2288,FRESH,yes,,,1.5
55024,SKU:55024,COPPER_WIRE,COPPER_PVC,2023-06-29,2023-06-29,0,0.00,0.58,0.58,0,0,FRESH,yes,,,1.5
55024,SKU:55024,COPPER_WIRE,COPPER_PVC,2023-06-29,2023-06-29,0,0.00,0.58,0.58,0,0,FRESH,yes,,,1.5
55024,SKU:55024,COPPER_WIRE,COPPER_PVC,2023-06-29,2023-06-29,0,0.00,0.58,0.58,0,0,FRESH,yes,,,1.5
55024,SKU:55024,COPPER_WIRE,COPPER_PVC,2023-06-29,2023-06-29,0,0.00,0.58,0.58,0,0,FRESH,yes,,,1.5
55024,SKU:55024,COPPER_WIRE,COPPER_PVC,2023-06-29,2023-06-29,0,0.00,0.58,0.58,0,0,FRESH,yes,,,1.5
55024,SKU:55024,COPPER_WIRE,COPPER_PVC,2023-06-29,2023-06-29,0,0.00,0.58,0.58,0,0,FRESH,yes,,,1.5
55024,SKU:55024,COPPER_WIRE,COPPER_PVC,2023-06-29,2023-06-29,0,0.00,0.58,0.58,0,0,FRESH,yes,,,1.5
55024,SKU:55024,COPPER_WIRE,COPPER_PVC,2023-06-29,2023-06-29,0,0.00,0.58,0.58,0,0,FRESH,yes,,,1.5
55024,SKU:55024,COPPER_WIRE,COPPER_PVC,2023-06-29,2023-06-29,0,0.00,0.58,0.58,0,0,FRESH,yes,,,1.5
55024,SKU:55024,COPPER_WIRE,COPPER_PVC,2023-06-29,2023-07-27,28,0.93,0.58,0.576,-0.004,-0.6897,FRESH,yes,,,1.5
55024,SKU:55024,COPPER_WIRE,COPPER_PVC,2023-07-27,2023-07-27,0,0.00,0.576,0.576,0,0,FRESH,yes,,,1.5
55024,SKU:55024,COPPER_WIRE,COPPER_PVC,2023-07-27,2023-07-27,0,0.00,0.576,0.576,0,0,FRESH,yes,,,1.5
55024,SKU:55024,COPPER_WIRE,COPPER_PVC,2023-07-27,2023-07-27,0,0.00,0.576,0.576,0,0,FRESH,yes,,,1.5
55024,SKU:55024,COPPER_WIRE,COPPER_PVC,2023-07-27,2023-07-27,0,0.00,0.576,0.576,0,0,FRESH,yes,,,1.5
55024,SKU:55024,COPPER_WIRE,COPPER_PVC,2023-07-27,2023-08-29,33,1.07,0.576,0.61,0.034,5.9028,FRESH,yes,,,1.5
55024,SKU:55024,COPPER_WIRE,COPPER_PVC,2023-08-29,2023-08-29,0,0.00,0.61,0.61,0,0,FRESH,yes,,,1.5
55024,SKU:55024,COPPER_WIRE,COPPER_PVC,2023-08-29,2023-08-29,0,0.00,0.61,0.61,0,0,FRESH,yes,,,1.5
55024,SKU:55024,COPPER_WIRE,COPPER_PVC,2023-08-29,2023-08-29,0,0.00,0.61,0.61,0,0,FRESH,yes,,,1.5
55024,SKU:55024,COPPER_WIRE,COPPER_PVC,2023-08-29,2023-08-29,0,0.00,0.61,0.61,0,0,FRESH,yes,,,1.5
55024,SKU:55024,COPPER_WIRE,COPPER_PVC,2023-08-29,2023-09-28,30,0.97,0.61,0.5865,-0.0235,-3.8525,FRESH,yes,,,1.5
55024,SKU:55024,COPPER_WIRE,COPPER_PVC,2023-09-28,2023-09-28,0,0.00,0.5865,0.5865,0,0,FRESH,yes,,,1.5
55024,SKU:55024,COPPER_WIRE,COPPER_PVC,2023-09-28,2023-09-28,0,0.00,0.5865,0.5865,0,0,FRESH,yes,,,1.5
55024,SKU:55024,COPPER_WIRE,COPPER_PVC,2023-09-28,2023-09-28,0,0.00,0.5865,0.5865,0,0,FRESH,yes,,,1.5
55024,SKU:55024,COPPER_WIRE,COPPER_PVC,2023-09-28,2023-09-28,0,0.00,0.5865,0.5865,0,0,FRESH,yes,,,1.5
55024,SKU:55024,COPPER_WIRE,COPPER_PVC,2023-09-28,2023-10-29,31,1.03,0.5865,0.63,0.0435,7.4169,FRESH,yes,,,1.5
55024,SKU:55024,COPPER_WIRE,COPPER_PVC,2023-10-29,2023-10-29,0,0.00,0.63,0.63,0,0,FRESH,yes,,,1.5
55024,SKU:55024,COPPER_WIRE,COPPER_PVC,2023-10-29,2023-11-28,30,0.97,0.63,0.6095,-0.0205,-3.254,FRESH,yes,,,1.5
55024,SKU:55024,COPPER_WIRE,COPPER_PVC,2023-11-28,2023-11-28,0,0.00,0.6095,0.6095,0,0,FRESH,yes,,,1.5
55024,SKU:55024,COPPER_WIRE,COPPER_PVC,2023-11-28,2023-11-28,0,0.00,0.6095,0.6095,0,0,FRESH,yes,,,1.5
55024,SKU:55024,COPPER_WIRE,COPPER_PVC,2023-11-28,2023-11-28,0,0.00,0.6095,0.6095,0,0,FRESH,yes,,,1.5
55024,SKU:55024,COPPER_WIRE,COPPER_PVC,2023-11-28,2023-12-31,33,1.10,0.6095,0.575,-0.0345,-5.6604,FRESH,yes,,,1.5
55024,SKU:55024,COPPER_WIRE,COPPER_PVC,2023-12-31,2023-12-31,0,0.00,0.575,0.575,0,0,FRESH,yes,,,1.5
55024,SKU:55024,COPPER_WIRE,COPPER_PVC,2023-12-31,2023-12-31,0,0.00,0.575,0.575,0,0,FRESH,yes,,,1.5
55024,SKU:55024,COPPER_WIRE,COPPER_PVC,2023-12-31,2023-12-31,0,0.00,0.575,0.575,0,0,FRESH,yes,,,1.5
55024,SKU:55024,COPPER_WIRE,COPPER_PVC,2023-12-31,2024-01-28,28,0.90,0.575,0.59,0.015,2.6087,FRESH,yes,,,1.5
55024,SKU:55024,COPPER_WIRE,COPPER_PVC,2024-01-28,2024-01-28,0,0.00,0.59,0.59,0,0,FRESH,yes,,,1.5
55024,SKU:55024,COPPER_WIRE,COPPER_PVC,2024-01-28,2024-01-28,0,0.00,0.59,0.59,0,0,FRESH,yes,,,1.5
55024,SKU:55024,COPPER_WIRE,COPPER_PVC,2024-01-28,2024-02-28,31,1.00,0.59,0.5893,-0.0007,-0.1186,FRESH,yes,,,1.5
55024,SKU:55024,COPPER_WIRE,COPPER_PVC,2024-02-28,2024-03-31,32,1.10,0.5893,0.58,-0.0093,-1.5781,FRESH,yes,,,1.5
55024,SKU:55024,COPPER_WIRE,COPPER_PVC,2024-03-31,2024-05-29,59,1.93,0.58,1.9908,1.4108,243.2414,MODERATE,yes,,,1.5
55024,SKU:55024,COPPER_WIRE,COPPER_PVC,2024-05-29,2024-05-29,0,0.00,1.9908,0.6794,-1.3114,-65.873,FRESH,yes,,,1.5
55024,SKU:55024,COPPER_WIRE,COPPER_PVC,2024-05-29,2024-06-27,29,0.93,0.6794,0.6794,0,0,FRESH,yes,,,1.5
55024,SKU:55024,COPPER_WIRE,COPPER_PVC,2024-06-27,2024-06-27,0,0.00,0.6794,0.6794,0,0,FRESH,yes,,,1.5
55024,SKU:55024,COPPER_WIRE,COPPER_PVC,2024-06-27,2024-07-28,31,1.03,0.6794,0.6794,0,0,FRESH,yes,,,1.5
55024,SKU:55024,COPPER_WIRE,COPPER_PVC,2024-07-28,2024-07-28,0,0.00,0.6794,0.6794,0,0,FRESH,yes,,,1.5
55024,SKU:55024,COPPER_WIRE,COPPER_PVC,2024-07-28,2024-07-28,0,0.00,0.6794,0.6794,0,0,FRESH,yes,,,1.5
55024,SKU:55024,COPPER_WIRE,COPPER_PVC,2024-07-28,2024-07-28,0,0.00,0.6794,0.6794,0,0,FRESH,yes,,,1.5
55024,SKU:55024,COPPER_WIRE,COPPER_PVC,2024-07-28,2024-08-29,32,1.03,0.6794,0.6622,-0.0172,-2.5316,FRESH,yes,,,1.5
55024,SKU:55024,COPPER_WIRE,COPPER_PVC,2024-08-29,2024-08-29,0,0.00,0.6622,0.6622,0,0,FRESH,yes,,,1.5
55024,SKU:55024,COPPER_WIRE,COPPER_PVC,2024-08-29,2024-08-29,0,0.00,0.6622,0.6622,0,0,FRESH,yes,,,1.5
55024,SKU:55024,COPPER_WIRE,COPPER_PVC,2024-08-29,2024-08-29,0,0.00,0.6622,0.6622,0,0,FRESH,yes,,,1.5
55024,SKU:55024,COPPER_WIRE,COPPER_PVC,2024-08-29,2024-09-30,32,1.03,0.6622,0.6622,0,0,FRESH,yes,,,1.5
55024,SKU:55024,COPPER_WIRE,COPPER_PVC,2024-09-30,2024-09-30,0,0.00,0.6622,0.6622,0,0,FRESH,yes,,,1.5
55024,SKU:55024,COPPER_WIRE,COPPER_PVC,2024-09-30,2024-09-30,0,0.00,0.6622,0.6622,0,0,FRESH,yes,,,1.5
55024,SKU:55024,COPPER_WIRE,COPPER_PVC,2024-09-30,2024-09-30,0,0.00,0.6622,0.6622,0,0,FRESH,yes,,,1.5
55024,SKU:55024,COPPER_WIRE,COPPER_PVC,2024-09-30,2024-09-30,0,0.00,0.6622,0.6622,0,0,FRESH,yes,,,1.5
55024,SKU:55024,COPPER_WIRE,COPPER_PVC,2024-09-30,2024-09-30,0,0.00,0.6622,0.6622,0,0,FRESH,yes,,,1.5
55024,SKU:55024,COPPER_WIRE,COPPER_PVC,2024-09-30,2024-10-31,31,1.03,0.6622,0.6966,0.0344,5.1948,FRESH,yes,,,1.5
55024,SKU:55024,COPPER_WIRE,COPPER_PVC,2024-10-31,2024-10-31,0,0.00,0.6966,0.6966,0,0,FRESH,yes,,,1.5
55024,SKU:55024,COPPER_WIRE,COPPER_PVC,2024-10-31,2024-11-28,28,0.90,0.6966,0.6966,0,0,FRESH,yes,,,1.5
55024,SKU:55024,COPPER_WIRE,COPPER_PVC,2024-11-28,2024-12-29,31,1.03,0.6966,0.64,-0.0566,-8.1252,FRESH,yes,,,1.5
55024,SKU:55024,COPPER_WIRE,COPPER_PVC,2024-12-29,2024-12-29,0,0.00,0.64,0.64,0,0,FRESH,yes,,,1.5
55024,SKU:55024,COPPER_WIRE,COPPER_PVC,2024-12-29,2024-12-31,2,0.07,0.64,0.64,0,0,FRESH,yes,,,1.5
55024,SKU:55024,COPPER_WIRE,COPPER_PVC,2024-12-31,2025-01-28,28,0.90,0.64,0.62,-0.02,-3.125,FRESH,yes,,,1.5
55024,SKU:55024,COPPER_WIRE,COPPER_PVC,2025-01-28,2025-02-26,29,0.93,0.62,0.62,0,0,FRESH,yes,,,1.5
55024,SKU:55024,COPPER_WIRE,COPPER_PVC,2025-02-26,2025-02-26,0,0.00,0.62,0.62,0,0,FRESH,yes,,,1.5
55024,SKU:55024,COPPER_WIRE,COPPER_PVC,2025-02-26,2025-03-27,29,1.03,0.62,0.6715,0.0515,8.3065,FRESH,yes,,,1.5
55033,SKU:55033,COPPER_WIRE,COPPER_PVC,2017-10-03,2017-10-03,0,0.00,0.6944,0.7056,0.0112,1.6129,FRESH,yes,,,2.5
55033,SKU:55033,COPPER_WIRE,COPPER_PVC,2017-10-03,2017-10-03,0,0.00,0.7056,0.7056,0,0,FRESH,yes,,,2.5
55033,SKU:55033,COPPER_WIRE,COPPER_PVC,2017-10-03,2017-10-03,0,0.00,0.7056,0.6944,-0.0112,-1.5873,FRESH,yes,,,2.5
55033,SKU:55033,COPPER_WIRE,COPPER_PVC,2017-10-03,2018-08-30,331,10.90,0.6944,0.9072,0.2128,30.6452,STALE,no,,,2.5
55033,SKU:55033,COPPER_WIRE,COPPER_PVC,2018-08-30,2018-11-27,89,2.90,0.9072,0.6993,-0.2079,-22.9167,MODERATE,yes,,,2.5
55033,SKU:55033,COPPER_WIRE,COPPER_PVC,2018-11-27,2018-12-31,34,1.13,0.6993,0.7056,0.0063,0.9009,FRESH,yes,,,2.5
55033,SKU:55033,COPPER_WIRE,COPPER_PVC,2018-12-31,2019-01-27,27,0.87,0.7056,0.7182,0.0126,1.7857,FRESH,yes,,,2.5
55033,SKU:55033,COPPER_WIRE,COPPER_PVC,2019-01-27,2019-01-27,0,0.00,0.7182,0.7182,0,0,FRESH,yes,,,2.5
55033,SKU:55033,COPPER_WIRE,COPPER_PVC,2019-01-27,2019-08-25,210,6.93,0.7182,0.6783,-0.0399,-5.5556,STALE,no,,,2.5
55033,SKU:55033,COPPER_WIRE,COPPER_PVC,2019-08-25,2019-08-25,0,0.00,0.6783,0.6783,0,0,FRESH,yes,,,2.5
55033,SKU:55033,COPPER_WIRE,COPPER_PVC,2019-08-25,2019-09-24,30,0.97,0.6783,0.65,-0.0283,-4.1722,FRESH,yes,,,2.5
55033,SKU:55033,COPPER_WIRE,COPPER_PVC,2019-09-24,2019-09-24,0,0.00,0.65,0.65,0,0,FRESH,yes,,,2.5
55033,SKU:55033,COPPER_WIRE,COPPER_PVC,2019-09-24,2019-09-24,0,0.00,0.65,0.65,0,0,FRESH,yes,,,2.5
55033,SKU:55033,COPPER_WIRE,COPPER_PVC,2019-09-24,2019-09-24,0,0.00,0.65,0.65,0,0,FRESH,yes,,,2.5
55033,SKU:55033,COPPER_WIRE,COPPER_PVC,2019-09-24,2019-09-24,0,0.00,0.65,0.65,0,0,FRESH,yes,,,2.5
55033,SKU:55033,COPPER_WIRE,COPPER_PVC,2019-09-24,2019-09-24,0,0.00,0.65,0.65,0,0,FRESH,yes,,,2.5
55033,SKU:55033,COPPER_WIRE,COPPER_PVC,2019-09-24,2019-09-24,0,0.00,0.65,0.65,0,0,FRESH,yes,,,2.5
55033,SKU:55033,COPPER_WIRE,COPPER_PVC,2019-09-24,2019-10-25,31,1.03,0.65,0.63,-0.02,-3.0769,FRESH,yes,,,2.5
55033,SKU:55033,COPPER_WIRE,COPPER_PVC,2019-10-25,2019-10-25,0,0.00,0.63,0.63,0,0,FRESH,yes,,,2.5
55033,SKU:55033,COPPER_WIRE,COPPER_PVC,2019-10-25,2019-10-25,0,0.00,0.63,0.63,0,0,FRESH,yes,,,2.5
55033,SKU:55033,COPPER_WIRE,COPPER_PVC,2019-10-25,2019-10-25,0,0.00,0.63,0.63,0,0,FRESH,yes,,,2.5
55033,SKU:55033,COPPER_WIRE,COPPER_PVC,2019-10-25,2020-03-29,156,5.13,0.63,0.61,-0.02,-3.1746,STALE,no,,,2.5
55033,SKU:55033,COPPER_WIRE,COPPER_PVC,2020-03-29,2020-03-29,0,0.00,0.61,0.61,0,0,FRESH,yes,,,2.5
55033,SKU:55033,COPPER_WIRE,COPPER_PVC,2020-03-29,2020-04-30,32,1.03,0.61,0.6,-0.01,-1.6393,FRESH,yes,,,2.5
55033,SKU:55033,COPPER_WIRE,COPPER_PVC,2020-04-30,2020-04-30,0,0.00,0.6,0.6,0,0,FRESH,yes,,,2.5
55033,SKU:55033,COPPER_WIRE,COPPER_PVC,2020-04-30,2020-04-30,0,0.00,0.6,0.6,0,0,FRESH,yes,,,2.5
55033,SKU:55033,COPPER_WIRE,COPPER_PVC,2020-04-30,2020-04-30,0,0.00,0.6,0.6,0,0,FRESH,yes,,,2.5
55033,SKU:55033,COPPER_WIRE,COPPER_PVC,2020-04-30,2020-06-28,59,1.93,0.6,0.58,-0.02,-3.3333,MODERATE,yes,,,2.5
55033,SKU:55033,COPPER_WIRE,COPPER_PVC,2020-06-28,2020-06-28,0,0.00,0.58,0.59,0.01,1.7241,FRESH,yes,,,2.5
55033,SKU:55033,COPPER_WIRE,COPPER_PVC,2020-06-28,2020-07-26,28,0.93,0.59,0.6664,0.0764,12.9492,FRESH,yes,,,2.5
55033,SKU:55033,COPPER_WIRE,COPPER_PVC,2020-07-26,2020-07-26,0,0.00,0.6664,0.6664,0,0,FRESH,yes,,,2.5
55033,SKU:55033,COPPER_WIRE,COPPER_PVC,2020-07-26,2020-07-26,0,0.00,0.6664,0.6664,0,0,FRESH,yes,,,2.5
55033,SKU:55033,COPPER_WIRE,COPPER_PVC,2020-07-26,2020-07-26,0,0.00,0.6664,0.6664,0,0,FRESH,yes,,,2.5
55033,SKU:55033,COPPER_WIRE,COPPER_PVC,2020-07-26,2020-07-26,0,0.00,0.6664,0.6664,0,0,FRESH,yes,,,2.5
55033,SKU:55033,COPPER_WIRE,COPPER_PVC,2020-07-26,2020-07-26,0,0.00,0.6664,0.6664,0,0,FRESH,yes,,,2.5
55033,SKU:55033,COPPER_WIRE,COPPER_PVC,2020-07-26,2020-07-26,0,0.00,0.6664,0.6545,-0.0119,-1.7857,FRESH,yes,,,2.5
55033,SKU:55033,COPPER_WIRE,COPPER_PVC,2020-07-26,2020-07-30,4,0.13,0.6545,0.6664,0.0119,1.8182,FRESH,yes,,,2.5
55033,SKU:55033,COPPER_WIRE,COPPER_PVC,2020-07-30,2020-09-24,56,1.80,0.6664,0.6783,0.0119,1.7857,MODERATE,yes,,,2.5
55033,SKU:55033,COPPER_WIRE,COPPER_PVC,2020-09-24,2020-09-24,0,0.00,0.6783,0.6783,0,0,FRESH,yes,,,2.5
55033,SKU:55033,COPPER_WIRE,COPPER_PVC,2020-09-24,2020-09-24,0,0.00,0.6783,0.6783,0,0,FRESH,yes,,,2.5
55033,SKU:55033,COPPER_WIRE,COPPER_PVC,2020-09-24,2020-09-24,0,0.00,0.6783,0.6783,0,0,FRESH,yes,,,2.5
55033,SKU:55033,COPPER_WIRE,COPPER_PVC,2020-09-24,2020-09-24,0,0.00,0.6783,0.6783,0,0,FRESH,yes,,,2.5
55033,SKU:55033,COPPER_WIRE,COPPER_PVC,2020-09-24,2020-10-22,28,0.93,0.6783,0.69,0.0117,1.7249,FRESH,yes,,,2.5
55033,SKU:55033,COPPER_WIRE,COPPER_PVC,2020-10-22,2020-10-22,0,0.00,0.69,0.69,0,0,FRESH,yes,,,2.5
55033,SKU:55033,COPPER_WIRE,COPPER_PVC,2020-10-22,2020-11-26,35,1.13,0.69,0.72,0.03,4.3478,FRESH,yes,,,2.5
55033,SKU:55033,COPPER_WIRE,COPPER_PVC,2020-11-26,2020-11-26,0,0.00,0.72,0.72,0,0,FRESH,yes,,,2.5
55033,SKU:55033,COPPER_WIRE,COPPER_PVC,2020-11-26,2020-11-26,0,0.00,0.72,0.72,0,0,FRESH,yes,,,2.5
55033,SKU:55033,COPPER_WIRE,COPPER_PVC,2020-11-26,2020-11-26,0,0.00,0.72,0.74,0.02,2.7778,FRESH,yes,,,2.5
55033,SKU:55033,COPPER_WIRE,COPPER_PVC,2020-11-26,2020-12-30,34,1.13,0.74,0.78,0.04,5.4054,FRESH,yes,,,2.5
55033,SKU:55033,COPPER_WIRE,COPPER_PVC,2020-12-30,2020-12-30,0,0.00,0.78,0.78,0,0,FRESH,yes,,,2.5
55033,SKU:55033,COPPER_WIRE,COPPER_PVC,2020-12-30,2020-12-30,0,0.00,0.78,0.78,0,0,FRESH,yes,,,2.5
55033,SKU:55033,COPPER_WIRE,COPPER_PVC,2020-12-30,2020-12-30,0,0.00,0.78,0.78,0,0,FRESH,yes,,,2.5
55033,SKU:55033,COPPER_WIRE,COPPER_PVC,2020-12-30,2020-12-30,0,0.00,0.78,0.78,0,0,FRESH,yes,,,2.5
55033,SKU:55033,COPPER_WIRE,COPPER_PVC,2020-12-30,2021-04-27,118,3.90,0.78,0.5336,-0.2464,-31.5897,MODERATE,yes,,,2.5
55033,SKU:55033,COPPER_WIRE,COPPER_PVC,2021-04-27,2021-04-27,0,0.00,0.5336,0.5336,0,0,FRESH,yes,,,2.5
55033,SKU:55033,COPPER_WIRE,COPPER_PVC,2021-04-27,2021-05-27,30,1.00,0.5336,0.945,0.4114,77.099,FRESH,yes,,,2.5
55033,SKU:55033,COPPER_WIRE,COPPER_PVC,2021-05-27,2021-05-27,0,0.00,0.945,1.003,0.058,6.1376,FRESH,yes,,,2.5
55033,SKU:55033,COPPER_WIRE,COPPER_PVC,2021-05-27,2021-05-27,0,0.00,1.003,1.003,0,0,FRESH,yes,,,2.5
55033,SKU:55033,COPPER_WIRE,COPPER_PVC,2021-05-27,2021-06-30,34,1.10,1.003,0.952,-0.051,-5.0847,FRESH,yes,,,2.5
55033,SKU:55033,COPPER_WIRE,COPPER_PVC,2021-06-30,2021-06-30,0,0.00,0.952,0.952,0,0,FRESH,yes,,,2.5
55033,SKU:55033,COPPER_WIRE,COPPER_PVC,2021-06-30,2021-06-30,0,0.00,0.952,0.952,0,0,FRESH,yes,,,2.5
55033,SKU:55033,COPPER_WIRE,COPPER_PVC,2021-06-30,2021-06-30,0,0.00,0.952,0.952,0,0,FRESH,yes,,,2.5
55033,SKU:55033,COPPER_WIRE,COPPER_PVC,2021-06-30,2021-07-28,28,0.93,0.952,0.935,-0.017,-1.7857,FRESH,yes,,,2.5
55033,SKU:55033,COPPER_WIRE,COPPER_PVC,2021-07-28,2021-07-28,0,0.00,0.935,0.935,0,0,FRESH,yes,,,2.5
55033,SKU:55033,COPPER_WIRE,COPPER_PVC,2021-07-28,2021-08-26,29,0.93,0.935,0.918,-0.017,-1.8182,FRESH,yes,,,2.5
55033,SKU:55033,COPPER_WIRE,COPPER_PVC,2021-08-26,2021-08-26,0,0.00,0.918,0.918,0,0,FRESH,yes,,,2.5
55033,SKU:55033,COPPER_WIRE,COPPER_PVC,2021-08-26,2021-11-25,91,2.97,0.918,0.986,0.068,7.4074,MODERATE,yes,,,2.5
55033,SKU:55033,COPPER_WIRE,COPPER_PVC,2021-11-25,2021-11-25,0,0.00,0.986,0.986,0,0,FRESH,yes,,,2.5
55033,SKU:55033,COPPER_WIRE,COPPER_PVC,2021-11-25,2022-01-26,62,2.03,0.986,0.9752,-0.0108,-1.0953,MODERATE,yes,,,2.5
55033,SKU:55033,COPPER_WIRE,COPPER_PVC,2022-01-26,2022-01-26,0,0.00,0.9752,0.9752,0,0,FRESH,yes,,,2.5
55033,SKU:55033,COPPER_WIRE,COPPER_PVC,2022-01-26,2022-02-24,29,0.93,0.9752,0.98,0.0048,0.4922,FRESH,yes,,,2.5
55033,SKU:55033,COPPER_WIRE,COPPER_PVC,2022-02-24,2022-02-24,0,0.00,0.98,0.98,0,0,FRESH,yes,,,2.5
55033,SKU:55033,COPPER_WIRE,COPPER_PVC,2022-02-24,2022-02-24,0,0.00,0.98,0.98,0,0,FRESH,yes,,,2.5
55033,SKU:55033,COPPER_WIRE,COPPER_PVC,2022-02-24,2022-02-24,0,0.00,0.98,0.98,0,0,FRESH,yes,,,2.5
55033,SKU:55033,COPPER_WIRE,COPPER_PVC,2022-02-24,2022-04-27,62,2.10,0.98,1.07,0.09,9.1837,MODERATE,yes,,,2.5
55033,SKU:55033,COPPER_WIRE,COPPER_PVC,2022-04-27,2022-04-27,0,0.00,1.07,1.07,0,0,FRESH,yes,,,2.5
55033,SKU:55033,COPPER_WIRE,COPPER_PVC,2022-04-27,2022-04-27,0,0.00,1.07,1.07,0,0,FRESH,yes,,,2.5
55033,SKU:55033,COPPER_WIRE,COPPER_PVC,2022-04-27,2022-04-27,0,0.00,1.07,1.07,0,0,FRESH,yes,,,2.5
55033,SKU:55033,COPPER_WIRE,COPPER_PVC,2022-04-27,2022-04-27,0,0.00,1.07,1.07,0,0,FRESH,yes,,,2.5
55033,SKU:55033,COPPER_WIRE,COPPER_PVC,2022-04-27,2022-05-29,32,1.07,1.07,1.08,0.01,0.9346,FRESH,yes,,,2.5
55033,SKU:55033,COPPER_WIRE,COPPER_PVC,2022-05-29,2022-05-29,0,0.00,1.08,1.08,0,0,FRESH,yes,,,2.5
55033,SKU:55033,COPPER_WIRE,COPPER_PVC,2022-05-29,2022-06-27,29,0.93,1.08,0.99,-0.09,-8.3333,FRESH,yes,,,2.5
55033,SKU:55033,COPPER_WIRE,COPPER_PVC,2022-06-27,2022-06-27,0,0.00,0.99,0.99,0,0,FRESH,yes,,,2.5
55033,SKU:55033,COPPER_WIRE,COPPER_PVC,2022-06-27,2022-06-27,0,0.00,0.99,0.99,0,0,FRESH,yes,,,2.5
55033,SKU:55033,COPPER_WIRE,COPPER_PVC,2022-06-27,2022-06-27,0,0.00,0.99,0.99,0,0,FRESH,yes,,,2.5
55033,SKU:55033,COPPER_WIRE,COPPER_PVC,2022-06-27,2022-08-25,59,1.93,0.99,0.96,-0.03,-3.0303,MODERATE,yes,,,2.5
55033,SKU:55033,COPPER_WIRE,COPPER_PVC,2022-08-25,2022-08-25,0,0.00,0.96,0.96,0,0,FRESH,yes,,,2.5
55033,SKU:55033,COPPER_WIRE,COPPER_PVC,2022-08-25,2022-08-25,0,0.00,0.96,0.96,0,0,FRESH,yes,,,2.5
55033,SKU:55033,COPPER_WIRE,COPPER_PVC,2022-08-25,2022-09-28,34,1.10,0.96,0.9118,-0.0482,-5.0208,FRESH,yes,,,2.5
55033,SKU:55033,COPPER_WIRE,COPPER_PVC,2022-09-28,2022-09-28,0,0.00,0.9118,0.9118,0,0,FRESH,yes,,,2.5
55033,SKU:55033,COPPER_WIRE,COPPER_PVC,2022-09-28,2022-09-28,0,0.00,0.9118,0.9118,0,0,FRESH,yes,,,2.5
55033,SKU:55033,COPPER_WIRE,COPPER_PVC,2022-09-28,2022-09-28,0,0.00,0.9118,0.9118,0,0,FRESH,yes,,,2.5
55033,SKU:55033,COPPER_WIRE,COPPER_PVC,2022-09-28,2022-09-28,0,0.00,0.9118,0.9118,0,0,FRESH,yes,,,2.5
55033,SKU:55033,COPPER_WIRE,COPPER_PVC,2022-09-28,2022-09-28,0,0.00,0.9118,0.9118,0,0,FRESH,yes,,,2.5
55033,SKU:55033,COPPER_WIRE,COPPER_PVC,2022-09-28,2022-09-28,0,0.00,0.9118,0.9118,0,0,FRESH,yes,,,2.5
55033,SKU:55033,COPPER_WIRE,COPPER_PVC,2022-09-28,2022-10-27,29,0.97,0.9118,0.9118,0,0,FRESH,yes,,,2.5
55033,SKU:55033,COPPER_WIRE,COPPER_PVC,2022-10-27,2022-10-27,0,0.00,0.9118,0.9118,0,0,FRESH,yes,,,2.5
55033,SKU:55033,COPPER_WIRE,COPPER_PVC,2022-10-27,2022-11-27,31,1.00,0.9118,0.9118,0,0,FRESH,yes,,,2.5
55033,SKU:55033,COPPER_WIRE,COPPER_PVC,2022-11-27,2022-11-27,0,0.00,0.9118,0.9118,0,0,FRESH,yes,,,2.5
55033,SKU:55033,COPPER_WIRE,COPPER_PVC,2022-11-27,2022-12-29,32,1.07,0.9118,0.9118,0,0,FRESH,yes,,,2.5
55033,SKU:55033,COPPER_WIRE,COPPER_PVC,2022-12-29,2022-12-29,0,0.00,0.9118,0.9118,0,0,FRESH,yes,,,2.5
55033,SKU:55033,COPPER_WIRE,COPPER_PVC,2022-12-29,2022-12-29,0,0.00,0.9118,0.9118,0,0,FRESH,yes,,,2.5
55033,SKU:55033,COPPER_WIRE,COPPER_PVC,2022-12-29,2022-12-29,0,0.00,0.9118,0.9118,0,0,FRESH,yes,,,2.5
55033,SKU:55033,COPPER_WIRE,COPPER_PVC,2022-12-29,2022-12-29,0,0.00,0.9118,0.9118,0,0,FRESH,yes,,,2.5
55033,SKU:55033,COPPER_WIRE,COPPER_PVC,2022-12-29,2022-12-29,0,0.00,0.9118,0.9118,0,0,FRESH,yes,,,2.5
55033,SKU:55033,COPPER_WIRE,COPPER_PVC,2022-12-29,2023-02-28,61,1.97,0.9118,0.9555,0.0437,4.7927,MODERATE,yes,,,2.5
55033,SKU:55033,COPPER_WIRE,COPPER_PVC,2023-02-28,2023-02-28,0,0.00,0.9555,0.9555,0,0,FRESH,yes,,,2.5
55033,SKU:55033,COPPER_WIRE,COPPER_PVC,2023-02-28,2023-02-28,0,0.00,0.9555,0.9555,0,0,FRESH,yes,,,2.5
55033,SKU:55033,COPPER_WIRE,COPPER_PVC,2023-02-28,2023-02-28,0,0.00,0.9555,0.9555,0,0,FRESH,yes,,,2.5
55033,SKU:55033,COPPER_WIRE,COPPER_PVC,2023-02-28,2023-02-28,0,0.00,0.9555,0.9555,0,0,FRESH,yes,,,2.5
55033,SKU:55033,COPPER_WIRE,COPPER_PVC,2023-02-28,2023-02-28,0,0.00,0.9555,0.9555,0,0,FRESH,yes,,,2.5
55033,SKU:55033,COPPER_WIRE,COPPER_PVC,2023-02-28,2023-02-28,0,0.00,0.9555,0.9555,0,0,FRESH,yes,,,2.5
55033,SKU:55033,COPPER_WIRE,COPPER_PVC,2023-02-28,2023-03-29,29,1.03,0.9555,0.9945,0.039,4.0816,FRESH,yes,,,2.5
55033,SKU:55033,COPPER_WIRE,COPPER_PVC,2023-03-29,2023-03-29,0,0.00,0.9945,0.9945,0,0,FRESH,yes,,,2.5
55033,SKU:55033,COPPER_WIRE,COPPER_PVC,2023-03-29,2023-03-29,0,0.00,0.9945,0.9945,0,0,FRESH,yes,,,2.5
55033,SKU:55033,COPPER_WIRE,COPPER_PVC,2023-03-29,2023-04-27,29,0.93,0.9945,0.9945,0,0,FRESH,yes,,,2.5
55033,SKU:55033,COPPER_WIRE,COPPER_PVC,2023-04-27,2023-04-27,0,0.00,0.9945,0.9945,0,0,FRESH,yes,,,2.5
55033,SKU:55033,COPPER_WIRE,COPPER_PVC,2023-04-27,2023-05-28,31,1.03,0.9945,0.9945,0,0,FRESH,yes,,,2.5
55033,SKU:55033,COPPER_WIRE,COPPER_PVC,2023-05-28,2023-05-28,0,0.00,0.9945,0.9945,0,0,FRESH,yes,,,2.5
55033,SKU:55033,COPPER_WIRE,COPPER_PVC,2023-05-28,2023-05-28,0,0.00,0.9945,0.9945,0,0,FRESH,yes,,,2.5
55033,SKU:55033,COPPER_WIRE,COPPER_PVC,2023-05-28,2023-05-28,0,0.00,0.9945,0.9945,0,0,FRESH,yes,,,2.5
55033,SKU:55033,COPPER_WIRE,COPPER_PVC,2023-05-28,2023-06-29,32,1.03,0.9945,0.95,-0.0445,-4.4746,FRESH,yes,,,2.5
55033,SKU:55033,COPPER_WIRE,COPPER_PVC,2023-06-29,2023-06-29,0,0.00,0.95,0.95,0,0,FRESH,yes,,,2.5
55033,SKU:55033,COPPER_WIRE,COPPER_PVC,2023-06-29,2023-06-29,0,0.00,0.95,0.95,0,0,FRESH,yes,,,2.5
55033,SKU:55033,COPPER_WIRE,COPPER_PVC,2023-06-29,2023-06-29,0,0.00,0.95,0.95,0,0,FRESH,yes,,,2.5
55033,SKU:55033,COPPER_WIRE,COPPER_PVC,2023-06-29,2023-06-29,0,0.00,0.95,0.95,0,0,FRESH,yes,,,2.5
55033,SKU:55033,COPPER_WIRE,COPPER_PVC,2023-06-29,2023-06-29,0,0.00,0.95,0.95,0,0,FRESH,yes,,,2.5
55033,SKU:55033,COPPER_WIRE,COPPER_PVC,2023-06-29,2023-06-29,0,0.00,0.95,0.95,0,0,FRESH,yes,,,2.5
55033,SKU:55033,COPPER_WIRE,COPPER_PVC,2023-06-29,2023-06-29,0,0.00,0.95,0.95,0,0,FRESH,yes,,,2.5
55033,SKU:55033,COPPER_WIRE,COPPER_PVC,2023-06-29,2023-06-29,0,0.00,0.95,0.95,0,0,FRESH,yes,,,2.5
55033,SKU:55033,COPPER_WIRE,COPPER_PVC,2023-06-29,2023-06-29,0,0.00,0.95,0.95,0,0,FRESH,yes,,,2.5
55033,SKU:55033,COPPER_WIRE,COPPER_PVC,2023-06-29,2023-06-29,0,0.00,0.95,0.95,0,0,FRESH,yes,,,2.5
55033,SKU:55033,COPPER_WIRE,COPPER_PVC,2023-06-29,2023-06-29,0,0.00,0.95,0.95,0,0,FRESH,yes,,,2.5
55033,SKU:55033,COPPER_WIRE,COPPER_PVC,2023-06-29,2023-07-27,28,0.93,0.95,0.9555,0.0055,0.5789,FRESH,yes,,,2.5
55033,SKU:55033,COPPER_WIRE,COPPER_PVC,2023-07-27,2023-07-27,0,0.00,0.9555,0.9555,0,0,FRESH,yes,,,2.5
55033,SKU:55033,COPPER_WIRE,COPPER_PVC,2023-07-27,2023-07-27,0,0.00,0.9555,0.9555,0,0,FRESH,yes,,,2.5
55033,SKU:55033,COPPER_WIRE,COPPER_PVC,2023-07-27,2023-08-29,33,1.07,0.9555,0.99,0.0345,3.6107,FRESH,yes,,,2.5
55033,SKU:55033,COPPER_WIRE,COPPER_PVC,2023-08-29,2023-08-29,0,0.00,0.99,0.99,0,0,FRESH,yes,,,2.5
55033,SKU:55033,COPPER_WIRE,COPPER_PVC,2023-08-29,2023-08-29,0,0.00,0.99,0.99,0,0,FRESH,yes,,,2.5
55033,SKU:55033,COPPER_WIRE,COPPER_PVC,2023-08-29,2023-09-28,30,0.97,0.99,0.9805,-0.0095,-0.9596,FRESH,yes,,,2.5
55033,SKU:55033,COPPER_WIRE,COPPER_PVC,2023-09-28,2023-09-28,0,0.00,0.9805,0.9435,-0.037,-3.7736,FRESH,yes,,,2.5
55033,SKU:55033,COPPER_WIRE,COPPER_PVC,2023-09-28,2023-09-28,0,0.00,0.9435,0.9435,0,0,FRESH,yes,,,2.5
55033,SKU:55033,COPPER_WIRE,COPPER_PVC,2023-09-28,2023-09-28,0,0.00,0.9435,0.9435,0,0,FRESH,yes,,,2.5
55033,SKU:55033,COPPER_WIRE,COPPER_PVC,2023-09-28,2023-11-28,61,2.00,0.9435,0.9805,0.037,3.9216,MODERATE,yes,,,2.5
55033,SKU:55033,COPPER_WIRE,COPPER_PVC,2023-11-28,2023-12-31,33,1.10,0.9805,0.925,-0.0555,-5.6604,FRESH,yes,,,2.5
55033,SKU:55033,COPPER_WIRE,COPPER_PVC,2023-12-31,2023-12-31,0,0.00,0.925,0.925,0,0,FRESH,yes,,,2.5
55033,SKU:55033,COPPER_WIRE,COPPER_PVC,2023-12-31,2023-12-31,0,0.00,0.925,0.925,0,0,FRESH,yes,,,2.5
55033,SKU:55033,COPPER_WIRE,COPPER_PVC,2023-12-31,2023-12-31,0,0.00,0.925,0.925,0,0,FRESH,yes,,,2.5
55033,SKU:55033,COPPER_WIRE,COPPER_PVC,2023-12-31,2023-12-31,0,0.00,0.925,0.925,0,0,FRESH,yes,,,2.5
55033,SKU:55033,COPPER_WIRE,COPPER_PVC,2023-12-31,2024-01-28,28,0.90,0.925,0.98,0.055,5.9459,FRESH,yes,,,2.5
55033,SKU:55033,COPPER_WIRE,COPPER_PVC,2024-01-28,2024-01-28,0,0.00,0.98,0.98,0,0,FRESH,yes,,,2.5
55033,SKU:55033,COPPER_WIRE,COPPER_PVC,2024-01-28,2024-01-28,0,0.00,0.98,0.98,0,0,FRESH,yes,,,2.5
55033,SKU:55033,COPPER_WIRE,COPPER_PVC,2024-01-28,2024-03-31,63,2.10,0.98,0.94,-0.04,-4.0816,MODERATE,yes,,,2.5
55033,SKU:55033,COPPER_WIRE,COPPER_PVC,2024-03-31,2024-04-30,30,0.97,0.94,1.0241,0.0841,8.9468,FRESH,yes,,,2.5
55033,SKU:55033,COPPER_WIRE,COPPER_PVC,2024-04-30,2024-05-29,29,0.97,1.0241,1.0981,0.074,7.2259,FRESH,yes,,,2.5
55033,SKU:55033,COPPER_WIRE,COPPER_PVC,2024-05-29,2024-05-29,0,0.00,1.0981,1.0981,0,0,FRESH,yes,,,2.5
55033,SKU:55033,COPPER_WIRE,COPPER_PVC,2024-05-29,2024-06-27,29,0.93,1.0981,1.0981,0,0,FRESH,yes,,,2.5
55033,SKU:55033,COPPER_WIRE,COPPER_PVC,2024-06-27,2024-06-27,0,0.00,1.0981,1.0981,0,0,FRESH,yes,,,2.5
55033,SKU:55033,COPPER_WIRE,COPPER_PVC,2024-06-27,2024-08-29,63,2.07,1.0981,1.0703,-0.0278,-2.5316,MODERATE,yes,,,2.5
55033,SKU:55033,COPPER_WIRE,COPPER_PVC,2024-08-29,2024-08-29,0,0.00,1.0703,1.0703,0,0,FRESH,yes,,,2.5
55033,SKU:55033,COPPER_WIRE,COPPER_PVC,2024-08-29,2024-09-30,32,1.03,1.0703,1.0703,0,0,FRESH,yes,,,2.5
55033,SKU:55033,COPPER_WIRE,COPPER_PVC,2024-09-30,2024-09-30,0,0.00,1.0703,1.0703,0,0,FRESH,yes,,,2.5
55033,SKU:55033,COPPER_WIRE,COPPER_PVC,2024-09-30,2024-10-31,31,1.03,1.0703,1.1259,0.0556,5.1948,FRESH,yes,,,2.5
55033,SKU:55033,COPPER_WIRE,COPPER_PVC,2024-10-31,2024-10-31,0,0.00,1.1259,1.1259,0,0,FRESH,yes,,,2.5
55033,SKU:55033,COPPER_WIRE,COPPER_PVC,2024-10-31,2024-11-28,28,0.90,1.1259,1.1259,0,0,FRESH,yes,,,2.5
55033,SKU:55033,COPPER_WIRE,COPPER_PVC,2024-11-28,2024-12-29,31,1.03,1.1259,1.04,-0.0859,-7.6295,FRESH,yes,,,2.5
55033,SKU:55033,COPPER_WIRE,COPPER_PVC,2024-12-29,2024-12-29,0,0.00,1.04,1.04,0,0,FRESH,yes,,,2.5
55033,SKU:55033,COPPER_WIRE,COPPER_PVC,2024-12-29,2025-03-27,88,2.93,1.04,1.0744,0.0344,3.3077,MODERATE,yes,,,2.5
55034,SKU:55034,COPPER_WIRE,COPPER_PVC,2017-10-03,2017-10-03,0,0.00,0.6944,0.6944,0,0,FRESH,yes,,,2.5
55034,SKU:55034,COPPER_WIRE,COPPER_PVC,2017-10-03,2017-10-03,0,0.00,0.6944,0.7056,0.0112,1.6129,FRESH,yes,,,2.5
55034,SKU:55034,COPPER_WIRE,COPPER_PVC,2017-10-03,2017-10-03,0,0.00,0.7056,0.7056,0,0,FRESH,yes,,,2.5
55034,SKU:55034,COPPER_WIRE,COPPER_PVC,2017-10-03,2017-10-03,0,0.00,0.7056,0.6944,-0.0112,-1.5873,FRESH,yes,,,2.5
55034,SKU:55034,COPPER_WIRE,COPPER_PVC,2017-10-03,2018-08-30,331,10.90,0.6944,0.9072,0.2128,30.6452,STALE,no,,,2.5
55034,SKU:55034,COPPER_WIRE,COPPER_PVC,2018-08-30,2018-11-27,89,2.90,0.9072,0.6993,-0.2079,-22.9167,MODERATE,yes,,,2.5
55034,SKU:55034,COPPER_WIRE,COPPER_PVC,2018-11-27,2018-12-31,34,1.13,0.6993,0.7056,0.0063,0.9009,FRESH,yes,,,2.5
55034,SKU:55034,COPPER_WIRE,COPPER_PVC,2018-12-31,2019-01-27,27,0.87,0.7056,0.7182,0.0126,1.7857,FRESH,yes,,,2.5
55034,SKU:55034,COPPER_WIRE,COPPER_PVC,2019-01-27,2019-01-27,0,0.00,0.7182,0.7182,0,0,FRESH,yes,,,2.5
55034,SKU:55034,COPPER_WIRE,COPPER_PVC,2019-01-27,2019-08-25,210,6.93,0.7182,0.6783,-0.0399,-5.5556,STALE,no,,,2.5
55034,SKU:55034,COPPER_WIRE,COPPER_PVC,2019-08-25,2019-08-25,0,0.00,0.6783,0.6783,0,0,FRESH,yes,,,2.5
55034,SKU:55034,COPPER_WIRE,COPPER_PVC,2019-08-25,2019-09-24,30,0.97,0.6783,0.65,-0.0283,-4.1722,FRESH,yes,,,2.5
55034,SKU:55034,COPPER_WIRE,COPPER_PVC,2019-09-24,2019-09-24,0,0.00,0.65,0.65,0,0,FRESH,yes,,,2.5
55034,SKU:55034,COPPER_WIRE,COPPER_PVC,2019-09-24,2019-09-24,0,0.00,0.65,0.65,0,0,FRESH,yes,,,2.5
55034,SKU:55034,COPPER_WIRE,COPPER_PVC,2019-09-24,2019-09-24,0,0.00,0.65,0.65,0,0,FRESH,yes,,,2.5
55034,SKU:55034,COPPER_WIRE,COPPER_PVC,2019-09-24,2019-09-24,0,0.00,0.65,0.65,0,0,FRESH,yes,,,2.5
55034,SKU:55034,COPPER_WIRE,COPPER_PVC,2019-09-24,2019-09-24,0,0.00,0.65,0.65,0,0,FRESH,yes,,,2.5
55034,SKU:55034,COPPER_WIRE,COPPER_PVC,2019-09-24,2019-09-24,0,0.00,0.65,0.65,0,0,FRESH,yes,,,2.5
55034,SKU:55034,COPPER_WIRE,COPPER_PVC,2019-09-24,2019-10-25,31,1.03,0.65,0.63,-0.02,-3.0769,FRESH,yes,,,2.5
55034,SKU:55034,COPPER_WIRE,COPPER_PVC,2019-10-25,2019-10-25,0,0.00,0.63,0.63,0,0,FRESH,yes,,,2.5
55034,SKU:55034,COPPER_WIRE,COPPER_PVC,2019-10-25,2019-10-25,0,0.00,0.63,0.63,0,0,FRESH,yes,,,2.5
55034,SKU:55034,COPPER_WIRE,COPPER_PVC,2019-10-25,2019-10-25,0,0.00,0.63,0.63,0,0,FRESH,yes,,,2.5
55034,SKU:55034,COPPER_WIRE,COPPER_PVC,2019-10-25,2020-02-27,125,4.07,0.63,0.63,0,0,STALE,no,,,2.5
55034,SKU:55034,COPPER_WIRE,COPPER_PVC,2020-02-27,2020-03-29,31,1.07,0.63,0.61,-0.02,-3.1746,FRESH,yes,,,2.5
55034,SKU:55034,COPPER_WIRE,COPPER_PVC,2020-03-29,2020-03-29,0,0.00,0.61,0.61,0,0,FRESH,yes,,,2.5
55034,SKU:55034,COPPER_WIRE,COPPER_PVC,2020-03-29,2020-03-29,0,0.00,0.61,0.61,0,0,FRESH,yes,,,2.5
55034,SKU:55034,COPPER_WIRE,COPPER_PVC,2020-03-29,2020-04-30,32,1.03,0.61,0.6,-0.01,-1.6393,FRESH,yes,,,2.5
55034,SKU:55034,COPPER_WIRE,COPPER_PVC,2020-04-30,2020-04-30,0,0.00,0.6,0.6,0,0,FRESH,yes,,,2.5
55034,SKU:55034,COPPER_WIRE,COPPER_PVC,2020-04-30,2020-04-30,0,0.00,0.6,0.6,0,0,FRESH,yes,,,2.5
55034,SKU:55034,COPPER_WIRE,COPPER_PVC,2020-04-30,2020-04-30,0,0.00,0.6,0.6,0,0,FRESH,yes,,,2.5
55034,SKU:55034,COPPER_WIRE,COPPER_PVC,2020-04-30,2020-04-30,0,0.00,0.6,0.6,0,0,FRESH,yes,,,2.5
55034,SKU:55034,COPPER_WIRE,COPPER_PVC,2020-04-30,2020-06-28,59,1.93,0.6,0.58,-0.02,-3.3333,MODERATE,yes,,,2.5
55034,SKU:55034,COPPER_WIRE,COPPER_PVC,2020-06-28,2020-07-26,28,0.93,0.58,0.6664,0.0864,14.8966,FRESH,yes,,,2.5
55034,SKU:55034,COPPER_WIRE,COPPER_PVC,2020-07-26,2020-07-26,0,0.00,0.6664,0.6664,0,0,FRESH,yes,,,2.5
55034,SKU:55034,COPPER_WIRE,COPPER_PVC,2020-07-26,2020-07-26,0,0.00,0.6664,0.6664,0,0,FRESH,yes,,,2.5
55034,SKU:55034,COPPER_WIRE,COPPER_PVC,2020-07-26,2020-07-26,0,0.00,0.6664,0.6664,0,0,FRESH,yes,,,2.5
55034,SKU:55034,COPPER_WIRE,COPPER_PVC,2020-07-26,2020-07-26,0,0.00,0.6664,0.6664,0,0,FRESH,yes,,,2.5
55034,SKU:55034,COPPER_WIRE,COPPER_PVC,2020-07-26,2020-07-26,0,0.00,0.6664,0.6545,-0.0119,-1.7857,FRESH,yes,,,2.5
55034,SKU:55034,COPPER_WIRE,COPPER_PVC,2020-07-26,2020-07-30,4,0.13,0.6545,0.6664,0.0119,1.8182,FRESH,yes,,,2.5
55034,SKU:55034,COPPER_WIRE,COPPER_PVC,2020-07-30,2020-09-24,56,1.80,0.6664,0.6783,0.0119,1.7857,MODERATE,yes,,,2.5
55034,SKU:55034,COPPER_WIRE,COPPER_PVC,2020-09-24,2020-09-24,0,0.00,0.6783,0.6783,0,0,FRESH,yes,,,2.5
55034,SKU:55034,COPPER_WIRE,COPPER_PVC,2020-09-24,2020-09-24,0,0.00,0.6783,0.6783,0,0,FRESH,yes,,,2.5
55034,SKU:55034,COPPER_WIRE,COPPER_PVC,2020-09-24,2020-09-24,0,0.00,0.6783,0.6783,0,0,FRESH,yes,,,2.5
55034,SKU:55034,COPPER_WIRE,COPPER_PVC,2020-09-24,2020-09-24,0,0.00,0.6783,0.6783,0,0,FRESH,yes,,,2.5
55034,SKU:55034,COPPER_WIRE,COPPER_PVC,2020-09-24,2020-10-22,28,0.93,0.6783,0.69,0.0117,1.7249,FRESH,yes,,,2.5
55034,SKU:55034,COPPER_WIRE,COPPER_PVC,2020-10-22,2020-10-22,0,0.00,0.69,0.69,0,0,FRESH,yes,,,2.5
55034,SKU:55034,COPPER_WIRE,COPPER_PVC,2020-10-22,2020-11-26,35,1.13,0.69,0.72,0.03,4.3478,FRESH,yes,,,2.5
55034,SKU:55034,COPPER_WIRE,COPPER_PVC,2020-11-26,2020-11-26,0,0.00,0.72,0.72,0,0,FRESH,yes,,,2.5
55034,SKU:55034,COPPER_WIRE,COPPER_PVC,2020-11-26,2020-11-26,0,0.00,0.72,0.72,0,0,FRESH,yes,,,2.5
55034,SKU:55034,COPPER_WIRE,COPPER_PVC,2020-11-26,2020-11-26,0,0.00,0.72,0.74,0.02,2.7778,FRESH,yes,,,2.5
55034,SKU:55034,COPPER_WIRE,COPPER_PVC,2020-11-26,2020-12-30,34,1.13,0.74,0.78,0.04,5.4054,FRESH,yes,,,2.5
55034,SKU:55034,COPPER_WIRE,COPPER_PVC,2020-12-30,2020-12-30,0,0.00,0.78,0.78,0,0,FRESH,yes,,,2.5
55034,SKU:55034,COPPER_WIRE,COPPER_PVC,2020-12-30,2020-12-30,0,0.00,0.78,0.78,0,0,FRESH,yes,,,2.5
55034,SKU:55034,COPPER_WIRE,COPPER_PVC,2020-12-30,2020-12-30,0,0.00,0.78,0.78,0,0,FRESH,yes,,,2.5
55034,SKU:55034,COPPER_WIRE,COPPER_PVC,2020-12-30,2020-12-30,0,0.00,0.78,0.78,0,0,FRESH,yes,,,2.5
55034,SKU:55034,COPPER_WIRE,COPPER_PVC,2020-12-30,2021-04-27,118,3.90,0.78,0.5336,-0.2464,-31.5897,MODERATE,yes,,,2.5
55034,SKU:55034,COPPER_WIRE,COPPER_PVC,2021-04-27,2021-04-27,0,0.00,0.5336,0.5336,0,0,FRESH,yes,,,2.5
55034,SKU:55034,COPPER_WIRE,COPPER_PVC,2021-04-27,2021-05-27,30,1.00,0.5336,0.945,0.4114,77.099,FRESH,yes,,,2.5
55034,SKU:55034,COPPER_WIRE,COPPER_PVC,2021-05-27,2021-05-27,0,0.00,0.945,1.003,0.058,6.1376,FRESH,yes,,,2.5
55034,SKU:55034,COPPER_WIRE,COPPER_PVC,2021-05-27,2021-06-30,34,1.10,1.003,0.952,-0.051,-5.0847,FRESH,yes,,,2.5
55034,SKU:55034,COPPER_WIRE,COPPER_PVC,2021-06-30,2021-06-30,0,0.00,0.952,0.952,0,0,FRESH,yes,,,2.5
55034,SKU:55034,COPPER_WIRE,COPPER_PVC,2021-06-30,2021-06-30,0,0.00,0.952,0.952,0,0,FRESH,yes,,,2.5
55034,SKU:55034,COPPER_WIRE,COPPER_PVC,2021-06-30,2021-06-30,0,0.00,0.952,0.952,0,0,FRESH,yes,,,2.5
55034,SKU:55034,COPPER_WIRE,COPPER_PVC,2021-06-30,2021-06-30,0,0.00,0.952,0.952,0,0,FRESH,yes,,,2.5
55034,SKU:55034,COPPER_WIRE,COPPER_PVC,2021-06-30,2021-07-28,28,0.93,0.952,0.935,-0.017,-1.7857,FRESH,yes,,,2.5
55034,SKU:55034,COPPER_WIRE,COPPER_PVC,2021-07-28,2021-08-26,29,0.93,0.935,0.918,-0.017,-1.8182,FRESH,yes,,,2.5
55034,SKU:55034,COPPER_WIRE,COPPER_PVC,2021-08-26,2021-08-26,0,0.00,0.918,0.918,0,0,FRESH,yes,,,2.5
55034,SKU:55034,COPPER_WIRE,COPPER_PVC,2021-08-26,2021-11-25,91,2.97,0.918,0.986,0.068,7.4074,MODERATE,yes,,,2.5
55034,SKU:55034,COPPER_WIRE,COPPER_PVC,2021-11-25,2021-11-25,0,0.00,0.986,0.986,0,0,FRESH,yes,,,2.5
55034,SKU:55034,COPPER_WIRE,COPPER_PVC,2021-11-25,2022-01-26,62,2.03,0.986,0.9752,-0.0108,-1.0953,MODERATE,yes,,,2.5
55034,SKU:55034,COPPER_WIRE,COPPER_PVC,2022-01-26,2022-01-26,0,0.00,0.9752,0.9752,0,0,FRESH,yes,,,2.5
55034,SKU:55034,COPPER_WIRE,COPPER_PVC,2022-01-26,2022-02-24,29,0.93,0.9752,0.98,0.0048,0.4922,FRESH,yes,,,2.5
55034,SKU:55034,COPPER_WIRE,COPPER_PVC,2022-02-24,2022-02-24,0,0.00,0.98,0.98,0,0,FRESH,yes,,,2.5
55034,SKU:55034,COPPER_WIRE,COPPER_PVC,2022-02-24,2022-02-24,0,0.00,0.98,0.98,0,0,FRESH,yes,,,2.5
55034,SKU:55034,COPPER_WIRE,COPPER_PVC,2022-02-24,2022-04-27,62,2.10,0.98,1.07,0.09,9.1837,MODERATE,yes,,,2.5
55034,SKU:55034,COPPER_WIRE,COPPER_PVC,2022-04-27,2022-04-27,0,0.00,1.07,1.07,0,0,FRESH,yes,,,2.5
55034,SKU:55034,COPPER_WIRE,COPPER_PVC,2022-04-27,2022-04-27,0,0.00,1.07,1.07,0,0,FRESH,yes,,,2.5
55034,SKU:55034,COPPER_WIRE,COPPER_PVC,2022-04-27,2022-04-27,0,0.00,1.07,1.07,0,0,FRESH,yes,,,2.5
55034,SKU:55034,COPPER_WIRE,COPPER_PVC,2022-04-27,2022-04-27,0,0.00,1.07,1.07,0,0,FRESH,yes,,,2.5
55034,SKU:55034,COPPER_WIRE,COPPER_PVC,2022-04-27,2022-05-29,32,1.07,1.07,1.08,0.01,0.9346,FRESH,yes,,,2.5
55034,SKU:55034,COPPER_WIRE,COPPER_PVC,2022-05-29,2022-05-29,0,0.00,1.08,1.08,0,0,FRESH,yes,,,2.5
55034,SKU:55034,COPPER_WIRE,COPPER_PVC,2022-05-29,2022-06-27,29,0.93,1.08,0.99,-0.09,-8.3333,FRESH,yes,,,2.5
55034,SKU:55034,COPPER_WIRE,COPPER_PVC,2022-06-27,2022-06-27,0,0.00,0.99,0.99,0,0,FRESH,yes,,,2.5
55034,SKU:55034,COPPER_WIRE,COPPER_PVC,2022-06-27,2022-06-27,0,0.00,0.99,0.99,0,0,FRESH,yes,,,2.5
55034,SKU:55034,COPPER_WIRE,COPPER_PVC,2022-06-27,2022-06-27,0,0.00,0.99,0.99,0,0,FRESH,yes,,,2.5
55034,SKU:55034,COPPER_WIRE,COPPER_PVC,2022-06-27,2022-08-25,59,1.93,0.99,0.96,-0.03,-3.0303,MODERATE,yes,,,2.5
55034,SKU:55034,COPPER_WIRE,COPPER_PVC,2022-08-25,2022-08-25,0,0.00,0.96,0.96,0,0,FRESH,yes,,,2.5
55034,SKU:55034,COPPER_WIRE,COPPER_PVC,2022-08-25,2022-09-28,34,1.10,0.96,0.9118,-0.0482,-5.0208,FRESH,yes,,,2.5
55034,SKU:55034,COPPER_WIRE,COPPER_PVC,2022-09-28,2022-09-28,0,0.00,0.9118,0.9118,0,0,FRESH,yes,,,2.5
55034,SKU:55034,COPPER_WIRE,COPPER_PVC,2022-09-28,2022-09-28,0,0.00,0.9118,0.9118,0,0,FRESH,yes,,,2.5
55034,SKU:55034,COPPER_WIRE,COPPER_PVC,2022-09-28,2022-09-28,0,0.00,0.9118,0.9118,0,0,FRESH,yes,,,2.5
55034,SKU:55034,COPPER_WIRE,COPPER_PVC,2022-09-28,2022-09-28,0,0.00,0.9118,0.9118,0,0,FRESH,yes,,,2.5
55034,SKU:55034,COPPER_WIRE,COPPER_PVC,2022-09-28,2022-09-28,0,0.00,0.9118,0.9118,0,0,FRESH,yes,,,2.5
55034,SKU:55034,COPPER_WIRE,COPPER_PVC,2022-09-28,2022-09-28,0,0.00,0.9118,0.9118,0,0,FRESH,yes,,,2.5
55034,SKU:55034,COPPER_WIRE,COPPER_PVC,2022-09-28,2022-10-27,29,0.97,0.9118,0.9118,0,0,FRESH,yes,,,2.5
55034,SKU:55034,COPPER_WIRE,COPPER_PVC,2022-10-27,2022-10-27,0,0.00,0.9118,0.9118,0,0,FRESH,yes,,,2.5
55034,SKU:55034,COPPER_WIRE,COPPER_PVC,2022-10-27,2022-11-27,31,1.00,0.9118,0.9118,0,0,FRESH,yes,,,2.5
55034,SKU:55034,COPPER_WIRE,COPPER_PVC,2022-11-27,2022-11-27,0,0.00,0.9118,0.9118,0,0,FRESH,yes,,,2.5
55034,SKU:55034,COPPER_WIRE,COPPER_PVC,2022-11-27,2022-12-29,32,1.07,0.9118,0.9118,0,0,FRESH,yes,,,2.5
55034,SKU:55034,COPPER_WIRE,COPPER_PVC,2022-12-29,2022-12-29,0,0.00,0.9118,0.9118,0,0,FRESH,yes,,,2.5
55034,SKU:55034,COPPER_WIRE,COPPER_PVC,2022-12-29,2022-12-29,0,0.00,0.9118,0.9118,0,0,FRESH,yes,,,2.5
55034,SKU:55034,COPPER_WIRE,COPPER_PVC,2022-12-29,2022-12-29,0,0.00,0.9118,0.9118,0,0,FRESH,yes,,,2.5
55034,SKU:55034,COPPER_WIRE,COPPER_PVC,2022-12-29,2022-12-29,0,0.00,0.9118,0.9118,0,0,FRESH,yes,,,2.5
55034,SKU:55034,COPPER_WIRE,COPPER_PVC,2022-12-29,2022-12-29,0,0.00,0.9118,0.9118,0,0,FRESH,yes,,,2.5
55034,SKU:55034,COPPER_WIRE,COPPER_PVC,2022-12-29,2023-02-28,61,1.97,0.9118,0.9555,0.0437,4.7927,MODERATE,yes,,,2.5
55034,SKU:55034,COPPER_WIRE,COPPER_PVC,2023-02-28,2023-02-28,0,0.00,0.9555,0.9555,0,0,FRESH,yes,,,2.5
55034,SKU:55034,COPPER_WIRE,COPPER_PVC,2023-02-28,2023-02-28,0,0.00,0.9555,0.9555,0,0,FRESH,yes,,,2.5
55034,SKU:55034,COPPER_WIRE,COPPER_PVC,2023-02-28,2023-02-28,0,0.00,0.9555,0.9555,0,0,FRESH,yes,,,2.5
55034,SKU:55034,COPPER_WIRE,COPPER_PVC,2023-02-28,2023-02-28,0,0.00,0.9555,0.9555,0,0,FRESH,yes,,,2.5
55034,SKU:55034,COPPER_WIRE,COPPER_PVC,2023-02-28,2023-02-28,0,0.00,0.9555,0.9555,0,0,FRESH,yes,,,2.5
55034,SKU:55034,COPPER_WIRE,COPPER_PVC,2023-02-28,2023-02-28,0,0.00,0.9555,0.9555,0,0,FRESH,yes,,,2.5
55034,SKU:55034,COPPER_WIRE,COPPER_PVC,2023-02-28,2023-03-29,29,1.03,0.9555,0.9945,0.039,4.0816,FRESH,yes,,,2.5
55034,SKU:55034,COPPER_WIRE,COPPER_PVC,2023-03-29,2023-03-29,0,0.00,0.9945,0.9945,0,0,FRESH,yes,,,2.5
55034,SKU:55034,COPPER_WIRE,COPPER_PVC,2023-03-29,2023-03-29,0,0.00,0.9945,0.9945,0,0,FRESH,yes,,,2.5
55034,SKU:55034,COPPER_WIRE,COPPER_PVC,2023-03-29,2023-04-27,29,0.93,0.9945,0.9945,0,0,FRESH,yes,,,2.5
55034,SKU:55034,COPPER_WIRE,COPPER_PVC,2023-04-27,2023-04-27,0,0.00,0.9945,0.9945,0,0,FRESH,yes,,,2.5
55034,SKU:55034,COPPER_WIRE,COPPER_PVC,2023-04-27,2023-05-28,31,1.03,0.9945,0.9945,0,0,FRESH,yes,,,2.5
55034,SKU:55034,COPPER_WIRE,COPPER_PVC,2023-05-28,2023-05-28,0,0.00,0.9945,0.9945,0,0,FRESH,yes,,,2.5
55034,SKU:55034,COPPER_WIRE,COPPER_PVC,2023-05-28,2023-05-28,0,0.00,0.9945,0.9945,0,0,FRESH,yes,,,2.5
55034,SKU:55034,COPPER_WIRE,COPPER_PVC,2023-05-28,2023-05-28,0,0.00,0.9945,0.9945,0,0,FRESH,yes,,,2.5
55034,SKU:55034,COPPER_WIRE,COPPER_PVC,2023-05-28,2023-06-29,32,1.03,0.9945,0.95,-0.0445,-4.4746,FRESH,yes,,,2.5
55034,SKU:55034,COPPER_WIRE,COPPER_PVC,2023-06-29,2023-06-29,0,0.00,0.95,0.95,0,0,FRESH,yes,,,2.5
55034,SKU:55034,COPPER_WIRE,COPPER_PVC,2023-06-29,2023-06-29,0,0.00,0.95,0.95,0,0,FRESH,yes,,,2.5
55034,SKU:55034,COPPER_WIRE,COPPER_PVC,2023-06-29,2023-06-29,0,0.00,0.95,0.95,0,0,FRESH,yes,,,2.5
55034,SKU:55034,COPPER_WIRE,COPPER_PVC,2023-06-29,2023-06-29,0,0.00,0.95,0.95,0,0,FRESH,yes,,,2.5
55034,SKU:55034,COPPER_WIRE,COPPER_PVC,2023-06-29,2023-06-29,0,0.00,0.95,0.95,0,0,FRESH,yes,,,2.5
55034,SKU:55034,COPPER_WIRE,COPPER_PVC,2023-06-29,2023-06-29,0,0.00,0.95,0.95,0,0,FRESH,yes,,,2.5
55034,SKU:55034,COPPER_WIRE,COPPER_PVC,2023-06-29,2023-06-29,0,0.00,0.95,0.95,0,0,FRESH,yes,,,2.5
55034,SKU:55034,COPPER_WIRE,COPPER_PVC,2023-06-29,2023-06-29,0,0.00,0.95,0.95,0,0,FRESH,yes,,,2.5
55034,SKU:55034,COPPER_WIRE,COPPER_PVC,2023-06-29,2023-06-29,0,0.00,0.95,0.95,0,0,FRESH,yes,,,2.5
55034,SKU:55034,COPPER_WIRE,COPPER_PVC,2023-06-29,2023-06-29,0,0.00,0.95,0.95,0,0,FRESH,yes,,,2.5
55034,SKU:55034,COPPER_WIRE,COPPER_PVC,2023-06-29,2023-06-29,0,0.00,0.95,0.95,0,0,FRESH,yes,,,2.5
55034,SKU:55034,COPPER_WIRE,COPPER_PVC,2023-06-29,2023-07-27,28,0.93,0.95,0.9555,0.0055,0.5789,FRESH,yes,,,2.5
55034,SKU:55034,COPPER_WIRE,COPPER_PVC,2023-07-27,2023-07-27,0,0.00,0.9555,0.9555,0,0,FRESH,yes,,,2.5
55034,SKU:55034,COPPER_WIRE,COPPER_PVC,2023-07-27,2023-07-27,0,0.00,0.9555,0.9555,0,0,FRESH,yes,,,2.5
55034,SKU:55034,COPPER_WIRE,COPPER_PVC,2023-07-27,2023-08-29,33,1.07,0.9555,0.99,0.0345,3.6107,FRESH,yes,,,2.5
55034,SKU:55034,COPPER_WIRE,COPPER_PVC,2023-08-29,2023-08-29,0,0.00,0.99,0.99,0,0,FRESH,yes,,,2.5
55034,SKU:55034,COPPER_WIRE,COPPER_PVC,2023-08-29,2023-08-29,0,0.00,0.99,0.99,0,0,FRESH,yes,,,2.5
55034,SKU:55034,COPPER_WIRE,COPPER_PVC,2023-08-29,2023-09-28,30,0.97,0.99,0.9805,-0.0095,-0.9596,FRESH,yes,,,2.5
55034,SKU:55034,COPPER_WIRE,COPPER_PVC,2023-09-28,2023-09-28,0,0.00,0.9805,0.9435,-0.037,-3.7736,FRESH,yes,,,2.5
55034,SKU:55034,COPPER_WIRE,COPPER_PVC,2023-09-28,2023-09-28,0,0.00,0.9435,0.9435,0,0,FRESH,yes,,,2.5
55034,SKU:55034,COPPER_WIRE,COPPER_PVC,2023-09-28,2023-09-28,0,0.00,0.9435,0.9435,0,0,FRESH,yes,,,2.5
55034,SKU:55034,COPPER_WIRE,COPPER_PVC,2023-09-28,2023-11-28,61,2.00,0.9435,0.9805,0.037,3.9216,MODERATE,yes,,,2.5
55034,SKU:55034,COPPER_WIRE,COPPER_PVC,2023-11-28,2023-12-31,33,1.10,0.9805,0.925,-0.0555,-5.6604,FRESH,yes,,,2.5
55034,SKU:55034,COPPER_WIRE,COPPER_PVC,2023-12-31,2023-12-31,0,0.00,0.925,0.925,0,0,FRESH,yes,,,2.5
55034,SKU:55034,COPPER_WIRE,COPPER_PVC,2023-12-31,2023-12-31,0,0.00,0.925,0.925,0,0,FRESH,yes,,,2.5
55034,SKU:55034,COPPER_WIRE,COPPER_PVC,2023-12-31,2023-12-31,0,0.00,0.925,0.925,0,0,FRESH,yes,,,2.5
55034,SKU:55034,COPPER_WIRE,COPPER_PVC,2023-12-31,2024-01-28,28,0.90,0.925,0.98,0.055,5.9459,FRESH,yes,,,2.5
55034,SKU:55034,COPPER_WIRE,COPPER_PVC,2024-01-28,2024-01-28,0,0.00,0.98,0.98,0,0,FRESH,yes,,,2.5
55034,SKU:55034,COPPER_WIRE,COPPER_PVC,2024-01-28,2024-01-28,0,0.00,0.98,0.98,0,0,FRESH,yes,,,2.5
55034,SKU:55034,COPPER_WIRE,COPPER_PVC,2024-01-28,2024-03-31,63,2.10,0.98,0.94,-0.04,-4.0816,MODERATE,yes,,,2.5
55034,SKU:55034,COPPER_WIRE,COPPER_PVC,2024-03-31,2024-04-30,30,0.97,0.94,1.0241,0.0841,8.9468,FRESH,yes,,,2.5
55034,SKU:55034,COPPER_WIRE,COPPER_PVC,2024-04-30,2024-05-29,29,0.97,1.0241,1.0981,0.074,7.2259,FRESH,yes,,,2.5
55034,SKU:55034,COPPER_WIRE,COPPER_PVC,2024-05-29,2024-05-29,0,0.00,1.0981,1.0981,0,0,FRESH,yes,,,2.5
55034,SKU:55034,COPPER_WIRE,COPPER_PVC,2024-05-29,2024-06-27,29,0.93,1.0981,1.0981,0,0,FRESH,yes,,,2.5
55034,SKU:55034,COPPER_WIRE,COPPER_PVC,2024-06-27,2024-06-27,0,0.00,1.0981,1.0981,0,0,FRESH,yes,,,2.5
55034,SKU:55034,COPPER_WIRE,COPPER_PVC,2024-06-27,2024-08-29,63,2.07,1.0981,1.0703,-0.0278,-2.5316,MODERATE,yes,,,2.5
55034,SKU:55034,COPPER_WIRE,COPPER_PVC,2024-08-29,2024-08-29,0,0.00,1.0703,1.0703,0,0,FRESH,yes,,,2.5
55034,SKU:55034,COPPER_WIRE,COPPER_PVC,2024-08-29,2024-09-30,32,1.03,1.0703,1.0703,0,0,FRESH,yes,,,2.5
55034,SKU:55034,COPPER_WIRE,COPPER_PVC,2024-09-30,2024-09-30,0,0.00,1.0703,1.0703,0,0,FRESH,yes,,,2.5
55034,SKU:55034,COPPER_WIRE,COPPER_PVC,2024-09-30,2024-10-31,31,1.03,1.0703,1.1259,0.0556,5.1948,FRESH,yes,,,2.5
55034,SKU:55034,COPPER_WIRE,COPPER_PVC,2024-10-31,2024-10-31,0,0.00,1.1259,1.1259,0,0,FRESH,yes,,,2.5
55034,SKU:55034,COPPER_WIRE,COPPER_PVC,2024-10-31,2024-11-28,28,0.90,1.1259,1.1259,0,0,FRESH,yes,,,2.5
55034,SKU:55034,COPPER_WIRE,COPPER_PVC,2024-11-28,2024-11-28,0,0.00,1.1259,1.1259,0,0,FRESH,yes,,,2.5
55034,SKU:55034,COPPER_WIRE,COPPER_PVC,2024-11-28,2024-12-29,31,1.03,1.1259,1.04,-0.0859,-7.6295,FRESH,yes,,,2.5
55034,SKU:55034,COPPER_WIRE,COPPER_PVC,2024-12-29,2024-12-29,0,0.00,1.04,1.04,0,0,FRESH,yes,,,2.5
55034,SKU:55034,COPPER_WIRE,COPPER_PVC,2024-12-29,2025-03-27,88,2.93,1.04,1.0744,0.0344,3.3077,MODERATE,yes,,,2.5
5951060,SKU:5951060,N2XY_COPPER_CABLE,COPPER,2020-01-28,2020-03-29,61,2.03,2.5685,2.4284,-0.1401,-5.4545,MODERATE,yes,N2XY,3,2.5
5951060,SKU:5951060,N2XY_COPPER_CABLE,COPPER,2020-03-29,2020-11-26,242,7.90,2.4284,2.9421,0.5137,21.1538,STALE,no,N2XY,3,2.5
5951060,SKU:5951060,N2XY_COPPER_CABLE,COPPER,2020-11-26,2022-01-26,426,14.00,2.9421,3.9105,0.9684,32.9153,STALE,no,N2XY,3,2.5
5951060,SKU:5951060,N2XY_COPPER_CABLE,COPPER,2022-01-26,2022-01-26,0,0.00,3.9105,3.9105,0,0,FRESH,yes,N2XY,3,2.5
5951060,SKU:5951060,N2XY_COPPER_CABLE,COPPER,2022-01-26,2022-04-27,91,3.03,3.9105,3.9105,0,0,MODERATE,yes,N2XY,3,2.5
5951060,SKU:5951060,N2XY_COPPER_CABLE,COPPER,2022-04-27,2022-06-27,61,2.00,3.9105,4.3505,0.44,11.2518,MODERATE,yes,N2XY,3,2.5
5951060,SKU:5951060,N2XY_COPPER_CABLE,COPPER,2022-06-27,2022-11-27,153,5.00,4.3505,3.6096,-0.7409,-17.0302,STALE,no,N2XY,3,2.5
5951060,SKU:5951060,N2XY_COPPER_CABLE,COPPER,2022-11-27,2023-02-28,93,3.03,3.6096,3.7975,0.1879,5.2056,MODERATE,yes,N2XY,3,2.5
5951060,SKU:5951060,N2XY_COPPER_CABLE,COPPER,2023-02-28,2024-03-31,397,13.10,3.7975,3.7296,-0.0679,-1.788,STALE,no,N2XY,3,2.5
5951060,SKU:5951060,N2XY_COPPER_CABLE,COPPER,2024-03-31,2025-02-26,332,10.83,3.7296,3.8456,0.116,3.1103,STALE,no,N2XY,3,2.5
5951021,SKU:5951021,N2XY_COPPER_CABLE,COPPER,2017-10-03,2017-10-03,0,0.00,1.8207,1.7918,-0.0289,-1.5873,FRESH,yes,N2XY,3,1.5
5951021,SKU:5951021,N2XY_COPPER_CABLE,COPPER,2017-10-03,2017-10-03,0,0.00,1.7918,1.7918,0,0,FRESH,yes,N2XY,3,1.5
5951021,SKU:5951021,N2XY_COPPER_CABLE,COPPER,2017-10-03,2018-11-27,420,13.80,1.7918,1.8354,0.0436,2.4333,STALE,no,N2XY,3,1.5
5951021,SKU:5951021,N2XY_COPPER_CABLE,COPPER,2018-11-27,2018-11-27,0,0.00,1.8354,1.8354,0,0,FRESH,yes,N2XY,3,1.5
5951021,SKU:5951021,N2XY_COPPER_CABLE,COPPER,2018-11-27,2018-11-27,0,0.00,1.8354,1.8354,0,0,FRESH,yes,N2XY,3,1.5
5951021,SKU:5951021,N2XY_COPPER_CABLE,COPPER,2018-11-27,2019-01-27,61,2.00,1.8354,1.848,0.0126,0.6865,MODERATE,yes,N2XY,3,1.5
5951021,SKU:5951021,N2XY_COPPER_CABLE,COPPER,2019-01-27,2019-01-27,0,0.00,1.848,1.848,0,0,FRESH,yes,N2XY,3,1.5
5951021,SKU:5951021,N2XY_COPPER_CABLE,COPPER,2019-01-27,2019-01-27,0,0.00,1.848,1.848,0,0,FRESH,yes,N2XY,3,1.5
5951021,SKU:5951021,N2XY_COPPER_CABLE,COPPER,2019-01-27,2019-01-27,0,0.00,1.848,1.848,0,0,FRESH,yes,N2XY,3,1.5
5951021,SKU:5951021,N2XY_COPPER_CABLE,COPPER,2019-01-27,2019-01-27,0,0.00,1.848,1.848,0,0,FRESH,yes,N2XY,3,1.5
5951021,SKU:5951021,N2XY_COPPER_CABLE,COPPER,2019-01-27,2019-01-27,0,0.00,1.848,1.848,0,0,FRESH,yes,N2XY,3,1.5
5951021,SKU:5951021,N2XY_COPPER_CABLE,COPPER,2019-01-27,2019-01-27,0,0.00,1.848,1.848,0,0,FRESH,yes,N2XY,3,1.5
5951021,SKU:5951021,N2XY_COPPER_CABLE,COPPER,2019-01-27,2019-06-27,151,5.00,1.848,1.8816,0.0336,1.8182,STALE,no,N2XY,3,1.5
5951021,SKU:5951021,N2XY_COPPER_CABLE,COPPER,2019-06-27,2019-07-28,31,1.03,1.8816,1.8144,-0.0672,-3.5714,FRESH,yes,N2XY,3,1.5
5951021,SKU:5951021,N2XY_COPPER_CABLE,COPPER,2019-07-28,2019-09-24,58,1.87,1.8144,1.68,-0.1344,-7.4074,MODERATE,yes,N2XY,3,1.5
5951021,SKU:5951021,N2XY_COPPER_CABLE,COPPER,2019-09-24,2019-09-24,0,0.00,1.68,1.68,0,0,FRESH,yes,N2XY,3,1.5
5951021,SKU:5951021,N2XY_COPPER_CABLE,COPPER,2019-09-24,2019-09-24,0,0.00,1.68,1.68,0,0,FRESH,yes,N2XY,3,1.5
5951021,SKU:5951021,N2XY_COPPER_CABLE,COPPER,2019-09-24,2019-10-25,31,1.03,1.68,1.68,0,0,FRESH,yes,N2XY,3,1.5
5951021,SKU:5951021,N2XY_COPPER_CABLE,COPPER,2019-10-25,2019-10-25,0,0.00,1.68,1.68,0,0,FRESH,yes,N2XY,3,1.5
5951021,SKU:5951021,N2XY_COPPER_CABLE,COPPER,2019-10-25,2019-10-25,0,0.00,1.68,1.68,0,0,FRESH,yes,N2XY,3,1.5
5951021,SKU:5951021,N2XY_COPPER_CABLE,COPPER,2019-10-25,2020-01-28,95,3.10,1.68,1.65,-0.03,-1.7857,MODERATE,yes,N2XY,3,1.5
5951021,SKU:5951021,N2XY_COPPER_CABLE,COPPER,2020-01-28,2020-01-28,0,0.00,1.65,1.65,0,0,FRESH,yes,N2XY,3,1.5
5951021,SKU:5951021,N2XY_COPPER_CABLE,COPPER,2020-01-28,2020-02-27,30,0.97,1.65,1.65,0,0,FRESH,yes,N2XY,3,1.5
5951021,SKU:5951021,N2XY_COPPER_CABLE,COPPER,2020-02-27,2020-04-30,63,2.10,1.65,1.62,-0.03,-1.8182,MODERATE,yes,N2XY,3,1.5
5951021,SKU:5951021,N2XY_COPPER_CABLE,COPPER,2020-04-30,2020-04-30,0,0.00,1.62,1.62,0,0,FRESH,yes,N2XY,3,1.5
5951021,SKU:5951021,N2XY_COPPER_CABLE,COPPER,2020-04-30,2020-06-28,59,1.93,1.62,1.56,-0.06,-3.7037,MODERATE,yes,N2XY,3,1.5
5951021,SKU:5951021,N2XY_COPPER_CABLE,COPPER,2020-06-28,2020-06-28,0,0.00,1.56,1.56,0,0,FRESH,yes,N2XY,3,1.5
5951021,SKU:5951021,N2XY_COPPER_CABLE,COPPER,2020-06-28,2020-06-28,0,0.00,1.56,1.56,0,0,FRESH,yes,N2XY,3,1.5
5951021,SKU:5951021,N2XY_COPPER_CABLE,COPPER,2020-06-28,2020-07-26,28,0.93,1.56,1.68,0.12,7.6923,FRESH,yes,N2XY,3,1.5
5951021,SKU:5951021,N2XY_COPPER_CABLE,COPPER,2020-07-26,2020-07-26,0,0.00,1.68,1.68,0,0,FRESH,yes,N2XY,3,1.5
5951021,SKU:5951021,N2XY_COPPER_CABLE,COPPER,2020-07-26,2020-09-24,60,1.93,1.68,1.71,0.03,1.7857,MODERATE,yes,N2XY,3,1.5
5951021,SKU:5951021,N2XY_COPPER_CABLE,COPPER,2020-09-24,2020-09-24,0,0.00,1.71,1.71,0,0,FRESH,yes,N2XY,3,1.5
5951021,SKU:5951021,N2XY_COPPER_CABLE,COPPER,2020-09-24,2020-10-22,28,0.93,1.71,1.83,0.12,7.0175,FRESH,yes,N2XY,3,1.5
5951021,SKU:5951021,N2XY_COPPER_CABLE,COPPER,2020-10-22,2020-10-22,0,0.00,1.83,1.83,0,0,FRESH,yes,N2XY,3,1.5
5951021,SKU:5951021,N2XY_COPPER_CABLE,COPPER,2020-10-22,2020-10-22,0,0.00,1.83,1.83,0,0,FRESH,yes,N2XY,3,1.5
5951021,SKU:5951021,N2XY_COPPER_CABLE,COPPER,2020-10-22,2020-10-22,0,0.00,1.83,1.83,0,0,FRESH,yes,N2XY,3,1.5
5951021,SKU:5951021,N2XY_COPPER_CABLE,COPPER,2020-10-22,2020-10-22,0,0.00,1.83,1.83,0,0,FRESH,yes,N2XY,3,1.5
5951021,SKU:5951021,N2XY_COPPER_CABLE,COPPER,2020-10-22,2020-10-22,0,0.00,1.83,1.83,0,0,FRESH,yes,N2XY,3,1.5
5951021,SKU:5951021,N2XY_COPPER_CABLE,COPPER,2020-10-22,2020-10-22,0,0.00,1.83,1.83,0,0,FRESH,yes,N2XY,3,1.5
5951021,SKU:5951021,N2XY_COPPER_CABLE,COPPER,2020-10-22,2020-10-22,0,0.00,1.83,1.83,0,0,FRESH,yes,N2XY,3,1.5
5951021,SKU:5951021,N2XY_COPPER_CABLE,COPPER,2020-10-22,2020-11-26,35,1.13,1.83,1.89,0.06,3.2787,FRESH,yes,N2XY,3,1.5
5951021,SKU:5951021,N2XY_COPPER_CABLE,COPPER,2020-11-26,2020-11-26,0,0.00,1.89,1.92,0.03,1.5873,FRESH,yes,N2XY,3,1.5
5951021,SKU:5951021,N2XY_COPPER_CABLE,COPPER,2020-11-26,2020-11-26,0,0.00,1.92,1.86,-0.06,-3.125,FRESH,yes,N2XY,3,1.5
5951021,SKU:5951021,N2XY_COPPER_CABLE,COPPER,2020-11-26,2020-12-30,34,1.13,1.86,2.01,0.15,8.0645,FRESH,yes,N2XY,3,1.5
5951021,SKU:5951021,N2XY_COPPER_CABLE,COPPER,2020-12-30,2020-12-30,0,0.00,2.01,2.01,0,0,FRESH,yes,N2XY,3,1.5
5951021,SKU:5951021,N2XY_COPPER_CABLE,COPPER,2020-12-30,2020-12-30,0,0.00,2.01,2.01,0,0,FRESH,yes,N2XY,3,1.5
5951021,SKU:5951021,N2XY_COPPER_CABLE,COPPER,2020-12-30,2021-04-27,118,3.90,2.01,2.166,0.156,7.7612,MODERATE,yes,N2XY,3,1.5
5951021,SKU:5951021,N2XY_COPPER_CABLE,COPPER,2021-04-27,2021-04-27,0,0.00,2.166,2.166,0,0,FRESH,yes,N2XY,3,1.5
5951021,SKU:5951021,N2XY_COPPER_CABLE,COPPER,2021-04-27,2021-04-27,0,0.00,2.166,2.166,0,0,FRESH,yes,N2XY,3,1.5
5951021,SKU:5951021,N2XY_COPPER_CABLE,COPPER,2021-04-27,2021-05-27,30,1.00,2.166,2.2743,0.1083,5,FRESH,yes,N2XY,3,1.5
5951021,SKU:5951021,N2XY_COPPER_CABLE,COPPER,2021-05-27,2021-05-27,0,0.00,2.2743,2.5606,0.2863,12.5885,FRESH,yes,N2XY,3,1.5
5951021,SKU:5951021,N2XY_COPPER_CABLE,COPPER,2021-05-27,2021-05-27,0,0.00,2.5606,2.2743,-0.2863,-11.181,FRESH,yes,N2XY,3,1.5
5951021,SKU:5951021,N2XY_COPPER_CABLE,COPPER,2021-05-27,2021-06-30,34,1.10,2.2743,2.4304,0.1561,6.8637,FRESH,yes,N2XY,3,1.5
5951021,SKU:5951021,N2XY_COPPER_CABLE,COPPER,2021-06-30,2021-06-30,0,0.00,2.4304,2.4304,0,0,FRESH,yes,N2XY,3,1.5
5951021,SKU:5951021,N2XY_COPPER_CABLE,COPPER,2021-06-30,2021-06-30,0,0.00,2.4304,2.4304,0,0,FRESH,yes,N2XY,3,1.5
5951021,SKU:5951021,N2XY_COPPER_CABLE,COPPER,2021-06-30,2021-06-30,0,0.00,2.4304,2.4304,0,0,FRESH,yes,N2XY,3,1.5
5951021,SKU:5951021,N2XY_COPPER_CABLE,COPPER,2021-06-30,2021-06-30,0,0.00,2.4304,2.4304,0,0,FRESH,yes,N2XY,3,1.5
5951021,SKU:5951021,N2XY_COPPER_CABLE,COPPER,2021-06-30,2021-07-28,28,0.93,2.4304,2.387,-0.0434,-1.7857,FRESH,yes,N2XY,3,1.5
5951021,SKU:5951021,N2XY_COPPER_CABLE,COPPER,2021-07-28,2021-07-28,0,0.00,2.387,2.387,0,0,FRESH,yes,N2XY,3,1.5
5951021,SKU:5951021,N2XY_COPPER_CABLE,COPPER,2021-07-28,2021-07-28,0,0.00,2.387,2.387,0,0,FRESH,yes,N2XY,3,1.5
5951021,SKU:5951021,N2XY_COPPER_CABLE,COPPER,2021-07-28,2021-07-28,0,0.00,2.387,2.387,0,0,FRESH,yes,N2XY,3,1.5
5951021,SKU:5951021,N2XY_COPPER_CABLE,COPPER,2021-07-28,2021-08-26,29,0.93,2.387,2.3436,-0.0434,-1.8182,FRESH,yes,N2XY,3,1.5
5951021,SKU:5951021,N2XY_COPPER_CABLE,COPPER,2021-08-26,2021-08-26,0,0.00,2.3436,2.3436,0,0,FRESH,yes,N2XY,3,1.5
5951021,SKU:5951021,N2XY_COPPER_CABLE,COPPER,2021-08-26,2021-10-27,62,2.03,2.3436,2.387,0.0434,1.8519,MODERATE,yes,N2XY,3,1.5
5951021,SKU:5951021,N2XY_COPPER_CABLE,COPPER,2021-10-27,2021-10-27,0,0.00,2.387,2.387,0,0,FRESH,yes,N2XY,3,1.5
5951021,SKU:5951021,N2XY_COPPER_CABLE,COPPER,2021-10-27,2021-11-25,29,0.93,2.387,2.5172,0.1302,5.4545,FRESH,yes,N2XY,3,1.5
5951021,SKU:5951021,N2XY_COPPER_CABLE,COPPER,2021-11-25,2021-11-25,0,0.00,2.5172,2.5172,0,0,FRESH,yes,N2XY,3,1.5
5951021,SKU:5951021,N2XY_COPPER_CABLE,COPPER,2021-11-25,2022-01-26,62,2.03,2.5172,2.5575,0.0403,1.601,MODERATE,yes,N2XY,3,1.5
5951021,SKU:5951021,N2XY_COPPER_CABLE,COPPER,2022-01-26,2022-01-26,0,0.00,2.5575,2.5575,0,0,FRESH,yes,N2XY,3,1.5
5951021,SKU:5951021,N2XY_COPPER_CABLE,COPPER,2022-01-26,2022-02-24,29,0.93,2.5575,2.604,0.0465,1.8182,FRESH,yes,N2XY,3,1.5
5951021,SKU:5951021,N2XY_COPPER_CABLE,COPPER,2022-02-24,2022-02-24,0,0.00,2.604,2.604,0,0,FRESH,yes,N2XY,3,1.5
5951021,SKU:5951021,N2XY_COPPER_CABLE,COPPER,2022-02-24,2022-04-27,62,2.10,2.604,2.5575,-0.0465,-1.7857,MODERATE,yes,N2XY,3,1.5
5951021,SKU:5951021,N2XY_COPPER_CABLE,COPPER,2022-04-27,2022-04-27,0,0.00,2.5575,2.5575,0,0,FRESH,yes,N2XY,3,1.5
5951021,SKU:5951021,N2XY_COPPER_CABLE,COPPER,2022-04-27,2022-04-27,0,0.00,2.5575,2.5575,0,0,FRESH,yes,N2XY,3,1.5
5951021,SKU:5951021,N2XY_COPPER_CABLE,COPPER,2022-04-27,2022-04-27,0,0.00,2.5575,2.86,0.3025,11.828,FRESH,yes,N2XY,3,1.5
5951021,SKU:5951021,N2XY_COPPER_CABLE,COPPER,2022-04-27,2022-06-27,61,2.00,2.86,2.86,0,0,MODERATE,yes,N2XY,3,1.5
5951021,SKU:5951021,N2XY_COPPER_CABLE,COPPER,2022-06-27,2022-06-27,0,0.00,2.86,2.86,0,0,FRESH,yes,N2XY,3,1.5
5951021,SKU:5951021,N2XY_COPPER_CABLE,COPPER,2022-06-27,2022-06-27,0,0.00,2.86,2.86,0,0,FRESH,yes,N2XY,3,1.5
5951021,SKU:5951021,N2XY_COPPER_CABLE,COPPER,2022-06-27,2022-07-26,29,0.97,2.86,2.626,-0.234,-8.1818,FRESH,yes,N2XY,3,1.5
5951021,SKU:5951021,N2XY_COPPER_CABLE,COPPER,2022-07-26,2022-08-25,30,0.97,2.626,2.5755,-0.0505,-1.9231,FRESH,yes,N2XY,3,1.5
5951021,SKU:5951021,N2XY_COPPER_CABLE,COPPER,2022-08-25,2022-08-25,0,0.00,2.5755,2.5755,0,0,FRESH,yes,N2XY,3,1.5
5951021,SKU:5951021,N2XY_COPPER_CABLE,COPPER,2022-08-25,2022-08-25,0,0.00,2.5755,2.5755,0,0,FRESH,yes,N2XY,3,1.5
5951021,SKU:5951021,N2XY_COPPER_CABLE,COPPER,2022-08-25,2022-09-28,34,1.10,2.5755,2.3735,-0.202,-7.8431,FRESH,yes,N2XY,3,1.5
5951021,SKU:5951021,N2XY_COPPER_CABLE,COPPER,2022-09-28,2022-09-28,0,0.00,2.3735,2.3735,0,0,FRESH,yes,N2XY,3,1.5
5951021,SKU:5951021,N2XY_COPPER_CABLE,COPPER,2022-09-28,2022-10-27,29,0.97,2.3735,2.3735,0,0,FRESH,yes,N2XY,3,1.5
5951021,SKU:5951021,N2XY_COPPER_CABLE,COPPER,2022-10-27,2022-10-27,0,0.00,2.3735,2.3735,0,0,FRESH,yes,N2XY,3,1.5
5951021,SKU:5951021,N2XY_COPPER_CABLE,COPPER,2022-10-27,2022-10-27,0,0.00,2.3735,2.3735,0,0,FRESH,yes,N2XY,3,1.5
5951021,SKU:5951021,N2XY_COPPER_CABLE,COPPER,2022-10-27,2022-10-27,0,0.00,2.3735,2.3735,0,0,FRESH,yes,N2XY,3,1.5
5951021,SKU:5951021,N2XY_COPPER_CABLE,COPPER,2022-10-27,2022-11-27,31,1.00,2.3735,2.3735,0,0,FRESH,yes,N2XY,3,1.5
5951021,SKU:5951021,N2XY_COPPER_CABLE,COPPER,2022-11-27,2022-11-27,0,0.00,2.3735,2.3735,0,0,FRESH,yes,N2XY,3,1.5
5951021,SKU:5951021,N2XY_COPPER_CABLE,COPPER,2022-11-27,2022-11-27,0,0.00,2.3735,2.3735,0,0,FRESH,yes,N2XY,3,1.5
5951021,SKU:5951021,N2XY_COPPER_CABLE,COPPER,2022-11-27,2022-11-27,0,0.00,2.3735,2.3735,0,0,FRESH,yes,N2XY,3,1.5
5951021,SKU:5951021,N2XY_COPPER_CABLE,COPPER,2022-11-27,2022-11-27,0,0.00,2.3735,2.3735,0,0,FRESH,yes,N2XY,3,1.5
5951021,SKU:5951021,N2XY_COPPER_CABLE,COPPER,2022-11-27,2022-11-27,0,0.00,2.3735,2.3735,0,0,FRESH,yes,N2XY,3,1.5
5951021,SKU:5951021,N2XY_COPPER_CABLE,COPPER,2022-11-27,2022-11-27,0,0.00,2.3735,2.3735,0,0,FRESH,yes,N2XY,3,1.5
5951021,SKU:5951021,N2XY_COPPER_CABLE,COPPER,2022-11-27,2022-12-29,32,1.07,2.3735,2.3735,0,0,FRESH,yes,N2XY,3,1.5
5951021,SKU:5951021,N2XY_COPPER_CABLE,COPPER,2022-12-29,2022-12-29,0,0.00,2.3735,2.3735,0,0,FRESH,yes,N2XY,3,1.5
5951021,SKU:5951021,N2XY_COPPER_CABLE,COPPER,2022-12-29,2022-12-29,0,0.00,2.3735,2.3735,0,0,FRESH,yes,N2XY,3,1.5
5951021,SKU:5951021,N2XY_COPPER_CABLE,COPPER,2022-12-29,2022-12-29,0,0.00,2.3735,2.3735,0,0,FRESH,yes,N2XY,3,1.5
5951021,SKU:5951021,N2XY_COPPER_CABLE,COPPER,2022-12-29,2022-12-29,0,0.00,2.3735,2.5755,0.202,8.5106,FRESH,yes,N2XY,3,1.5
5951021,SKU:5951021,N2XY_COPPER_CABLE,COPPER,2022-12-29,2023-02-28,61,1.97,2.5755,2.5137,-0.0618,-2.3995,MODERATE,yes,N2XY,3,1.5
5951021,SKU:5951021,N2XY_COPPER_CABLE,COPPER,2023-02-28,2023-02-28,0,0.00,2.5137,2.5137,0,0,FRESH,yes,N2XY,3,1.5
5951021,SKU:5951021,N2XY_COPPER_CABLE,COPPER,2023-02-28,2023-04-27,58,1.97,2.5137,2.6163,0.1026,4.0816,MODERATE,yes,N2XY,3,1.5
5951021,SKU:5951021,N2XY_COPPER_CABLE,COPPER,2023-04-27,2023-04-27,0,0.00,2.6163,2.6163,0,0,FRESH,yes,N2XY,3,1.5
5951021,SKU:5951021,N2XY_COPPER_CABLE,COPPER,2023-04-27,2023-05-28,31,1.03,2.6163,2.6163,0,0,FRESH,yes,N2XY,3,1.5
5951021,SKU:5951021,N2XY_COPPER_CABLE,COPPER,2023-05-28,2023-05-28,0,0.00,2.6163,2.6163,0,0,FRESH,yes,N2XY,3,1.5
5951021,SKU:5951021,N2XY_COPPER_CABLE,COPPER,2023-05-28,2023-05-28,0,0.00,2.6163,2.6163,0,0,FRESH,yes,N2XY,3,1.5
5951021,SKU:5951021,N2XY_COPPER_CABLE,COPPER,2023-05-28,2023-06-29,32,1.03,2.6163,2.565,-0.0513,-1.9608,FRESH,yes,N2XY,3,1.5
5951021,SKU:5951021,N2XY_COPPER_CABLE,COPPER,2023-06-29,2023-06-29,0,0.00,2.565,2.565,0,0,FRESH,yes,N2XY,3,1.5
5951021,SKU:5951021,N2XY_COPPER_CABLE,COPPER,2023-06-29,2023-08-29,61,2.00,2.565,2.7189,0.1539,6,MODERATE,yes,N2XY,3,1.5
5951021,SKU:5951021,N2XY_COPPER_CABLE,COPPER,2023-08-29,2023-08-29,0,0.00,2.7189,2.7189,0,0,FRESH,yes,N2XY,3,1.5
5951021,SKU:5951021,N2XY_COPPER_CABLE,COPPER,2023-08-29,2023-08-29,0,0.00,2.7189,2.7189,0,0,FRESH,yes,N2XY,3,1.5
5951021,SKU:5951021,N2XY_COPPER_CABLE,COPPER,2023-08-29,2023-09-28,30,0.97,2.7189,2.6163,-0.1026,-3.7736,FRESH,yes,N2XY,3,1.5
5951021,SKU:5951021,N2XY_COPPER_CABLE,COPPER,2023-09-28,2023-09-28,0,0.00,2.6163,2.6163,0,0,FRESH,yes,N2XY,3,1.5
5951021,SKU:5951021,N2XY_COPPER_CABLE,COPPER,2023-09-28,2023-10-29,31,1.03,2.6163,2.7189,0.1026,3.9216,FRESH,yes,N2XY,3,1.5
5951021,SKU:5951021,N2XY_COPPER_CABLE,COPPER,2023-10-29,2023-11-28,30,0.97,2.7189,2.7189,0,0,FRESH,yes,N2XY,3,1.5
5951021,SKU:5951021,N2XY_COPPER_CABLE,COPPER,2023-11-28,2023-11-28,0,0.00,2.7189,2.7189,0,0,FRESH,yes,N2XY,3,1.5
5951021,SKU:5951021,N2XY_COPPER_CABLE,COPPER,2023-11-28,2023-11-28,0,0.00,2.7189,2.7189,0,0,FRESH,yes,N2XY,3,1.5
5951021,SKU:5951021,N2XY_COPPER_CABLE,COPPER,2023-11-28,2024-01-28,61,2.00,2.7189,2.445,-0.2739,-10.0739,MODERATE,yes,N2XY,3,1.5
5951021,SKU:5951021,N2XY_COPPER_CABLE,COPPER,2024-01-28,2024-02-28,31,1.00,2.445,2.35,-0.095,-3.8855,FRESH,yes,N2XY,3,1.5
5951021,SKU:5951021,N2XY_COPPER_CABLE,COPPER,2024-02-28,2024-02-28,0,0.00,2.35,2.35,0,0,FRESH,yes,N2XY,3,1.5
5951021,SKU:5951021,N2XY_COPPER_CABLE,COPPER,2024-02-28,2024-02-28,0,0.00,2.35,2.35,0,0,FRESH,yes,N2XY,3,1.5
5951021,SKU:5951021,N2XY_COPPER_CABLE,COPPER,2024-02-28,2024-02-28,0,0.00,2.35,2.3472,-0.0028,-0.1191,FRESH,yes,N2XY,3,1.5
5951021,SKU:5951021,N2XY_COPPER_CABLE,COPPER,2024-02-28,2024-02-28,0,0.00,2.3472,2.3472,0,0,FRESH,yes,N2XY,3,1.5
5951021,SKU:5951021,N2XY_COPPER_CABLE,COPPER,2024-02-28,2024-03-31,32,1.10,2.3472,2.4124,0.0652,2.7778,FRESH,yes,N2XY,3,1.5
5951021,SKU:5951021,N2XY_COPPER_CABLE,COPPER,2024-03-31,2024-04-30,30,0.97,2.4124,2.445,0.0326,1.3514,FRESH,yes,N2XY,3,1.5
5951021,SKU:5951021,N2XY_COPPER_CABLE,COPPER,2024-04-30,2024-04-30,0,0.00,2.445,2.445,0,0,FRESH,yes,N2XY,3,1.5
5951021,SKU:5951021,N2XY_COPPER_CABLE,COPPER,2024-04-30,2024-06-27,58,1.90,2.445,2.6702,0.2252,9.2106,MODERATE,yes,N2XY,3,1.5
5951021,SKU:5951021,N2XY_COPPER_CABLE,COPPER,2024-06-27,2024-07-28,31,1.03,2.6702,2.6702,0,0,FRESH,yes,N2XY,3,1.5
5951021,SKU:5951021,N2XY_COPPER_CABLE,COPPER,2024-07-28,2024-07-28,0,0.00,2.6702,2.6702,0,0,FRESH,yes,N2XY,3,1.5
5951021,SKU:5951021,N2XY_COPPER_CABLE,COPPER,2024-07-28,2024-08-29,32,1.03,2.6702,2.6026,-0.0676,-2.5316,FRESH,yes,N2XY,3,1.5
5951021,SKU:5951021,N2XY_COPPER_CABLE,COPPER,2024-08-29,2024-09-30,32,1.03,2.6026,2.6026,0,0,FRESH,yes,N2XY,3,1.5
5951021,SKU:5951021,N2XY_COPPER_CABLE,COPPER,2024-09-30,2024-09-30,0,0.00,2.6026,2.6026,0,0,FRESH,yes,N2XY,3,1.5
5951021,SKU:5951021,N2XY_COPPER_CABLE,COPPER,2024-09-30,2024-09-30,0,0.00,2.6026,2.6026,0,0,FRESH,yes,N2XY,3,1.5
5951021,SKU:5951021,N2XY_COPPER_CABLE,COPPER,2024-09-30,2024-10-31,31,1.03,2.6026,2.7378,0.1352,5.1948,FRESH,yes,N2XY,3,1.5
5951021,SKU:5951021,N2XY_COPPER_CABLE,COPPER,2024-10-31,2024-11-28,28,0.90,2.7378,2.7378,0,0,FRESH,yes,N2XY,3,1.5
5951021,SKU:5951021,N2XY_COPPER_CABLE,COPPER,2024-11-28,2024-12-31,33,1.10,2.7378,2.6702,-0.0676,-2.4691,FRESH,yes,N2XY,3,1.5
5951021,SKU:5951021,N2XY_COPPER_CABLE,COPPER,2024-12-31,2025-01-28,28,0.90,2.6702,2.5564,-0.1138,-4.2619,FRESH,yes,N2XY,3,1.5
5951021,SKU:5951021,N2XY_COPPER_CABLE,COPPER,2025-01-28,2025-01-28,0,0.00,2.5564,2.5564,0,0,FRESH,yes,N2XY,3,1.5
5951021,SKU:5951021,N2XY_COPPER_CABLE,COPPER,2025-01-28,2025-02-26,29,0.93,2.5564,2.5232,-0.0332,-1.2987,FRESH,yes,N2XY,3,1.5
55022,SKU:55022,COPPER_WIRE,COPPER_PVC,2017-10-03,2017-10-03,0,0.00,0.434,0.434,0,0,FRESH,yes,,,1.5
55022,SKU:55022,COPPER_WIRE,COPPER_PVC,2017-10-03,2017-10-03,0,0.00,0.434,0.441,0.007,1.6129,FRESH,yes,,,1.5
55022,SKU:55022,COPPER_WIRE,COPPER_PVC,2017-10-03,2017-10-03,0,0.00,0.441,0.441,0,0,FRESH,yes,,,1.5
55022,SKU:55022,COPPER_WIRE,COPPER_PVC,2017-10-03,2017-10-03,0,0.00,0.441,0.441,0,0,FRESH,yes,,,1.5
55022,SKU:55022,COPPER_WIRE,COPPER_PVC,2017-10-03,2018-08-30,331,10.90,0.441,0.5616,0.1206,27.3469,STALE,no,,,1.5
55022,SKU:55022,COPPER_WIRE,COPPER_PVC,2018-08-30,2018-11-27,89,2.90,0.5616,0.4329,-0.1287,-22.9167,MODERATE,yes,,,1.5
55022,SKU:55022,COPPER_WIRE,COPPER_PVC,2018-11-27,2018-11-27,0,0.00,0.4329,0.4329,0,0,FRESH,yes,,,1.5
55022,SKU:55022,COPPER_WIRE,COPPER_PVC,2018-11-27,2019-01-27,61,2.00,0.4329,0.4482,0.0153,3.5343,MODERATE,yes,,,1.5
55022,SKU:55022,COPPER_WIRE,COPPER_PVC,2019-01-27,2019-01-27,0,0.00,0.4482,0.4482,0,0,FRESH,yes,,,1.5
55022,SKU:55022,COPPER_WIRE,COPPER_PVC,2019-01-27,2019-01-27,0,0.00,0.4482,0.4482,0,0,FRESH,yes,,,1.5
55022,SKU:55022,COPPER_WIRE,COPPER_PVC,2019-01-27,2019-01-27,0,0.00,0.4482,0.4482,0,0,FRESH,yes,,,1.5
55022,SKU:55022,COPPER_WIRE,COPPER_PVC,2019-01-27,2019-01-27,0,0.00,0.4482,0.4482,0,0,FRESH,yes,,,1.5
55022,SKU:55022,COPPER_WIRE,COPPER_PVC,2019-01-27,2019-07-28,182,6.03,0.4482,0.41,-0.0382,-8.523,STALE,no,,,1.5
55022,SKU:55022,COPPER_WIRE,COPPER_PVC,2019-07-28,2019-08-25,28,0.90,0.41,0.4233,0.0133,3.2439,FRESH,yes,,,1.5
55022,SKU:55022,COPPER_WIRE,COPPER_PVC,2019-08-25,2019-08-25,0,0.00,0.4233,0.4233,0,0,FRESH,yes,,,1.5
55022,SKU:55022,COPPER_WIRE,COPPER_PVC,2019-08-25,2019-09-24,30,0.97,0.4233,0.39,-0.0333,-7.8668,FRESH,yes,,,1.5
55022,SKU:55022,COPPER_WIRE,COPPER_PVC,2019-09-24,2019-09-24,0,0.00,0.39,0.39,0,0,FRESH,yes,,,1.5
55022,SKU:55022,COPPER_WIRE,COPPER_PVC,2019-09-24,2019-09-24,0,0.00,0.39,0.39,0,0,FRESH,yes,,,1.5
55022,SKU:55022,COPPER_WIRE,COPPER_PVC,2019-09-24,2019-09-24,0,0.00,0.39,0.39,0,0,FRESH,yes,,,1.5
55022,SKU:55022,COPPER_WIRE,COPPER_PVC,2019-09-24,2019-09-24,0,0.00,0.39,0.39,0,0,FRESH,yes,,,1.5
55022,SKU:55022,COPPER_WIRE,COPPER_PVC,2019-09-24,2019-09-24,0,0.00,0.39,0.39,0,0,FRESH,yes,,,1.5
55022,SKU:55022,COPPER_WIRE,COPPER_PVC,2019-09-24,2019-09-24,0,0.00,0.39,0.39,0,0,FRESH,yes,,,1.5
55022,SKU:55022,COPPER_WIRE,COPPER_PVC,2019-09-24,2019-09-24,0,0.00,0.39,0.39,0,0,FRESH,yes,,,1.5
55022,SKU:55022,COPPER_WIRE,COPPER_PVC,2019-09-24,2019-10-25,31,1.03,0.39,0.38,-0.01,-2.5641,FRESH,yes,,,1.5
55022,SKU:55022,COPPER_WIRE,COPPER_PVC,2019-10-25,2019-10-25,0,0.00,0.38,0.38,0,0,FRESH,yes,,,1.5
55022,SKU:55022,COPPER_WIRE,COPPER_PVC,2019-10-25,2019-10-25,0,0.00,0.38,0.38,0,0,FRESH,yes,,,1.5
55022,SKU:55022,COPPER_WIRE,COPPER_PVC,2019-10-25,2019-10-25,0,0.00,0.38,0.38,0,0,FRESH,yes,,,1.5
55022,SKU:55022,COPPER_WIRE,COPPER_PVC,2019-10-25,2019-10-25,0,0.00,0.38,0.38,0,0,FRESH,yes,,,1.5
55022,SKU:55022,COPPER_WIRE,COPPER_PVC,2019-10-25,2019-10-25,0,0.00,0.38,0.38,0,0,FRESH,yes,,,1.5
55022,SKU:55022,COPPER_WIRE,COPPER_PVC,2019-10-25,2019-10-25,0,0.00,0.38,0.38,0,0,FRESH,yes,,,1.5
55022,SKU:55022,COPPER_WIRE,COPPER_PVC,2019-10-25,2019-10-25,0,0.00,0.38,0.38,0,0,FRESH,yes,,,1.5
55022,SKU:55022,COPPER_WIRE,COPPER_PVC,2019-10-25,2020-02-27,125,4.07,0.38,0.39,0.01,2.6316,STALE,no,,,1.5
55022,SKU:55022,COPPER_WIRE,COPPER_PVC,2020-02-27,2020-03-29,31,1.07,0.39,0.39,0,0,FRESH,yes,,,1.5
55022,SKU:55022,COPPER_WIRE,COPPER_PVC,2020-03-29,2020-03-29,0,0.00,0.39,0.39,0,0,FRESH,yes,,,1.5
55022,SKU:55022,COPPER_WIRE,COPPER_PVC,2020-03-29,2020-03-29,0,0.00,0.39,0.39,0,0,FRESH,yes,,,1.5
55022,SKU:55022,COPPER_WIRE,COPPER_PVC,2020-03-29,2020-03-29,0,0.00,0.39,0.39,0,0,FRESH,yes,,,1.5
55022,SKU:55022,COPPER_WIRE,COPPER_PVC,2020-03-29,2020-03-29,0,0.00,0.39,0.39,0,0,FRESH,yes,,,1.5
55022,SKU:55022,COPPER_WIRE,COPPER_PVC,2020-03-29,2020-03-29,0,0.00,0.39,0.39,0,0,FRESH,yes,,,1.5
55022,SKU:55022,COPPER_WIRE,COPPER_PVC,2020-03-29,2020-04-30,32,1.03,0.39,0.38,-0.01,-2.5641,FRESH,yes,,,1.5
55022,SKU:55022,COPPER_WIRE,COPPER_PVC,2020-04-30,2020-04-30,0,0.00,0.38,0.38,0,0,FRESH,yes,,,1.5
55022,SKU:55022,COPPER_WIRE,COPPER_PVC,2020-04-30,2020-04-30,0,0.00,0.38,0.38,0,0,FRESH,yes,,,1.5
55022,SKU:55022,COPPER_WIRE,COPPER_PVC,2020-04-30,2020-04-30,0,0.00,0.38,0.38,0,0,FRESH,yes,,,1.5
55022,SKU:55022,COPPER_WIRE,COPPER_PVC,2020-04-30,2020-04-30,0,0.00,0.38,0.39,0.01,2.6316,FRESH,yes,,,1.5
55022,SKU:55022,COPPER_WIRE,COPPER_PVC,2020-04-30,2020-04-30,0,0.00,0.39,0.39,0,0,FRESH,yes,,,1.5
55022,SKU:55022,COPPER_WIRE,COPPER_PVC,2020-04-30,2020-06-28,59,1.93,0.39,0.38,-0.01,-2.5641,MODERATE,yes,,,1.5
55022,SKU:55022,COPPER_WIRE,COPPER_PVC,2020-06-28,2020-06-28,0,0.00,0.38,0.38,0,0,FRESH,yes,,,1.5
55022,SKU:55022,COPPER_WIRE,COPPER_PVC,2020-06-28,2020-06-28,0,0.00,0.38,0.38,0,0,FRESH,yes,,,1.5
55022,SKU:55022,COPPER_WIRE,COPPER_PVC,2020-06-28,2020-06-28,0,0.00,0.38,0.38,0,0,FRESH,yes,,,1.5
55022,SKU:55022,COPPER_WIRE,COPPER_PVC,2020-06-28,2020-07-26,28,0.93,0.38,0.4144,0.0344,9.0526,FRESH,yes,,,1.5
55022,SKU:55022,COPPER_WIRE,COPPER_PVC,2020-07-26,2020-07-26,0,0.00,0.4144,0.4144,0,0,FRESH,yes,,,1.5
55022,SKU:55022,COPPER_WIRE,COPPER_PVC,2020-07-26,2020-07-26,0,0.00,0.4144,0.4144,0,0,FRESH,yes,,,1.5
55022,SKU:55022,COPPER_WIRE,COPPER_PVC,2020-07-26,2020-07-30,4,0.13,0.4144,0.4144,0,0,FRESH,yes,,,1.5
55022,SKU:55022,COPPER_WIRE,COPPER_PVC,2020-07-30,2020-09-24,56,1.80,0.4144,0.4218,0.0074,1.7857,MODERATE,yes,,,1.5
55022,SKU:55022,COPPER_WIRE,COPPER_PVC,2020-09-24,2020-09-24,0,0.00,0.4218,0.4218,0,0,FRESH,yes,,,1.5
55022,SKU:55022,COPPER_WIRE,COPPER_PVC,2020-09-24,2020-09-24,0,0.00,0.4218,0.4218,0,0,FRESH,yes,,,1.5
55022,SKU:55022,COPPER_WIRE,COPPER_PVC,2020-09-24,2020-09-24,0,0.00,0.4218,0.4218,0,0,FRESH,yes,,,1.5
55022,SKU:55022,COPPER_WIRE,COPPER_PVC,2020-09-24,2020-09-24,0,0.00,0.4218,0.4218,0,0,FRESH,yes,,,1.5
55022,SKU:55022,COPPER_WIRE,COPPER_PVC,2020-09-24,2020-10-22,28,0.93,0.4218,0.44,0.0182,4.3148,FRESH,yes,,,1.5
55022,SKU:55022,COPPER_WIRE,COPPER_PVC,2020-10-22,2020-10-22,0,0.00,0.44,0.44,0,0,FRESH,yes,,,1.5
55022,SKU:55022,COPPER_WIRE,COPPER_PVC,2020-10-22,2020-10-22,0,0.00,0.44,0.44,0,0,FRESH,yes,,,1.5
55022,SKU:55022,COPPER_WIRE,COPPER_PVC,2020-10-22,2020-11-26,35,1.13,0.44,0.44,0,0,FRESH,yes,,,1.5
55022,SKU:55022,COPPER_WIRE,COPPER_PVC,2020-11-26,2020-11-26,0,0.00,0.44,0.44,0,0,FRESH,yes,,,1.5
55022,SKU:55022,COPPER_WIRE,COPPER_PVC,2020-11-26,2020-11-26,0,0.00,0.44,0.44,0,0,FRESH,yes,,,1.5
55022,SKU:55022,COPPER_WIRE,COPPER_PVC,2020-11-26,2020-11-26,0,0.00,0.44,0.44,0,0,FRESH,yes,,,1.5
55022,SKU:55022,COPPER_WIRE,COPPER_PVC,2020-11-26,2020-11-26,0,0.00,0.44,0.44,0,0,FRESH,yes,,,1.5
55022,SKU:55022,COPPER_WIRE,COPPER_PVC,2020-11-26,2020-12-30,34,1.13,0.44,0.48,0.04,9.0909,FRESH,yes,,,1.5
55022,SKU:55022,COPPER_WIRE,COPPER_PVC,2020-12-30,2020-12-30,0,0.00,0.48,0.48,0,0,FRESH,yes,,,1.5
55022,SKU:55022,COPPER_WIRE,COPPER_PVC,2020-12-30,2020-12-30,0,0.00,0.48,0.48,0,0,FRESH,yes,,,1.5
55022,SKU:55022,COPPER_WIRE,COPPER_PVC,2020-12-30,2020-12-30,0,0.00,0.48,0.48,0,0,FRESH,yes,,,1.5
55022,SKU:55022,COPPER_WIRE,COPPER_PVC,2020-12-30,2020-12-30,0,0.00,0.48,0.46,-0.02,-4.1667,FRESH,yes,,,1.5
55022,SKU:55022,COPPER_WIRE,COPPER_PVC,2020-12-30,2021-04-27,118,3.90,0.46,0.5336,0.0736,16,MODERATE,yes,,,1.5
55022,SKU:55022,COPPER_WIRE,COPPER_PVC,2021-04-27,2021-04-27,0,0.00,0.5336,0.5336,0,0,FRESH,yes,,,1.5
55022,SKU:55022,COPPER_WIRE,COPPER_PVC,2021-04-27,2021-04-27,0,0.00,0.5336,0.5336,0,0,FRESH,yes,,,1.5
55022,SKU:55022,COPPER_WIRE,COPPER_PVC,2021-04-27,2021-04-27,0,0.00,0.5336,0.5336,0,0,FRESH,yes,,,1.5
55022,SKU:55022,COPPER_WIRE,COPPER_PVC,2021-04-27,2021-05-27,30,1.00,0.5336,0.5796,0.046,8.6207,FRESH,yes,,,1.5
55022,SKU:55022,COPPER_WIRE,COPPER_PVC,2021-05-27,2021-05-27,0,0.00,0.5796,0.5796,0,0,FRESH,yes,,,1.5
55022,SKU:55022,COPPER_WIRE,COPPER_PVC,2021-05-27,2021-05-27,0,0.00,0.5796,0.6195,0.0399,6.8841,FRESH,yes,,,1.5
55022,SKU:55022,COPPER_WIRE,COPPER_PVC,2021-05-27,2021-05-27,0,0.00,0.6195,0.6195,0,0,FRESH,yes,,,1.5
55022,SKU:55022,COPPER_WIRE,COPPER_PVC,2021-05-27,2021-06-30,34,1.10,0.6195,0.588,-0.0315,-5.0847,FRESH,yes,,,1.5
55022,SKU:55022,COPPER_WIRE,COPPER_PVC,2021-06-30,2021-06-30,0,0.00,0.588,0.588,0,0,FRESH,yes,,,1.5
55022,SKU:55022,COPPER_WIRE,COPPER_PVC,2021-06-30,2021-06-30,0,0.00,0.588,0.588,0,0,FRESH,yes,,,1.5
55022,SKU:55022,COPPER_WIRE,COPPER_PVC,2021-06-30,2021-06-30,0,0.00,0.588,0.588,0,0,FRESH,yes,,,1.5
55022,SKU:55022,COPPER_WIRE,COPPER_PVC,2021-06-30,2021-06-30,0,0.00,0.588,0.588,0,0,FRESH,yes,,,1.5
55022,SKU:55022,COPPER_WIRE,COPPER_PVC,2021-06-30,2021-06-30,0,0.00,0.588,0.588,0,0,FRESH,yes,,,1.5
55022,SKU:55022,COPPER_WIRE,COPPER_PVC,2021-06-30,2021-06-30,0,0.00,0.588,0.588,0,0,FRESH,yes,,,1.5
55022,SKU:55022,COPPER_WIRE,COPPER_PVC,2021-06-30,2021-06-30,0,0.00,0.588,0.588,0,0,FRESH,yes,,,1.5
55022,SKU:55022,COPPER_WIRE,COPPER_PVC,2021-06-30,2021-06-30,0,0.00,0.588,0.588,0,0,FRESH,yes,,,1.5
55022,SKU:55022,COPPER_WIRE,COPPER_PVC,2021-06-30,2021-07-28,28,0.93,0.588,0.5775,-0.0105,-1.7857,FRESH,yes,,,1.5
55022,SKU:55022,COPPER_WIRE,COPPER_PVC,2021-07-28,2021-07-28,0,0.00,0.5775,0.5775,0,0,FRESH,yes,,,1.5
55022,SKU:55022,COPPER_WIRE,COPPER_PVC,2021-07-28,2021-07-28,0,0.00,0.5775,0.5775,0,0,FRESH,yes,,,1.5
55022,SKU:55022,COPPER_WIRE,COPPER_PVC,2021-07-28,2021-08-26,29,0.93,0.5775,0.567,-0.0105,-1.8182,FRESH,yes,,,1.5
55022,SKU:55022,COPPER_WIRE,COPPER_PVC,2021-08-26,2021-08-26,0,0.00,0.567,0.567,0,0,FRESH,yes,,,1.5
55022,SKU:55022,COPPER_WIRE,COPPER_PVC,2021-08-26,2021-08-26,0,0.00,0.567,0.567,0,0,FRESH,yes,,,1.5
55022,SKU:55022,COPPER_WIRE,COPPER_PVC,2021-08-26,2021-08-26,0,0.00,0.567,0.567,0,0,FRESH,yes,,,1.5
55022,SKU:55022,COPPER_WIRE,COPPER_PVC,2021-08-26,2021-08-26,0,0.00,0.567,0.567,0,0,FRESH,yes,,,1.5
55022,SKU:55022,COPPER_WIRE,COPPER_PVC,2021-08-26,2021-10-27,62,2.03,0.567,0.5775,0.0105,1.8519,MODERATE,yes,,,1.5
55022,SKU:55022,COPPER_WIRE,COPPER_PVC,2021-10-27,2021-11-25,29,0.93,0.5775,0.609,0.0315,5.4545,FRESH,yes,,,1.5
55022,SKU:55022,COPPER_WIRE,COPPER_PVC,2021-11-25,2021-11-25,0,0.00,0.609,0.609,0,0,FRESH,yes,,,1.5
55022,SKU:55022,COPPER_WIRE,COPPER_PVC,2021-11-25,2022-01-26,62,2.03,0.609,0.5936,-0.0154,-2.5287,MODERATE,yes,,,1.5
55022,SKU:55022,COPPER_WIRE,COPPER_PVC,2022-01-26,2022-01-26,0,0.00,0.5936,0.5936,0,0,FRESH,yes,,,1.5
55022,SKU:55022,COPPER_WIRE,COPPER_PVC,2022-01-26,2022-01-26,0,0.00,0.5936,0.5936,0,0,FRESH,yes,,,1.5
55022,SKU:55022,COPPER_WIRE,COPPER_PVC,2022-01-26,2022-02-24,29,0.93,0.5936,0.61,0.0164,2.7628,FRESH,yes,,,1.5
55022,SKU:55022,COPPER_WIRE,COPPER_PVC,2022-02-24,2022-02-24,0,0.00,0.61,0.61,0,0,FRESH,yes,,,1.5
55022,SKU:55022,COPPER_WIRE,COPPER_PVC,2022-02-24,2022-02-24,0,0.00,0.61,0.61,0,0,FRESH,yes,,,1.5
55022,SKU:55022,COPPER_WIRE,COPPER_PVC,2022-02-24,2022-02-24,0,0.00,0.61,0.61,0,0,FRESH,yes,,,1.5
55022,SKU:55022,COPPER_WIRE,COPPER_PVC,2022-02-24,2022-02-24,0,0.00,0.61,0.61,0,0,FRESH,yes,,,1.5
55022,SKU:55022,COPPER_WIRE,COPPER_PVC,2022-02-24,2022-02-24,0,0.00,0.61,0.61,0,0,FRESH,yes,,,1.5
55022,SKU:55022,COPPER_WIRE,COPPER_PVC,2022-02-24,2022-04-27,62,2.10,0.61,0.67,0.06,9.8361,MODERATE,yes,,,1.5
55022,SKU:55022,COPPER_WIRE,COPPER_PVC,2022-04-27,2022-04-27,0,0.00,0.67,0.671,0.001,0.1493,FRESH,yes,,,1.5
55022,SKU:55022,COPPER_WIRE,COPPER_PVC,2022-04-27,2022-04-27,0,0.00,0.671,0.671,0,0,FRESH,yes,,,1.5
55022,SKU:55022,COPPER_WIRE,COPPER_PVC,2022-04-27,2022-04-27,0,0.00,0.671,0.671,0,0,FRESH,yes,,,1.5
55022,SKU:55022,COPPER_WIRE,COPPER_PVC,2022-04-27,2022-04-27,0,0.00,0.671,0.671,0,0,FRESH,yes,,,1.5
55022,SKU:55022,COPPER_WIRE,COPPER_PVC,2022-04-27,2022-05-29,32,1.07,0.671,0.6588,-0.0122,-1.8182,FRESH,yes,,,1.5
55022,SKU:55022,COPPER_WIRE,COPPER_PVC,2022-05-29,2022-05-29,0,0.00,0.6588,0.6588,0,0,FRESH,yes,,,1.5
55022,SKU:55022,COPPER_WIRE,COPPER_PVC,2022-05-29,2022-05-29,0,0.00,0.6588,0.6588,0,0,FRESH,yes,,,1.5
55022,SKU:55022,COPPER_WIRE,COPPER_PVC,2022-05-29,2022-05-29,0,0.00,0.6588,0.6588,0,0,FRESH,yes,,,1.5
55022,SKU:55022,COPPER_WIRE,COPPER_PVC,2022-05-29,2022-06-27,29,0.93,0.6588,0.62,-0.0388,-5.8895,FRESH,yes,,,1.5
55022,SKU:55022,COPPER_WIRE,COPPER_PVC,2022-06-27,2022-06-27,0,0.00,0.62,0.62,0,0,FRESH,yes,,,1.5
55022,SKU:55022,COPPER_WIRE,COPPER_PVC,2022-06-27,2022-06-27,0,0.00,0.62,0.62,0,0,FRESH,yes,,,1.5
55022,SKU:55022,COPPER_WIRE,COPPER_PVC,2022-06-27,2022-08-25,59,1.93,0.62,0.5831,-0.0369,-5.9516,MODERATE,yes,,,1.5
55022,SKU:55022,COPPER_WIRE,COPPER_PVC,2022-08-25,2022-08-25,0,0.00,0.5831,0.5831,0,0,FRESH,yes,,,1.5
55022,SKU:55022,COPPER_WIRE,COPPER_PVC,2022-08-25,2022-08-25,0,0.00,0.5831,0.5831,0,0,FRESH,yes,,,1.5
55022,SKU:55022,COPPER_WIRE,COPPER_PVC,2022-08-25,2022-08-25,0,0.00,0.5831,0.5831,0,0,FRESH,yes,,,1.5
55022,SKU:55022,COPPER_WIRE,COPPER_PVC,2022-08-25,2022-08-25,0,0.00,0.5831,0.5831,0,0,FRESH,yes,,,1.5
55022,SKU:55022,COPPER_WIRE,COPPER_PVC,2022-08-25,2022-08-25,0,0.00,0.5831,0.5831,0,0,FRESH,yes,,,1.5
55022,SKU:55022,COPPER_WIRE,COPPER_PVC,2022-08-25,2022-09-28,34,1.10,0.5831,0.5593,-0.0238,-4.0816,FRESH,yes,,,1.5
55022,SKU:55022,COPPER_WIRE,COPPER_PVC,2022-09-28,2022-09-28,0,0.00,0.5593,0.5593,0,0,FRESH,yes,,,1.5
55022,SKU:55022,COPPER_WIRE,COPPER_PVC,2022-09-28,2022-09-28,0,0.00,0.5593,0.5593,0,0,FRESH,yes,,,1.5
55022,SKU:55022,COPPER_WIRE,COPPER_PVC,2022-09-28,2022-10-27,29,0.97,0.5593,0.5593,0,0,FRESH,yes,,,1.5
55022,SKU:55022,COPPER_WIRE,COPPER_PVC,2022-10-27,2022-10-27,0,0.00,0.5593,0.5593,0,0,FRESH,yes,,,1.5
55022,SKU:55022,COPPER_WIRE,COPPER_PVC,2022-10-27,2022-10-27,0,0.00,0.5593,0.5593,0,0,FRESH,yes,,,1.5
55022,SKU:55022,COPPER_WIRE,COPPER_PVC,2022-10-27,2022-11-27,31,1.00,0.5593,0.5593,0,0,FRESH,yes,,,1.5
55022,SKU:55022,COPPER_WIRE,COPPER_PVC,2022-11-27,2022-11-27,0,0.00,0.5593,0.5593,0,0,FRESH,yes,,,1.5
55022,SKU:55022,COPPER_WIRE,COPPER_PVC,2022-11-27,2022-11-27,0,0.00,0.5593,0.5593,0,0,FRESH,yes,,,1.5
55022,SKU:55022,COPPER_WIRE,COPPER_PVC,2022-11-27,2022-12-29,32,1.07,0.5593,0.5593,0,0,FRESH,yes,,,1.5
55022,SKU:55022,COPPER_WIRE,COPPER_PVC,2022-12-29,2022-12-29,0,0.00,0.5593,0.5593,0,0,FRESH,yes,,,1.5
55022,SKU:55022,COPPER_WIRE,COPPER_PVC,2022-12-29,2022-12-29,0,0.00,0.5593,0.5593,0,0,FRESH,yes,,,1.5
55022,SKU:55022,COPPER_WIRE,COPPER_PVC,2022-12-29,2022-12-29,0,0.00,0.5593,0.5593,0,0,FRESH,yes,,,1.5
55022,SKU:55022,COPPER_WIRE,COPPER_PVC,2022-12-29,2022-12-29,0,0.00,0.5593,0.5593,0,0,FRESH,yes,,,1.5
55022,SKU:55022,COPPER_WIRE,COPPER_PVC,2022-12-29,2022-12-29,0,0.00,0.5593,0.5593,0,0,FRESH,yes,,,1.5
55022,SKU:55022,COPPER_WIRE,COPPER_PVC,2022-12-29,2023-02-28,61,1.97,0.5593,0.588,0.0287,5.1314,MODERATE,yes,,,1.5
55022,SKU:55022,COPPER_WIRE,COPPER_PVC,2023-02-28,2023-02-28,0,0.00,0.588,0.588,0,0,FRESH,yes,,,1.5
55022,SKU:55022,COPPER_WIRE,COPPER_PVC,2023-02-28,2023-02-28,0,0.00,0.588,0.588,0,0,FRESH,yes,,,1.5
55022,SKU:55022,COPPER_WIRE,COPPER_PVC,2023-02-28,2023-02-28,0,0.00,0.588,0.588,0,0,FRESH,yes,,,1.5
55022,SKU:55022,COPPER_WIRE,COPPER_PVC,2023-02-28,2023-02-28,0,0.00,0.588,0.588,0,0,FRESH,yes,,,1.5
55022,SKU:55022,COPPER_WIRE,COPPER_PVC,2023-02-28,2023-04-27,58,1.97,0.588,0.612,0.024,4.0816,MODERATE,yes,,,1.5
55022,SKU:55022,COPPER_WIRE,COPPER_PVC,2023-04-27,2023-04-27,0,0.00,0.612,0.612,0,0,FRESH,yes,,,1.5
55022,SKU:55022,COPPER_WIRE,COPPER_PVC,2023-04-27,2023-05-28,31,1.03,0.612,0.612,0,0,FRESH,yes,,,1.5
55022,SKU:55022,COPPER_WIRE,COPPER_PVC,2023-05-28,2023-05-28,0,0.00,0.612,0.612,0,0,FRESH,yes,,,1.5
55022,SKU:55022,COPPER_WIRE,COPPER_PVC,2023-05-28,2023-05-28,0,0.00,0.612,0.612,0,0,FRESH,yes,,,1.5
55022,SKU:55022,COPPER_WIRE,COPPER_PVC,2023-05-28,2023-06-29,32,1.03,0.612,0.58,-0.032,-5.2288,FRESH,yes,,,1.5
55022,SKU:55022,COPPER_WIRE,COPPER_PVC,2023-06-29,2023-06-29,0,0.00,0.58,0.58,0,0,FRESH,yes,,,1.5
55022,SKU:55022,COPPER_WIRE,COPPER_PVC,2023-06-29,2023-06-29,0,0.00,0.58,0.58,0,0,FRESH,yes,,,1.5
55022,SKU:55022,COPPER_WIRE,COPPER_PVC,2023-06-29,2023-06-29,0,0.00,0.58,0.58,0,0,FRESH,yes,,,1.5
55022,SKU:55022,COPPER_WIRE,COPPER_PVC,2023-06-29,2023-06-29,0,0.00,0.58,0.58,0,0,FRESH,yes,,,1.5
55022,SKU:55022,COPPER_WIRE,COPPER_PVC,2023-06-29,2023-06-29,0,0.00,0.58,0.58,0,0,FRESH,yes,,,1.5
55022,SKU:55022,COPPER_WIRE,COPPER_PVC,2023-06-29,2023-06-29,0,0.00,0.58,0.58,0,0,FRESH,yes,,,1.5
55022,SKU:55022,COPPER_WIRE,COPPER_PVC,2023-06-29,2023-06-29,0,0.00,0.58,0.58,0,0,FRESH,yes,,,1.5
55022,SKU:55022,COPPER_WIRE,COPPER_PVC,2023-06-29,2023-07-27,28,0.93,0.58,0.576,-0.004,-0.6897,FRESH,yes,,,1.5
55022,SKU:55022,COPPER_WIRE,COPPER_PVC,2023-07-27,2023-07-27,0,0.00,0.576,0.576,0,0,FRESH,yes,,,1.5
55022,SKU:55022,COPPER_WIRE,COPPER_PVC,2023-07-27,2023-07-27,0,0.00,0.576,0.576,0,0,FRESH,yes,,,1.5
55022,SKU:55022,COPPER_WIRE,COPPER_PVC,2023-07-27,2023-07-27,0,0.00,0.576,0.576,0,0,FRESH,yes,,,1.5
55022,SKU:55022,COPPER_WIRE,COPPER_PVC,2023-07-27,2023-07-27,0,0.00,0.576,0.576,0,0,FRESH,yes,,,1.5
55022,SKU:55022,COPPER_WIRE,COPPER_PVC,2023-07-27,2023-08-29,33,1.07,0.576,0.61,0.034,5.9028,FRESH,yes,,,1.5
55022,SKU:55022,COPPER_WIRE,COPPER_PVC,2023-08-29,2023-08-29,0,0.00,0.61,0.61,0,0,FRESH,yes,,,1.5
55022,SKU:55022,COPPER_WIRE,COPPER_PVC,2023-08-29,2023-08-29,0,0.00,0.61,0.61,0,0,FRESH,yes,,,1.5
55022,SKU:55022,COPPER_WIRE,COPPER_PVC,2023-08-29,2023-08-29,0,0.00,0.61,0.61,0,0,FRESH,yes,,,1.5
55022,SKU:55022,COPPER_WIRE,COPPER_PVC,2023-08-29,2023-08-29,0,0.00,0.61,0.61,0,0,FRESH,yes,,,1.5
55022,SKU:55022,COPPER_WIRE,COPPER_PVC,2023-08-29,2023-09-28,30,0.97,0.61,0.5865,-0.0235,-3.8525,FRESH,yes,,,1.5
55022,SKU:55022,COPPER_WIRE,COPPER_PVC,2023-09-28,2023-09-28,0,0.00,0.5865,0.5865,0,0,FRESH,yes,,,1.5
55022,SKU:55022,COPPER_WIRE,COPPER_PVC,2023-09-28,2023-09-28,0,0.00,0.5865,0.5865,0,0,FRESH,yes,,,1.5
55022,SKU:55022,COPPER_WIRE,COPPER_PVC,2023-09-28,2023-09-28,0,0.00,0.5865,0.5865,0,0,FRESH,yes,,,1.5
55022,SKU:55022,COPPER_WIRE,COPPER_PVC,2023-09-28,2023-11-28,61,2.00,0.5865,0.6095,0.023,3.9216,MODERATE,yes,,,1.5
55022,SKU:55022,COPPER_WIRE,COPPER_PVC,2023-11-28,2023-11-28,0,0.00,0.6095,0.6095,0,0,FRESH,yes,,,1.5
55022,SKU:55022,COPPER_WIRE,COPPER_PVC,2023-11-28,2023-11-28,0,0.00,0.6095,0.6095,0,0,FRESH,yes,,,1.5
55022,SKU:55022,COPPER_WIRE,COPPER_PVC,2023-11-28,2023-12-31,33,1.10,0.6095,0.575,-0.0345,-5.6604,FRESH,yes,,,1.5
55022,SKU:55022,COPPER_WIRE,COPPER_PVC,2023-12-31,2023-12-31,0,0.00,0.575,0.575,0,0,FRESH,yes,,,1.5
55022,SKU:55022,COPPER_WIRE,COPPER_PVC,2023-12-31,2023-12-31,0,0.00,0.575,0.575,0,0,FRESH,yes,,,1.5
55022,SKU:55022,COPPER_WIRE,COPPER_PVC,2023-12-31,2023-12-31,0,0.00,0.575,0.575,0,0,FRESH,yes,,,1.5
55022,SKU:55022,COPPER_WIRE,COPPER_PVC,2023-12-31,2024-01-28,28,0.90,0.575,0.59,0.015,2.6087,FRESH,yes,,,1.5
55022,SKU:55022,COPPER_WIRE,COPPER_PVC,2024-01-28,2024-01-28,0,0.00,0.59,0.59,0,0,FRESH,yes,,,1.5
55022,SKU:55022,COPPER_WIRE,COPPER_PVC,2024-01-28,2024-01-28,0,0.00,0.59,0.59,0,0,FRESH,yes,,,1.5
55022,SKU:55022,COPPER_WIRE,COPPER_PVC,2024-01-28,2024-02-28,31,1.00,0.59,0.5893,-0.0007,-0.1186,FRESH,yes,,,1.5
55022,SKU:55022,COPPER_WIRE,COPPER_PVC,2024-02-28,2024-03-31,32,1.10,0.5893,0.58,-0.0093,-1.5781,FRESH,yes,,,1.5
55022,SKU:55022,COPPER_WIRE,COPPER_PVC,2024-03-31,2024-03-31,0,0.00,0.58,0.58,0,0,FRESH,yes,,,1.5
55022,SKU:55022,COPPER_WIRE,COPPER_PVC,2024-03-31,2024-05-29,59,1.93,0.58,1.9908,1.4108,243.2414,MODERATE,yes,,,1.5
55022,SKU:55022,COPPER_WIRE,COPPER_PVC,2024-05-29,2024-05-29,0,0.00,1.9908,0.6794,-1.3114,-65.873,FRESH,yes,,,1.5
55022,SKU:55022,COPPER_WIRE,COPPER_PVC,2024-05-29,2024-06-27,29,0.93,0.6794,0.6794,0,0,FRESH,yes,,,1.5
55022,SKU:55022,COPPER_WIRE,COPPER_PVC,2024-06-27,2024-07-28,31,1.03,0.6794,0.6794,0,0,FRESH,yes,,,1.5
55022,SKU:55022,COPPER_WIRE,COPPER_PVC,2024-07-28,2024-07-28,0,0.00,0.6794,0.6794,0,0,FRESH,yes,,,1.5
55022,SKU:55022,COPPER_WIRE,COPPER_PVC,2024-07-28,2024-07-28,0,0.00,0.6794,0.6794,0,0,FRESH,yes,,,1.5
55022,SKU:55022,COPPER_WIRE,COPPER_PVC,2024-07-28,2024-08-29,32,1.03,0.6794,0.6622,-0.0172,-2.5316,FRESH,yes,,,1.5
55022,SKU:55022,COPPER_WIRE,COPPER_PVC,2024-08-29,2024-08-29,0,0.00,0.6622,0.6622,0,0,FRESH,yes,,,1.5
55022,SKU:55022,COPPER_WIRE,COPPER_PVC,2024-08-29,2024-08-29,0,0.00,0.6622,0.6622,0,0,FRESH,yes,,,1.5
55022,SKU:55022,COPPER_WIRE,COPPER_PVC,2024-08-29,2024-09-30,32,1.03,0.6622,0.6622,0,0,FRESH,yes,,,1.5
55022,SKU:55022,COPPER_WIRE,COPPER_PVC,2024-09-30,2024-09-30,0,0.00,0.6622,0.6622,0,0,FRESH,yes,,,1.5
55022,SKU:55022,COPPER_WIRE,COPPER_PVC,2024-09-30,2024-09-30,0,0.00,0.6622,0.6622,0,0,FRESH,yes,,,1.5
55022,SKU:55022,COPPER_WIRE,COPPER_PVC,2024-09-30,2024-09-30,0,0.00,0.6622,0.6622,0,0,FRESH,yes,,,1.5
55022,SKU:55022,COPPER_WIRE,COPPER_PVC,2024-09-30,2024-10-31,31,1.03,0.6622,0.6966,0.0344,5.1948,FRESH,yes,,,1.5
55022,SKU:55022,COPPER_WIRE,COPPER_PVC,2024-10-31,2024-10-31,0,0.00,0.6966,0.6966,0,0,FRESH,yes,,,1.5
55022,SKU:55022,COPPER_WIRE,COPPER_PVC,2024-10-31,2024-11-28,28,0.90,0.6966,0.6966,0,0,FRESH,yes,,,1.5
55022,SKU:55022,COPPER_WIRE,COPPER_PVC,2024-11-28,2024-12-29,31,1.03,0.6966,0.64,-0.0566,-8.1252,FRESH,yes,,,1.5
55022,SKU:55022,COPPER_WIRE,COPPER_PVC,2024-12-29,2025-01-28,30,0.97,0.64,0.62,-0.02,-3.125,FRESH,yes,,,1.5
55022,SKU:55022,COPPER_WIRE,COPPER_PVC,2025-01-28,2025-02-26,29,0.93,0.62,0.62,0,0,FRESH,yes,,,1.5
55022,SKU:55022,COPPER_WIRE,COPPER_PVC,2025-02-26,2025-02-26,0,0.00,0.62,0.62,0,0,FRESH,yes,,,1.5
5951041,SKU:5951041,N2XY_COPPER_CABLE,COPPER,2019-01-27,2019-01-27,0,0.00,2.86,2.86,0,0,FRESH,yes,N2XY,5,1.5
5951041,SKU:5951041,N2XY_COPPER_CABLE,COPPER,2019-01-27,2019-07-28,182,6.03,2.86,2.808,-0.052,-1.8182,STALE,no,N2XY,5,1.5
5951041,SKU:5951041,N2XY_COPPER_CABLE,COPPER,2019-07-28,2020-01-28,184,6.00,2.808,2.585,-0.223,-7.9416,STALE,no,N2XY,5,1.5
5951041,SKU:5951041,N2XY_COPPER_CABLE,COPPER,2020-01-28,2020-02-27,30,0.97,2.585,2.585,0,0,FRESH,yes,N2XY,5,1.5
5951041,SKU:5951041,N2XY_COPPER_CABLE,COPPER,2020-02-27,2020-02-27,0,0.00,2.585,2.585,0,0,FRESH,yes,N2XY,5,1.5
5951041,SKU:5951041,N2XY_COPPER_CABLE,COPPER,2020-02-27,2020-03-29,31,1.07,2.585,2.444,-0.141,-5.4545,FRESH,yes,N2XY,5,1.5
5951041,SKU:5951041,N2XY_COPPER_CABLE,COPPER,2020-03-29,2020-03-29,0,0.00,2.444,2.444,0,0,FRESH,yes,N2XY,5,1.5
5951041,SKU:5951041,N2XY_COPPER_CABLE,COPPER,2020-03-29,2020-04-30,32,1.03,2.444,2.538,0.094,3.8462,FRESH,yes,N2XY,5,1.5
5951041,SKU:5951041,N2XY_COPPER_CABLE,COPPER,2020-04-30,2020-09-24,147,4.80,2.538,2.679,0.141,5.5556,STALE,no,N2XY,5,1.5
5951041,SKU:5951041,N2XY_COPPER_CABLE,COPPER,2020-09-24,2020-09-24,0,0.00,2.679,2.679,0,0,FRESH,yes,N2XY,5,1.5
5951041,SKU:5951041,N2XY_COPPER_CABLE,COPPER,2020-09-24,2020-10-22,28,0.93,2.679,2.867,0.188,7.0175,FRESH,yes,N2XY,5,1.5
5951041,SKU:5951041,N2XY_COPPER_CABLE,COPPER,2020-10-22,2020-10-22,0,0.00,2.867,2.867,0,0,FRESH,yes,N2XY,5,1.5
5951041,SKU:5951041,N2XY_COPPER_CABLE,COPPER,2020-10-22,2020-11-26,35,1.13,2.867,3.008,0.141,4.918,FRESH,yes,N2XY,5,1.5
5951041,SKU:5951041,N2XY_COPPER_CABLE,COPPER,2020-11-26,2020-12-30,34,1.13,3.008,3.149,0.141,4.6875,FRESH,yes,N2XY,5,1.5
5951041,SKU:5951041,N2XY_COPPER_CABLE,COPPER,2020-12-30,2020-12-30,0,0.00,3.149,3.149,0,0,FRESH,yes,N2XY,5,1.5
5951041,SKU:5951041,N2XY_COPPER_CABLE,COPPER,2020-12-30,2021-05-27,148,4.90,3.149,3.9884,0.8394,26.6561,STALE,no,N2XY,5,1.5
5951041,SKU:5951041,N2XY_COPPER_CABLE,COPPER,2021-05-27,2021-06-30,34,1.10,3.9884,3.7856,-0.2028,-5.0847,FRESH,yes,N2XY,5,1.5
5951041,SKU:5951041,N2XY_COPPER_CABLE,COPPER,2021-06-30,2021-06-30,0,0.00,3.7856,3.7856,0,0,FRESH,yes,N2XY,5,1.5
5951041,SKU:5951041,N2XY_COPPER_CABLE,COPPER,2021-06-30,2021-06-30,0,0.00,3.7856,3.7856,0,0,FRESH,yes,N2XY,5,1.5
5951041,SKU:5951041,N2XY_COPPER_CABLE,COPPER,2021-06-30,2021-07-28,28,0.93,3.7856,3.718,-0.0676,-1.7857,FRESH,yes,N2XY,5,1.5
5951041,SKU:5951041,N2XY_COPPER_CABLE,COPPER,2021-07-28,2021-07-28,0,0.00,3.718,3.718,0,0,FRESH,yes,N2XY,5,1.5
5951041,SKU:5951041,N2XY_COPPER_CABLE,COPPER,2021-07-28,2021-10-27,91,2.97,3.718,3.718,0,0,MODERATE,yes,N2XY,5,1.5
5951041,SKU:5951041,N2XY_COPPER_CABLE,COPPER,2021-10-27,2021-10-27,0,0.00,3.718,3.718,0,0,FRESH,yes,N2XY,5,1.5
5951041,SKU:5951041,N2XY_COPPER_CABLE,COPPER,2021-10-27,2021-11-25,29,0.93,3.718,3.9208,0.2028,5.4545,FRESH,yes,N2XY,5,1.5
5951041,SKU:5951041,N2XY_COPPER_CABLE,COPPER,2021-11-25,2022-04-27,153,5.07,3.9208,3.9875,0.0667,1.7012,STALE,no,N2XY,5,1.5
5951041,SKU:5951041,N2XY_COPPER_CABLE,COPPER,2022-04-27,2022-04-27,0,0.00,3.9875,3.9875,0,0,FRESH,yes,N2XY,5,1.5
5951041,SKU:5951041,N2XY_COPPER_CABLE,COPPER,2022-04-27,2022-04-27,0,0.00,3.9875,3.9875,0,0,FRESH,yes,N2XY,5,1.5
5951041,SKU:5951041,N2XY_COPPER_CABLE,COPPER,2022-04-27,2022-04-27,0,0.00,3.9875,3.9875,0,0,FRESH,yes,N2XY,5,1.5
5951041,SKU:5951041,N2XY_COPPER_CABLE,COPPER,2022-04-27,2022-04-27,0,0.00,3.9875,4.433,0.4455,11.1724,FRESH,yes,N2XY,5,1.5
5951041,SKU:5951041,N2XY_COPPER_CABLE,COPPER,2022-04-27,2022-06-27,61,2.00,4.433,4.433,0,0,MODERATE,yes,N2XY,5,1.5
5951041,SKU:5951041,N2XY_COPPER_CABLE,COPPER,2022-06-27,2022-07-26,29,0.97,4.433,4.0716,-0.3614,-8.1525,FRESH,yes,N2XY,5,1.5
5951041,SKU:5951041,N2XY_COPPER_CABLE,COPPER,2022-07-26,2022-08-25,30,0.97,4.0716,3.9933,-0.0783,-1.9231,FRESH,yes,N2XY,5,1.5
5951041,SKU:5951041,N2XY_COPPER_CABLE,COPPER,2022-08-25,2022-09-28,34,1.10,3.9933,3.6801,-0.3132,-7.8431,FRESH,yes,N2XY,5,1.5
5951041,SKU:5951041,N2XY_COPPER_CABLE,COPPER,2022-09-28,2022-09-28,0,0.00,3.6801,3.6801,0,0,FRESH,yes,N2XY,5,1.5
5951041,SKU:5951041,N2XY_COPPER_CABLE,COPPER,2022-09-28,2022-10-27,29,0.97,3.6801,3.6801,0,0,FRESH,yes,N2XY,5,1.5
5951041,SKU:5951041,N2XY_COPPER_CABLE,COPPER,2022-10-27,2022-11-27,31,1.00,3.6801,3.6801,0,0,FRESH,yes,N2XY,5,1.5
5951041,SKU:5951041,N2XY_COPPER_CABLE,COPPER,2022-11-27,2022-11-27,0,0.00,3.6801,3.6801,0,0,FRESH,yes,N2XY,5,1.5
5951041,SKU:5951041,N2XY_COPPER_CABLE,COPPER,2022-11-27,2022-11-27,0,0.00,3.6801,3.6801,0,0,FRESH,yes,N2XY,5,1.5
5951041,SKU:5951041,N2XY_COPPER_CABLE,COPPER,2022-11-27,2022-11-27,0,0.00,3.6801,3.6801,0,0,FRESH,yes,N2XY,5,1.5
5951041,SKU:5951041,N2XY_COPPER_CABLE,COPPER,2022-11-27,2022-12-29,32,1.07,3.6801,3.6801,0,0,FRESH,yes,N2XY,5,1.5
5951041,SKU:5951041,N2XY_COPPER_CABLE,COPPER,2022-12-29,2022-12-29,0,0.00,3.6801,3.6801,0,0,FRESH,yes,N2XY,5,1.5
5951041,SKU:5951041,N2XY_COPPER_CABLE,COPPER,2022-12-29,2022-12-29,0,0.00,3.6801,3.6801,0,0,FRESH,yes,N2XY,5,1.5
5951041,SKU:5951041,N2XY_COPPER_CABLE,COPPER,2022-12-29,2023-02-28,61,1.97,3.6801,3.871,0.1909,5.1874,MODERATE,yes,N2XY,5,1.5
5951041,SKU:5951041,N2XY_COPPER_CABLE,COPPER,2023-02-28,2023-02-28,0,0.00,3.871,3.871,0,0,FRESH,yes,N2XY,5,1.5
5951041,SKU:5951041,N2XY_COPPER_CABLE,COPPER,2023-02-28,2023-04-27,58,1.97,3.871,4.029,0.158,4.0816,MODERATE,yes,N2XY,5,1.5
5951041,SKU:5951041,N2XY_COPPER_CABLE,COPPER,2023-04-27,2023-05-28,31,1.03,4.029,4.029,0,0,FRESH,yes,N2XY,5,1.5
5951041,SKU:5951041,N2XY_COPPER_CABLE,COPPER,2023-05-28,2023-05-28,0,0.00,4.029,4.029,0,0,FRESH,yes,N2XY,5,1.5
5951041,SKU:5951041,N2XY_COPPER_CABLE,COPPER,2023-05-28,2023-05-28,0,0.00,4.029,4.029,0,0,FRESH,yes,N2XY,5,1.5
5951041,SKU:5951041,N2XY_COPPER_CABLE,COPPER,2023-05-28,2023-05-28,0,0.00,4.029,4.029,0,0,FRESH,yes,N2XY,5,1.5
5951041,SKU:5951041,N2XY_COPPER_CABLE,COPPER,2023-05-28,2023-05-28,0,0.00,4.029,4.029,0,0,FRESH,yes,N2XY,5,1.5
5951041,SKU:5951041,N2XY_COPPER_CABLE,COPPER,2023-05-28,2023-06-29,32,1.03,4.029,3.95,-0.079,-1.9608,FRESH,yes,N2XY,5,1.5
5951041,SKU:5951041,N2XY_COPPER_CABLE,COPPER,2023-06-29,2023-06-29,0,0.00,3.95,3.95,0,0,FRESH,yes,N2XY,5,1.5
5951041,SKU:5951041,N2XY_COPPER_CABLE,COPPER,2023-06-29,2023-07-27,28,0.93,3.95,3.871,-0.079,-2,FRESH,yes,N2XY,5,1.5
5951041,SKU:5951041,N2XY_COPPER_CABLE,COPPER,2023-07-27,2023-08-29,33,1.07,3.871,4.187,0.316,8.1633,FRESH,yes,N2XY,5,1.5
5951041,SKU:5951041,N2XY_COPPER_CABLE,COPPER,2023-08-29,2023-09-28,30,0.97,4.187,4.029,-0.158,-3.7736,FRESH,yes,N2XY,5,1.5
5951041,SKU:5951041,N2XY_COPPER_CABLE,COPPER,2023-09-28,2023-12-31,94,3.10,4.029,3.95,-0.079,-1.9608,MODERATE,yes,N2XY,5,1.5
5951041,SKU:5951041,N2XY_COPPER_CABLE,COPPER,2023-12-31,2024-01-28,28,0.90,3.95,3.8625,-0.0875,-2.2152,FRESH,yes,N2XY,5,1.5
5951041,SKU:5951041,N2XY_COPPER_CABLE,COPPER,2024-01-28,2024-02-28,31,1.00,3.8625,3.85,-0.0125,-0.3236,FRESH,yes,N2XY,5,1.5
5951041,SKU:5951041,N2XY_COPPER_CABLE,COPPER,2024-02-28,2024-02-28,0,0.00,3.85,3.85,0,0,FRESH,yes,N2XY,5,1.5
5951041,SKU:5951041,N2XY_COPPER_CABLE,COPPER,2024-02-28,2024-04-30,62,2.07,3.85,3.8625,0.0125,0.3247,MODERATE,yes,N2XY,5,1.5
5951041,SKU:5951041,N2XY_COPPER_CABLE,COPPER,2024-04-30,2024-05-29,29,0.97,3.8625,4.2265,0.364,9.4239,FRESH,yes,N2XY,5,1.5
5951041,SKU:5951041,N2XY_COPPER_CABLE,COPPER,2024-05-29,2024-06-27,29,0.93,4.2265,4.2581,0.0316,0.7477,FRESH,yes,N2XY,5,1.5
5951041,SKU:5951041,N2XY_COPPER_CABLE,COPPER,2024-06-27,2024-06-27,0,0.00,4.2581,4.2581,0,0,FRESH,yes,N2XY,5,1.5
5951041,SKU:5951041,N2XY_COPPER_CABLE,COPPER,2024-06-27,2024-08-29,63,2.07,4.2581,4.1503,-0.1078,-2.5316,MODERATE,yes,N2XY,5,1.5
5951041,SKU:5951041,N2XY_COPPER_CABLE,COPPER,2024-08-29,2024-09-30,32,1.03,4.1503,4.1503,0,0,FRESH,yes,N2XY,5,1.5
5951041,SKU:5951041,N2XY_COPPER_CABLE,COPPER,2024-09-30,2024-10-31,31,1.03,4.1503,4.3659,0.2156,5.1948,FRESH,yes,N2XY,5,1.5
5951041,SKU:5951041,N2XY_COPPER_CABLE,COPPER,2024-10-31,2024-10-31,0,0.00,4.3659,4.3659,0,0,FRESH,yes,N2XY,5,1.5
5951041,SKU:5951041,N2XY_COPPER_CABLE,COPPER,2024-10-31,2025-02-26,118,3.83,4.3659,4.0204,-0.3455,-7.9136,MODERATE,yes,N2XY,5,1.5
5951041,SKU:5951041,N2XY_COPPER_CABLE,COPPER,2025-02-26,2025-02-26,0,0.00,4.0204,4.0204,0,0,FRESH,yes,N2XY,5,1.5
8400013,SKU:8400013,N2XY_COPPER_CABLE,COPPER,2020-01-28,2020-08-27,212,6.97,1.6205,1.8,0.1795,11.0768,STALE,no,N2XY,13,1.5
8400013,SKU:8400013,N2XY_COPPER_CABLE,COPPER,2020-08-27,2020-09-24,28,0.90,1.8,1.852,0.052,2.8889,FRESH,yes,N2XY,13,1.5
8400013,SKU:8400013,N2XY_COPPER_CABLE,COPPER,2020-09-24,2021-04-27,215,7.10,1.852,1.8612,0.0092,0.4968,STALE,no,N2XY,13,1.5
8400013,SKU:8400013,N2XY_COPPER_CABLE,COPPER,2021-04-27,2021-08-26,121,3.97,1.8612,2.1312,0.27,14.5068,STALE,no,N2XY,13,1.5
8400013,SKU:8400013,N2XY_COPPER_CABLE,COPPER,2021-08-26,2022-09-28,398,13.07,2.1312,2.1312,0,0,STALE,no,N2XY,13,1.5
8400013,SKU:8400013,N2XY_COPPER_CABLE,COPPER,2022-09-28,2022-10-27,29,0.97,2.1312,1.55,-0.5812,-27.271,FRESH,yes,N2XY,13,1.5
8400013,SKU:8400013,N2XY_COPPER_CABLE,COPPER,2022-10-27,2022-12-29,63,2.07,1.55,2.1312,0.5812,37.4968,MODERATE,yes,N2XY,13,1.5
8400013,SKU:8400013,N2XY_COPPER_CABLE,COPPER,2022-12-29,2023-03-29,90,3.00,2.1312,2.22,0.0888,4.1667,MODERATE,yes,N2XY,13,1.5
8400013,SKU:8400013,N2XY_COPPER_CABLE,COPPER,2023-03-29,2023-04-27,29,0.93,2.22,2.1312,-0.0888,-4,FRESH,yes,N2XY,13,1.5
8400013,SKU:8400013,N2XY_COPPER_CABLE,COPPER,2023-04-27,2023-08-29,124,4.07,2.1312,2.22,0.0888,4.1667,STALE,no,N2XY,13,1.5
8400013,SKU:8400013,N2XY_COPPER_CABLE,COPPER,2023-08-29,2023-11-28,91,2.97,2.22,2.1312,-0.0888,-4,MODERATE,yes,N2XY,13,1.5
8400013,SKU:8400013,N2XY_COPPER_CABLE,COPPER,2023-11-28,2023-12-31,33,1.10,2.1312,2.22,0.0888,4.1667,FRESH,yes,N2XY,13,1.5
8400013,SKU:8400013,N2XY_COPPER_CABLE,COPPER,2023-12-31,2023-12-31,0,0.00,2.22,2.22,0,0,FRESH,yes,N2XY,13,1.5
8400013,SKU:8400013,N2XY_COPPER_CABLE,COPPER,2023-12-31,2024-01-28,28,0.90,2.22,2.22,0,0,FRESH,yes,N2XY,13,1.5
8400013,SKU:8400013,N2XY_COPPER_CABLE,COPPER,2024-01-28,2024-04-30,93,3.07,2.22,2.22,0,0,MODERATE,yes,N2XY,13,1.5
8400013,SKU:8400013,N2XY_COPPER_CABLE,COPPER,2024-04-30,2024-05-29,29,0.97,2.22,2.22,0,0,FRESH,yes,N2XY,13,1.5
8400013,SKU:8400013,N2XY_COPPER_CABLE,COPPER,2024-05-29,2024-11-28,183,5.97,2.22,2.22,0,0,STALE,no,N2XY,13,1.5
8400013,SKU:8400013,N2XY_COPPER_CABLE,COPPER,2024-11-28,2025-01-28,61,2.00,2.22,2.22,0,0,MODERATE,yes,N2XY,13,1.5
8400013,SKU:8400013,N2XY_COPPER_CABLE,COPPER,2025-01-28,2025-02-26,29,0.93,2.22,2.22,0,0,FRESH,yes,N2XY,13,1.5
3916101,SKU:3916101,N2XY_COPPER_CABLE,COPPER,2019-10-25,2020-01-28,95,3.10,2.95,4.9,1.95,66.1017,MODERATE,yes,N2XY,3,2.5
3916101,SKU:3916101,N2XY_COPPER_CABLE,COPPER,2020-01-28,2020-01-28,0,0.00,4.9,2.95,-1.95,-39.7959,FRESH,yes,N2XY,3,2.5
3916101,SKU:3916101,N2XY_COPPER_CABLE,COPPER,2020-01-28,2020-01-28,0,0.00,2.95,2.95,0,0,FRESH,yes,N2XY,3,2.5
3916101,SKU:3916101,N2XY_COPPER_CABLE,COPPER,2020-01-28,2020-02-27,30,0.97,2.95,2.95,0,0,FRESH,yes,N2XY,3,2.5
3916101,SKU:3916101,N2XY_COPPER_CABLE,COPPER,2020-02-27,2020-06-28,122,4.03,2.95,2.95,0,0,STALE,no,N2XY,3,2.5
3916101,SKU:3916101,N2XY_COPPER_CABLE,COPPER,2020-06-28,2020-07-26,28,0.93,2.95,2.95,0,0,FRESH,yes,N2XY,3,2.5
3916101,SKU:3916101,N2XY_COPPER_CABLE,COPPER,2020-07-26,2020-07-26,0,0.00,2.95,2.95,0,0,FRESH,yes,N2XY,3,2.5
3916101,SKU:3916101,N2XY_COPPER_CABLE,COPPER,2020-07-26,2020-08-27,32,1.03,2.95,2.95,0,0,FRESH,yes,N2XY,3,2.5
3916101,SKU:3916101,N2XY_COPPER_CABLE,COPPER,2020-08-27,2020-10-22,56,1.83,2.95,2.95,0,0,MODERATE,yes,N2XY,3,2.5
3916101,SKU:3916101,N2XY_COPPER_CABLE,COPPER,2020-10-22,2020-12-30,69,2.27,2.95,2.95,0,0,MODERATE,yes,N2XY,3,2.5
3916101,SKU:3916101,N2XY_COPPER_CABLE,COPPER,2020-12-30,2020-12-30,0,0.00,2.95,2.95,0,0,FRESH,yes,N2XY,3,2.5
3916101,SKU:3916101,N2XY_COPPER_CABLE,COPPER,2020-12-30,2020-12-30,0,0.00,2.95,2.95,0,0,FRESH,yes,N2XY,3,2.5
3916101,SKU:3916101,N2XY_COPPER_CABLE,COPPER,2020-12-30,2020-12-30,0,0.00,2.95,2.95,0,0,FRESH,yes,N2XY,3,2.5
3916101,SKU:3916101,N2XY_COPPER_CABLE,COPPER,2020-12-30,2021-01-26,27,0.87,2.95,2.95,0,0,FRESH,yes,N2XY,3,2.5
3916101,SKU:3916101,N2XY_COPPER_CABLE,COPPER,2021-01-26,2021-02-28,33,1.07,2.95,2.95,0,0,FRESH,yes,N2XY,3,2.5
3916101,SKU:3916101,N2XY_COPPER_CABLE,COPPER,2021-02-28,2021-02-28,0,0.00,2.95,2.95,0,0,FRESH,yes,N2XY,3,2.5
3916101,SKU:3916101,N2XY_COPPER_CABLE,COPPER,2021-02-28,2021-02-28,0,0.00,2.95,2.95,0,0,FRESH,yes,N2XY,3,2.5
3916101,SKU:3916101,N2XY_COPPER_CABLE,COPPER,2021-02-28,2021-03-25,25,0.90,2.95,2.95,0,0,FRESH,yes,N2XY,3,2.5
3916101,SKU:3916101,N2XY_COPPER_CABLE,COPPER,2021-03-25,2021-06-30,97,3.17,2.95,2.95,0,0,MODERATE,yes,N2XY,3,2.5
3916101,SKU:3916101,N2XY_COPPER_CABLE,COPPER,2021-06-30,2021-06-30,0,0.00,2.95,2.95,0,0,FRESH,yes,N2XY,3,2.5
3916101,SKU:3916101,N2XY_COPPER_CABLE,COPPER,2021-06-30,2021-08-26,57,1.87,2.95,2.95,0,0,MODERATE,yes,N2XY,3,2.5
3916101,SKU:3916101,N2XY_COPPER_CABLE,COPPER,2021-08-26,2021-10-27,62,2.03,2.95,2.95,0,0,MODERATE,yes,N2XY,3,2.5
3916101,SKU:3916101,N2XY_COPPER_CABLE,COPPER,2021-10-27,2021-12-29,63,2.07,2.95,4.88,1.93,65.4237,MODERATE,yes,N2XY,3,2.5
3916101,SKU:3916101,N2XY_COPPER_CABLE,COPPER,2021-12-29,2022-01-26,28,0.90,4.88,2.95,-1.93,-39.5492,FRESH,yes,N2XY,3,2.5
3916101,SKU:3916101,N2XY_COPPER_CABLE,COPPER,2022-01-26,2022-01-26,0,0.00,2.95,2.95,0,0,FRESH,yes,N2XY,3,2.5
3916101,SKU:3916101,N2XY_COPPER_CABLE,COPPER,2022-01-26,2022-01-26,0,0.00,2.95,2.95,0,0,FRESH,yes,N2XY,3,2.5
3916101,SKU:3916101,N2XY_COPPER_CABLE,COPPER,2022-01-26,2022-02-24,29,0.93,2.95,2.95,0,0,FRESH,yes,N2XY,3,2.5
3916101,SKU:3916101,N2XY_COPPER_CABLE,COPPER,2022-02-24,2022-02-24,0,0.00,2.95,2.95,0,0,FRESH,yes,N2XY,3,2.5
3916101,SKU:3916101,N2XY_COPPER_CABLE,COPPER,2022-02-24,2022-02-24,0,0.00,2.95,2.95,0,0,FRESH,yes,N2XY,3,2.5
3916101,SKU:3916101,N2XY_COPPER_CABLE,COPPER,2022-02-24,2022-04-27,62,2.10,2.95,2.95,0,0,MODERATE,yes,N2XY,3,2.5
3916101,SKU:3916101,N2XY_COPPER_CABLE,COPPER,2022-04-27,2022-04-27,0,0.00,2.95,2.95,0,0,FRESH,yes,N2XY,3,2.5
3916101,SKU:3916101,N2XY_COPPER_CABLE,COPPER,2022-04-27,2022-04-27,0,0.00,2.95,2.95,0,0,FRESH,yes,N2XY,3,2.5
3916101,SKU:3916101,N2XY_COPPER_CABLE,COPPER,2022-04-27,2022-09-28,154,5.03,2.95,2.95,0,0,STALE,no,N2XY,3,2.5
3916101,SKU:3916101,N2XY_COPPER_CABLE,COPPER,2022-09-28,2022-12-29,92,3.03,2.95,4,1.05,35.5932,MODERATE,yes,N2XY,3,2.5
3916101,SKU:3916101,N2XY_COPPER_CABLE,COPPER,2022-12-29,2022-12-29,0,0.00,4,4,0,0,FRESH,yes,N2XY,3,2.5
3916101,SKU:3916101,N2XY_COPPER_CABLE,COPPER,2022-12-29,2023-05-28,150,4.97,4,4,0,0,STALE,no,N2XY,3,2.5
3916101,SKU:3916101,N2XY_COPPER_CABLE,COPPER,2023-05-28,2023-09-28,123,4.00,4,4,0,0,STALE,no,N2XY,3,2.5
3916101,SKU:3916101,N2XY_COPPER_CABLE,COPPER,2023-09-28,2023-09-28,0,0.00,4,4,0,0,FRESH,yes,N2XY,3,2.5
3916101,SKU:3916101,N2XY_COPPER_CABLE,COPPER,2023-09-28,2023-11-28,61,2.00,4,4,0,0,MODERATE,yes,N2XY,3,2.5
3916101,SKU:3916101,N2XY_COPPER_CABLE,COPPER,2023-11-28,2024-01-28,61,2.00,4,4,0,0,MODERATE,yes,N2XY,3,2.5
3916101,SKU:3916101,N2XY_COPPER_CABLE,COPPER,2024-01-28,2024-01-28,0,0.00,4,4,0,0,FRESH,yes,N2XY,3,2.5
3916101,SKU:3916101,N2XY_COPPER_CABLE,COPPER,2024-01-28,2024-03-31,63,2.10,4,5.43,1.43,35.75,MODERATE,yes,N2XY,3,2.5
3916101,SKU:3916101,N2XY_COPPER_CABLE,COPPER,2024-03-31,2024-04-30,30,0.97,5.43,4,-1.43,-26.3352,FRESH,yes,N2XY,3,2.5
3916101,SKU:3916101,N2XY_COPPER_CABLE,COPPER,2024-04-30,2024-04-30,0,0.00,4,5.43,1.43,35.75,FRESH,yes,N2XY,3,2.5
3916101,SKU:3916101,N2XY_COPPER_CABLE,COPPER,2024-04-30,2024-05-29,29,0.97,5.43,5.068,-0.362,-6.6667,FRESH,yes,N2XY,3,2.5
3916101,SKU:3916101,N2XY_COPPER_CABLE,COPPER,2024-05-29,2024-06-27,29,0.93,5.068,4,-1.068,-21.0734,FRESH,yes,N2XY,3,2.5
3916101,SKU:3916101,N2XY_COPPER_CABLE,COPPER,2024-06-27,2024-06-27,0,0.00,4,4,0,0,FRESH,yes,N2XY,3,2.5
3916101,SKU:3916101,N2XY_COPPER_CABLE,COPPER,2024-06-27,2024-08-29,63,2.07,4,2.56,-1.44,-36,MODERATE,yes,N2XY,3,2.5
3916101,SKU:3916101,N2XY_COPPER_CABLE,COPPER,2024-08-29,2024-08-29,0,0.00,2.56,2.56,0,0,FRESH,yes,N2XY,3,2.5
3916101,SKU:3916101,N2XY_COPPER_CABLE,COPPER,2024-08-29,2024-08-29,0,0.00,2.56,2.56,0,0,FRESH,yes,N2XY,3,2.5
3916101,SKU:3916101,N2XY_COPPER_CABLE,COPPER,2024-08-29,2025-02-26,181,5.90,2.56,5.068,2.508,97.9687,STALE,no,N2XY,3,2.5
5951040,SKU:5951040,N2XY_COPPER_CABLE,COPPER,2021-07-28,2022-01-26,182,5.93,3.839,4.114,0.275,7.1633,STALE,no,N2XY,5,1.5
5951040,SKU:5951040,N2XY_COPPER_CABLE,COPPER,2022-01-26,2023-09-28,610,20.07,4.114,4.1718,0.0578,1.405,STALE,no,N2XY,5,1.5
5951040,SKU:5951040,N2XY_COPPER_CABLE,COPPER,2023-09-28,2024-06-27,273,8.97,4.1718,4.3924,0.2206,5.2879,STALE,no,N2XY,5,1.5
5951040,SKU:5951040,N2XY_COPPER_CABLE,COPPER,2024-06-27,2025-02-26,244,7.97,4.3924,4.104,-0.2884,-6.5659,STALE,no,N2XY,5,1.5
5951120,SKU:5951120,N2XY_COPPER_CABLE,COPPER,2020-09-24,2021-07-28,307,10.13,6.4809,8.987,2.5061,38.669,STALE,no,N2XY,5,4
5951120,SKU:5951120,N2XY_COPPER_CABLE,COPPER,2021-07-28,2022-09-28,427,14.00,8.987,8.9018,-0.0852,-0.948,STALE,no,N2XY,5,4
5951120,SKU:5951120,N2XY_COPPER_CABLE,COPPER,2022-09-28,2023-06-29,274,9.03,8.9018,9.475,0.5732,6.4391,STALE,no,N2XY,5,4
5951120,SKU:5951120,N2XY_COPPER_CABLE,COPPER,2023-06-29,2023-07-27,28,0.93,9.475,9.6645,0.1895,2,FRESH,yes,N2XY,5,4
5951120,SKU:5951120,N2XY_COPPER_CABLE,COPPER,2023-07-27,2024-02-28,216,7.03,9.6645,9.0216,-0.6429,-6.6522,STALE,no,N2XY,5,4
5951120,SKU:5951120,N2XY_COPPER_CABLE,COPPER,2024-02-28,2024-02-28,0,0.00,9.0216,8.85,-0.1716,-1.9021,FRESH,yes,N2XY,5,4
5951120,SKU:5951120,N2XY_COPPER_CABLE,COPPER,2024-02-28,2024-04-30,62,2.07,8.85,9.3975,0.5475,6.1864,MODERATE,yes,N2XY,5,4
5951120,SKU:5951120,N2XY_COPPER_CABLE,COPPER,2024-04-30,2024-08-29,121,3.97,9.3975,10.1409,0.7434,7.9106,STALE,no,N2XY,5,4
5951120,SKU:5951120,N2XY_COPPER_CABLE,COPPER,2024-08-29,2024-10-31,63,2.07,10.1409,10.7994,0.6585,6.4935,MODERATE,yes,N2XY,5,4
5951120,SKU:5951120,N2XY_COPPER_CABLE,COPPER,2024-10-31,2024-11-28,28,0.90,10.7994,10.6677,-0.1317,-1.2195,FRESH,yes,N2XY,5,4
5951120,SKU:5951120,N2XY_COPPER_CABLE,COPPER,2024-11-28,2025-01-28,61,2.00,10.6677,9.7405,-0.9272,-8.6917,MODERATE,yes,N2XY,5,4
59511201,SKU:59511201,N2XY_COPPER_CABLE,COPPER,2017-10-03,2018-11-27,420,13.80,6.6528,6.612,-0.0408,-0.6133,STALE,no,N2XY,5,4
59511201,SKU:59511201,N2XY_COPPER_CABLE,COPPER,2018-11-27,2018-12-31,34,1.13,6.612,6.612,0,0,FRESH,yes,N2XY,5,4
59511201,SKU:59511201,N2XY_COPPER_CABLE,COPPER,2018-12-31,2020-01-28,393,12.90,6.612,6.0335,-0.5785,-8.7492,STALE,no,N2XY,5,4
59511201,SKU:59511201,N2XY_COPPER_CABLE,COPPER,2020-01-28,2020-02-27,30,0.97,6.0335,6.0335,0,0,FRESH,yes,N2XY,5,4
59511201,SKU:59511201,N2XY_COPPER_CABLE,COPPER,2020-02-27,2020-04-30,63,2.10,6.0335,5.9238,-0.1097,-1.8182,MODERATE,yes,N2XY,5,4
59511201,SKU:59511201,N2XY_COPPER_CABLE,COPPER,2020-04-30,2020-10-22,175,5.73,5.9238,6.8014,0.8776,14.8148,STALE,no,N2XY,5,4
59511201,SKU:59511201,N2XY_COPPER_CABLE,COPPER,2020-10-22,2020-12-30,69,2.27,6.8014,7.3499,0.5485,8.0645,MODERATE,yes,N2XY,5,4
59511201,SKU:59511201,N2XY_COPPER_CABLE,COPPER,2020-12-30,2021-04-27,118,3.90,7.3499,8.034,0.6841,9.3076,MODERATE,yes,N2XY,5,4
59511201,SKU:59511201,N2XY_COPPER_CABLE,COPPER,2021-04-27,2021-05-27,30,1.00,8.034,9.4813,1.4473,18.0147,FRESH,yes,N2XY,5,4
59511201,SKU:59511201,N2XY_COPPER_CABLE,COPPER,2021-05-27,2022-04-27,335,11.00,9.4813,9.4875,0.0062,0.0654,STALE,no,N2XY,5,4
59511201,SKU:59511201,N2XY_COPPER_CABLE,COPPER,2022-04-27,2022-11-27,214,7.00,9.4875,8.6762,-0.8113,-8.5513,STALE,no,N2XY,5,4
59511201,SKU:59511201,N2XY_COPPER_CABLE,COPPER,2022-11-27,2022-12-29,32,1.07,8.6762,8.6762,0,0,FRESH,yes,N2XY,5,4
59511201,SKU:59511201,N2XY_COPPER_CABLE,COPPER,2022-12-29,2023-05-28,150,4.97,8.6762,9.3993,0.7231,8.3343,STALE,no,N2XY,5,4
59511201,SKU:59511201,N2XY_COPPER_CABLE,COPPER,2023-05-28,2023-05-28,0,0.00,9.3993,9.3993,0,0,FRESH,yes,N2XY,5,4
59511201,SKU:59511201,N2XY_COPPER_CABLE,COPPER,2023-05-28,2023-07-27,60,1.97,9.3993,9.3993,0,0,MODERATE,yes,N2XY,5,4
59511201,SKU:59511201,N2XY_COPPER_CABLE,COPPER,2023-07-27,2024-03-31,248,8.13,9.3993,9.0058,-0.3935,-4.1865,STALE,no,N2XY,5,4
59511201,SKU:59511201,N2XY_COPPER_CABLE,COPPER,2024-03-31,2024-05-29,59,1.93,9.0058,10.191,1.1852,13.1604,MODERATE,yes,N2XY,5,4
59511201,SKU:59511201,N2XY_COPPER_CABLE,COPPER,2024-05-29,2024-12-29,214,7.00,10.191,10.191,0,0,STALE,no,N2XY,5,4
59511201,SKU:59511201,N2XY_COPPER_CABLE,COPPER,2024-12-29,2025-01-28,30,0.97,10.191,9.6635,-0.5275,-5.1761,FRESH,yes,N2XY,5,4
210480,SKU:210480,COPPER_WIRE,COPPER_PVC,2018-12-31,2019-03-29,88,2.93,11,11,0,0,MODERATE,yes,,,560131
210480,SKU:210480,COPPER_WIRE,COPPER_PVC,2019-03-29,2019-09-24,179,5.83,11,10.516,-0.484,-4.4,STALE,no,,,560131
210480,SKU:210480,COPPER_WIRE,COPPER_PVC,2019-09-24,2020-04-30,219,7.20,10.516,8,-2.516,-23.9254,STALE,no,,,560131
210480,SKU:210480,COPPER_WIRE,COPPER_PVC,2020-04-30,2020-07-26,87,2.87,8,9.9,1.9,23.75,MODERATE,yes,,,560131
210480,SKU:210480,COPPER_WIRE,COPPER_PVC,2020-07-26,2020-07-26,0,0.00,9.9,9.9,0,0,FRESH,yes,,,560131
210480,SKU:210480,COPPER_WIRE,COPPER_PVC,2020-07-26,2020-08-27,32,1.03,9.9,11,1.1,11.1111,FRESH,yes,,,560131
210480,SKU:210480,COPPER_WIRE,COPPER_PVC,2020-08-27,2020-08-27,0,0.00,11,11,0,0,FRESH,yes,,,560131
210480,SKU:210480,COPPER_WIRE,COPPER_PVC,2020-08-27,2020-09-24,28,0.90,11,9.68,-1.32,-12,FRESH,yes,,,560131
210480,SKU:210480,COPPER_WIRE,COPPER_PVC,2020-09-24,2020-09-24,0,0.00,9.68,9.68,0,0,FRESH,yes,,,560131
210480,SKU:210480,COPPER_WIRE,COPPER_PVC,2020-09-24,2020-10-22,28,0.93,9.68,9.9,0.22,2.2727,FRESH,yes,,,560131
210480,SKU:210480,COPPER_WIRE,COPPER_PVC,2020-10-22,2020-11-26,35,1.13,9.9,9.9,0,0,FRESH,yes,,,560131
210480,SKU:210480,COPPER_WIRE,COPPER_PVC,2020-11-26,2020-11-26,0,0.00,9.9,9.9,0,0,FRESH,yes,,,560131
210480,SKU:210480,COPPER_WIRE,COPPER_PVC,2020-11-26,2020-11-26,0,0.00,9.9,9.9,0,0,FRESH,yes,,,560131
210480,SKU:210480,COPPER_WIRE,COPPER_PVC,2020-11-26,2020-12-30,34,1.13,9.9,9.24,-0.66,-6.6667,FRESH,yes,,,560131
210480,SKU:210480,COPPER_WIRE,COPPER_PVC,2020-12-30,2020-12-30,0,0.00,9.24,9.9,0.66,7.1429,FRESH,yes,,,560131
210480,SKU:210480,COPPER_WIRE,COPPER_PVC,2020-12-30,2020-12-30,0,0.00,9.9,8.8,-1.1,-11.1111,FRESH,yes,,,560131
210480,SKU:210480,COPPER_WIRE,COPPER_PVC,2020-12-30,2020-12-30,0,0.00,8.8,9.68,0.88,10,FRESH,yes,,,560131
210480,SKU:210480,COPPER_WIRE,COPPER_PVC,2020-12-30,2021-01-26,27,0.87,9.68,9.68,0,0,FRESH,yes,,,560131
210480,SKU:210480,COPPER_WIRE,COPPER_PVC,2021-01-26,2021-03-25,58,1.97,9.68,9.9,0.22,2.2727,MODERATE,yes,,,560131
210480,SKU:210480,COPPER_WIRE,COPPER_PVC,2021-03-25,2021-04-27,33,1.07,9.9,9.68,-0.22,-2.2222,FRESH,yes,,,560131
210480,SKU:210480,COPPER_WIRE,COPPER_PVC,2021-04-27,2021-05-27,30,1.00,9.68,9.9,0.22,2.2727,FRESH,yes,,,560131
210480,SKU:210480,COPPER_WIRE,COPPER_PVC,2021-05-27,2021-06-30,34,1.10,9.9,9.24,-0.66,-6.6667,FRESH,yes,,,560131
210480,SKU:210480,COPPER_WIRE,COPPER_PVC,2021-06-30,2021-06-30,0,0.00,9.24,9.9,0.66,7.1429,FRESH,yes,,,560131
210480,SKU:210480,COPPER_WIRE,COPPER_PVC,2021-06-30,2021-07-28,28,0.93,9.9,8.955,-0.945,-9.5455,FRESH,yes,,,560131
210480,SKU:210480,COPPER_WIRE,COPPER_PVC,2021-07-28,2021-10-27,91,2.97,8.955,8.5968,-0.3582,-4,MODERATE,yes,,,560131
210480,SKU:210480,COPPER_WIRE,COPPER_PVC,2021-10-27,2021-10-27,0,0.00,8.5968,8.5968,0,0,FRESH,yes,,,560131
210480,SKU:210480,COPPER_WIRE,COPPER_PVC,2021-10-27,2021-11-25,29,0.93,8.5968,8.955,0.3582,4.1667,FRESH,yes,,,560131
210480,SKU:210480,COPPER_WIRE,COPPER_PVC,2021-11-25,2021-11-25,0,0.00,8.955,8.955,0,0,FRESH,yes,,,560131
210480,SKU:210480,COPPER_WIRE,COPPER_PVC,2021-11-25,2021-12-29,34,1.13,8.955,8.96,0.005,0.0558,FRESH,yes,,,560131
210480,SKU:210480,COPPER_WIRE,COPPER_PVC,2021-12-29,2021-12-29,0,0.00,8.96,8.96,0,0,FRESH,yes,,,560131
210480,SKU:210480,COPPER_WIRE,COPPER_PVC,2021-12-29,2022-01-26,28,0.90,8.96,8.955,-0.005,-0.0558,FRESH,yes,,,560131
210480,SKU:210480,COPPER_WIRE,COPPER_PVC,2022-01-26,2022-02-24,29,0.93,8.955,8.955,0,0,FRESH,yes,,,560131
210480,SKU:210480,COPPER_WIRE,COPPER_PVC,2022-02-24,2022-02-24,0,0.00,8.955,8.955,0,0,FRESH,yes,,,560131
210480,SKU:210480,COPPER_WIRE,COPPER_PVC,2022-02-24,2022-02-24,0,0.00,8.955,8.955,0,0,FRESH,yes,,,560131
210480,SKU:210480,COPPER_WIRE,COPPER_PVC,2022-02-24,2022-04-27,62,2.10,8.955,8.955,0,0,MODERATE,yes,,,560131
210480,SKU:210480,COPPER_WIRE,COPPER_PVC,2022-04-27,2022-04-27,0,0.00,8.955,8.955,0,0,FRESH,yes,,,560131
210480,SKU:210480,COPPER_WIRE,COPPER_PVC,2022-04-27,2022-04-27,0,0.00,8.955,8.955,0,0,FRESH,yes,,,560131
210480,SKU:210480,COPPER_WIRE,COPPER_PVC,2022-04-27,2022-06-27,61,2.00,8.955,8.955,0,0,MODERATE,yes,,,560131
210480,SKU:210480,COPPER_WIRE,COPPER_PVC,2022-06-27,2022-06-27,0,0.00,8.955,8.955,0,0,FRESH,yes,,,560131
210480,SKU:210480,COPPER_WIRE,COPPER_PVC,2022-06-27,2022-07-26,29,0.97,8.955,8.955,0,0,FRESH,yes,,,560131
210480,SKU:210480,COPPER_WIRE,COPPER_PVC,2022-07-26,2022-08-25,30,0.97,8.955,8.955,0,0,FRESH,yes,,,560131
210480,SKU:210480,COPPER_WIRE,COPPER_PVC,2022-08-25,2022-08-25,0,0.00,8.955,8.955,0,0,FRESH,yes,,,560131
210480,SKU:210480,COPPER_WIRE,COPPER_PVC,2022-08-25,2022-09-28,34,1.10,8.955,8.955,0,0,FRESH,yes,,,560131
210480,SKU:210480,COPPER_WIRE,COPPER_PVC,2022-09-28,2022-09-28,0,0.00,8.955,8.955,0,0,FRESH,yes,,,560131
210480,SKU:210480,COPPER_WIRE,COPPER_PVC,2022-09-28,2022-10-27,29,0.97,8.955,8.955,0,0,FRESH,yes,,,560131
210480,SKU:210480,COPPER_WIRE,COPPER_PVC,2022-10-27,2022-11-27,31,1.00,8.955,8.955,0,0,FRESH,yes,,,560131
210480,SKU:210480,COPPER_WIRE,COPPER_PVC,2022-11-27,2022-12-29,32,1.07,8.955,8.5968,-0.3582,-4,FRESH,yes,,,560131
210480,SKU:210480,COPPER_WIRE,COPPER_PVC,2022-12-29,2022-12-29,0,0.00,8.5968,8.5968,0,0,FRESH,yes,,,560131
210480,SKU:210480,COPPER_WIRE,COPPER_PVC,2022-12-29,2022-12-29,0,0.00,8.5968,8.955,0.3582,4.1667,FRESH,yes,,,560131
210480,SKU:210480,COPPER_WIRE,COPPER_PVC,2022-12-29,2022-12-29,0,0.00,8.955,8.955,0,0,FRESH,yes,,,560131
210480,SKU:210480,COPPER_WIRE,COPPER_PVC,2022-12-29,2023-06-29,182,6.00,8.955,8.955,0,0,STALE,no,,,560131
210480,SKU:210480,COPPER_WIRE,COPPER_PVC,2023-06-29,2023-07-27,28,0.93,8.955,8.955,0,0,FRESH,yes,,,560131
210480,SKU:210480,COPPER_WIRE,COPPER_PVC,2023-07-27,2023-12-31,157,5.13,8.955,8.955,0,0,STALE,no,,,560131
210480,SKU:210480,COPPER_WIRE,COPPER_PVC,2023-12-31,2024-05-29,150,4.93,8.955,8.955,0,0,STALE,no,,,560131
210480,SKU:210480,COPPER_WIRE,COPPER_PVC,2024-05-29,2024-05-29,0,0.00,8.955,8.955,0,0,FRESH,yes,,,560131
210480,SKU:210480,COPPER_WIRE,COPPER_PVC,2024-05-29,2024-08-29,92,3.00,8.955,8.955,0,0,MODERATE,yes,,,560131
210480,SKU:210480,COPPER_WIRE,COPPER_PVC,2024-08-29,2024-09-30,32,1.03,8.955,8.955,0,0,FRESH,yes,,,560131
210480,SKU:210480,COPPER_WIRE,COPPER_PVC,2024-09-30,2024-09-30,0,0.00,8.955,8.955,0,0,FRESH,yes,,,560131
210480,SKU:210480,COPPER_WIRE,COPPER_PVC,2024-09-30,2024-10-31,31,1.03,8.955,8.955,0,0,FRESH,yes,,,560131
210480,SKU:210480,COPPER_WIRE,COPPER_PVC,2024-10-31,2024-10-31,0,0.00,8.955,8.955,0,0,FRESH,yes,,,560131
210480,SKU:210480,COPPER_WIRE,COPPER_PVC,2024-10-31,2024-11-28,28,0.90,8.955,8.955,0,0,FRESH,yes,,,560131
210480,SKU:210480,COPPER_WIRE,COPPER_PVC,2024-11-28,2024-11-28,0,0.00,8.955,8.955,0,0,FRESH,yes,,,560131
210480,SKU:210480,COPPER_WIRE,COPPER_PVC,2024-11-28,2025-01-28,61,2.00,8.955,8.955,0,0,MODERATE,yes,,,560131
55032,SKU:55032,COPPER_WIRE,COPPER_PVC,2017-10-03,2017-10-03,0,0.00,0.6944,0.7056,0.0112,1.6129,FRESH,yes,,,2.5
55032,SKU:55032,COPPER_WIRE,COPPER_PVC,2017-10-03,2017-10-03,0,0.00,0.7056,0.7056,0,0,FRESH,yes,,,2.5
55032,SKU:55032,COPPER_WIRE,COPPER_PVC,2017-10-03,2017-10-03,0,0.00,0.7056,0.6944,-0.0112,-1.5873,FRESH,yes,,,2.5
55032,SKU:55032,COPPER_WIRE,COPPER_PVC,2017-10-03,2018-08-30,331,10.90,0.6944,0.9072,0.2128,30.6452,STALE,no,,,2.5
55032,SKU:55032,COPPER_WIRE,COPPER_PVC,2018-08-30,2018-12-31,123,4.03,0.9072,0.7056,-0.2016,-22.2222,STALE,no,,,2.5
55032,SKU:55032,COPPER_WIRE,COPPER_PVC,2018-12-31,2019-01-27,27,0.87,0.7056,0.7182,0.0126,1.7857,FRESH,yes,,,2.5
55032,SKU:55032,COPPER_WIRE,COPPER_PVC,2019-01-27,2019-01-27,0,0.00,0.7182,0.7182,0,0,FRESH,yes,,,2.5
55032,SKU:55032,COPPER_WIRE,COPPER_PVC,2019-01-27,2019-08-25,210,6.93,0.7182,0.6783,-0.0399,-5.5556,STALE,no,,,2.5
55032,SKU:55032,COPPER_WIRE,COPPER_PVC,2019-08-25,2019-08-25,0,0.00,0.6783,0.6783,0,0,FRESH,yes,,,2.5
55032,SKU:55032,COPPER_WIRE,COPPER_PVC,2019-08-25,2019-09-24,30,0.97,0.6783,0.65,-0.0283,-4.1722,FRESH,yes,,,2.5
55032,SKU:55032,COPPER_WIRE,COPPER_PVC,2019-09-24,2019-09-24,0,0.00,0.65,0.65,0,0,FRESH,yes,,,2.5
55032,SKU:55032,COPPER_WIRE,COPPER_PVC,2019-09-24,2019-09-24,0,0.00,0.65,0.65,0,0,FRESH,yes,,,2.5
55032,SKU:55032,COPPER_WIRE,COPPER_PVC,2019-09-24,2019-09-24,0,0.00,0.65,0.65,0,0,FRESH,yes,,,2.5
55032,SKU:55032,COPPER_WIRE,COPPER_PVC,2019-09-24,2019-09-24,0,0.00,0.65,0.65,0,0,FRESH,yes,,,2.5
55032,SKU:55032,COPPER_WIRE,COPPER_PVC,2019-09-24,2019-09-24,0,0.00,0.65,0.65,0,0,FRESH,yes,,,2.5
55032,SKU:55032,COPPER_WIRE,COPPER_PVC,2019-09-24,2019-10-25,31,1.03,0.65,0.63,-0.02,-3.0769,FRESH,yes,,,2.5
55032,SKU:55032,COPPER_WIRE,COPPER_PVC,2019-10-25,2019-10-25,0,0.00,0.63,0.63,0,0,FRESH,yes,,,2.5
55032,SKU:55032,COPPER_WIRE,COPPER_PVC,2019-10-25,2019-10-25,0,0.00,0.63,0.63,0,0,FRESH,yes,,,2.5
55032,SKU:55032,COPPER_WIRE,COPPER_PVC,2019-10-25,2019-10-25,0,0.00,0.63,0.63,0,0,FRESH,yes,,,2.5
55032,SKU:55032,COPPER_WIRE,COPPER_PVC,2019-10-25,2019-10-25,0,0.00,0.63,0.63,0,0,FRESH,yes,,,2.5
55032,SKU:55032,COPPER_WIRE,COPPER_PVC,2019-10-25,2020-03-29,156,5.13,0.63,0.61,-0.02,-3.1746,STALE,no,,,2.5
55032,SKU:55032,COPPER_WIRE,COPPER_PVC,2020-03-29,2020-03-29,0,0.00,0.61,0.61,0,0,FRESH,yes,,,2.5
55032,SKU:55032,COPPER_WIRE,COPPER_PVC,2020-03-29,2020-04-30,32,1.03,0.61,0.6,-0.01,-1.6393,FRESH,yes,,,2.5
55032,SKU:55032,COPPER_WIRE,COPPER_PVC,2020-04-30,2020-04-30,0,0.00,0.6,0.6,0,0,FRESH,yes,,,2.5
55032,SKU:55032,COPPER_WIRE,COPPER_PVC,2020-04-30,2020-04-30,0,0.00,0.6,0.6,0,0,FRESH,yes,,,2.5
55032,SKU:55032,COPPER_WIRE,COPPER_PVC,2020-04-30,2020-04-30,0,0.00,0.6,0.6,0,0,FRESH,yes,,,2.5
55032,SKU:55032,COPPER_WIRE,COPPER_PVC,2020-04-30,2020-06-28,59,1.93,0.6,0.58,-0.02,-3.3333,MODERATE,yes,,,2.5
55032,SKU:55032,COPPER_WIRE,COPPER_PVC,2020-06-28,2020-06-28,0,0.00,0.58,0.59,0.01,1.7241,FRESH,yes,,,2.5
55032,SKU:55032,COPPER_WIRE,COPPER_PVC,2020-06-28,2020-07-26,28,0.93,0.59,0.6664,0.0764,12.9492,FRESH,yes,,,2.5
55032,SKU:55032,COPPER_WIRE,COPPER_PVC,2020-07-26,2020-07-26,0,0.00,0.6664,0.6664,0,0,FRESH,yes,,,2.5
55032,SKU:55032,COPPER_WIRE,COPPER_PVC,2020-07-26,2020-07-26,0,0.00,0.6664,0.6664,0,0,FRESH,yes,,,2.5
55032,SKU:55032,COPPER_WIRE,COPPER_PVC,2020-07-26,2020-07-26,0,0.00,0.6664,0.6545,-0.0119,-1.7857,FRESH,yes,,,2.5
55032,SKU:55032,COPPER_WIRE,COPPER_PVC,2020-07-26,2020-09-24,60,1.93,0.6545,0.6783,0.0238,3.6364,MODERATE,yes,,,2.5
55032,SKU:55032,COPPER_WIRE,COPPER_PVC,2020-09-24,2020-09-24,0,0.00,0.6783,0.6783,0,0,FRESH,yes,,,2.5
55032,SKU:55032,COPPER_WIRE,COPPER_PVC,2020-09-24,2020-09-24,0,0.00,0.6783,0.6783,0,0,FRESH,yes,,,2.5
55032,SKU:55032,COPPER_WIRE,COPPER_PVC,2020-09-24,2020-10-22,28,0.93,0.6783,0.69,0.0117,1.7249,FRESH,yes,,,2.5
55032,SKU:55032,COPPER_WIRE,COPPER_PVC,2020-10-22,2020-10-22,0,0.00,0.69,0.69,0,0,FRESH,yes,,,2.5
55032,SKU:55032,COPPER_WIRE,COPPER_PVC,2020-10-22,2020-11-26,35,1.13,0.69,0.72,0.03,4.3478,FRESH,yes,,,2.5
55032,SKU:55032,COPPER_WIRE,COPPER_PVC,2020-11-26,2020-11-26,0,0.00,0.72,0.72,0,0,FRESH,yes,,,2.5
55032,SKU:55032,COPPER_WIRE,COPPER_PVC,2020-11-26,2020-11-26,0,0.00,0.72,0.72,0,0,FRESH,yes,,,2.5
55032,SKU:55032,COPPER_WIRE,COPPER_PVC,2020-11-26,2020-11-26,0,0.00,0.72,0.74,0.02,2.7778,FRESH,yes,,,2.5
55032,SKU:55032,COPPER_WIRE,COPPER_PVC,2020-11-26,2020-12-30,34,1.13,0.74,0.78,0.04,5.4054,FRESH,yes,,,2.5
55032,SKU:55032,COPPER_WIRE,COPPER_PVC,2020-12-30,2020-12-30,0,0.00,0.78,0.78,0,0,FRESH,yes,,,2.5
55032,SKU:55032,COPPER_WIRE,COPPER_PVC,2020-12-30,2020-12-30,0,0.00,0.78,0.78,0,0,FRESH,yes,,,2.5
55032,SKU:55032,COPPER_WIRE,COPPER_PVC,2020-12-30,2020-12-30,0,0.00,0.78,0.78,0,0,FRESH,yes,,,2.5
55032,SKU:55032,COPPER_WIRE,COPPER_PVC,2020-12-30,2021-04-27,118,3.90,0.78,0.5336,-0.2464,-31.5897,MODERATE,yes,,,2.5
55032,SKU:55032,COPPER_WIRE,COPPER_PVC,2021-04-27,2021-04-27,0,0.00,0.5336,0.5336,0,0,FRESH,yes,,,2.5
55032,SKU:55032,COPPER_WIRE,COPPER_PVC,2021-04-27,2021-05-27,30,1.00,0.5336,0.945,0.4114,77.099,FRESH,yes,,,2.5
55032,SKU:55032,COPPER_WIRE,COPPER_PVC,2021-05-27,2021-05-27,0,0.00,0.945,1.003,0.058,6.1376,FRESH,yes,,,2.5
55032,SKU:55032,COPPER_WIRE,COPPER_PVC,2021-05-27,2021-05-27,0,0.00,1.003,1.003,0,0,FRESH,yes,,,2.5
55032,SKU:55032,COPPER_WIRE,COPPER_PVC,2021-05-27,2021-06-30,34,1.10,1.003,0.952,-0.051,-5.0847,FRESH,yes,,,2.5
55032,SKU:55032,COPPER_WIRE,COPPER_PVC,2021-06-30,2021-06-30,0,0.00,0.952,0.952,0,0,FRESH,yes,,,2.5
55032,SKU:55032,COPPER_WIRE,COPPER_PVC,2021-06-30,2021-06-30,0,0.00,0.952,0.952,0,0,FRESH,yes,,,2.5
55032,SKU:55032,COPPER_WIRE,COPPER_PVC,2021-06-30,2021-06-30,0,0.00,0.952,0.952,0,0,FRESH,yes,,,2.5
55032,SKU:55032,COPPER_WIRE,COPPER_PVC,2021-06-30,2021-06-30,0,0.00,0.952,0.952,0,0,FRESH,yes,,,2.5
55032,SKU:55032,COPPER_WIRE,COPPER_PVC,2021-06-30,2021-07-28,28,0.93,0.952,0.935,-0.017,-1.7857,FRESH,yes,,,2.5
55032,SKU:55032,COPPER_WIRE,COPPER_PVC,2021-07-28,2021-08-26,29,0.93,0.935,0.918,-0.017,-1.8182,FRESH,yes,,,2.5
55032,SKU:55032,COPPER_WIRE,COPPER_PVC,2021-08-26,2021-08-26,0,0.00,0.918,0.918,0,0,FRESH,yes,,,2.5
55032,SKU:55032,COPPER_WIRE,COPPER_PVC,2021-08-26,2021-11-25,91,2.97,0.918,0.986,0.068,7.4074,MODERATE,yes,,,2.5
55032,SKU:55032,COPPER_WIRE,COPPER_PVC,2021-11-25,2021-11-25,0,0.00,0.986,0.986,0,0,FRESH,yes,,,2.5
55032,SKU:55032,COPPER_WIRE,COPPER_PVC,2021-11-25,2022-01-26,62,2.03,0.986,0.9752,-0.0108,-1.0953,MODERATE,yes,,,2.5
55032,SKU:55032,COPPER_WIRE,COPPER_PVC,2022-01-26,2022-01-26,0,0.00,0.9752,0.9752,0,0,FRESH,yes,,,2.5
55032,SKU:55032,COPPER_WIRE,COPPER_PVC,2022-01-26,2022-02-24,29,0.93,0.9752,0.98,0.0048,0.4922,FRESH,yes,,,2.5
55032,SKU:55032,COPPER_WIRE,COPPER_PVC,2022-02-24,2022-02-24,0,0.00,0.98,0.98,0,0,FRESH,yes,,,2.5
55032,SKU:55032,COPPER_WIRE,COPPER_PVC,2022-02-24,2022-02-24,0,0.00,0.98,0.98,0,0,FRESH,yes,,,2.5
55032,SKU:55032,COPPER_WIRE,COPPER_PVC,2022-02-24,2022-04-27,62,2.10,0.98,1.07,0.09,9.1837,MODERATE,yes,,,2.5
55032,SKU:55032,COPPER_WIRE,COPPER_PVC,2022-04-27,2022-04-27,0,0.00,1.07,1.07,0,0,FRESH,yes,,,2.5
55032,SKU:55032,COPPER_WIRE,COPPER_PVC,2022-04-27,2022-04-27,0,0.00,1.07,1.07,0,0,FRESH,yes,,,2.5
55032,SKU:55032,COPPER_WIRE,COPPER_PVC,2022-04-27,2022-04-27,0,0.00,1.07,1.07,0,0,FRESH,yes,,,2.5
55032,SKU:55032,COPPER_WIRE,COPPER_PVC,2022-04-27,2022-04-27,0,0.00,1.07,1.07,0,0,FRESH,yes,,,2.5
55032,SKU:55032,COPPER_WIRE,COPPER_PVC,2022-04-27,2022-05-29,32,1.07,1.07,1.08,0.01,0.9346,FRESH,yes,,,2.5
55032,SKU:55032,COPPER_WIRE,COPPER_PVC,2022-05-29,2022-05-29,0,0.00,1.08,1.08,0,0,FRESH,yes,,,2.5
55032,SKU:55032,COPPER_WIRE,COPPER_PVC,2022-05-29,2022-06-27,29,0.93,1.08,0.99,-0.09,-8.3333,FRESH,yes,,,2.5
55032,SKU:55032,COPPER_WIRE,COPPER_PVC,2022-06-27,2022-06-27,0,0.00,0.99,0.99,0,0,FRESH,yes,,,2.5
55032,SKU:55032,COPPER_WIRE,COPPER_PVC,2022-06-27,2022-06-27,0,0.00,0.99,0.99,0,0,FRESH,yes,,,2.5
55032,SKU:55032,COPPER_WIRE,COPPER_PVC,2022-06-27,2022-06-27,0,0.00,0.99,0.99,0,0,FRESH,yes,,,2.5
55032,SKU:55032,COPPER_WIRE,COPPER_PVC,2022-06-27,2022-08-25,59,1.93,0.99,0.96,-0.03,-3.0303,MODERATE,yes,,,2.5
55032,SKU:55032,COPPER_WIRE,COPPER_PVC,2022-08-25,2022-08-25,0,0.00,0.96,0.96,0,0,FRESH,yes,,,2.5
55032,SKU:55032,COPPER_WIRE,COPPER_PVC,2022-08-25,2022-08-25,0,0.00,0.96,0.96,0,0,FRESH,yes,,,2.5
55032,SKU:55032,COPPER_WIRE,COPPER_PVC,2022-08-25,2022-09-28,34,1.10,0.96,0.9118,-0.0482,-5.0208,FRESH,yes,,,2.5
55032,SKU:55032,COPPER_WIRE,COPPER_PVC,2022-09-28,2022-09-28,0,0.00,0.9118,0.9118,0,0,FRESH,yes,,,2.5
55032,SKU:55032,COPPER_WIRE,COPPER_PVC,2022-09-28,2022-09-28,0,0.00,0.9118,0.9118,0,0,FRESH,yes,,,2.5
55032,SKU:55032,COPPER_WIRE,COPPER_PVC,2022-09-28,2022-09-28,0,0.00,0.9118,0.9118,0,0,FRESH,yes,,,2.5
55032,SKU:55032,COPPER_WIRE,COPPER_PVC,2022-09-28,2022-09-28,0,0.00,0.9118,0.9118,0,0,FRESH,yes,,,2.5
55032,SKU:55032,COPPER_WIRE,COPPER_PVC,2022-09-28,2022-09-28,0,0.00,0.9118,0.9118,0,0,FRESH,yes,,,2.5
55032,SKU:55032,COPPER_WIRE,COPPER_PVC,2022-09-28,2022-10-27,29,0.97,0.9118,0.9118,0,0,FRESH,yes,,,2.5
55032,SKU:55032,COPPER_WIRE,COPPER_PVC,2022-10-27,2022-10-27,0,0.00,0.9118,0.9118,0,0,FRESH,yes,,,2.5
55032,SKU:55032,COPPER_WIRE,COPPER_PVC,2022-10-27,2022-11-27,31,1.00,0.9118,0.9118,0,0,FRESH,yes,,,2.5
55032,SKU:55032,COPPER_WIRE,COPPER_PVC,2022-11-27,2022-11-27,0,0.00,0.9118,0.9118,0,0,FRESH,yes,,,2.5
55032,SKU:55032,COPPER_WIRE,COPPER_PVC,2022-11-27,2022-12-29,32,1.07,0.9118,0.9118,0,0,FRESH,yes,,,2.5
55032,SKU:55032,COPPER_WIRE,COPPER_PVC,2022-12-29,2022-12-29,0,0.00,0.9118,0.9118,0,0,FRESH,yes,,,2.5
55032,SKU:55032,COPPER_WIRE,COPPER_PVC,2022-12-29,2022-12-29,0,0.00,0.9118,0.9118,0,0,FRESH,yes,,,2.5
55032,SKU:55032,COPPER_WIRE,COPPER_PVC,2022-12-29,2022-12-29,0,0.00,0.9118,0.9118,0,0,FRESH,yes,,,2.5
55032,SKU:55032,COPPER_WIRE,COPPER_PVC,2022-12-29,2022-12-29,0,0.00,0.9118,0.9118,0,0,FRESH,yes,,,2.5
55032,SKU:55032,COPPER_WIRE,COPPER_PVC,2022-12-29,2022-12-29,0,0.00,0.9118,0.9118,0,0,FRESH,yes,,,2.5
55032,SKU:55032,COPPER_WIRE,COPPER_PVC,2022-12-29,2023-02-28,61,1.97,0.9118,0.9555,0.0437,4.7927,MODERATE,yes,,,2.5
55032,SKU:55032,COPPER_WIRE,COPPER_PVC,2023-02-28,2023-02-28,0,0.00,0.9555,0.9555,0,0,FRESH,yes,,,2.5
55032,SKU:55032,COPPER_WIRE,COPPER_PVC,2023-02-28,2023-02-28,0,0.00,0.9555,0.9555,0,0,FRESH,yes,,,2.5
55032,SKU:55032,COPPER_WIRE,COPPER_PVC,2023-02-28,2023-02-28,0,0.00,0.9555,0.9555,0,0,FRESH,yes,,,2.5
55032,SKU:55032,COPPER_WIRE,COPPER_PVC,2023-02-28,2023-02-28,0,0.00,0.9555,0.9555,0,0,FRESH,yes,,,2.5
55032,SKU:55032,COPPER_WIRE,COPPER_PVC,2023-02-28,2023-02-28,0,0.00,0.9555,0.9555,0,0,FRESH,yes,,,2.5
55032,SKU:55032,COPPER_WIRE,COPPER_PVC,2023-02-28,2023-03-29,29,1.03,0.9555,0.9945,0.039,4.0816,FRESH,yes,,,2.5
55032,SKU:55032,COPPER_WIRE,COPPER_PVC,2023-03-29,2023-03-29,0,0.00,0.9945,0.9945,0,0,FRESH,yes,,,2.5
55032,SKU:55032,COPPER_WIRE,COPPER_PVC,2023-03-29,2023-03-29,0,0.00,0.9945,0.9945,0,0,FRESH,yes,,,2.5
55032,SKU:55032,COPPER_WIRE,COPPER_PVC,2023-03-29,2023-04-27,29,0.93,0.9945,0.9945,0,0,FRESH,yes,,,2.5
55032,SKU:55032,COPPER_WIRE,COPPER_PVC,2023-04-27,2023-04-27,0,0.00,0.9945,0.9945,0,0,FRESH,yes,,,2.5
55032,SKU:55032,COPPER_WIRE,COPPER_PVC,2023-04-27,2023-05-28,31,1.03,0.9945,0.9945,0,0,FRESH,yes,,,2.5
55032,SKU:55032,COPPER_WIRE,COPPER_PVC,2023-05-28,2023-05-28,0,0.00,0.9945,0.9945,0,0,FRESH,yes,,,2.5
55032,SKU:55032,COPPER_WIRE,COPPER_PVC,2023-05-28,2023-05-28,0,0.00,0.9945,0.9945,0,0,FRESH,yes,,,2.5
55032,SKU:55032,COPPER_WIRE,COPPER_PVC,2023-05-28,2023-05-28,0,0.00,0.9945,0.9945,0,0,FRESH,yes,,,2.5
55032,SKU:55032,COPPER_WIRE,COPPER_PVC,2023-05-28,2023-06-29,32,1.03,0.9945,0.95,-0.0445,-4.4746,FRESH,yes,,,2.5
55032,SKU:55032,COPPER_WIRE,COPPER_PVC,2023-06-29,2023-06-29,0,0.00,0.95,0.95,0,0,FRESH,yes,,,2.5
55032,SKU:55032,COPPER_WIRE,COPPER_PVC,2023-06-29,2023-06-29,0,0.00,0.95,0.95,0,0,FRESH,yes,,,2.5
55032,SKU:55032,COPPER_WIRE,COPPER_PVC,2023-06-29,2023-06-29,0,0.00,0.95,0.95,0,0,FRESH,yes,,,2.5
55032,SKU:55032,COPPER_WIRE,COPPER_PVC,2023-06-29,2023-06-29,0,0.00,0.95,0.95,0,0,FRESH,yes,,,2.5
55032,SKU:55032,COPPER_WIRE,COPPER_PVC,2023-06-29,2023-06-29,0,0.00,0.95,0.95,0,0,FRESH,yes,,,2.5
55032,SKU:55032,COPPER_WIRE,COPPER_PVC,2023-06-29,2023-06-29,0,0.00,0.95,0.95,0,0,FRESH,yes,,,2.5
55032,SKU:55032,COPPER_WIRE,COPPER_PVC,2023-06-29,2023-06-29,0,0.00,0.95,0.95,0,0,FRESH,yes,,,2.5
55032,SKU:55032,COPPER_WIRE,COPPER_PVC,2023-06-29,2023-06-29,0,0.00,0.95,0.95,0,0,FRESH,yes,,,2.5
55032,SKU:55032,COPPER_WIRE,COPPER_PVC,2023-06-29,2023-06-29,0,0.00,0.95,0.95,0,0,FRESH,yes,,,2.5
55032,SKU:55032,COPPER_WIRE,COPPER_PVC,2023-06-29,2023-06-29,0,0.00,0.95,0.95,0,0,FRESH,yes,,,2.5
55032,SKU:55032,COPPER_WIRE,COPPER_PVC,2023-06-29,2023-06-29,0,0.00,0.95,0.95,0,0,FRESH,yes,,,2.5
55032,SKU:55032,COPPER_WIRE,COPPER_PVC,2023-06-29,2023-07-27,28,0.93,0.95,0.9555,0.0055,0.5789,FRESH,yes,,,2.5
55032,SKU:55032,COPPER_WIRE,COPPER_PVC,2023-07-27,2023-07-27,0,0.00,0.9555,0.9555,0,0,FRESH,yes,,,2.5
55032,SKU:55032,COPPER_WIRE,COPPER_PVC,2023-07-27,2023-07-27,0,0.00,0.9555,0.9555,0,0,FRESH,yes,,,2.5
55032,SKU:55032,COPPER_WIRE,COPPER_PVC,2023-07-27,2023-08-29,33,1.07,0.9555,0.99,0.0345,3.6107,FRESH,yes,,,2.5
55032,SKU:55032,COPPER_WIRE,COPPER_PVC,2023-08-29,2023-08-29,0,0.00,0.99,0.99,0,0,FRESH,yes,,,2.5
55032,SKU:55032,COPPER_WIRE,COPPER_PVC,2023-08-29,2023-09-28,30,0.97,0.99,0.9805,-0.0095,-0.9596,FRESH,yes,,,2.5
55032,SKU:55032,COPPER_WIRE,COPPER_PVC,2023-09-28,2023-09-28,0,0.00,0.9805,0.9435,-0.037,-3.7736,FRESH,yes,,,2.5
55032,SKU:55032,COPPER_WIRE,COPPER_PVC,2023-09-28,2023-09-28,0,0.00,0.9435,0.9435,0,0,FRESH,yes,,,2.5
55032,SKU:55032,COPPER_WIRE,COPPER_PVC,2023-09-28,2023-09-28,0,0.00,0.9435,0.9435,0,0,FRESH,yes,,,2.5
55032,SKU:55032,COPPER_WIRE,COPPER_PVC,2023-09-28,2023-09-28,0,0.00,0.9435,0.9435,0,0,FRESH,yes,,,2.5
55032,SKU:55032,COPPER_WIRE,COPPER_PVC,2023-09-28,2023-11-28,61,2.00,0.9435,0.9805,0.037,3.9216,MODERATE,yes,,,2.5
55032,SKU:55032,COPPER_WIRE,COPPER_PVC,2023-11-28,2023-12-31,33,1.10,0.9805,0.925,-0.0555,-5.6604,FRESH,yes,,,2.5
55032,SKU:55032,COPPER_WIRE,COPPER_PVC,2023-12-31,2023-12-31,0,0.00,0.925,0.925,0,0,FRESH,yes,,,2.5
55032,SKU:55032,COPPER_WIRE,COPPER_PVC,2023-12-31,2023-12-31,0,0.00,0.925,0.925,0,0,FRESH,yes,,,2.5
55032,SKU:55032,COPPER_WIRE,COPPER_PVC,2023-12-31,2023-12-31,0,0.00,0.925,0.925,0,0,FRESH,yes,,,2.5
55032,SKU:55032,COPPER_WIRE,COPPER_PVC,2023-12-31,2024-01-28,28,0.90,0.925,0.98,0.055,5.9459,FRESH,yes,,,2.5
55032,SKU:55032,COPPER_WIRE,COPPER_PVC,2024-01-28,2024-01-28,0,0.00,0.98,0.98,0,0,FRESH,yes,,,2.5
55032,SKU:55032,COPPER_WIRE,COPPER_PVC,2024-01-28,2024-01-28,0,0.00,0.98,0.98,0,0,FRESH,yes,,,2.5
55032,SKU:55032,COPPER_WIRE,COPPER_PVC,2024-01-28,2024-03-31,63,2.10,0.98,0.94,-0.04,-4.0816,MODERATE,yes,,,2.5
55032,SKU:55032,COPPER_WIRE,COPPER_PVC,2024-03-31,2024-04-30,30,0.97,0.94,1.0241,0.0841,8.9468,FRESH,yes,,,2.5
55032,SKU:55032,COPPER_WIRE,COPPER_PVC,2024-04-30,2024-05-29,29,0.97,1.0241,1.0981,0.074,7.2259,FRESH,yes,,,2.5
55032,SKU:55032,COPPER_WIRE,COPPER_PVC,2024-05-29,2024-06-27,29,0.93,1.0981,1.0981,0,0,FRESH,yes,,,2.5
55032,SKU:55032,COPPER_WIRE,COPPER_PVC,2024-06-27,2024-06-27,0,0.00,1.0981,1.0981,0,0,FRESH,yes,,,2.5
55032,SKU:55032,COPPER_WIRE,COPPER_PVC,2024-06-27,2024-08-29,63,2.07,1.0981,1.0703,-0.0278,-2.5316,MODERATE,yes,,,2.5
55032,SKU:55032,COPPER_WIRE,COPPER_PVC,2024-08-29,2024-08-29,0,0.00,1.0703,1.0703,0,0,FRESH,yes,,,2.5
55032,SKU:55032,COPPER_WIRE,COPPER_PVC,2024-08-29,2024-09-30,32,1.03,1.0703,1.0703,0,0,FRESH,yes,,,2.5
55032,SKU:55032,COPPER_WIRE,COPPER_PVC,2024-09-30,2024-09-30,0,0.00,1.0703,1.0703,0,0,FRESH,yes,,,2.5
55032,SKU:55032,COPPER_WIRE,COPPER_PVC,2024-09-30,2024-09-30,0,0.00,1.0703,1.0703,0,0,FRESH,yes,,,2.5
55032,SKU:55032,COPPER_WIRE,COPPER_PVC,2024-09-30,2024-10-31,31,1.03,1.0703,1.1259,0.0556,5.1948,FRESH,yes,,,2.5
55032,SKU:55032,COPPER_WIRE,COPPER_PVC,2024-10-31,2024-10-31,0,0.00,1.1259,1.1259,0,0,FRESH,yes,,,2.5
55032,SKU:55032,COPPER_WIRE,COPPER_PVC,2024-10-31,2024-11-28,28,0.90,1.1259,1.1259,0,0,FRESH,yes,,,2.5
55032,SKU:55032,COPPER_WIRE,COPPER_PVC,2024-11-28,2024-12-29,31,1.03,1.1259,1.04,-0.0859,-7.6295,FRESH,yes,,,2.5
55032,SKU:55032,COPPER_WIRE,COPPER_PVC,2024-12-29,2024-12-29,0,0.00,1.04,1.04,0,0,FRESH,yes,,,2.5
56033,SKU:56033,COPPER_WIRE,COPPER_PVC,2020-12-30,2023-09-28,1002,32.93,8.7435,9.9746,1.2311,14.0802,STALE,no,,,25
56033,SKU:56033,COPPER_WIRE,COPPER_PVC,2023-09-28,2023-11-28,61,2.00,9.9746,9.9746,0,0,MODERATE,yes,,,25
56033,SKU:56033,COPPER_WIRE,COPPER_PVC,2023-11-28,2024-02-28,92,3.00,9.9746,9.8,-0.1746,-1.7504,MODERATE,yes,,,25
56033,SKU:56033,COPPER_WIRE,COPPER_PVC,2024-02-28,2024-02-28,0,0.00,9.8,10.212,0.412,4.2041,FRESH,yes,,,25
56033,SKU:56033,COPPER_WIRE,COPPER_PVC,2024-02-28,2024-03-31,32,1.10,10.212,10.074,-0.138,-1.3514,FRESH,yes,,,25
56033,SKU:56033,COPPER_WIRE,COPPER_PVC,2024-03-31,2024-10-31,214,7.00,10.074,12.1429,2.0689,20.537,STALE,no,,,25
5953030,SKU:5953030,N2XY_COPPER_CABLE,COPPER,2021-07-28,2024-10-31,1191,39.10,80.2505,90.9792,10.7287,13.369,STALE,no,N2XY,4,5
5952040,SKU:5952040,N2XY_COPPER_CABLE,COPPER,2019-01-27,2019-01-27,0,0.00,16.115,16.115,0,0,FRESH,yes,N2XY,5,1
5952040,SKU:5952040,N2XY_COPPER_CABLE,COPPER,2019-01-27,2020-07-26,546,17.97,16.115,14.8288,-1.2862,-7.9814,STALE,no,N2XY,5,1
5952040,SKU:5952040,N2XY_COPPER_CABLE,COPPER,2020-07-26,2020-12-30,157,5.13,14.8288,17.7416,2.9128,19.6429,STALE,no,N2XY,5,1
5952040,SKU:5952040,N2XY_COPPER_CABLE,COPPER,2020-12-30,2021-04-27,118,3.90,17.7416,18.9,1.1584,6.5293,MODERATE,yes,N2XY,5,1
5952040,SKU:5952040,N2XY_COPPER_CABLE,COPPER,2021-04-27,2021-07-28,92,3.03,18.9,21.1365,2.2365,11.8333,MODERATE,yes,N2XY,5,1
5952040,SKU:5952040,N2XY_COPPER_CABLE,COPPER,2021-07-28,2021-10-27,91,2.97,21.1365,19.9,-1.2365,-5.8501,MODERATE,yes,N2XY,5,1
5952040,SKU:5952040,N2XY_COPPER_CABLE,COPPER,2021-10-27,2021-10-27,0,0.00,19.9,19.9,0,0,FRESH,yes,N2XY,5,1
5952040,SKU:5952040,N2XY_COPPER_CABLE,COPPER,2021-10-27,2022-07-26,272,8.97,19.9,23.6,3.7,18.593,STALE,no,N2XY,5,1
5952040,SKU:5952040,N2XY_COPPER_CABLE,COPPER,2022-07-26,2022-07-26,0,0.00,23.6,23.6,0,0,FRESH,yes,N2XY,5,1
5952040,SKU:5952040,N2XY_COPPER_CABLE,COPPER,2022-07-26,2022-07-26,0,0.00,23.6,23.6,0,0,FRESH,yes,N2XY,5,1
5952040,SKU:5952040,N2XY_COPPER_CABLE,COPPER,2022-07-26,2022-07-26,0,0.00,23.6,23.6,0,0,FRESH,yes,N2XY,5,1
5952040,SKU:5952040,N2XY_COPPER_CABLE,COPPER,2022-07-26,2022-12-29,156,5.10,23.6,20.1,-3.5,-14.8305,STALE,no,N2XY,5,1
5952040,SKU:5952040,N2XY_COPPER_CABLE,COPPER,2022-12-29,2022-12-29,0,0.00,20.1,20.1,0,0,FRESH,yes,N2XY,5,1
5952040,SKU:5952040,N2XY_COPPER_CABLE,COPPER,2022-12-29,2023-05-28,150,4.97,20.1,21.2,1.1,5.4726,STALE,no,N2XY,5,1
5952040,SKU:5952040,N2XY_COPPER_CABLE,COPPER,2023-05-28,2023-05-28,0,0.00,21.2,21.2,0,0,FRESH,yes,N2XY,5,1
5952040,SKU:5952040,N2XY_COPPER_CABLE,COPPER,2023-05-28,2024-02-28,276,9.00,21.2,20.35,-0.85,-4.0094,STALE,no,N2XY,5,1
5952040,SKU:5952040,N2XY_COPPER_CABLE,COPPER,2024-02-28,2024-08-29,183,6.03,20.35,23.17,2.82,13.8575,STALE,no,N2XY,5,1
5952040,SKU:5952040,N2XY_COPPER_CABLE,COPPER,2024-08-29,2024-09-30,32,1.03,23.17,23.7314,0.5614,2.423,FRESH,yes,N2XY,5,1
5952040,SKU:5952040,N2XY_COPPER_CABLE,COPPER,2024-09-30,2024-09-30,0,0.00,23.7314,23.7314,0,0,FRESH,yes,N2XY,5,1
5956041,SKU:5956041,COPPER_WIRE,COPPER,2020-03-29,2024-07-28,1582,51.97,2.8435,4.582,1.7385,61.1394,STALE,no,,,1
5951160,SKU:5951160,N2XY_COPPER_CABLE,COPPER,2021-07-28,2024-03-31,977,32.10,12.672,13.2238,0.5518,4.3545,STALE,no,N2XY,5,6
5951160,SKU:5951160,N2XY_COPPER_CABLE,COPPER,2024-03-31,2024-06-27,88,2.87,13.2238,14.9705,1.7467,13.2088,MODERATE,yes,N2XY,5,6
59511601,SKU:59511601,N2XY_COPPER_CABLE,COPPER,2019-10-25,2020-06-28,247,8.10,8.76,8.164,-0.596,-6.8037,STALE,no,N2XY,5,6
59511601,SKU:59511601,N2XY_COPPER_CABLE,COPPER,2020-06-28,2020-12-30,185,6.07,8.164,10.519,2.355,28.8462,STALE,no,N2XY,5,6
59511601,SKU:59511601,N2XY_COPPER_CABLE,COPPER,2020-12-30,2021-04-27,118,3.90,10.519,11.61,1.091,10.3717,MODERATE,yes,N2XY,5,6
59511601,SKU:59511601,N2XY_COPPER_CABLE,COPPER,2021-04-27,2021-05-27,30,1.00,11.61,13.3458,1.7358,14.9509,FRESH,yes,N2XY,5,6
59511601,SKU:59511601,N2XY_COPPER_CABLE,COPPER,2021-05-27,2023-08-29,824,27.07,13.3458,13.6793,0.3335,2.4989,STALE,no,N2XY,5,6
59511601,SKU:59511601,N2XY_COPPER_CABLE,COPPER,2023-08-29,2024-05-29,274,9.00,13.6793,14.6308,0.9515,6.9558,STALE,no,N2XY,5,6
5952100,SKU:5952100,N2XY_COPPER_CABLE,COPPER,2023-02-28,2024-02-28,365,12.00,50.5925,49,-1.5925,-3.1477,STALE,no,N2XY,3,35
5952100,SKU:5952100,N2XY_COPPER_CABLE,COPPER,2024-02-28,2024-03-31,32,1.10,49,49.713,0.713,1.4551,FRESH,yes,N2XY,3,35
5952100,SKU:5952100,N2XY_COPPER_CABLE,COPPER,2024-03-31,2024-03-31,0,0.00,49.713,49.713,0,0,FRESH,yes,N2XY,3,35
5952100,SKU:5952100,N2XY_COPPER_CABLE,COPPER,2024-03-31,2024-05-29,59,1.93,49.713,58.0203,8.3073,16.7105,MODERATE,yes,N2XY,3,35
5952080,SKU:5952080,N2XY_COPPER_CABLE,COPPER,2023-08-29,2024-02-28,183,5.97,42.9948,39.3375,-3.6573,-8.5064,STALE,no,N2XY,3,25
997600221,SKU:997600221,N2XY_COPPER_CABLE,COPPER,2019-09-24,2019-09-24,0,0.00,48.6332,48.6332,0,0,FRESH,yes,N2XY,3,2.5
997600221,SKU:997600221,N2XY_COPPER_CABLE,COPPER,2019-09-24,2021-02-28,523,17.13,48.6332,54.42,5.7868,11.8989,STALE,no,N2XY,3,2.5
997600221,SKU:997600221,N2XY_COPPER_CABLE,COPPER,2021-02-28,2022-08-25,543,17.90,54.42,50.6088,-3.8112,-7.0033,STALE,no,N2XY,3,2.5
997600221,SKU:997600221,N2XY_COPPER_CABLE,COPPER,2022-08-25,2023-04-27,245,8.07,50.6088,52.7175,2.1087,4.1667,STALE,no,N2XY,3,2.5
997600221,SKU:997600221,N2XY_COPPER_CABLE,COPPER,2023-04-27,2023-09-28,154,5.03,52.7175,52.7175,0,0,STALE,no,N2XY,3,2.5
997600221,SKU:997600221,N2XY_COPPER_CABLE,COPPER,2023-09-28,2023-09-28,0,0.00,52.7175,52.7175,0,0,FRESH,yes,N2XY,3,2.5
997600221,SKU:997600221,N2XY_COPPER_CABLE,COPPER,2023-09-28,2023-12-31,94,3.10,52.7175,52.7175,0,0,MODERATE,yes,N2XY,3,2.5
997600221,SKU:997600221,N2XY_COPPER_CABLE,COPPER,2023-12-31,2024-02-28,59,1.90,52.7175,46.62,-6.0975,-11.5664,MODERATE,yes,N2XY,3,2.5
997600221,SKU:997600221,N2XY_COPPER_CABLE,COPPER,2024-02-28,2024-02-28,0,0.00,46.62,46.62,0,0,FRESH,yes,N2XY,3,2.5
56023,SKU:56023,COPPER_WIRE,COPPER_PVC,2021-06-30,2023-11-28,881,28.93,6.1936,6.2381,0.0445,0.7185,STALE,no,,,16
56023,SKU:56023,COPPER_WIRE,COPPER_PVC,2023-11-28,2024-02-28,92,3.00,6.2381,6.3862,0.1481,2.3741,MODERATE,yes,,,16
56023,SKU:56023,COPPER_WIRE,COPPER_PVC,2024-02-28,2024-02-28,0,0.00,6.3862,6.3862,0,0,FRESH,yes,,,16
5952070,SKU:5952070,N2XY_COPPER_CABLE,COPPER,2019-01-27,2019-01-27,0,0.00,24.871,24.871,0,0,FRESH,yes,N2XY,5,16
5952070,SKU:5952070,N2XY_COPPER_CABLE,COPPER,2019-01-27,2020-01-28,366,12.03,24.871,22.4565,-2.4145,-9.7081,STALE,no,N2XY,5,16
5952070,SKU:5952070,N2XY_COPPER_CABLE,COPPER,2020-01-28,2020-03-29,61,2.03,22.4565,21.2316,-1.2249,-5.4545,MODERATE,yes,N2XY,5,16
5952070,SKU:5952070,N2XY_COPPER_CABLE,COPPER,2020-03-29,2020-10-22,207,6.77,21.2316,24.9063,3.6747,17.3077,STALE,no,N2XY,5,16
5952070,SKU:5952070,N2XY_COPPER_CABLE,COPPER,2020-10-22,2020-12-30,69,2.27,24.9063,26.5395,1.6332,6.5574,MODERATE,yes,N2XY,5,16
5952070,SKU:5952070,N2XY_COPPER_CABLE,COPPER,2020-12-30,2021-04-27,118,3.90,26.5395,30.894,4.3545,16.4076,MODERATE,yes,N2XY,5,16
5952070,SKU:5952070,N2XY_COPPER_CABLE,COPPER,2021-04-27,2023-04-27,730,24.00,30.894,34.3485,3.4545,11.1818,STALE,no,N2XY,5,16
5952070,SKU:5952070,N2XY_COPPER_CABLE,COPPER,2023-04-27,2024-02-28,307,10.03,34.3485,31.66,-2.6885,-7.8271,STALE,no,N2XY,5,16
696444032,SKU:696444032,N2XY_COPPER_CABLE,COPPER,2018-11-27,2019-11-27,365,12.00,12.1,12.1,0,0,STALE,no,N2XY,75,1.5
696444032,SKU:696444032,N2XY_COPPER_CABLE,COPPER,2019-11-27,2020-02-27,92,3.00,12.1,12.1,0,0,MODERATE,yes,N2XY,75,1.5
696444032,SKU:696444032,N2XY_COPPER_CABLE,COPPER,2020-02-27,2020-06-28,122,4.03,12.1,12.1,0,0,STALE,no,N2XY,75,1.5
696444032,SKU:696444032,N2XY_COPPER_CABLE,COPPER,2020-06-28,2020-06-28,0,0.00,12.1,12.1,0,0,FRESH,yes,N2XY,75,1.5
696444032,SKU:696444032,N2XY_COPPER_CABLE,COPPER,2020-06-28,2021-02-28,245,8.00,12.1,9.9,-2.2,-18.1818,STALE,no,N2XY,75,1.5
696444032,SKU:696444032,N2XY_COPPER_CABLE,COPPER,2021-02-28,2021-03-25,25,0.90,9.9,9.9,0,0,FRESH,yes,N2XY,75,1.5
696444032,SKU:696444032,N2XY_COPPER_CABLE,COPPER,2021-03-25,2021-10-27,216,7.07,9.9,11.5848,1.6848,17.0182,STALE,no,N2XY,75,1.5
696444032,SKU:696444032,N2XY_COPPER_CABLE,COPPER,2021-10-27,2021-11-25,29,0.93,11.5848,12.0675,0.4827,4.1667,FRESH,yes,N2XY,75,1.5
696444032,SKU:696444032,N2XY_COPPER_CABLE,COPPER,2021-11-25,2023-06-29,581,19.13,12.0675,15.6225,3.555,29.4593,STALE,no,N2XY,75,1.5
696444032,SKU:696444032,N2XY_COPPER_CABLE,COPPER,2023-06-29,2023-06-29,0,0.00,15.6225,15.6225,0,0,FRESH,yes,N2XY,75,1.5
99760023,SKU:99760023,N2XY_COPPER_CABLE,COPPER,2019-11-27,2020-12-30,399,13.10,52.48,51.3172,-1.1628,-2.2157,STALE,no,N2XY,3,1.5
99760023,SKU:99760023,N2XY_COPPER_CABLE,COPPER,2020-12-30,2022-06-27,544,17.90,51.3172,55.65,4.3328,8.4432,STALE,no,N2XY,3,1.5
99760023,SKU:99760023,N2XY_COPPER_CABLE,COPPER,2022-06-27,2022-06-27,0,0.00,55.65,55.65,0,0,FRESH,yes,N2XY,3,1.5
99521001,SKU:99521001,COPPER_WIRE,COPPER,2021-05-27,2021-05-27,0,0.00,24,24,0,0,FRESH,yes,,,2
99521001,SKU:99521001,COPPER_WIRE,COPPER,2021-05-27,2021-05-27,0,0.00,24,24,0,0,FRESH,yes,,,2
99521001,SKU:99521001,COPPER_WIRE,COPPER,2021-05-27,2021-06-30,34,1.10,24,32.9985,8.9985,37.4937,FRESH,yes,,,2
99521001,SKU:99521001,COPPER_WIRE,COPPER,2021-06-30,2022-01-26,210,6.87,32.9985,25.575,-7.4235,-22.4965,STALE,no,,,2
99521001,SKU:99521001,COPPER_WIRE,COPPER,2022-01-26,2022-02-24,29,0.93,25.575,25.575,0,0,FRESH,yes,,,2
5951020,SKU:5951020,N2XY_COPPER_CABLE,COPPER,2018-12-31,2018-12-31,0,0.00,1.9266,1.9266,0,0,FRESH,yes,N2XY,3,1.5
5951020,SKU:5951020,N2XY_COPPER_CABLE,COPPER,2018-12-31,2021-05-27,878,28.87,1.9266,2.6609,0.7343,38.1138,STALE,no,N2XY,3,1.5
5951020,SKU:5951020,N2XY_COPPER_CABLE,COPPER,2021-05-27,2021-11-25,182,5.93,2.6609,2.6158,-0.0451,-1.6949,STALE,no,N2XY,3,1.5
995650435,SKU:995650435,COPPER_WIRE,COPPER_PVC,2020-08-27,2020-11-26,91,2.97,19.49,19.4876,-0.0024,-0.0123,MODERATE,yes,,25,1.5
995650435,SKU:995650435,COPPER_WIRE,COPPER_PVC,2020-11-26,2020-11-26,0,0.00,19.4876,18.6018,-0.8858,-4.5455,FRESH,yes,,25,1.5
995650435,SKU:995650435,COPPER_WIRE,COPPER_PVC,2020-11-26,2021-11-25,364,11.97,18.6018,18.6,-0.0018,-0.0097,STALE,no,,25,1.5
2101032440,SKU:2101032440,N2XY_COPPER_CABLE,COPPER,2019-11-27,2021-05-27,547,18.00,69.58,78.3,8.72,12.5323,STALE,no,N2XY,3,2.5
840001815,SKU:840001815,COPPER_WIRE,COPPER_PVC,2020-02-27,2020-03-29,31,1.07,0.9,2.468,1.568,174.2222,FRESH,yes,,5,1.5
840001815,SKU:840001815,COPPER_WIRE,COPPER_PVC,2020-03-29,2020-03-29,0,0.00,2.468,2.468,0,0,FRESH,yes,,5,1.5
840001815,SKU:840001815,COPPER_WIRE,COPPER_PVC,2020-03-29,2020-07-30,123,4.03,2.468,2.468,0,0,STALE,no,,5,1.5
840001815,SKU:840001815,COPPER_WIRE,COPPER_PVC,2020-07-30,2020-08-27,28,0.90,2.468,2.47,0.002,0.081,FRESH,yes,,5,1.5
840001815,SKU:840001815,COPPER_WIRE,COPPER_PVC,2020-08-27,2020-08-27,0,0.00,2.47,2.47,0,0,FRESH,yes,,5,1.5
840001815,SKU:840001815,COPPER_WIRE,COPPER_PVC,2020-08-27,2021-04-27,243,8.00,2.47,2.276,-0.194,-7.8543,STALE,no,,5,1.5
5974040,SKU:5974040,N2XY_COPPER_CABLE,COPPER,2020-12-30,2020-12-30,0,0.00,160,160,0,0,FRESH,yes,N2XY,5,1
5974040,SKU:5974040,N2XY_COPPER_CABLE,COPPER,2020-12-30,2021-01-26,27,0.87,160,160,0,0,FRESH,yes,N2XY,5,1
5974040,SKU:5974040,N2XY_COPPER_CABLE,COPPER,2021-01-26,2021-01-26,0,0.00,160,160,0,0,FRESH,yes,N2XY,5,1
59520401,SKU:59520401,N2XY_COPPER_CABLE,COPPER,2017-10-03,2020-12-30,1184,38.90,15.4752,17.5875,2.1123,13.6496,STALE,no,N2XY,5,1
5952110,SKU:5952110,N2XY_COPPER_CABLE,COPPER,2019-09-24,2020-02-27,156,5.10,42.12,40.205,-1.915,-4.5465,STALE,no,N2XY,4,35
5952110,SKU:5952110,N2XY_COPPER_CABLE,COPPER,2020-02-27,2020-10-22,238,7.83,40.205,44.591,4.386,10.9091,STALE,no,N2XY,4,35
4201506,SKU:4201506,COPPER_WIRE,COPPER_PVC,2019-03-04,2019-03-04,0,0.00,120,120,0,0,FRESH,yes,,,2.5
